PREFLIGHT OK (MI): 38 flags
PREFLIGHT OK (IS): 60 flags
PREFLIGHT OK (VG): 37 flags
PREFLIGHT OK (OFFICE): 60 flags
PREFLIGHT OK (CDS): 60 flags
no prior campaign running -> starting
[run] results_MI_COLDFUSE_base_seed20260736.json
  random seed set to 20260736
=== Musical_Instruments: load splits ===
  n_users=57,439  n_items=24,587  pad_id=24587
  built sequences for 57,439 users
  built timestamp sequences (12 time buckets)
  loading SBERT embeddings from C:\Users\rayxc\Documents\R\cache_5core\sbert_titles_Musical_Instruments.npy...
  TAPE: k-means 24,587 text embeddings into K=512 prototypes (tau=0.05)...
  TAPE: K=512 mean max-assignment weight = 0.526 (1.0 = hard clustering)

=== Build SASRec-SBERT (d=64, layers=4, heads=2) ===
  total params: 11,186,047  device=cuda
  57,439 training examples / 225 batches per epoch
  init_state_sha256 = 452d73283d4f3f1b125243c9e47d96813de70569b4abed96b61b10c6be290a3b
  LR schedule: warmup_cosine (225 warmup + 4275 cosine steps)

=== Train for 20 epochs ===
  evaluating 57,439 users in batches of 512...
    [512/57,439  elapsed 0.1s]
    [5,632/57,439  elapsed 1.0s]
    [10,752/57,439  elapsed 1.9s]
    [15,872/57,439  elapsed 2.8s]
    [20,992/57,439  elapsed 3.7s]
    [26,112/57,439  elapsed 4.6s]
    [31,232/57,439  elapsed 5.6s]
    [36,352/57,439  elapsed 6.5s]
    [41,472/57,439  elapsed 7.4s]
    [46,592/57,439  elapsed 8.3s]
    [51,712/57,439  elapsed 9.3s]
    [56,832/57,439  elapsed 10.2s]
  eval done in 10.3s
  by-popularity NDCG@10: tail=0.0001(n=7,762)  mid=0.0003(n=8,169)  head=0.0373(n=41,508)
  evaluating 57,439 users in batches of 512...
    [512/57,439  elapsed 0.1s]
    [5,632/57,439  elapsed 1.1s]
    [10,752/57,439  elapsed 2.0s]
    [15,872/57,439  elapsed 3.0s]
    [20,992/57,439  elapsed 3.9s]
    [26,112/57,439  elapsed 4.9s]
    [31,232/57,439  elapsed 5.9s]
    [36,352/57,439  elapsed 6.9s]
    [41,472/57,439  elapsed 7.8s]
    [46,592/57,439  elapsed 8.7s]
    [51,712/57,439  elapsed 9.6s]
    [56,832/57,439  elapsed 10.6s]
  eval done in 10.7s
  by-popularity NDCG@10: tail=0.0000(n=8,800)  mid=0.0004(n=8,657)  head=0.0344(n=39,982)
  epoch   1  loss=9.6234  val_NDCG=0.0270  test_NDCG=0.0240  test_HR=0.0454  (5.9s)
  evaluating 57,439 users in batches of 512...
    [512/57,439  elapsed 0.1s]
    [5,632/57,439  elapsed 1.0s]
    [10,752/57,439  elapsed 2.0s]
    [15,872/57,439  elapsed 3.0s]
    [20,992/57,439  elapsed 3.9s]
    [26,112/57,439  elapsed 4.9s]
    [31,232/57,439  elapsed 5.9s]
    [36,352/57,439  elapsed 6.9s]
    [41,472/57,439  elapsed 7.8s]
    [46,592/57,439  elapsed 8.8s]
    [51,712/57,439  elapsed 9.8s]
    [56,832/57,439  elapsed 10.8s]
  eval done in 10.9s
  by-popularity NDCG@10: tail=0.0000(n=7,762)  mid=0.0004(n=8,169)  head=0.0471(n=41,508)
  evaluating 57,439 users in batches of 512...
    [512/57,439  elapsed 0.1s]
    [5,632/57,439  elapsed 1.1s]
    [10,752/57,439  elapsed 2.0s]
    [15,872/57,439  elapsed 3.0s]
    [20,992/57,439  elapsed 3.9s]
    [26,112/57,439  elapsed 4.8s]
    [31,232/57,439  elapsed 5.7s]
    [36,352/57,439  elapsed 6.7s]
    [41,472/57,439  elapsed 7.7s]
    [46,592/57,439  elapsed 8.7s]
    [51,712/57,439  elapsed 9.7s]
    [56,832/57,439  elapsed 10.6s]
  eval done in 10.7s
  by-popularity NDCG@10: tail=0.0001(n=8,800)  mid=0.0006(n=8,657)  head=0.0442(n=39,982)
  epoch   2  loss=9.0922  val_NDCG=0.0341  test_NDCG=0.0309  test_HR=0.0580  (6.1s)
  evaluating 57,439 users in batches of 512...
    [512/57,439  elapsed 0.1s]
    [5,632/57,439  elapsed 1.0s]
    [10,752/57,439  elapsed 2.0s]
    [15,872/57,439  elapsed 2.9s]
    [20,992/57,439  elapsed 3.8s]
    [26,112/57,439  elapsed 4.7s]
    [31,232/57,439  elapsed 5.6s]
    [36,352/57,439  elapsed 6.4s]
    [41,472/57,439  elapsed 7.3s]
    [46,592/57,439  elapsed 8.3s]
    [51,712/57,439  elapsed 9.2s]
    [56,832/57,439  elapsed 10.1s]
  eval done in 10.2s
  by-popularity NDCG@10: tail=0.0000(n=7,762)  mid=0.0011(n=8,169)  head=0.0526(n=41,508)
  evaluating 57,439 users in batches of 512...
    [512/57,439  elapsed 0.1s]
    [5,632/57,439  elapsed 1.0s]
    [10,752/57,439  elapsed 1.9s]
    [15,872/57,439  elapsed 2.8s]
    [20,992/57,439  elapsed 3.7s]
    [26,112/57,439  elapsed 4.6s]
    [31,232/57,439  elapsed 5.5s]
    [36,352/57,439  elapsed 6.4s]
    [41,472/57,439  elapsed 7.3s]
    [46,592/57,439  elapsed 8.2s]
    [51,712/57,439  elapsed 9.1s]
    [56,832/57,439  elapsed 10.0s]
  eval done in 10.1s
  by-popularity NDCG@10: tail=0.0001(n=8,800)  mid=0.0012(n=8,657)  head=0.0501(n=39,982)
  epoch   3  loss=8.9307  val_NDCG=0.0381  test_NDCG=0.0351  test_HR=0.0647  (5.9s)
  evaluating 57,439 users in batches of 512...
    [512/57,439  elapsed 0.1s]
    [5,632/57,439  elapsed 1.0s]
    [10,752/57,439  elapsed 1.9s]
    [15,872/57,439  elapsed 2.7s]
    [20,992/57,439  elapsed 3.6s]
    [26,112/57,439  elapsed 4.5s]
    [31,232/57,439  elapsed 5.4s]
    [36,352/57,439  elapsed 6.3s]
    [41,472/57,439  elapsed 7.2s]
    [46,592/57,439  elapsed 8.1s]
    [51,712/57,439  elapsed 9.0s]
    [56,832/57,439  elapsed 9.9s]
  eval done in 10.0s
  by-popularity NDCG@10: tail=0.0002(n=7,762)  mid=0.0016(n=8,169)  head=0.0557(n=41,508)
  evaluating 57,439 users in batches of 512...
    [512/57,439  elapsed 0.1s]
    [5,632/57,439  elapsed 1.0s]
    [10,752/57,439  elapsed 1.9s]
    [15,872/57,439  elapsed 2.8s]
    [20,992/57,439  elapsed 3.8s]
    [26,112/57,439  elapsed 4.6s]
    [31,232/57,439  elapsed 5.6s]
    [36,352/57,439  elapsed 6.4s]
    [41,472/57,439  elapsed 7.3s]
    [46,592/57,439  elapsed 8.2s]
    [51,712/57,439  elapsed 9.1s]
    [56,832/57,439  elapsed 10.0s]
  eval done in 10.1s
  by-popularity NDCG@10: tail=0.0002(n=8,800)  mid=0.0017(n=8,657)  head=0.0526(n=39,982)
  epoch   4  loss=8.8245  val_NDCG=0.0405  test_NDCG=0.0369  test_HR=0.0673  (5.9s)
  evaluating 57,439 users in batches of 512...
    [512/57,439  elapsed 0.1s]
    [5,632/57,439  elapsed 1.2s]
    [10,752/57,439  elapsed 2.5s]
    [15,872/57,439  elapsed 3.9s]
    [20,992/57,439  elapsed 5.3s]
    [26,112/57,439  elapsed 6.4s]
    [31,232/57,439  elapsed 7.7s]
    [36,352/57,439  elapsed 8.7s]
    [41,472/57,439  elapsed 9.9s]
    [46,592/57,439  elapsed 11.1s]
    [51,712/57,439  elapsed 12.2s]
    [56,832/57,439  elapsed 13.4s]
  eval done in 13.5s
  by-popularity NDCG@10: tail=0.0001(n=7,762)  mid=0.0026(n=8,169)  head=0.0581(n=41,508)
  evaluating 57,439 users in batches of 512...
    [512/57,439  elapsed 0.1s]
    [5,632/57,439  elapsed 1.3s]
    [10,752/57,439  elapsed 2.4s]
    [15,872/57,439  elapsed 3.6s]
    [20,992/57,439  elapsed 5.1s]
    [26,112/57,439  elapsed 6.6s]
    [31,232/57,439  elapsed 8.1s]
    [36,352/57,439  elapsed 9.6s]
    [41,472/57,439  elapsed 10.9s]
    [46,592/57,439  elapsed 11.9s]
    [51,712/57,439  elapsed 13.0s]
    [56,832/57,439  elapsed 14.0s]
  eval done in 14.1s
  by-popularity NDCG@10: tail=0.0003(n=8,800)  mid=0.0021(n=8,657)  head=0.0553(n=39,982)
  epoch   5  loss=8.7456  val_NDCG=0.0424  test_NDCG=0.0388  test_HR=0.0704  (5.8s)
  evaluating 57,439 users in batches of 512...
    [512/57,439  elapsed 0.1s]
    [5,632/57,439  elapsed 1.1s]
    [10,752/57,439  elapsed 2.2s]
    [15,872/57,439  elapsed 3.2s]
    [20,992/57,439  elapsed 4.4s]
    [26,112/57,439  elapsed 5.6s]
    [31,232/57,439  elapsed 6.7s]
    [36,352/57,439  elapsed 7.9s]
    [41,472/57,439  elapsed 9.1s]
    [46,592/57,439  elapsed 10.3s]
    [51,712/57,439  elapsed 11.3s]
    [56,832/57,439  elapsed 12.3s]
  eval done in 12.4s
  by-popularity NDCG@10: tail=0.0004(n=7,762)  mid=0.0033(n=8,169)  head=0.0602(n=41,508)
  evaluating 57,439 users in batches of 512...
    [512/57,439  elapsed 0.1s]
    [5,632/57,439  elapsed 1.3s]
    [10,752/57,439  elapsed 2.4s]
    [15,872/57,439  elapsed 3.5s]
    [20,992/57,439  elapsed 4.5s]
    [26,112/57,439  elapsed 5.6s]
    [31,232/57,439  elapsed 6.6s]
    [36,352/57,439  elapsed 7.9s]
    [41,472/57,439  elapsed 9.2s]
    [46,592/57,439  elapsed 10.5s]
    [51,712/57,439  elapsed 11.7s]
    [56,832/57,439  elapsed 12.9s]
  eval done in 13.1s
  by-popularity NDCG@10: tail=0.0003(n=8,800)  mid=0.0032(n=8,657)  head=0.0563(n=39,982)
  epoch   6  loss=8.6783  val_NDCG=0.0440  test_NDCG=0.0397  test_HR=0.0719  (6.2s)
  evaluating 57,439 users in batches of 512...
    [512/57,439  elapsed 0.1s]
    [5,632/57,439  elapsed 1.3s]
    [10,752/57,439  elapsed 2.6s]
    [15,872/57,439  elapsed 4.0s]
    [20,992/57,439  elapsed 5.3s]
    [26,112/57,439  elapsed 6.6s]
    [31,232/57,439  elapsed 7.8s]
    [36,352/57,439  elapsed 9.4s]
    [41,472/57,439  elapsed 10.7s]
    [46,592/57,439  elapsed 11.8s]
    [51,712/57,439  elapsed 12.9s]
    [56,832/57,439  elapsed 14.1s]
  eval done in 14.2s
  by-popularity NDCG@10: tail=0.0005(n=7,762)  mid=0.0043(n=8,169)  head=0.0608(n=41,508)
  evaluating 57,439 users in batches of 512...
    [512/57,439  elapsed 0.1s]
    [5,632/57,439  elapsed 1.3s]
    [10,752/57,439  elapsed 2.6s]
    [15,872/57,439  elapsed 3.8s]
    [20,992/57,439  elapsed 5.0s]
    [26,112/57,439  elapsed 6.4s]
    [31,232/57,439  elapsed 7.6s]
    [36,352/57,439  elapsed 9.1s]
    [41,472/57,439  elapsed 10.4s]
    [46,592/57,439  elapsed 11.6s]
    [51,712/57,439  elapsed 12.7s]
    [56,832/57,439  elapsed 14.0s]
  eval done in 14.1s
  by-popularity NDCG@10: tail=0.0005(n=8,800)  mid=0.0037(n=8,657)  head=0.0570(n=39,982)
  epoch   7  loss=8.6188  val_NDCG=0.0446  test_NDCG=0.0403  test_HR=0.0723  (6.4s)
  evaluating 57,439 users in batches of 512...
    [512/57,439  elapsed 0.1s]
    [5,632/57,439  elapsed 1.4s]
    [10,752/57,439  elapsed 2.6s]
    [15,872/57,439  elapsed 4.0s]
    [20,992/57,439  elapsed 5.2s]
    [26,112/57,439  elapsed 6.3s]
    [31,232/57,439  elapsed 7.5s]
    [36,352/57,439  elapsed 8.9s]
    [41,472/57,439  elapsed 10.4s]
    [46,592/57,439  elapsed 11.6s]
    [51,712/57,439  elapsed 12.7s]
    [56,832/57,439  elapsed 14.0s]
  eval done in 14.2s
  by-popularity NDCG@10: tail=0.0007(n=7,762)  mid=0.0046(n=8,169)  head=0.0613(n=41,508)
  evaluating 57,439 users in batches of 512...
    [512/57,439  elapsed 0.1s]
    [5,632/57,439  elapsed 1.4s]
    [10,752/57,439  elapsed 2.6s]
    [15,872/57,439  elapsed 3.9s]
    [20,992/57,439  elapsed 5.1s]
    [26,112/57,439  elapsed 6.2s]
    [31,232/57,439  elapsed 7.5s]
    [36,352/57,439  elapsed 8.8s]
    [41,472/57,439  elapsed 10.1s]
    [46,592/57,439  elapsed 11.3s]
    [51,712/57,439  elapsed 12.6s]
    [56,832/57,439  elapsed 13.9s]
  eval done in 14.0s
  by-popularity NDCG@10: tail=0.0005(n=8,800)  mid=0.0044(n=8,657)  head=0.0568(n=39,982)
  epoch   8  loss=8.5656  val_NDCG=0.0451  test_NDCG=0.0403  test_HR=0.0727  (6.4s)
  evaluating 57,439 users in batches of 512...
    [512/57,439  elapsed 0.1s]
    [5,632/57,439  elapsed 1.3s]
    [10,752/57,439  elapsed 2.5s]
    [15,872/57,439  elapsed 3.7s]
    [20,992/57,439  elapsed 4.9s]
    [26,112/57,439  elapsed 6.1s]
    [31,232/57,439  elapsed 7.3s]
    [36,352/57,439  elapsed 8.6s]
    [41,472/57,439  elapsed 10.1s]
    [46,592/57,439  elapsed 11.3s]
    [51,712/57,439  elapsed 12.5s]
    [56,832/57,439  elapsed 13.8s]
  eval done in 13.9s
  by-popularity NDCG@10: tail=0.0010(n=7,762)  mid=0.0052(n=8,169)  head=0.0618(n=41,508)
  evaluating 57,439 users in batches of 512...
    [512/57,439  elapsed 0.1s]
    [5,632/57,439  elapsed 1.4s]
    [10,752/57,439  elapsed 2.8s]
    [15,872/57,439  elapsed 4.0s]
    [20,992/57,439  elapsed 5.0s]
    [26,112/57,439  elapsed 6.2s]
    [31,232/57,439  elapsed 7.4s]
    [36,352/57,439  elapsed 8.6s]
    [41,472/57,439  elapsed 9.8s]
    [46,592/57,439  elapsed 10.9s]
    [51,712/57,439  elapsed 12.3s]
    [56,832/57,439  elapsed 13.5s]
  eval done in 13.6s
  by-popularity NDCG@10: tail=0.0008(n=8,800)  mid=0.0053(n=8,657)  head=0.0580(n=39,982)
  epoch   9  loss=8.5177  val_NDCG=0.0456  test_NDCG=0.0413  test_HR=0.0741  (6.6s)
  evaluating 57,439 users in batches of 512...
    [512/57,439  elapsed 0.1s]
    [5,632/57,439  elapsed 1.4s]
    [10,752/57,439  elapsed 2.6s]
    [15,872/57,439  elapsed 3.9s]
    [20,992/57,439  elapsed 5.0s]
    [26,112/57,439  elapsed 6.1s]
    [31,232/57,439  elapsed 7.4s]
    [36,352/57,439  elapsed 8.7s]
    [41,472/57,439  elapsed 9.8s]
    [46,592/57,439  elapsed 11.0s]
    [51,712/57,439  elapsed 12.1s]
    [56,832/57,439  elapsed 13.4s]
  eval done in 13.6s
  by-popularity NDCG@10: tail=0.0012(n=7,762)  mid=0.0055(n=8,169)  head=0.0614(n=41,508)
  evaluating 57,439 users in batches of 512...
    [512/57,439  elapsed 0.1s]
    [5,632/57,439  elapsed 1.4s]
    [10,752/57,439  elapsed 2.6s]
    [15,872/57,439  elapsed 3.7s]
    [20,992/57,439  elapsed 5.0s]
    [26,112/57,439  elapsed 6.2s]
    [31,232/57,439  elapsed 7.4s]
    [36,352/57,439  elapsed 8.6s]
    [41,472/57,439  elapsed 9.7s]
    [46,592/57,439  elapsed 11.0s]
    [51,712/57,439  elapsed 12.3s]
    [56,832/57,439  elapsed 13.4s]
  eval done in 13.6s
  by-popularity NDCG@10: tail=0.0009(n=8,800)  mid=0.0059(n=8,657)  head=0.0574(n=39,982)
  epoch  10  loss=8.4730  val_NDCG=0.0453  test_NDCG=0.0410  test_HR=0.0739  (6.3s)
  evaluating 57,439 users in batches of 512...
    [512/57,439  elapsed 0.1s]
    [5,632/57,439  elapsed 1.3s]
    [10,752/57,439  elapsed 2.5s]
    [15,872/57,439  elapsed 3.7s]
    [20,992/57,439  elapsed 5.0s]
    [26,112/57,439  elapsed 6.2s]
    [31,232/57,439  elapsed 7.4s]
    [36,352/57,439  elapsed 8.6s]
    [41,472/57,439  elapsed 10.0s]
    [46,592/57,439  elapsed 11.2s]
    [51,712/57,439  elapsed 12.4s]
    [56,832/57,439  elapsed 13.6s]
  eval done in 13.7s
  by-popularity NDCG@10: tail=0.0013(n=7,762)  mid=0.0060(n=8,169)  head=0.0622(n=41,508)
  evaluating 57,439 users in batches of 512...
    [512/57,439  elapsed 0.1s]
    [5,632/57,439  elapsed 1.6s]
    [10,752/57,439  elapsed 2.8s]
    [15,872/57,439  elapsed 4.1s]
    [20,992/57,439  elapsed 5.3s]
    [26,112/57,439  elapsed 6.6s]
    [31,232/57,439  elapsed 7.9s]
    [36,352/57,439  elapsed 9.2s]
    [41,472/57,439  elapsed 10.5s]
    [46,592/57,439  elapsed 11.8s]
    [51,712/57,439  elapsed 13.0s]
    [56,832/57,439  elapsed 14.3s]
  eval done in 14.4s
  by-popularity NDCG@10: tail=0.0012(n=8,800)  mid=0.0059(n=8,657)  head=0.0575(n=39,982)
  epoch  11  loss=8.4325  val_NDCG=0.0460  test_NDCG=0.0411  test_HR=0.0740  (6.1s)
  evaluating 57,439 users in batches of 512...
    [512/57,439  elapsed 0.1s]
    [5,632/57,439  elapsed 1.3s]
    [10,752/57,439  elapsed 2.5s]
    [15,872/57,439  elapsed 3.9s]
    [20,992/57,439  elapsed 5.1s]
    [26,112/57,439  elapsed 6.3s]
    [31,232/57,439  elapsed 7.5s]
    [36,352/57,439  elapsed 8.6s]
    [41,472/57,439  elapsed 9.8s]
    [46,592/57,439  elapsed 11.0s]
    [51,712/57,439  elapsed 12.6s]
    [56,832/57,439  elapsed 13.9s]
  eval done in 14.1s
  by-popularity NDCG@10: tail=0.0015(n=7,762)  mid=0.0064(n=8,169)  head=0.0614(n=41,508)
  evaluating 57,439 users in batches of 512...
    [512/57,439  elapsed 0.1s]
    [5,632/57,439  elapsed 1.3s]
    [10,752/57,439  elapsed 2.6s]
    [15,872/57,439  elapsed 3.9s]
    [20,992/57,439  elapsed 5.1s]
    [26,112/57,439  elapsed 6.1s]
    [31,232/57,439  elapsed 7.3s]
    [36,352/57,439  elapsed 8.5s]
    [41,472/57,439  elapsed 9.6s]
    [46,592/57,439  elapsed 10.8s]
    [51,712/57,439  elapsed 12.2s]
    [56,832/57,439  elapsed 13.3s]
  eval done in 13.5s
  by-popularity NDCG@10: tail=0.0015(n=8,800)  mid=0.0067(n=8,657)  head=0.0572(n=39,982)
  epoch  12  loss=8.3990  val_NDCG=0.0455  test_NDCG=0.0410  test_HR=0.0741  (6.4s)
  evaluating 57,439 users in batches of 512...
    [512/57,439  elapsed 0.1s]
    [5,632/57,439  elapsed 1.3s]
    [10,752/57,439  elapsed 2.5s]
    [15,872/57,439  elapsed 3.9s]
    [20,992/57,439  elapsed 5.2s]
    [26,112/57,439  elapsed 6.4s]
    [31,232/57,439  elapsed 7.5s]
    [36,352/57,439  elapsed 8.7s]
    [41,472/57,439  elapsed 9.9s]
    [46,592/57,439  elapsed 11.2s]
    [51,712/57,439  elapsed 12.7s]
    [56,832/57,439  elapsed 13.9s]
  eval done in 14.0s
  by-popularity NDCG@10: tail=0.0016(n=7,762)  mid=0.0069(n=8,169)  head=0.0617(n=41,508)
  evaluating 57,439 users in batches of 512...
    [512/57,439  elapsed 0.1s]
    [5,632/57,439  elapsed 1.3s]
    [10,752/57,439  elapsed 2.5s]
    [15,872/57,439  elapsed 3.8s]
    [20,992/57,439  elapsed 4.9s]
    [26,112/57,439  elapsed 6.2s]
    [31,232/57,439  elapsed 7.3s]
    [36,352/57,439  elapsed 8.5s]
    [41,472/57,439  elapsed 9.7s]
    [46,592/57,439  elapsed 10.9s]
    [51,712/57,439  elapsed 12.2s]
    [56,832/57,439  elapsed 13.3s]
  eval done in 13.4s
  by-popularity NDCG@10: tail=0.0014(n=8,800)  mid=0.0072(n=8,657)  head=0.0576(n=39,982)
  epoch  13  loss=8.3684  val_NDCG=0.0458  test_NDCG=0.0414  test_HR=0.0750  (6.2s)
  evaluating 57,439 users in batches of 512...
    [512/57,439  elapsed 0.1s]
    [5,632/57,439  elapsed 1.2s]
    [10,752/57,439  elapsed 2.4s]
    [15,872/57,439  elapsed 3.6s]
    [20,992/57,439  elapsed 5.0s]
    [26,112/57,439  elapsed 6.3s]
    [31,232/57,439  elapsed 7.5s]
    [36,352/57,439  elapsed 9.1s]
    [41,472/57,439  elapsed 10.5s]
    [46,592/57,439  elapsed 11.7s]
    [51,712/57,439  elapsed 12.8s]
    [56,832/57,439  elapsed 14.2s]
  eval done in 14.3s
  by-popularity NDCG@10: tail=0.0015(n=7,762)  mid=0.0072(n=8,169)  head=0.0622(n=41,508)
  evaluating 57,439 users in batches of 512...
    [512/57,439  elapsed 0.1s]
    [5,632/57,439  elapsed 1.4s]
    [10,752/57,439  elapsed 2.6s]
    [15,872/57,439  elapsed 3.9s]
    [20,992/57,439  elapsed 5.5s]
    [26,112/57,439  elapsed 7.0s]
    [31,232/57,439  elapsed 8.4s]
    [36,352/57,439  elapsed 9.9s]
    [41,472/57,439  elapsed 11.2s]
    [46,592/57,439  elapsed 12.4s]
    [51,712/57,439  elapsed 13.6s]
    [56,832/57,439  elapsed 14.8s]
  eval done in 15.0s
  by-popularity NDCG@10: tail=0.0015(n=8,800)  mid=0.0070(n=8,657)  head=0.0577(n=39,982)
  epoch  14  loss=8.3399  val_NDCG=0.0462  test_NDCG=0.0415  test_HR=0.0748  (6.1s)
  evaluating 57,439 users in batches of 512...
    [512/57,439  elapsed 0.1s]
    [5,632/57,439  elapsed 1.3s]
    [10,752/57,439  elapsed 2.5s]
    [15,872/57,439  elapsed 3.7s]
    [20,992/57,439  elapsed 5.0s]
    [26,112/57,439  elapsed 6.2s]
    [31,232/57,439  elapsed 7.3s]
    [36,352/57,439  elapsed 8.5s]
    [41,472/57,439  elapsed 9.7s]
    [46,592/57,439  elapsed 11.0s]
    [51,712/57,439  elapsed 12.2s]
    [56,832/57,439  elapsed 13.4s]
  eval done in 13.5s
  by-popularity NDCG@10: tail=0.0016(n=7,762)  mid=0.0072(n=8,169)  head=0.0623(n=41,508)
  evaluating 57,439 users in batches of 512...
    [512/57,439  elapsed 0.1s]
    [5,632/57,439  elapsed 1.3s]
    [10,752/57,439  elapsed 2.5s]
    [15,872/57,439  elapsed 3.8s]
    [20,992/57,439  elapsed 5.0s]
    [26,112/57,439  elapsed 6.1s]
    [31,232/57,439  elapsed 7.3s]
    [36,352/57,439  elapsed 8.6s]
    [41,472/57,439  elapsed 9.8s]
    [46,592/57,439  elapsed 11.0s]
    [51,712/57,439  elapsed 12.3s]
    [56,832/57,439  elapsed 13.6s]
  eval done in 13.8s
  by-popularity NDCG@10: tail=0.0016(n=8,800)  mid=0.0071(n=8,657)  head=0.0574(n=39,982)
  epoch  15  loss=8.3153  val_NDCG=0.0463  test_NDCG=0.0413  test_HR=0.0741  (6.3s)
  evaluating 57,439 users in batches of 512...
    [512/57,439  elapsed 0.1s]
    [5,632/57,439  elapsed 1.3s]
    [10,752/57,439  elapsed 2.7s]
    [15,872/57,439  elapsed 3.9s]
    [20,992/57,439  elapsed 5.0s]
    [26,112/57,439  elapsed 6.2s]
    [31,232/57,439  elapsed 7.3s]
    [36,352/57,439  elapsed 8.5s]
    [41,472/57,439  elapsed 9.7s]
    [46,592/57,439  elapsed 10.8s]
    [51,712/57,439  elapsed 12.0s]
    [56,832/57,439  elapsed 13.2s]
  eval done in 13.3s
  by-popularity NDCG@10: tail=0.0017(n=7,762)  mid=0.0074(n=8,169)  head=0.0623(n=41,508)
  evaluating 57,439 users in batches of 512...
    [512/57,439  elapsed 0.1s]
    [5,632/57,439  elapsed 1.4s]
    [10,752/57,439  elapsed 2.6s]
    [15,872/57,439  elapsed 3.8s]
    [20,992/57,439  elapsed 5.0s]
    [26,112/57,439  elapsed 6.2s]
    [31,232/57,439  elapsed 7.4s]
    [36,352/57,439  elapsed 8.7s]
    [41,472/57,439  elapsed 9.9s]
    [46,592/57,439  elapsed 11.1s]
    [51,712/57,439  elapsed 12.3s]
    [56,832/57,439  elapsed 13.4s]
  eval done in 13.6s
  by-popularity NDCG@10: tail=0.0018(n=8,800)  mid=0.0071(n=8,657)  head=0.0575(n=39,982)
  epoch  16  loss=8.2981  val_NDCG=0.0463  test_NDCG=0.0414  test_HR=0.0745  (6.3s)
  evaluating 57,439 users in batches of 512...
    [512/57,439  elapsed 0.1s]
    [5,632/57,439  elapsed 1.3s]
    [10,752/57,439  elapsed 2.5s]
    [15,872/57,439  elapsed 3.9s]
    [20,992/57,439  elapsed 5.1s]
    [26,112/57,439  elapsed 6.4s]
    [31,232/57,439  elapsed 7.5s]
    [36,352/57,439  elapsed 8.9s]
    [41,472/57,439  elapsed 10.2s]
    [46,592/57,439  elapsed 11.4s]
    [51,712/57,439  elapsed 12.6s]
    [56,832/57,439  elapsed 13.8s]
  eval done in 13.9s
  by-popularity NDCG@10: tail=0.0017(n=7,762)  mid=0.0072(n=8,169)  head=0.0624(n=41,508)
  evaluating 57,439 users in batches of 512...
    [512/57,439  elapsed 0.1s]
    [5,632/57,439  elapsed 1.7s]
    [10,752/57,439  elapsed 3.0s]
    [15,872/57,439  elapsed 4.2s]
    [20,992/57,439  elapsed 5.4s]
    [26,112/57,439  elapsed 6.5s]
    [31,232/57,439  elapsed 7.6s]
    [36,352/57,439  elapsed 8.7s]
    [41,472/57,439  elapsed 10.0s]
    [46,592/57,439  elapsed 11.1s]
    [51,712/57,439  elapsed 12.4s]
    [56,832/57,439  elapsed 13.5s]
  eval done in 13.7s
  by-popularity NDCG@10: tail=0.0017(n=8,800)  mid=0.0071(n=8,657)  head=0.0575(n=39,982)
  epoch  17  loss=8.2850  val_NDCG=0.0463  test_NDCG=0.0414  test_HR=0.0747  (6.3s)
  evaluating 57,439 users in batches of 512...
    [512/57,439  elapsed 0.1s]
    [5,632/57,439  elapsed 1.2s]
    [10,752/57,439  elapsed 2.4s]
    [15,872/57,439  elapsed 3.6s]
    [20,992/57,439  elapsed 4.9s]
    [26,112/57,439  elapsed 6.1s]
    [31,232/57,439  elapsed 7.2s]
    [36,352/57,439  elapsed 8.4s]
    [41,472/57,439  elapsed 9.6s]
    [46,592/57,439  elapsed 10.8s]
    [51,712/57,439  elapsed 12.0s]
    [56,832/57,439  elapsed 13.2s]
  eval done in 13.3s
  by-popularity NDCG@10: tail=0.0017(n=7,762)  mid=0.0074(n=8,169)  head=0.0620(n=41,508)
  evaluating 57,439 users in batches of 512...
    [512/57,439  elapsed 0.1s]
    [5,632/57,439  elapsed 1.3s]
    [10,752/57,439  elapsed 2.4s]
    [15,872/57,439  elapsed 3.7s]
    [20,992/57,439  elapsed 4.9s]
    [26,112/57,439  elapsed 6.2s]
    [31,232/57,439  elapsed 7.3s]
    [36,352/57,439  elapsed 8.4s]
    [41,472/57,439  elapsed 9.6s]
    [46,592/57,439  elapsed 10.8s]
    [51,712/57,439  elapsed 12.0s]
    [56,832/57,439  elapsed 13.4s]
  eval done in 13.6s
  by-popularity NDCG@10: tail=0.0017(n=8,800)  mid=0.0071(n=8,657)  head=0.0575(n=39,982)
  epoch  18  loss=8.2734  val_NDCG=0.0461  test_NDCG=0.0413  test_HR=0.0741  (6.3s)
  evaluating 57,439 users in batches of 512...
    [512/57,439  elapsed 0.1s]
    [5,632/57,439  elapsed 1.4s]
    [10,752/57,439  elapsed 2.7s]
    [15,872/57,439  elapsed 3.8s]
    [20,992/57,439  elapsed 5.0s]
    [26,112/57,439  elapsed 6.2s]
    [31,232/57,439  elapsed 7.3s]
    [36,352/57,439  elapsed 8.4s]
    [41,472/57,439  elapsed 9.6s]
    [46,592/57,439  elapsed 10.8s]
    [51,712/57,439  elapsed 12.0s]
    [56,832/57,439  elapsed 13.1s]
  eval done in 13.3s
  by-popularity NDCG@10: tail=0.0017(n=7,762)  mid=0.0074(n=8,169)  head=0.0619(n=41,508)
  evaluating 57,439 users in batches of 512...
    [512/57,439  elapsed 0.1s]
    [5,632/57,439  elapsed 1.2s]
    [10,752/57,439  elapsed 2.4s]
    [15,872/57,439  elapsed 3.5s]
    [20,992/57,439  elapsed 4.7s]
    [26,112/57,439  elapsed 5.9s]
    [31,232/57,439  elapsed 7.1s]
    [36,352/57,439  elapsed 8.2s]
    [41,472/57,439  elapsed 9.3s]
    [46,592/57,439  elapsed 10.6s]
    [51,712/57,439  elapsed 11.8s]
    [56,832/57,439  elapsed 13.0s]
  eval done in 13.1s
  by-popularity NDCG@10: tail=0.0018(n=8,800)  mid=0.0072(n=8,657)  head=0.0575(n=39,982)
  epoch  19  loss=8.2697  val_NDCG=0.0460  test_NDCG=0.0414  test_HR=0.0743  (6.1s)
  evaluating 57,439 users in batches of 512...
    [512/57,439  elapsed 0.1s]
    [5,632/57,439  elapsed 1.3s]
    [10,752/57,439  elapsed 2.4s]
    [15,872/57,439  elapsed 3.6s]
    [20,992/57,439  elapsed 4.8s]
    [26,112/57,439  elapsed 6.2s]
    [31,232/57,439  elapsed 7.3s]
    [36,352/57,439  elapsed 8.5s]
    [41,472/57,439  elapsed 9.7s]
    [46,592/57,439  elapsed 10.9s]
    [51,712/57,439  elapsed 12.1s]
    [56,832/57,439  elapsed 13.4s]
  eval done in 13.5s
  by-popularity NDCG@10: tail=0.0017(n=7,762)  mid=0.0074(n=8,169)  head=0.0619(n=41,508)
  evaluating 57,439 users in batches of 512...
    [512/57,439  elapsed 0.1s]
    [5,632/57,439  elapsed 1.6s]
    [10,752/57,439  elapsed 2.7s]
    [15,872/57,439  elapsed 3.9s]
    [20,992/57,439  elapsed 5.1s]
    [26,112/57,439  elapsed 6.2s]
    [31,232/57,439  elapsed 7.5s]
    [36,352/57,439  elapsed 8.8s]
    [41,472/57,439  elapsed 10.1s]
    [46,592/57,439  elapsed 11.4s]
    [51,712/57,439  elapsed 12.8s]
    [56,832/57,439  elapsed 14.2s]
  eval done in 14.3s
  by-popularity NDCG@10: tail=0.0018(n=8,800)  mid=0.0073(n=8,657)  head=0.0575(n=39,982)
  epoch  20  loss=8.2641  val_NDCG=0.0460  test_NDCG=0.0414  test_HR=0.0743  (6.2s)

=== Best by val NDCG@10 ===
  val_NDCG=0.0463
  test: {'NDCG@10': 0.04139907535283206, 'HR@10': 0.07470533957763889, 'MRR': 0.03759573659934341, 'n_eval': 57439, 'by_popularity': {'tail': {'NDCG@10': 0.001738338967348935, 'HR@10': 0.003977272727272727, 'n': 8800, 'n_hit@10': 35, 'HR@20': 0.007045454545454546, 'n_hit@20': 62, 'HR@50': 0.017613636363636363, 'n_hit@50': 155, 'HR@100': 0.035454545454545454, 'n_hit@100': 312}, 'mid': {'NDCG@10': 0.0071455233023608395, 'HR@10': 0.013861614878133302, 'n': 8657, 'n_hit@10': 120, 'HR@20': 0.022871664548919948, 'n_hit@20': 198, 'HR@50': 0.04632089638442879, 'n_hit@50': 401, 'HR@100': 0.07901120480535982, 'n_hit@100': 684}, 'head': {'NDCG@10': 0.05754502803887029, 'HR@10': 0.10344655094792657, 'n': 39982, 'n_hit@10': 4136, 'HR@20': 0.14849182131959382, 'n_hit@20': 5937, 'HR@50': 0.22782752238507328, 'n_hit@50': 9109, 'HR@100': 0.30536241308588863, 'n_hit@100': 12209}}}
wrote C:\Users\rayxc\Documents\R\_bestrec_run\results_MI_COLDFUSE_base_seed20260736.users.jsonl.gz (57,439 per-user records, best epoch 17, sha256 77078d03c0c1…)
wrote C:\Users\rayxc\Documents\R\_bestrec_run\results_MI_COLDFUSE_base_seed20260736.final.users.jsonl.gz (57,439 FINAL-epoch per-user records)

wrote C:\Users\rayxc\Documents\R\_bestrec_run\results_MI_COLDFUSE_base_seed20260736.json
[run] results_MI_COLDFUSE_base_seed20260736.fusion.json
=== fusion eval: Musical_Instruments  ckpt=results_MI_COLDFUSE_base_seed20260736.best.pt ===
  n_users=57,439 n_items=24,587
  ckpt from epoch 17 (val NDCG@10 0.04632)

--- EASE l2=50.0: fit + VAL sweep ---
  EASE l2=50.0: inverted 24587x24587 in 63.8s
    [512/57,439 elapsed 0.4s]
    [10,752/57,439 elapsed 3.4s]
    [20,992/57,439 elapsed 6.3s]
    [31,232/57,439 elapsed 9.2s]
    [41,472/57,439 elapsed 12.1s]
    [51,712/57,439 elapsed 15.3s]
  VAL seq NDCG@10=0.04632  ease=0.03472
    w=0.01: val fused NDCG@10=0.04753
    w=0.02: val fused NDCG@10=0.04812
    w=0.03: val fused NDCG@10=0.04838
    w=0.04: val fused NDCG@10=0.04845
    w=0.05: val fused NDCG@10=0.04836
    w=0.06: val fused NDCG@10=0.04798
    w=0.075: val fused NDCG@10=0.04751
    w=0.1: val fused NDCG@10=0.04649

--- EASE l2=100.0: fit + VAL sweep ---
  EASE l2=100.0: inverted 24587x24587 in 63.6s
    [512/57,439 elapsed 0.2s]
    [10,752/57,439 elapsed 3.4s]
    [20,992/57,439 elapsed 6.6s]
    [31,232/57,439 elapsed 9.7s]
    [41,472/57,439 elapsed 12.8s]
    [51,712/57,439 elapsed 16.0s]
  VAL seq NDCG@10=0.04632  ease=0.03536
    w=0.01: val fused NDCG@10=0.04757
    w=0.02: val fused NDCG@10=0.04814
    w=0.03: val fused NDCG@10=0.04828
    w=0.04: val fused NDCG@10=0.04851
    w=0.05: val fused NDCG@10=0.04846
    w=0.06: val fused NDCG@10=0.04797
    w=0.075: val fused NDCG@10=0.04732
    w=0.1: val fused NDCG@10=0.04663

--- EASE l2=200.0: fit + VAL sweep ---
  EASE l2=200.0: inverted 24587x24587 in 63.1s
    [512/57,439 elapsed 0.2s]
    [10,752/57,439 elapsed 3.4s]
    [20,992/57,439 elapsed 6.5s]
    [31,232/57,439 elapsed 9.7s]
    [41,472/57,439 elapsed 12.8s]
    [51,712/57,439 elapsed 16.0s]
  VAL seq NDCG@10=0.04632  ease=0.03548
    w=0.01: val fused NDCG@10=0.04757
    w=0.02: val fused NDCG@10=0.04824
    w=0.03: val fused NDCG@10=0.04820
    w=0.04: val fused NDCG@10=0.04842
    w=0.05: val fused NDCG@10=0.04834
    w=0.06: val fused NDCG@10=0.04797
    w=0.075: val fused NDCG@10=0.04729
    w=0.1: val fused NDCG@10=0.04622

--- EASE l2=500.0: fit + VAL sweep ---
  EASE l2=500.0: inverted 24587x24587 in 64.0s
    [512/57,439 elapsed 0.2s]
    [10,752/57,439 elapsed 3.4s]
    [20,992/57,439 elapsed 6.7s]
    [31,232/57,439 elapsed 9.8s]
    [41,472/57,439 elapsed 13.1s]
    [51,712/57,439 elapsed 16.2s]
  VAL seq NDCG@10=0.04632  ease=0.03500
    w=0.01: val fused NDCG@10=0.04764
    w=0.02: val fused NDCG@10=0.04819
    w=0.03: val fused NDCG@10=0.04837
    w=0.04: val fused NDCG@10=0.04826
    w=0.05: val fused NDCG@10=0.04797
    w=0.06: val fused NDCG@10=0.04755
    w=0.075: val fused NDCG@10=0.04691
    w=0.1: val fused NDCG@10=0.04561

=== selected on VAL: l2=100.0, w=0.04 (val fused NDCG@10=0.04851) ===
  EASE l2=100.0: inverted 24587x24587 in 62.6s
    [512/57,439 elapsed 0.2s]
    [10,752/57,439 elapsed 2.8s]
    [20,992/57,439 elapsed 5.5s]
    [31,232/57,439 elapsed 8.1s]
    [41,472/57,439 elapsed 10.8s]
    [51,712/57,439 elapsed 13.5s]

TEST seq-only  NDCG@10=0.04140 HR@10=0.07471 MRR=0.03760
TEST ease-only NDCG@10=0.03221 HR@10=0.05639
TEST FUSED (w=0.04) NDCG@10=0.04371 HR@10=0.07791 MRR=0.03965
wrote C:\Users\rayxc\Documents\R\_bestrec_run\results_MI_COLDFUSE_base_seed20260736.fusion.json
[run] results_Musical_Instruments_COLDFUSE_confirm_seed20260736.json
=== COLDFUSE confirm: Musical_Instruments seed 20260736 (ease=yes) ===
  EASE l2=100.0: inverted 24587x24587 in 61.3s
  [val] streaming sweep: 41 systems ...
    [512/57,439 1s]
    [20,992/57,439 12s]
    [41,472/57,439 23s]
  VAL ref overall 0.04851 tail 0.00199 | selected {'profile': 'exp0.9', 'wt_tail': 0.2, 'wt_mid': 0.0, 'wt_head': 0.0} val tail 0.00444
  [test] reference + selected ...
    [512/57,439 0s]
    [20,992/57,439 8s]
    [41,472/57,439 16s]
  TEST ref 0.04371 (tail 0.00186) -> sel 0.04372 (tail 0.00389)
wrote C:\Users\rayxc\Documents\R\_bestrec_run\results_Musical_Instruments_COLDFUSE_confirm_seed20260736.json
[run] results_MI_COLDFUSE_base_seed20260737.json
  random seed set to 20260737
=== Musical_Instruments: load splits ===
  n_users=57,439  n_items=24,587  pad_id=24587
  built sequences for 57,439 users
  built timestamp sequences (12 time buckets)
  loading SBERT embeddings from C:\Users\rayxc\Documents\R\cache_5core\sbert_titles_Musical_Instruments.npy...
  TAPE: k-means 24,587 text embeddings into K=512 prototypes (tau=0.05)...
  TAPE: K=512 mean max-assignment weight = 0.526 (1.0 = hard clustering)

=== Build SASRec-SBERT (d=64, layers=4, heads=2) ===
  total params: 11,186,047  device=cuda
  57,439 training examples / 225 batches per epoch
  init_state_sha256 = 14530fe4ca05ab87042675c31908b7077fde6b0a828fc4a2c9b8b1eca3a78866
  LR schedule: warmup_cosine (225 warmup + 4275 cosine steps)

=== Train for 20 epochs ===
  evaluating 57,439 users in batches of 512...
    [512/57,439  elapsed 0.1s]
    [5,632/57,439  elapsed 1.0s]
    [10,752/57,439  elapsed 2.0s]
    [15,872/57,439  elapsed 2.9s]
    [20,992/57,439  elapsed 3.9s]
    [26,112/57,439  elapsed 4.9s]
    [31,232/57,439  elapsed 5.9s]
    [36,352/57,439  elapsed 6.9s]
    [41,472/57,439  elapsed 7.8s]
    [46,592/57,439  elapsed 8.7s]
    [51,712/57,439  elapsed 9.6s]
    [56,832/57,439  elapsed 10.6s]
  eval done in 10.7s
  by-popularity NDCG@10: tail=0.0001(n=7,762)  mid=0.0002(n=8,169)  head=0.0373(n=41,508)
  evaluating 57,439 users in batches of 512...
    [512/57,439  elapsed 0.1s]
    [5,632/57,439  elapsed 1.1s]
    [10,752/57,439  elapsed 2.0s]
    [15,872/57,439  elapsed 3.0s]
    [20,992/57,439  elapsed 3.9s]
    [26,112/57,439  elapsed 4.8s]
    [31,232/57,439  elapsed 5.8s]
    [36,352/57,439  elapsed 6.9s]
    [41,472/57,439  elapsed 7.9s]
    [46,592/57,439  elapsed 8.9s]
    [51,712/57,439  elapsed 9.9s]
    [56,832/57,439  elapsed 11.0s]
  eval done in 11.1s
  by-popularity NDCG@10: tail=0.0001(n=8,800)  mid=0.0004(n=8,657)  head=0.0337(n=39,982)
  epoch   1  loss=9.6241  val_NDCG=0.0270  test_NDCG=0.0236  test_HR=0.0443  (6.2s)
  evaluating 57,439 users in batches of 512...
    [512/57,439  elapsed 0.1s]
    [5,632/57,439  elapsed 1.1s]
    [10,752/57,439  elapsed 2.2s]
    [15,872/57,439  elapsed 3.2s]
    [20,992/57,439  elapsed 4.4s]
    [26,112/57,439  elapsed 5.5s]
    [31,232/57,439  elapsed 6.5s]
    [36,352/57,439  elapsed 7.6s]
    [41,472/57,439  elapsed 8.7s]
    [46,592/57,439  elapsed 9.8s]
    [51,712/57,439  elapsed 10.8s]
    [56,832/57,439  elapsed 11.9s]
  eval done in 12.0s
  by-popularity NDCG@10: tail=0.0001(n=7,762)  mid=0.0004(n=8,169)  head=0.0460(n=41,508)
  evaluating 57,439 users in batches of 512...
    [512/57,439  elapsed 0.1s]
    [5,632/57,439  elapsed 1.1s]
    [10,752/57,439  elapsed 2.2s]
    [15,872/57,439  elapsed 3.3s]
    [20,992/57,439  elapsed 4.4s]
    [26,112/57,439  elapsed 5.4s]
    [31,232/57,439  elapsed 6.5s]
    [36,352/57,439  elapsed 7.5s]
    [41,472/57,439  elapsed 8.6s]
    [46,592/57,439  elapsed 9.6s]
    [51,712/57,439  elapsed 10.8s]
    [56,832/57,439  elapsed 11.9s]
  eval done in 12.0s
  by-popularity NDCG@10: tail=0.0000(n=8,800)  mid=0.0006(n=8,657)  head=0.0435(n=39,982)
  epoch   2  loss=9.0955  val_NDCG=0.0333  test_NDCG=0.0304  test_HR=0.0566  (6.4s)
  evaluating 57,439 users in batches of 512...
    [512/57,439  elapsed 0.1s]
    [5,632/57,439  elapsed 1.1s]
    [10,752/57,439  elapsed 2.2s]
    [15,872/57,439  elapsed 3.3s]
    [20,992/57,439  elapsed 4.4s]
    [26,112/57,439  elapsed 5.5s]
    [31,232/57,439  elapsed 6.6s]
    [36,352/57,439  elapsed 7.7s]
    [41,472/57,439  elapsed 8.8s]
    [46,592/57,439  elapsed 9.8s]
    [51,712/57,439  elapsed 10.9s]
    [56,832/57,439  elapsed 12.0s]
  eval done in 12.1s
  by-popularity NDCG@10: tail=0.0000(n=7,762)  mid=0.0011(n=8,169)  head=0.0532(n=41,508)
  evaluating 57,439 users in batches of 512...
    [512/57,439  elapsed 0.1s]
    [5,632/57,439  elapsed 1.3s]
    [10,752/57,439  elapsed 2.3s]
    [15,872/57,439  elapsed 3.4s]
    [20,992/57,439  elapsed 4.3s]
    [26,112/57,439  elapsed 5.4s]
    [31,232/57,439  elapsed 6.4s]
    [36,352/57,439  elapsed 7.5s]
    [41,472/57,439  elapsed 8.5s]
    [46,592/57,439  elapsed 9.7s]
    [51,712/57,439  elapsed 10.8s]
    [56,832/57,439  elapsed 11.9s]
  eval done in 12.0s
  by-popularity NDCG@10: tail=0.0001(n=8,800)  mid=0.0014(n=8,657)  head=0.0503(n=39,982)
  epoch   3  loss=8.9305  val_NDCG=0.0386  test_NDCG=0.0353  test_HR=0.0650  (6.3s)
  evaluating 57,439 users in batches of 512...
    [512/57,439  elapsed 0.1s]
    [5,632/57,439  elapsed 1.2s]
    [10,752/57,439  elapsed 2.3s]
    [15,872/57,439  elapsed 3.2s]
    [20,992/57,439  elapsed 4.2s]
    [26,112/57,439  elapsed 5.1s]
    [31,232/57,439  elapsed 6.0s]
    [36,352/57,439  elapsed 6.9s]
    [41,472/57,439  elapsed 7.9s]
    [46,592/57,439  elapsed 8.9s]
    [51,712/57,439  elapsed 9.9s]
    [56,832/57,439  elapsed 10.8s]
  eval done in 11.0s
  by-popularity NDCG@10: tail=0.0000(n=7,762)  mid=0.0014(n=8,169)  head=0.0563(n=41,508)
  evaluating 57,439 users in batches of 512...
    [512/57,439  elapsed 0.1s]
    [5,632/57,439  elapsed 1.0s]
    [10,752/57,439  elapsed 2.0s]
    [15,872/57,439  elapsed 3.0s]
    [20,992/57,439  elapsed 3.9s]
    [26,112/57,439  elapsed 4.9s]
    [31,232/57,439  elapsed 5.9s]
    [36,352/57,439  elapsed 6.9s]
    [41,472/57,439  elapsed 7.8s]
    [46,592/57,439  elapsed 8.8s]
    [51,712/57,439  elapsed 9.8s]
    [56,832/57,439  elapsed 10.8s]
  eval done in 10.9s
  by-popularity NDCG@10: tail=0.0001(n=8,800)  mid=0.0016(n=8,657)  head=0.0528(n=39,982)
  epoch   4  loss=8.8250  val_NDCG=0.0409  test_NDCG=0.0370  test_HR=0.0687  (6.3s)
  evaluating 57,439 users in batches of 512...
    [512/57,439  elapsed 0.1s]
    [5,632/57,439  elapsed 1.1s]
    [10,752/57,439  elapsed 2.1s]
    [15,872/57,439  elapsed 3.1s]
    [20,992/57,439  elapsed 4.0s]
    [26,112/57,439  elapsed 5.0s]
    [31,232/57,439  elapsed 6.0s]
    [36,352/57,439  elapsed 7.1s]
    [41,472/57,439  elapsed 8.1s]
    [46,592/57,439  elapsed 9.2s]
    [51,712/57,439  elapsed 10.5s]
    [56,832/57,439  elapsed 11.8s]
  eval done in 11.9s
  by-popularity NDCG@10: tail=0.0001(n=7,762)  mid=0.0024(n=8,169)  head=0.0580(n=41,508)
  evaluating 57,439 users in batches of 512...
    [512/57,439  elapsed 0.2s]
    [5,632/57,439  elapsed 1.5s]
    [10,752/57,439  elapsed 2.8s]
    [15,872/57,439  elapsed 3.7s]
    [20,992/57,439  elapsed 4.7s]
    [26,112/57,439  elapsed 5.6s]
    [31,232/57,439  elapsed 6.7s]
    [36,352/57,439  elapsed 7.9s]
    [41,472/57,439  elapsed 9.0s]
    [46,592/57,439  elapsed 10.0s]
    [51,712/57,439  elapsed 11.1s]
    [56,832/57,439  elapsed 12.1s]
  eval done in 12.2s
  by-popularity NDCG@10: tail=0.0002(n=8,800)  mid=0.0020(n=8,657)  head=0.0549(n=39,982)
  epoch   5  loss=8.7441  val_NDCG=0.0422  test_NDCG=0.0386  test_HR=0.0704  (6.2s)
  evaluating 57,439 users in batches of 512...
    [512/57,439  elapsed 0.1s]
    [5,632/57,439  elapsed 1.1s]
    [10,752/57,439  elapsed 2.1s]
    [15,872/57,439  elapsed 3.0s]
    [20,992/57,439  elapsed 4.0s]
    [26,112/57,439  elapsed 5.0s]
    [31,232/57,439  elapsed 6.0s]
    [36,352/57,439  elapsed 7.0s]
    [41,472/57,439  elapsed 8.0s]
    [46,592/57,439  elapsed 9.0s]
    [51,712/57,439  elapsed 10.1s]
    [56,832/57,439  elapsed 11.0s]
  eval done in 11.1s
  by-popularity NDCG@10: tail=0.0003(n=7,762)  mid=0.0030(n=8,169)  head=0.0592(n=41,508)
  evaluating 57,439 users in batches of 512...
    [512/57,439  elapsed 0.1s]
    [5,632/57,439  elapsed 1.1s]
    [10,752/57,439  elapsed 2.1s]
    [15,872/57,439  elapsed 3.1s]
    [20,992/57,439  elapsed 4.1s]
    [26,112/57,439  elapsed 5.0s]
    [31,232/57,439  elapsed 6.1s]
    [36,352/57,439  elapsed 7.2s]
    [41,472/57,439  elapsed 8.2s]
    [46,592/57,439  elapsed 9.2s]
    [51,712/57,439  elapsed 10.3s]
    [56,832/57,439  elapsed 11.4s]
  eval done in 11.5s
  by-popularity NDCG@10: tail=0.0004(n=8,800)  mid=0.0026(n=8,657)  head=0.0566(n=39,982)
  epoch   6  loss=8.6752  val_NDCG=0.0432  test_NDCG=0.0398  test_HR=0.0724  (6.3s)
  evaluating 57,439 users in batches of 512...
    [512/57,439  elapsed 0.1s]
    [5,632/57,439  elapsed 1.1s]
    [10,752/57,439  elapsed 2.1s]
    [15,872/57,439  elapsed 3.1s]
    [20,992/57,439  elapsed 4.2s]
    [26,112/57,439  elapsed 5.1s]
    [31,232/57,439  elapsed 6.1s]
    [36,352/57,439  elapsed 7.0s]
    [41,472/57,439  elapsed 8.1s]
    [46,592/57,439  elapsed 9.0s]
    [51,712/57,439  elapsed 10.0s]
    [56,832/57,439  elapsed 11.0s]
  eval done in 11.1s
  by-popularity NDCG@10: tail=0.0006(n=7,762)  mid=0.0039(n=8,169)  head=0.0596(n=41,508)
  evaluating 57,439 users in batches of 512...
    [512/57,439  elapsed 0.1s]
    [5,632/57,439  elapsed 1.0s]
    [10,752/57,439  elapsed 2.0s]
    [15,872/57,439  elapsed 3.1s]
    [20,992/57,439  elapsed 4.1s]
    [26,112/57,439  elapsed 5.0s]
    [31,232/57,439  elapsed 6.0s]
    [36,352/57,439  elapsed 7.0s]
    [41,472/57,439  elapsed 8.0s]
    [46,592/57,439  elapsed 9.1s]
    [51,712/57,439  elapsed 10.1s]
    [56,832/57,439  elapsed 11.2s]
  eval done in 11.3s
  by-popularity NDCG@10: tail=0.0004(n=8,800)  mid=0.0035(n=8,657)  head=0.0574(n=39,982)
  epoch   7  loss=8.6164  val_NDCG=0.0437  test_NDCG=0.0405  test_HR=0.0735  (6.6s)
  evaluating 57,439 users in batches of 512...
    [512/57,439  elapsed 0.1s]
    [5,632/57,439  elapsed 1.1s]
    [10,752/57,439  elapsed 2.1s]
    [15,872/57,439  elapsed 3.1s]
    [20,992/57,439  elapsed 4.0s]
    [26,112/57,439  elapsed 5.1s]
    [31,232/57,439  elapsed 6.0s]
    [36,352/57,439  elapsed 7.0s]
    [41,472/57,439  elapsed 8.0s]
    [46,592/57,439  elapsed 9.0s]
    [51,712/57,439  elapsed 9.9s]
    [56,832/57,439  elapsed 10.9s]
  eval done in 11.0s
  by-popularity NDCG@10: tail=0.0010(n=7,762)  mid=0.0051(n=8,169)  head=0.0603(n=41,508)
  evaluating 57,439 users in batches of 512...
    [512/57,439  elapsed 0.1s]
    [5,632/57,439  elapsed 1.0s]
    [10,752/57,439  elapsed 2.1s]
    [15,872/57,439  elapsed 3.1s]
    [20,992/57,439  elapsed 4.1s]
    [26,112/57,439  elapsed 5.1s]
    [31,232/57,439  elapsed 6.1s]
    [36,352/57,439  elapsed 7.2s]
    [41,472/57,439  elapsed 8.3s]
    [46,592/57,439  elapsed 9.4s]
    [51,712/57,439  elapsed 10.4s]
    [56,832/57,439  elapsed 11.5s]
  eval done in 11.6s
  by-popularity NDCG@10: tail=0.0008(n=8,800)  mid=0.0040(n=8,657)  head=0.0571(n=39,982)
  epoch   8  loss=8.5644  val_NDCG=0.0445  test_NDCG=0.0404  test_HR=0.0737  (6.2s)
  evaluating 57,439 users in batches of 512...
    [512/57,439  elapsed 0.1s]
    [5,632/57,439  elapsed 1.1s]
    [10,752/57,439  elapsed 2.2s]
    [15,872/57,439  elapsed 3.3s]
    [20,992/57,439  elapsed 4.4s]
    [26,112/57,439  elapsed 5.4s]
    [31,232/57,439  elapsed 6.5s]
    [36,352/57,439  elapsed 7.5s]
    [41,472/57,439  elapsed 8.6s]
    [46,592/57,439  elapsed 9.6s]
    [51,712/57,439  elapsed 10.7s]
    [56,832/57,439  elapsed 11.8s]
  eval done in 11.9s
  by-popularity NDCG@10: tail=0.0009(n=7,762)  mid=0.0054(n=8,169)  head=0.0610(n=41,508)
  evaluating 57,439 users in batches of 512...
    [512/57,439  elapsed 0.1s]
    [5,632/57,439  elapsed 1.2s]
    [10,752/57,439  elapsed 2.2s]
    [15,872/57,439  elapsed 3.2s]
    [20,992/57,439  elapsed 4.3s]
    [26,112/57,439  elapsed 5.4s]
    [31,232/57,439  elapsed 6.5s]
    [36,352/57,439  elapsed 7.6s]
    [41,472/57,439  elapsed 8.7s]
    [46,592/57,439  elapsed 9.7s]
    [51,712/57,439  elapsed 10.8s]
    [56,832/57,439  elapsed 12.0s]
  eval done in 12.1s
  by-popularity NDCG@10: tail=0.0009(n=8,800)  mid=0.0047(n=8,657)  head=0.0573(n=39,982)
  epoch   9  loss=8.5160  val_NDCG=0.0450  test_NDCG=0.0407  test_HR=0.0740  (6.3s)
  evaluating 57,439 users in batches of 512...
    [512/57,439  elapsed 0.1s]
    [5,632/57,439  elapsed 1.2s]
    [10,752/57,439  elapsed 2.2s]
    [15,872/57,439  elapsed 3.2s]
    [20,992/57,439  elapsed 4.3s]
    [26,112/57,439  elapsed 5.4s]
    [31,232/57,439  elapsed 6.4s]
    [36,352/57,439  elapsed 7.6s]
    [41,472/57,439  elapsed 8.7s]
    [46,592/57,439  elapsed 9.8s]
    [51,712/57,439  elapsed 10.8s]
    [56,832/57,439  elapsed 11.9s]
  eval done in 12.0s
  by-popularity NDCG@10: tail=0.0011(n=7,762)  mid=0.0062(n=8,169)  head=0.0611(n=41,508)
  evaluating 57,439 users in batches of 512...
    [512/57,439  elapsed 0.1s]
    [5,632/57,439  elapsed 1.2s]
    [10,752/57,439  elapsed 2.4s]
    [15,872/57,439  elapsed 3.5s]
    [20,992/57,439  elapsed 4.6s]
    [26,112/57,439  elapsed 5.5s]
    [31,232/57,439  elapsed 6.6s]
    [36,352/57,439  elapsed 7.6s]
    [41,472/57,439  elapsed 8.7s]
    [46,592/57,439  elapsed 9.7s]
    [51,712/57,439  elapsed 10.7s]
    [56,832/57,439  elapsed 11.6s]
  eval done in 11.8s
  by-popularity NDCG@10: tail=0.0010(n=8,800)  mid=0.0056(n=8,657)  head=0.0567(n=39,982)
  epoch  10  loss=8.4751  val_NDCG=0.0452  test_NDCG=0.0405  test_HR=0.0729  (6.3s)
  evaluating 57,439 users in batches of 512...
    [512/57,439  elapsed 0.1s]
    [5,632/57,439  elapsed 1.1s]
    [10,752/57,439  elapsed 2.0s]
    [15,872/57,439  elapsed 3.0s]
    [20,992/57,439  elapsed 4.0s]
    [26,112/57,439  elapsed 5.0s]
    [31,232/57,439  elapsed 6.0s]
    [36,352/57,439  elapsed 7.0s]
    [41,472/57,439  elapsed 7.9s]
    [46,592/57,439  elapsed 9.0s]
    [51,712/57,439  elapsed 10.0s]
    [56,832/57,439  elapsed 11.0s]
  eval done in 11.1s
  by-popularity NDCG@10: tail=0.0015(n=7,762)  mid=0.0066(n=8,169)  head=0.0611(n=41,508)
  evaluating 57,439 users in batches of 512...
    [512/57,439  elapsed 0.1s]
    [5,632/57,439  elapsed 1.0s]
    [10,752/57,439  elapsed 2.0s]
    [15,872/57,439  elapsed 3.0s]
    [20,992/57,439  elapsed 3.9s]
    [26,112/57,439  elapsed 4.9s]
    [31,232/57,439  elapsed 5.9s]
    [36,352/57,439  elapsed 6.9s]
    [41,472/57,439  elapsed 7.8s]
    [46,592/57,439  elapsed 8.8s]
    [51,712/57,439  elapsed 9.7s]
    [56,832/57,439  elapsed 10.7s]
  eval done in 10.8s
  by-popularity NDCG@10: tail=0.0013(n=8,800)  mid=0.0057(n=8,657)  head=0.0562(n=39,982)
  epoch  11  loss=8.4347  val_NDCG=0.0453  test_NDCG=0.0402  test_HR=0.0727  (6.3s)
  evaluating 57,439 users in batches of 512...
    [512/57,439  elapsed 0.1s]
    [5,632/57,439  elapsed 1.0s]
    [10,752/57,439  elapsed 2.0s]
    [15,872/57,439  elapsed 3.0s]
    [20,992/57,439  elapsed 4.0s]
    [26,112/57,439  elapsed 5.0s]
    [31,232/57,439  elapsed 5.9s]
    [36,352/57,439  elapsed 6.9s]
    [41,472/57,439  elapsed 7.9s]
    [46,592/57,439  elapsed 8.9s]
    [51,712/57,439  elapsed 9.9s]
    [56,832/57,439  elapsed 10.9s]
  eval done in 11.1s
  by-popularity NDCG@10: tail=0.0016(n=7,762)  mid=0.0068(n=8,169)  head=0.0619(n=41,508)
  evaluating 57,439 users in batches of 512...
    [512/57,439  elapsed 0.1s]
    [5,632/57,439  elapsed 1.0s]
    [10,752/57,439  elapsed 2.0s]
    [15,872/57,439  elapsed 3.0s]
    [20,992/57,439  elapsed 4.0s]
    [26,112/57,439  elapsed 5.0s]
    [31,232/57,439  elapsed 6.0s]
    [36,352/57,439  elapsed 7.0s]
    [41,472/57,439  elapsed 8.0s]
    [46,592/57,439  elapsed 9.0s]
    [51,712/57,439  elapsed 10.1s]
    [56,832/57,439  elapsed 11.2s]
  eval done in 11.3s
  by-popularity NDCG@10: tail=0.0013(n=8,800)  mid=0.0061(n=8,657)  head=0.0577(n=39,982)
  epoch  12  loss=8.3992  val_NDCG=0.0459  test_NDCG=0.0413  test_HR=0.0745  (6.2s)
  evaluating 57,439 users in batches of 512...
    [512/57,439  elapsed 0.1s]
    [5,632/57,439  elapsed 1.2s]
    [10,752/57,439  elapsed 2.3s]
    [15,872/57,439  elapsed 3.4s]
    [20,992/57,439  elapsed 4.5s]
    [26,112/57,439  elapsed 5.5s]
    [31,232/57,439  elapsed 6.6s]
    [36,352/57,439  elapsed 7.7s]
    [41,472/57,439  elapsed 8.8s]
    [46,592/57,439  elapsed 9.9s]
    [51,712/57,439  elapsed 11.0s]
    [56,832/57,439  elapsed 12.1s]
  eval done in 12.2s
  by-popularity NDCG@10: tail=0.0018(n=7,762)  mid=0.0069(n=8,169)  head=0.0615(n=41,508)
  evaluating 57,439 users in batches of 512...
    [512/57,439  elapsed 0.1s]
    [5,632/57,439  elapsed 1.2s]
    [10,752/57,439  elapsed 2.3s]
    [15,872/57,439  elapsed 3.3s]
    [20,992/57,439  elapsed 4.4s]
    [26,112/57,439  elapsed 5.4s]
    [31,232/57,439  elapsed 6.4s]
    [36,352/57,439  elapsed 7.4s]
    [41,472/57,439  elapsed 8.3s]
    [46,592/57,439  elapsed 9.3s]
    [51,712/57,439  elapsed 10.3s]
    [56,832/57,439  elapsed 11.2s]
  eval done in 11.4s
  by-popularity NDCG@10: tail=0.0014(n=8,800)  mid=0.0068(n=8,657)  head=0.0578(n=39,982)
  epoch  13  loss=8.3676  val_NDCG=0.0457  test_NDCG=0.0415  test_HR=0.0749  (6.3s)
  evaluating 57,439 users in batches of 512...
    [512/57,439  elapsed 0.1s]
    [5,632/57,439  elapsed 1.0s]
    [10,752/57,439  elapsed 2.0s]
    [15,872/57,439  elapsed 3.0s]
    [20,992/57,439  elapsed 4.0s]
    [26,112/57,439  elapsed 5.0s]
    [31,232/57,439  elapsed 6.0s]
    [36,352/57,439  elapsed 7.0s]
    [41,472/57,439  elapsed 7.9s]
    [46,592/57,439  elapsed 9.0s]
    [51,712/57,439  elapsed 9.9s]
    [56,832/57,439  elapsed 10.9s]
  eval done in 11.1s
  by-popularity NDCG@10: tail=0.0020(n=7,762)  mid=0.0074(n=8,169)  head=0.0615(n=41,508)
  evaluating 57,439 users in batches of 512...
    [512/57,439  elapsed 0.1s]
    [5,632/57,439  elapsed 1.2s]
    [10,752/57,439  elapsed 2.2s]
    [15,872/57,439  elapsed 3.1s]
    [20,992/57,439  elapsed 4.1s]
    [26,112/57,439  elapsed 5.1s]
    [31,232/57,439  elapsed 6.1s]
    [36,352/57,439  elapsed 7.1s]
    [41,472/57,439  elapsed 8.1s]
    [46,592/57,439  elapsed 9.1s]
    [51,712/57,439  elapsed 10.1s]
    [56,832/57,439  elapsed 11.1s]
  eval done in 11.2s
  by-popularity NDCG@10: tail=0.0017(n=8,800)  mid=0.0068(n=8,657)  head=0.0571(n=39,982)
  epoch  14  loss=8.3413  val_NDCG=0.0458  test_NDCG=0.0410  test_HR=0.0743  (5.9s)
  evaluating 57,439 users in batches of 512...
    [512/57,439  elapsed 0.1s]
    [5,632/57,439  elapsed 1.1s]
    [10,752/57,439  elapsed 2.2s]
    [15,872/57,439  elapsed 3.3s]
    [20,992/57,439  elapsed 4.3s]
    [26,112/57,439  elapsed 5.3s]
    [31,232/57,439  elapsed 6.3s]
    [36,352/57,439  elapsed 7.2s]
    [41,472/57,439  elapsed 8.2s]
    [46,592/57,439  elapsed 9.2s]
    [51,712/57,439  elapsed 10.2s]
    [56,832/57,439  elapsed 11.2s]
  eval done in 11.3s
  by-popularity NDCG@10: tail=0.0020(n=7,762)  mid=0.0076(n=8,169)  head=0.0615(n=41,508)
  evaluating 57,439 users in batches of 512...
    [512/57,439  elapsed 0.1s]
    [5,632/57,439  elapsed 1.1s]
    [10,752/57,439  elapsed 2.1s]
    [15,872/57,439  elapsed 3.1s]
    [20,992/57,439  elapsed 4.2s]
    [26,112/57,439  elapsed 5.2s]
    [31,232/57,439  elapsed 6.2s]
    [36,352/57,439  elapsed 7.2s]
    [41,472/57,439  elapsed 8.1s]
    [46,592/57,439  elapsed 9.3s]
    [51,712/57,439  elapsed 10.5s]
    [56,832/57,439  elapsed 11.6s]
  eval done in 11.8s
  by-popularity NDCG@10: tail=0.0018(n=8,800)  mid=0.0070(n=8,657)  head=0.0572(n=39,982)
  epoch  15  loss=8.3198  val_NDCG=0.0458  test_NDCG=0.0412  test_HR=0.0740  (6.0s)
  evaluating 57,439 users in batches of 512...
    [512/57,439  elapsed 0.1s]
    [5,632/57,439  elapsed 1.1s]
    [10,752/57,439  elapsed 2.1s]
    [15,872/57,439  elapsed 3.1s]
    [20,992/57,439  elapsed 4.1s]
    [26,112/57,439  elapsed 5.1s]
    [31,232/57,439  elapsed 6.1s]
    [36,352/57,439  elapsed 7.2s]
    [41,472/57,439  elapsed 8.2s]
    [46,592/57,439  elapsed 9.2s]
    [51,712/57,439  elapsed 10.2s]
    [56,832/57,439  elapsed 11.2s]
  eval done in 11.3s
  by-popularity NDCG@10: tail=0.0021(n=7,762)  mid=0.0074(n=8,169)  head=0.0615(n=41,508)
  evaluating 57,439 users in batches of 512...
    [512/57,439  elapsed 0.1s]
    [5,632/57,439  elapsed 1.1s]
    [10,752/57,439  elapsed 2.1s]
    [15,872/57,439  elapsed 3.2s]
    [20,992/57,439  elapsed 4.1s]
    [26,112/57,439  elapsed 5.1s]
    [31,232/57,439  elapsed 6.1s]
    [36,352/57,439  elapsed 7.2s]
    [41,472/57,439  elapsed 8.2s]
    [46,592/57,439  elapsed 9.1s]
    [51,712/57,439  elapsed 10.1s]
    [56,832/57,439  elapsed 11.2s]
  eval done in 11.3s
  by-popularity NDCG@10: tail=0.0018(n=8,800)  mid=0.0071(n=8,657)  head=0.0568(n=39,982)
  epoch  16  loss=8.2995  val_NDCG=0.0457  test_NDCG=0.0409  test_HR=0.0739  (6.2s)
  evaluating 57,439 users in batches of 512...
    [512/57,439  elapsed 0.1s]
    [5,632/57,439  elapsed 1.2s]
    [10,752/57,439  elapsed 2.2s]
    [15,872/57,439  elapsed 3.2s]
    [20,992/57,439  elapsed 4.2s]
    [26,112/57,439  elapsed 5.1s]
    [31,232/57,439  elapsed 6.1s]
    [36,352/57,439  elapsed 7.2s]
    [41,472/57,439  elapsed 8.2s]
    [46,592/57,439  elapsed 9.2s]
    [51,712/57,439  elapsed 10.2s]
    [56,832/57,439  elapsed 11.3s]
  eval done in 11.4s
  by-popularity NDCG@10: tail=0.0021(n=7,762)  mid=0.0075(n=8,169)  head=0.0614(n=41,508)
  evaluating 57,439 users in batches of 512...
    [512/57,439  elapsed 0.1s]
    [5,632/57,439  elapsed 1.1s]
    [10,752/57,439  elapsed 2.1s]
    [15,872/57,439  elapsed 3.1s]
    [20,992/57,439  elapsed 4.1s]
    [26,112/57,439  elapsed 5.1s]
    [31,232/57,439  elapsed 6.0s]
    [36,352/57,439  elapsed 7.0s]
    [41,472/57,439  elapsed 8.0s]
    [46,592/57,439  elapsed 9.0s]
    [51,712/57,439  elapsed 10.1s]
    [56,832/57,439  elapsed 11.0s]
  eval done in 11.2s
  by-popularity NDCG@10: tail=0.0018(n=8,800)  mid=0.0072(n=8,657)  head=0.0568(n=39,982)
  epoch  17  loss=8.2877  val_NDCG=0.0457  test_NDCG=0.0409  test_HR=0.0738  (6.0s)
  evaluating 57,439 users in batches of 512...
    [512/57,439  elapsed 0.1s]
    [5,632/57,439  elapsed 1.2s]
    [10,752/57,439  elapsed 2.3s]
    [15,872/57,439  elapsed 3.3s]
    [20,992/57,439  elapsed 4.3s]
    [26,112/57,439  elapsed 5.2s]
    [31,232/57,439  elapsed 6.2s]
    [36,352/57,439  elapsed 7.2s]
    [41,472/57,439  elapsed 8.2s]
    [46,592/57,439  elapsed 9.3s]
    [51,712/57,439  elapsed 10.2s]
    [56,832/57,439  elapsed 11.2s]
  eval done in 11.3s
  by-popularity NDCG@10: tail=0.0022(n=7,762)  mid=0.0076(n=8,169)  head=0.0616(n=41,508)
  evaluating 57,439 users in batches of 512...
    [512/57,439  elapsed 0.1s]
    [5,632/57,439  elapsed 1.1s]
    [10,752/57,439  elapsed 2.1s]
    [15,872/57,439  elapsed 3.0s]
    [20,992/57,439  elapsed 4.0s]
    [26,112/57,439  elapsed 5.0s]
    [31,232/57,439  elapsed 6.0s]
    [36,352/57,439  elapsed 7.0s]
    [41,472/57,439  elapsed 8.0s]
    [46,592/57,439  elapsed 9.1s]
    [51,712/57,439  elapsed 10.0s]
    [56,832/57,439  elapsed 11.0s]
  eval done in 11.1s
  by-popularity NDCG@10: tail=0.0018(n=8,800)  mid=0.0073(n=8,657)  head=0.0569(n=39,982)
  epoch  18  loss=8.2756  val_NDCG=0.0459  test_NDCG=0.0410  test_HR=0.0739  (5.9s)
  evaluating 57,439 users in batches of 512...
    [512/57,439  elapsed 0.1s]
    [5,632/57,439  elapsed 1.2s]
    [10,752/57,439  elapsed 2.3s]
    [15,872/57,439  elapsed 3.4s]
    [20,992/57,439  elapsed 4.4s]
    [26,112/57,439  elapsed 5.3s]
    [31,232/57,439  elapsed 6.3s]
    [36,352/57,439  elapsed 7.4s]
    [41,472/57,439  elapsed 8.4s]
    [46,592/57,439  elapsed 9.5s]
    [51,712/57,439  elapsed 10.4s]
    [56,832/57,439  elapsed 11.4s]
  eval done in 11.6s
  by-popularity NDCG@10: tail=0.0022(n=7,762)  mid=0.0075(n=8,169)  head=0.0617(n=41,508)
  evaluating 57,439 users in batches of 512...
    [512/57,439  elapsed 0.1s]
    [5,632/57,439  elapsed 1.1s]
    [10,752/57,439  elapsed 2.1s]
    [15,872/57,439  elapsed 3.1s]
    [20,992/57,439  elapsed 4.2s]
    [26,112/57,439  elapsed 5.2s]
    [31,232/57,439  elapsed 6.2s]
    [36,352/57,439  elapsed 7.2s]
    [41,472/57,439  elapsed 8.2s]
    [46,592/57,439  elapsed 9.2s]
    [51,712/57,439  elapsed 10.2s]
    [56,832/57,439  elapsed 11.2s]
  eval done in 11.3s
  by-popularity NDCG@10: tail=0.0018(n=8,800)  mid=0.0074(n=8,657)  head=0.0570(n=39,982)
  epoch  19  loss=8.2705  val_NDCG=0.0460  test_NDCG=0.0411  test_HR=0.0741  (5.9s)
  evaluating 57,439 users in batches of 512...
    [512/57,439  elapsed 0.1s]
    [5,632/57,439  elapsed 1.1s]
    [10,752/57,439  elapsed 2.2s]
    [15,872/57,439  elapsed 3.4s]
    [20,992/57,439  elapsed 4.5s]
    [26,112/57,439  elapsed 5.5s]
    [31,232/57,439  elapsed 6.5s]
    [36,352/57,439  elapsed 7.5s]
    [41,472/57,439  elapsed 8.5s]
    [46,592/57,439  elapsed 9.4s]
    [51,712/57,439  elapsed 10.4s]
    [56,832/57,439  elapsed 11.4s]
  eval done in 11.5s
  by-popularity NDCG@10: tail=0.0022(n=7,762)  mid=0.0075(n=8,169)  head=0.0617(n=41,508)
  evaluating 57,439 users in batches of 512...
    [512/57,439  elapsed 0.1s]
    [5,632/57,439  elapsed 1.1s]
    [10,752/57,439  elapsed 2.2s]
    [15,872/57,439  elapsed 3.1s]
    [20,992/57,439  elapsed 4.1s]
    [26,112/57,439  elapsed 5.1s]
    [31,232/57,439  elapsed 6.1s]
    [36,352/57,439  elapsed 7.1s]
    [41,472/57,439  elapsed 8.1s]
    [46,592/57,439  elapsed 9.1s]
    [51,712/57,439  elapsed 10.1s]
    [56,832/57,439  elapsed 11.1s]
  eval done in 11.2s
  by-popularity NDCG@10: tail=0.0018(n=8,800)  mid=0.0074(n=8,657)  head=0.0570(n=39,982)
  epoch  20  loss=8.2670  val_NDCG=0.0459  test_NDCG=0.0410  test_HR=0.0739  (6.6s)

=== Best by val NDCG@10 ===
  val_NDCG=0.0460
  test: {'NDCG@10': 0.04108055338352412, 'HR@10': 0.07407858771914552, 'MRR': 0.03732383335748644, 'n_eval': 57439, 'by_popularity': {'tail': {'NDCG@10': 0.0018215986575753895, 'HR@10': 0.003977272727272727, 'n': 8800, 'n_hit@10': 35, 'HR@20': 0.007045454545454546, 'n_hit@20': 62, 'HR@50': 0.017954545454545456, 'n_hit@50': 158, 'HR@100': 0.035227272727272725, 'n_hit@100': 310}, 'mid': {'NDCG@10': 0.007400301497083318, 'HR@10': 0.01397712833545108, 'n': 8657, 'n_hit@10': 121, 'HR@20': 0.02483539332332217, 'n_hit@20': 215, 'HR@50': 0.048862192445419894, 'n_hit@50': 423, 'HR@100': 0.08305417581148204, 'n_hit@100': 719}, 'head': {'NDCG@10': 0.05701394196261639, 'HR@10': 0.10252113451052974, 'n': 39982, 'n_hit@10': 4099, 'HR@20': 0.14581561702766244, 'n_hit@20': 5830, 'HR@50': 0.22630183582612176, 'n_hit@50': 9048, 'HR@100': 0.3048121654744635, 'n_hit@100': 12187}}}
wrote C:\Users\rayxc\Documents\R\_bestrec_run\results_MI_COLDFUSE_base_seed20260737.users.jsonl.gz (57,439 per-user records, best epoch 19, sha256 6822bb438d03…)
wrote C:\Users\rayxc\Documents\R\_bestrec_run\results_MI_COLDFUSE_base_seed20260737.final.users.jsonl.gz (57,439 FINAL-epoch per-user records)

wrote C:\Users\rayxc\Documents\R\_bestrec_run\results_MI_COLDFUSE_base_seed20260737.json
[run] results_MI_COLDFUSE_base_seed20260737.fusion.json
=== fusion eval: Musical_Instruments  ckpt=results_MI_COLDFUSE_base_seed20260737.best.pt ===
  n_users=57,439 n_items=24,587
  ckpt from epoch 19 (val NDCG@10 0.04595)

--- EASE l2=50.0: fit + VAL sweep ---
  EASE l2=50.0: inverted 24587x24587 in 62.3s
    [512/57,439 elapsed 0.3s]
    [10,752/57,439 elapsed 3.2s]
    [20,992/57,439 elapsed 6.1s]
    [31,232/57,439 elapsed 8.9s]
    [41,472/57,439 elapsed 11.7s]
    [51,712/57,439 elapsed 14.5s]
  VAL seq NDCG@10=0.04595  ease=0.03472
    w=0.01: val fused NDCG@10=0.04763
    w=0.02: val fused NDCG@10=0.04835
    w=0.03: val fused NDCG@10=0.04844
    w=0.04: val fused NDCG@10=0.04859
    w=0.05: val fused NDCG@10=0.04835
    w=0.06: val fused NDCG@10=0.04803
    w=0.075: val fused NDCG@10=0.04738
    w=0.1: val fused NDCG@10=0.04653

--- EASE l2=100.0: fit + VAL sweep ---
  EASE l2=100.0: inverted 24587x24587 in 61.1s
    [512/57,439 elapsed 0.2s]
    [10,752/57,439 elapsed 3.7s]
    [20,992/57,439 elapsed 6.6s]
    [31,232/57,439 elapsed 9.4s]
    [41,472/57,439 elapsed 12.3s]
    [51,712/57,439 elapsed 15.1s]
  VAL seq NDCG@10=0.04595  ease=0.03536
    w=0.01: val fused NDCG@10=0.04781
    w=0.02: val fused NDCG@10=0.04843
    w=0.03: val fused NDCG@10=0.04848
    w=0.04: val fused NDCG@10=0.04863
    w=0.05: val fused NDCG@10=0.04838
    w=0.06: val fused NDCG@10=0.04815
    w=0.075: val fused NDCG@10=0.04744
    w=0.1: val fused NDCG@10=0.04644

--- EASE l2=200.0: fit + VAL sweep ---
  EASE l2=200.0: inverted 24587x24587 in 61.5s
    [512/57,439 elapsed 0.2s]
    [10,752/57,439 elapsed 3.0s]
    [20,992/57,439 elapsed 6.0s]
    [31,232/57,439 elapsed 8.8s]
    [41,472/57,439 elapsed 11.6s]
    [51,712/57,439 elapsed 14.4s]
  VAL seq NDCG@10=0.04595  ease=0.03548
    w=0.01: val fused NDCG@10=0.04781
    w=0.02: val fused NDCG@10=0.04836
    w=0.03: val fused NDCG@10=0.04865
    w=0.04: val fused NDCG@10=0.04853
    w=0.05: val fused NDCG@10=0.04832
    w=0.06: val fused NDCG@10=0.04805
    w=0.075: val fused NDCG@10=0.04734
    w=0.1: val fused NDCG@10=0.04638

--- EASE l2=500.0: fit + VAL sweep ---
  EASE l2=500.0: inverted 24587x24587 in 61.5s
    [512/57,439 elapsed 0.2s]
    [10,752/57,439 elapsed 3.3s]
    [20,992/57,439 elapsed 6.2s]
    [31,232/57,439 elapsed 9.2s]
    [41,472/57,439 elapsed 12.2s]
    [51,712/57,439 elapsed 15.3s]
  VAL seq NDCG@10=0.04595  ease=0.03500
    w=0.01: val fused NDCG@10=0.04763
    w=0.02: val fused NDCG@10=0.04827
    w=0.03: val fused NDCG@10=0.04858
    w=0.04: val fused NDCG@10=0.04832
    w=0.05: val fused NDCG@10=0.04792
    w=0.06: val fused NDCG@10=0.04742
    w=0.075: val fused NDCG@10=0.04669
    w=0.1: val fused NDCG@10=0.04567

=== selected on VAL: l2=200.0, w=0.03 (val fused NDCG@10=0.04865) ===
  EASE l2=200.0: inverted 24587x24587 in 62.4s
    [512/57,439 elapsed 0.2s]
    [10,752/57,439 elapsed 2.9s]
    [20,992/57,439 elapsed 5.4s]
    [31,232/57,439 elapsed 7.8s]
    [41,472/57,439 elapsed 10.4s]
    [51,712/57,439 elapsed 13.0s]

TEST seq-only  NDCG@10=0.04108 HR@10=0.07408 MRR=0.03732
TEST ease-only NDCG@10=0.03213 HR@10=0.05676
TEST FUSED (w=0.03) NDCG@10=0.04368 HR@10=0.07782 MRR=0.03955
wrote C:\Users\rayxc\Documents\R\_bestrec_run\results_MI_COLDFUSE_base_seed20260737.fusion.json
[run] results_Musical_Instruments_COLDFUSE_confirm_seed20260737.json
=== COLDFUSE confirm: Musical_Instruments seed 20260737 (ease=yes) ===
  EASE l2=200.0: inverted 24587x24587 in 62.4s
  [val] streaming sweep: 41 systems ...
    [512/57,439 1s]
    [20,992/57,439 11s]
    [41,472/57,439 22s]
  VAL ref overall 0.04865 tail 0.00207 | selected {'profile': 'exp0.9', 'wt_tail': 0.2, 'wt_mid': 0.0, 'wt_head': 0.0} val tail 0.00474
  [test] reference + selected ...
    [512/57,439 0s]
    [20,992/57,439 7s]
    [41,472/57,439 14s]
  TEST ref 0.04368 (tail 0.00157) -> sel 0.04373 (tail 0.00372)
wrote C:\Users\rayxc\Documents\R\_bestrec_run\results_Musical_Instruments_COLDFUSE_confirm_seed20260737.json
[run] results_MI_COLDFUSE_base_seed20260738.json
  random seed set to 20260738
=== Musical_Instruments: load splits ===
  n_users=57,439  n_items=24,587  pad_id=24587
  built sequences for 57,439 users
  built timestamp sequences (12 time buckets)
  loading SBERT embeddings from C:\Users\rayxc\Documents\R\cache_5core\sbert_titles_Musical_Instruments.npy...
  TAPE: k-means 24,587 text embeddings into K=512 prototypes (tau=0.05)...
  TAPE: K=512 mean max-assignment weight = 0.523 (1.0 = hard clustering)

=== Build SASRec-SBERT (d=64, layers=4, heads=2) ===
  total params: 11,186,047  device=cuda
  57,439 training examples / 225 batches per epoch
  init_state_sha256 = 1b1d85ed089e76999f3916cead792f5f76f67922bccecea981630816870d36b0
  LR schedule: warmup_cosine (225 warmup + 4275 cosine steps)

=== Train for 20 epochs ===
  evaluating 57,439 users in batches of 512...
    [512/57,439  elapsed 0.1s]
    [5,632/57,439  elapsed 1.1s]
    [10,752/57,439  elapsed 2.0s]
    [15,872/57,439  elapsed 3.1s]
    [20,992/57,439  elapsed 4.0s]
    [26,112/57,439  elapsed 5.1s]
    [31,232/57,439  elapsed 6.1s]
    [36,352/57,439  elapsed 7.1s]
    [41,472/57,439  elapsed 8.1s]
    [46,592/57,439  elapsed 9.0s]
    [51,712/57,439  elapsed 10.0s]
    [56,832/57,439  elapsed 10.9s]
  eval done in 11.0s
  by-popularity NDCG@10: tail=0.0000(n=7,762)  mid=0.0009(n=8,169)  head=0.0363(n=41,508)
  evaluating 57,439 users in batches of 512...
    [512/57,439  elapsed 0.1s]
    [5,632/57,439  elapsed 1.1s]
    [10,752/57,439  elapsed 2.1s]
    [15,872/57,439  elapsed 3.1s]
    [20,992/57,439  elapsed 4.2s]
    [26,112/57,439  elapsed 5.2s]
    [31,232/57,439  elapsed 6.2s]
    [36,352/57,439  elapsed 7.2s]
    [41,472/57,439  elapsed 8.3s]
    [46,592/57,439  elapsed 9.2s]
    [51,712/57,439  elapsed 10.2s]
    [56,832/57,439  elapsed 11.2s]
  eval done in 11.3s
  by-popularity NDCG@10: tail=0.0001(n=8,800)  mid=0.0007(n=8,657)  head=0.0326(n=39,982)
  epoch   1  loss=9.6285  val_NDCG=0.0264  test_NDCG=0.0228  test_HR=0.0427  (6.4s)
  evaluating 57,439 users in batches of 512...
    [512/57,439  elapsed 0.1s]
    [5,632/57,439  elapsed 1.1s]
    [10,752/57,439  elapsed 2.1s]
    [15,872/57,439  elapsed 3.2s]
    [20,992/57,439  elapsed 4.2s]
    [26,112/57,439  elapsed 5.2s]
    [31,232/57,439  elapsed 6.1s]
    [36,352/57,439  elapsed 7.1s]
    [41,472/57,439  elapsed 8.2s]
    [46,592/57,439  elapsed 9.2s]
    [51,712/57,439  elapsed 10.2s]
    [56,832/57,439  elapsed 11.3s]
  eval done in 11.4s
  by-popularity NDCG@10: tail=0.0000(n=7,762)  mid=0.0001(n=8,169)  head=0.0463(n=41,508)
  evaluating 57,439 users in batches of 512...
    [512/57,439  elapsed 0.1s]
    [5,632/57,439  elapsed 1.1s]
    [10,752/57,439  elapsed 2.1s]
    [15,872/57,439  elapsed 3.1s]
    [20,992/57,439  elapsed 4.3s]
    [26,112/57,439  elapsed 5.3s]
    [31,232/57,439  elapsed 6.3s]
    [36,352/57,439  elapsed 7.3s]
    [41,472/57,439  elapsed 8.3s]
    [46,592/57,439  elapsed 9.2s]
    [51,712/57,439  elapsed 10.2s]
    [56,832/57,439  elapsed 11.2s]
  eval done in 11.3s
  by-popularity NDCG@10: tail=0.0001(n=8,800)  mid=0.0003(n=8,657)  head=0.0443(n=39,982)
  epoch   2  loss=9.0985  val_NDCG=0.0335  test_NDCG=0.0309  test_HR=0.0574  (6.5s)
  evaluating 57,439 users in batches of 512...
    [512/57,439  elapsed 0.1s]
    [5,632/57,439  elapsed 1.1s]
    [10,752/57,439  elapsed 2.1s]
    [15,872/57,439  elapsed 3.1s]
    [20,992/57,439  elapsed 4.2s]
    [26,112/57,439  elapsed 5.2s]
    [31,232/57,439  elapsed 6.2s]
    [36,352/57,439  elapsed 7.2s]
    [41,472/57,439  elapsed 8.2s]
    [46,592/57,439  elapsed 9.2s]
    [51,712/57,439  elapsed 10.1s]
    [56,832/57,439  elapsed 11.1s]
  eval done in 11.2s
  by-popularity NDCG@10: tail=0.0000(n=7,762)  mid=0.0009(n=8,169)  head=0.0538(n=41,508)
  evaluating 57,439 users in batches of 512...
    [512/57,439  elapsed 0.1s]
    [5,632/57,439  elapsed 1.2s]
    [10,752/57,439  elapsed 2.2s]
    [15,872/57,439  elapsed 3.2s]
    [20,992/57,439  elapsed 4.3s]
    [26,112/57,439  elapsed 5.4s]
    [31,232/57,439  elapsed 6.4s]
    [36,352/57,439  elapsed 7.4s]
    [41,472/57,439  elapsed 8.3s]
    [46,592/57,439  elapsed 9.3s]
    [51,712/57,439  elapsed 10.3s]
    [56,832/57,439  elapsed 11.3s]
  eval done in 11.4s
  by-popularity NDCG@10: tail=0.0001(n=8,800)  mid=0.0008(n=8,657)  head=0.0518(n=39,982)
  epoch   3  loss=8.9363  val_NDCG=0.0390  test_NDCG=0.0362  test_HR=0.0667  (6.3s)
  evaluating 57,439 users in batches of 512...
    [512/57,439  elapsed 0.1s]
    [5,632/57,439  elapsed 1.1s]
    [10,752/57,439  elapsed 2.0s]
    [15,872/57,439  elapsed 3.0s]
    [20,992/57,439  elapsed 4.0s]
    [26,112/57,439  elapsed 5.0s]
    [31,232/57,439  elapsed 6.1s]
    [36,352/57,439  elapsed 7.1s]
    [41,472/57,439  elapsed 8.1s]
    [46,592/57,439  elapsed 9.1s]
    [51,712/57,439  elapsed 10.0s]
    [56,832/57,439  elapsed 11.0s]
  eval done in 11.1s
  by-popularity NDCG@10: tail=0.0000(n=7,762)  mid=0.0019(n=8,169)  head=0.0564(n=41,508)
  evaluating 57,439 users in batches of 512...
    [512/57,439  elapsed 0.1s]
    [5,632/57,439  elapsed 1.1s]
    [10,752/57,439  elapsed 2.0s]
    [15,872/57,439  elapsed 3.0s]
    [20,992/57,439  elapsed 4.0s]
    [26,112/57,439  elapsed 5.0s]
    [31,232/57,439  elapsed 6.1s]
    [36,352/57,439  elapsed 7.0s]
    [41,472/57,439  elapsed 8.0s]
    [46,592/57,439  elapsed 9.0s]
    [51,712/57,439  elapsed 10.1s]
    [56,832/57,439  elapsed 11.1s]
  eval done in 11.2s
  by-popularity NDCG@10: tail=0.0002(n=8,800)  mid=0.0017(n=8,657)  head=0.0532(n=39,982)
  epoch   4  loss=8.8294  val_NDCG=0.0411  test_NDCG=0.0373  test_HR=0.0686  (6.3s)
  evaluating 57,439 users in batches of 512...
    [512/57,439  elapsed 0.1s]
    [5,632/57,439  elapsed 1.0s]
    [10,752/57,439  elapsed 2.0s]
    [15,872/57,439  elapsed 3.0s]
    [20,992/57,439  elapsed 4.0s]
    [26,112/57,439  elapsed 4.9s]
    [31,232/57,439  elapsed 5.9s]
    [36,352/57,439  elapsed 6.9s]
    [41,472/57,439  elapsed 7.8s]
    [46,592/57,439  elapsed 8.8s]
    [51,712/57,439  elapsed 9.7s]
    [56,832/57,439  elapsed 10.8s]
  eval done in 10.9s
  by-popularity NDCG@10: tail=0.0003(n=7,762)  mid=0.0022(n=8,169)  head=0.0573(n=41,508)
  evaluating 57,439 users in batches of 512...
    [512/57,439  elapsed 0.1s]
    [5,632/57,439  elapsed 1.2s]
    [10,752/57,439  elapsed 2.1s]
    [15,872/57,439  elapsed 3.1s]
    [20,992/57,439  elapsed 4.1s]
    [26,112/57,439  elapsed 5.0s]
    [31,232/57,439  elapsed 6.0s]
    [36,352/57,439  elapsed 7.0s]
    [41,472/57,439  elapsed 8.0s]
    [46,592/57,439  elapsed 9.0s]
    [51,712/57,439  elapsed 10.0s]
    [56,832/57,439  elapsed 10.9s]
  eval done in 11.0s
  by-popularity NDCG@10: tail=0.0003(n=8,800)  mid=0.0022(n=8,657)  head=0.0543(n=39,982)
  epoch   5  loss=8.7496  val_NDCG=0.0418  test_NDCG=0.0382  test_HR=0.0697  (6.4s)
  evaluating 57,439 users in batches of 512...
    [512/57,439  elapsed 0.1s]
    [5,632/57,439  elapsed 1.1s]
    [10,752/57,439  elapsed 2.1s]
    [15,872/57,439  elapsed 3.1s]
    [20,992/57,439  elapsed 4.0s]
    [26,112/57,439  elapsed 5.0s]
    [31,232/57,439  elapsed 5.9s]
    [36,352/57,439  elapsed 6.8s]
    [41,472/57,439  elapsed 7.9s]
    [46,592/57,439  elapsed 8.8s]
    [51,712/57,439  elapsed 9.8s]
    [56,832/57,439  elapsed 10.8s]
  eval done in 10.9s
  by-popularity NDCG@10: tail=0.0005(n=7,762)  mid=0.0028(n=8,169)  head=0.0601(n=41,508)
  evaluating 57,439 users in batches of 512...
    [512/57,439  elapsed 0.1s]
    [5,632/57,439  elapsed 1.1s]
    [10,752/57,439  elapsed 2.1s]
    [15,872/57,439  elapsed 3.0s]
    [20,992/57,439  elapsed 4.0s]
    [26,112/57,439  elapsed 4.9s]
    [31,232/57,439  elapsed 5.8s]
    [36,352/57,439  elapsed 6.7s]
    [41,472/57,439  elapsed 7.6s]
    [46,592/57,439  elapsed 8.6s]
    [51,712/57,439  elapsed 9.5s]
    [56,832/57,439  elapsed 10.4s]
  eval done in 10.5s
  by-popularity NDCG@10: tail=0.0003(n=8,800)  mid=0.0026(n=8,657)  head=0.0560(n=39,982)
  epoch   6  loss=8.6830  val_NDCG=0.0439  test_NDCG=0.0394  test_HR=0.0720  (6.3s)
  evaluating 57,439 users in batches of 512...
    [512/57,439  elapsed 0.1s]
    [5,632/57,439  elapsed 1.1s]
    [10,752/57,439  elapsed 2.1s]
    [15,872/57,439  elapsed 3.0s]
    [20,992/57,439  elapsed 4.0s]
    [26,112/57,439  elapsed 5.0s]
    [31,232/57,439  elapsed 5.9s]
    [36,352/57,439  elapsed 6.9s]
    [41,472/57,439  elapsed 7.9s]
    [46,592/57,439  elapsed 8.9s]
    [51,712/57,439  elapsed 9.9s]
    [56,832/57,439  elapsed 10.9s]
  eval done in 11.0s
  by-popularity NDCG@10: tail=0.0008(n=7,762)  mid=0.0039(n=8,169)  head=0.0607(n=41,508)
  evaluating 57,439 users in batches of 512...
    [512/57,439  elapsed 0.1s]
    [5,632/57,439  elapsed 1.1s]
    [10,752/57,439  elapsed 2.0s]
    [15,872/57,439  elapsed 3.0s]
    [20,992/57,439  elapsed 3.9s]
    [26,112/57,439  elapsed 4.9s]
    [31,232/57,439  elapsed 5.8s]
    [36,352/57,439  elapsed 6.8s]
    [41,472/57,439  elapsed 7.7s]
    [46,592/57,439  elapsed 8.7s]
    [51,712/57,439  elapsed 9.7s]
    [56,832/57,439  elapsed 10.7s]
  eval done in 10.8s
  by-popularity NDCG@10: tail=0.0006(n=8,800)  mid=0.0037(n=8,657)  head=0.0569(n=39,982)
  epoch   7  loss=8.6230  val_NDCG=0.0445  test_NDCG=0.0403  test_HR=0.0731  (6.7s)
  evaluating 57,439 users in batches of 512...
    [512/57,439  elapsed 0.1s]
    [5,632/57,439  elapsed 1.1s]
    [10,752/57,439  elapsed 2.0s]
    [15,872/57,439  elapsed 3.0s]
    [20,992/57,439  elapsed 3.9s]
    [26,112/57,439  elapsed 4.9s]
    [31,232/57,439  elapsed 6.3s]
    [36,352/57,439  elapsed 7.5s]
    [41,472/57,439  elapsed 8.8s]
    [46,592/57,439  elapsed 10.1s]
    [51,712/57,439  elapsed 11.1s]
    [56,832/57,439  elapsed 12.0s]
  eval done in 12.2s
  by-popularity NDCG@10: tail=0.0009(n=7,762)  mid=0.0047(n=8,169)  head=0.0617(n=41,508)
  evaluating 57,439 users in batches of 512...
    [512/57,439  elapsed 0.1s]
    [5,632/57,439  elapsed 1.1s]
    [10,752/57,439  elapsed 2.0s]
    [15,872/57,439  elapsed 3.0s]
    [20,992/57,439  elapsed 3.9s]
    [26,112/57,439  elapsed 4.9s]
    [31,232/57,439  elapsed 5.9s]
    [36,352/57,439  elapsed 6.8s]
    [41,472/57,439  elapsed 7.8s]
    [46,592/57,439  elapsed 8.7s]
    [51,712/57,439  elapsed 9.6s]
    [56,832/57,439  elapsed 10.6s]
  eval done in 10.7s
  by-popularity NDCG@10: tail=0.0008(n=8,800)  mid=0.0043(n=8,657)  head=0.0581(n=39,982)
  epoch   8  loss=8.5702  val_NDCG=0.0454  test_NDCG=0.0412  test_HR=0.0743  (6.2s)
  evaluating 57,439 users in batches of 512...
    [512/57,439  elapsed 0.1s]
    [5,632/57,439  elapsed 1.0s]
    [10,752/57,439  elapsed 1.9s]
    [15,872/57,439  elapsed 2.8s]
    [20,992/57,439  elapsed 3.7s]
    [26,112/57,439  elapsed 4.6s]
    [31,232/57,439  elapsed 5.5s]
    [36,352/57,439  elapsed 6.4s]
    [41,472/57,439  elapsed 7.3s]
    [46,592/57,439  elapsed 8.2s]
    [51,712/57,439  elapsed 9.1s]
    [56,832/57,439  elapsed 10.0s]
  eval done in 10.1s
  by-popularity NDCG@10: tail=0.0011(n=7,762)  mid=0.0049(n=8,169)  head=0.0613(n=41,508)
  evaluating 57,439 users in batches of 512...
    [512/57,439  elapsed 0.1s]
    [5,632/57,439  elapsed 1.0s]
    [10,752/57,439  elapsed 1.9s]
    [15,872/57,439  elapsed 2.8s]
    [20,992/57,439  elapsed 3.7s]
    [26,112/57,439  elapsed 4.5s]
    [31,232/57,439  elapsed 5.4s]
    [36,352/57,439  elapsed 6.3s]
    [41,472/57,439  elapsed 7.2s]
    [46,592/57,439  elapsed 8.1s]
    [51,712/57,439  elapsed 9.0s]
    [56,832/57,439  elapsed 9.9s]
  eval done in 10.0s
  by-popularity NDCG@10: tail=0.0010(n=8,800)  mid=0.0047(n=8,657)  head=0.0568(n=39,982)
  epoch   9  loss=8.5217  val_NDCG=0.0451  test_NDCG=0.0404  test_HR=0.0734  (6.1s)
  evaluating 57,439 users in batches of 512...
    [512/57,439  elapsed 0.1s]
    [5,632/57,439  elapsed 1.0s]
    [10,752/57,439  elapsed 1.9s]
    [15,872/57,439  elapsed 2.8s]
    [20,992/57,439  elapsed 3.6s]
    [26,112/57,439  elapsed 4.5s]
    [31,232/57,439  elapsed 5.4s]
    [36,352/57,439  elapsed 6.3s]
    [41,472/57,439  elapsed 7.2s]
    [46,592/57,439  elapsed 8.1s]
    [51,712/57,439  elapsed 9.0s]
    [56,832/57,439  elapsed 9.8s]
  eval done in 9.9s
  by-popularity NDCG@10: tail=0.0015(n=7,762)  mid=0.0059(n=8,169)  head=0.0621(n=41,508)
  evaluating 57,439 users in batches of 512...
    [512/57,439  elapsed 0.1s]
    [5,632/57,439  elapsed 1.0s]
    [10,752/57,439  elapsed 1.9s]
    [15,872/57,439  elapsed 2.8s]
    [20,992/57,439  elapsed 3.7s]
    [26,112/57,439  elapsed 4.6s]
    [31,232/57,439  elapsed 5.5s]
    [36,352/57,439  elapsed 6.4s]
    [41,472/57,439  elapsed 7.3s]
    [46,592/57,439  elapsed 8.2s]
    [51,712/57,439  elapsed 9.1s]
    [56,832/57,439  elapsed 10.0s]
  eval done in 10.1s
  by-popularity NDCG@10: tail=0.0011(n=8,800)  mid=0.0055(n=8,657)  head=0.0582(n=39,982)
  epoch  10  loss=8.4793  val_NDCG=0.0459  test_NDCG=0.0415  test_HR=0.0746  (5.6s)
  evaluating 57,439 users in batches of 512...
    [512/57,439  elapsed 0.1s]
    [5,632/57,439  elapsed 1.2s]
    [10,752/57,439  elapsed 2.2s]
    [15,872/57,439  elapsed 3.1s]
    [20,992/57,439  elapsed 4.1s]
    [26,112/57,439  elapsed 5.0s]
    [31,232/57,439  elapsed 5.9s]
    [36,352/57,439  elapsed 6.9s]
    [41,472/57,439  elapsed 7.8s]
    [46,592/57,439  elapsed 8.7s]
    [51,712/57,439  elapsed 9.7s]
    [56,832/57,439  elapsed 10.6s]
  eval done in 10.7s
  by-popularity NDCG@10: tail=0.0015(n=7,762)  mid=0.0064(n=8,169)  head=0.0621(n=41,508)
  evaluating 57,439 users in batches of 512...
    [512/57,439  elapsed 0.1s]
    [5,632/57,439  elapsed 1.1s]
    [10,752/57,439  elapsed 2.0s]
    [15,872/57,439  elapsed 3.0s]
    [20,992/57,439  elapsed 3.9s]
    [26,112/57,439  elapsed 4.9s]
    [31,232/57,439  elapsed 6.0s]
    [36,352/57,439  elapsed 7.0s]
    [41,472/57,439  elapsed 7.9s]
    [46,592/57,439  elapsed 8.9s]
    [51,712/57,439  elapsed 9.9s]
    [56,832/57,439  elapsed 10.8s]
  eval done in 10.9s
  by-popularity NDCG@10: tail=0.0012(n=8,800)  mid=0.0061(n=8,657)  head=0.0577(n=39,982)
  epoch  11  loss=8.4392  val_NDCG=0.0460  test_NDCG=0.0413  test_HR=0.0741  (6.2s)
  evaluating 57,439 users in batches of 512...
    [512/57,439  elapsed 0.1s]
    [5,632/57,439  elapsed 1.0s]
    [10,752/57,439  elapsed 1.9s]
    [15,872/57,439  elapsed 2.8s]
    [20,992/57,439  elapsed 3.8s]
    [26,112/57,439  elapsed 4.7s]
    [31,232/57,439  elapsed 5.6s]
    [36,352/57,439  elapsed 6.5s]
    [41,472/57,439  elapsed 7.4s]
    [46,592/57,439  elapsed 8.4s]
    [51,712/57,439  elapsed 9.3s]
    [56,832/57,439  elapsed 10.2s]
  eval done in 10.3s
  by-popularity NDCG@10: tail=0.0018(n=7,762)  mid=0.0067(n=8,169)  head=0.0617(n=41,508)
  evaluating 57,439 users in batches of 512...
    [512/57,439  elapsed 0.1s]
    [5,632/57,439  elapsed 1.0s]
    [10,752/57,439  elapsed 1.9s]
    [15,872/57,439  elapsed 2.8s]
    [20,992/57,439  elapsed 3.7s]
    [26,112/57,439  elapsed 4.6s]
    [31,232/57,439  elapsed 5.5s]
    [36,352/57,439  elapsed 6.4s]
    [41,472/57,439  elapsed 7.2s]
    [46,592/57,439  elapsed 8.2s]
    [51,712/57,439  elapsed 9.1s]
    [56,832/57,439  elapsed 10.0s]
  eval done in 10.1s
  by-popularity NDCG@10: tail=0.0014(n=8,800)  mid=0.0066(n=8,657)  head=0.0580(n=39,982)
  epoch  12  loss=8.4046  val_NDCG=0.0458  test_NDCG=0.0416  test_HR=0.0745  (6.2s)
  evaluating 57,439 users in batches of 512...
    [512/57,439  elapsed 0.1s]
    [5,632/57,439  elapsed 1.0s]
    [10,752/57,439  elapsed 1.8s]
    [15,872/57,439  elapsed 2.8s]
    [20,992/57,439  elapsed 3.7s]
    [26,112/57,439  elapsed 4.6s]
    [31,232/57,439  elapsed 5.5s]
    [36,352/57,439  elapsed 6.5s]
    [41,472/57,439  elapsed 7.4s]
    [46,592/57,439  elapsed 8.3s]
    [51,712/57,439  elapsed 9.2s]
    [56,832/57,439  elapsed 10.1s]
  eval done in 10.2s
  by-popularity NDCG@10: tail=0.0018(n=7,762)  mid=0.0069(n=8,169)  head=0.0620(n=41,508)
  evaluating 57,439 users in batches of 512...
    [512/57,439  elapsed 0.1s]
    [5,632/57,439  elapsed 1.0s]
    [10,752/57,439  elapsed 1.9s]
    [15,872/57,439  elapsed 2.8s]
    [20,992/57,439  elapsed 3.7s]
    [26,112/57,439  elapsed 4.6s]
    [31,232/57,439  elapsed 5.5s]
    [36,352/57,439  elapsed 6.4s]
    [41,472/57,439  elapsed 7.3s]
    [46,592/57,439  elapsed 8.2s]
    [51,712/57,439  elapsed 9.1s]
    [56,832/57,439  elapsed 10.0s]
  eval done in 10.1s
  by-popularity NDCG@10: tail=0.0016(n=8,800)  mid=0.0062(n=8,657)  head=0.0580(n=39,982)
  epoch  13  loss=8.3718  val_NDCG=0.0460  test_NDCG=0.0415  test_HR=0.0745  (5.7s)
  evaluating 57,439 users in batches of 512...
    [512/57,439  elapsed 0.1s]
    [5,632/57,439  elapsed 1.0s]
    [10,752/57,439  elapsed 1.9s]
    [15,872/57,439  elapsed 2.8s]
    [20,992/57,439  elapsed 3.7s]
    [26,112/57,439  elapsed 4.6s]
    [31,232/57,439  elapsed 5.5s]
    [36,352/57,439  elapsed 6.4s]
    [41,472/57,439  elapsed 7.4s]
    [46,592/57,439  elapsed 8.3s]
    [51,712/57,439  elapsed 9.2s]
    [56,832/57,439  elapsed 10.2s]
  eval done in 10.3s
  by-popularity NDCG@10: tail=0.0021(n=7,762)  mid=0.0072(n=8,169)  head=0.0619(n=41,508)
  evaluating 57,439 users in batches of 512...
    [512/57,439  elapsed 0.1s]
    [5,632/57,439  elapsed 1.0s]
    [10,752/57,439  elapsed 1.9s]
    [15,872/57,439  elapsed 2.8s]
    [20,992/57,439  elapsed 3.7s]
    [26,112/57,439  elapsed 4.6s]
    [31,232/57,439  elapsed 5.5s]
    [36,352/57,439  elapsed 6.4s]
    [41,472/57,439  elapsed 7.3s]
    [46,592/57,439  elapsed 8.2s]
    [51,712/57,439  elapsed 9.2s]
    [56,832/57,439  elapsed 10.1s]
  eval done in 10.2s
  by-popularity NDCG@10: tail=0.0017(n=8,800)  mid=0.0068(n=8,657)  head=0.0579(n=39,982)
  epoch  14  loss=8.3434  val_NDCG=0.0460  test_NDCG=0.0416  test_HR=0.0744  (6.6s)
  evaluating 57,439 users in batches of 512...
    [512/57,439  elapsed 0.1s]
    [5,632/57,439  elapsed 1.0s]
    [10,752/57,439  elapsed 1.9s]
    [15,872/57,439  elapsed 2.8s]
    [20,992/57,439  elapsed 3.7s]
    [26,112/57,439  elapsed 4.6s]
    [31,232/57,439  elapsed 5.5s]
    [36,352/57,439  elapsed 6.4s]
    [41,472/57,439  elapsed 7.3s]
    [46,592/57,439  elapsed 8.1s]
    [51,712/57,439  elapsed 9.0s]
    [56,832/57,439  elapsed 10.0s]
  eval done in 10.1s
  by-popularity NDCG@10: tail=0.0021(n=7,762)  mid=0.0076(n=8,169)  head=0.0623(n=41,508)
  evaluating 57,439 users in batches of 512...
    [512/57,439  elapsed 0.1s]
    [5,632/57,439  elapsed 1.0s]
    [10,752/57,439  elapsed 1.9s]
    [15,872/57,439  elapsed 2.9s]
    [20,992/57,439  elapsed 3.8s]
    [26,112/57,439  elapsed 4.7s]
    [31,232/57,439  elapsed 5.6s]
    [36,352/57,439  elapsed 6.5s]
    [41,472/57,439  elapsed 7.4s]
    [46,592/57,439  elapsed 8.3s]
    [51,712/57,439  elapsed 9.2s]
    [56,832/57,439  elapsed 10.1s]
  eval done in 10.2s
  by-popularity NDCG@10: tail=0.0018(n=8,800)  mid=0.0069(n=8,657)  head=0.0580(n=39,982)
  epoch  15  loss=8.3210  val_NDCG=0.0464  test_NDCG=0.0417  test_HR=0.0750  (5.7s)
  evaluating 57,439 users in batches of 512...
    [512/57,439  elapsed 0.1s]
    [5,632/57,439  elapsed 1.0s]
    [10,752/57,439  elapsed 2.0s]
    [15,872/57,439  elapsed 2.9s]
    [20,992/57,439  elapsed 3.8s]
    [26,112/57,439  elapsed 4.7s]
    [31,232/57,439  elapsed 5.6s]
    [36,352/57,439  elapsed 6.5s]
    [41,472/57,439  elapsed 7.5s]
    [46,592/57,439  elapsed 8.3s]
    [51,712/57,439  elapsed 9.2s]
    [56,832/57,439  elapsed 10.1s]
  eval done in 10.2s
  by-popularity NDCG@10: tail=0.0020(n=7,762)  mid=0.0077(n=8,169)  head=0.0620(n=41,508)
  evaluating 57,439 users in batches of 512...
    [512/57,439  elapsed 0.1s]
    [5,632/57,439  elapsed 1.0s]
    [10,752/57,439  elapsed 1.9s]
    [15,872/57,439  elapsed 2.8s]
    [20,992/57,439  elapsed 3.8s]
    [26,112/57,439  elapsed 4.7s]
    [31,232/57,439  elapsed 5.6s]
    [36,352/57,439  elapsed 6.6s]
    [41,472/57,439  elapsed 7.5s]
    [46,592/57,439  elapsed 8.4s]
    [51,712/57,439  elapsed 9.3s]
    [56,832/57,439  elapsed 10.2s]
  eval done in 10.3s
  by-popularity NDCG@10: tail=0.0019(n=8,800)  mid=0.0070(n=8,657)  head=0.0580(n=39,982)
  epoch  16  loss=8.3037  val_NDCG=0.0462  test_NDCG=0.0417  test_HR=0.0748  (6.2s)
  evaluating 57,439 users in batches of 512...
    [512/57,439  elapsed 0.1s]
    [5,632/57,439  elapsed 1.0s]
    [10,752/57,439  elapsed 1.9s]
    [15,872/57,439  elapsed 2.8s]
    [20,992/57,439  elapsed 3.7s]
    [26,112/57,439  elapsed 4.6s]
    [31,232/57,439  elapsed 5.4s]
    [36,352/57,439  elapsed 6.3s]
    [41,472/57,439  elapsed 7.2s]
    [46,592/57,439  elapsed 8.2s]
    [51,712/57,439  elapsed 9.1s]
    [56,832/57,439  elapsed 10.0s]
  eval done in 10.1s
  by-popularity NDCG@10: tail=0.0021(n=7,762)  mid=0.0076(n=8,169)  head=0.0621(n=41,508)
  evaluating 57,439 users in batches of 512...
    [512/57,439  elapsed 0.1s]
    [5,632/57,439  elapsed 1.0s]
    [10,752/57,439  elapsed 1.9s]
    [15,872/57,439  elapsed 2.8s]
    [20,992/57,439  elapsed 3.7s]
    [26,112/57,439  elapsed 4.6s]
    [31,232/57,439  elapsed 5.5s]
    [36,352/57,439  elapsed 6.4s]
    [41,472/57,439  elapsed 7.3s]
    [46,592/57,439  elapsed 8.2s]
    [51,712/57,439  elapsed 9.2s]
    [56,832/57,439  elapsed 10.1s]
  eval done in 10.2s
  by-popularity NDCG@10: tail=0.0019(n=8,800)  mid=0.0070(n=8,657)  head=0.0579(n=39,982)
  epoch  17  loss=8.2903  val_NDCG=0.0462  test_NDCG=0.0417  test_HR=0.0748  (5.6s)
  evaluating 57,439 users in batches of 512...
    [512/57,439  elapsed 0.1s]
    [5,632/57,439  elapsed 1.0s]
    [10,752/57,439  elapsed 2.0s]
    [15,872/57,439  elapsed 2.9s]
    [20,992/57,439  elapsed 3.8s]
    [26,112/57,439  elapsed 4.6s]
    [31,232/57,439  elapsed 5.5s]
    [36,352/57,439  elapsed 6.4s]
    [41,472/57,439  elapsed 7.3s]
    [46,592/57,439  elapsed 8.1s]
    [51,712/57,439  elapsed 9.0s]
    [56,832/57,439  elapsed 9.9s]
  eval done in 10.0s
  by-popularity NDCG@10: tail=0.0021(n=7,762)  mid=0.0080(n=8,169)  head=0.0618(n=41,508)
  evaluating 57,439 users in batches of 512...
    [512/57,439  elapsed 0.1s]
    [5,632/57,439  elapsed 1.0s]
    [10,752/57,439  elapsed 2.0s]
    [15,872/57,439  elapsed 3.1s]
    [20,992/57,439  elapsed 4.0s]
    [26,112/57,439  elapsed 4.9s]
    [31,232/57,439  elapsed 5.9s]
    [36,352/57,439  elapsed 6.8s]
    [41,472/57,439  elapsed 7.8s]
    [46,592/57,439  elapsed 8.8s]
    [51,712/57,439  elapsed 9.7s]
    [56,832/57,439  elapsed 10.6s]
  eval done in 10.8s
  by-popularity NDCG@10: tail=0.0020(n=8,800)  mid=0.0070(n=8,657)  head=0.0578(n=39,982)
  epoch  18  loss=8.2781  val_NDCG=0.0461  test_NDCG=0.0416  test_HR=0.0746  (5.6s)
  evaluating 57,439 users in batches of 512...
    [512/57,439  elapsed 0.1s]
    [5,632/57,439  elapsed 1.1s]
    [10,752/57,439  elapsed 2.0s]
    [15,872/57,439  elapsed 2.9s]
    [20,992/57,439  elapsed 3.9s]
    [26,112/57,439  elapsed 4.9s]
    [31,232/57,439  elapsed 5.8s]
    [36,352/57,439  elapsed 6.8s]
    [41,472/57,439  elapsed 7.7s]
    [46,592/57,439  elapsed 8.7s]
    [51,712/57,439  elapsed 9.6s]
    [56,832/57,439  elapsed 10.6s]
  eval done in 10.7s
  by-popularity NDCG@10: tail=0.0021(n=7,762)  mid=0.0078(n=8,169)  head=0.0619(n=41,508)
  evaluating 57,439 users in batches of 512...
    [512/57,439  elapsed 0.1s]
    [5,632/57,439  elapsed 1.1s]
    [10,752/57,439  elapsed 2.1s]
    [15,872/57,439  elapsed 3.0s]
    [20,992/57,439  elapsed 4.0s]
    [26,112/57,439  elapsed 5.1s]
    [31,232/57,439  elapsed 6.5s]
    [36,352/57,439  elapsed 7.7s]
    [41,472/57,439  elapsed 9.2s]
    [46,592/57,439  elapsed 10.5s]
    [51,712/57,439  elapsed 11.5s]
    [56,832/57,439  elapsed 12.5s]
  eval done in 12.6s
  by-popularity NDCG@10: tail=0.0020(n=8,800)  mid=0.0070(n=8,657)  head=0.0578(n=39,982)
  epoch  19  loss=8.2739  val_NDCG=0.0462  test_NDCG=0.0416  test_HR=0.0746  (5.7s)
  evaluating 57,439 users in batches of 512...
    [512/57,439  elapsed 0.1s]
    [5,632/57,439  elapsed 1.0s]
    [10,752/57,439  elapsed 1.9s]
    [15,872/57,439  elapsed 2.9s]
    [20,992/57,439  elapsed 3.8s]
    [26,112/57,439  elapsed 4.8s]
    [31,232/57,439  elapsed 5.8s]
    [36,352/57,439  elapsed 6.7s]
    [41,472/57,439  elapsed 7.6s]
    [46,592/57,439  elapsed 8.6s]
    [51,712/57,439  elapsed 9.6s]
    [56,832/57,439  elapsed 10.5s]
  eval done in 10.6s
  by-popularity NDCG@10: tail=0.0021(n=7,762)  mid=0.0078(n=8,169)  head=0.0620(n=41,508)
  evaluating 57,439 users in batches of 512...
    [512/57,439  elapsed 0.1s]
    [5,632/57,439  elapsed 1.1s]
    [10,752/57,439  elapsed 2.0s]
    [15,872/57,439  elapsed 2.9s]
    [20,992/57,439  elapsed 3.9s]
    [26,112/57,439  elapsed 4.8s]
    [31,232/57,439  elapsed 5.8s]
    [36,352/57,439  elapsed 6.7s]
    [41,472/57,439  elapsed 7.7s]
    [46,592/57,439  elapsed 8.6s]
    [51,712/57,439  elapsed 9.5s]
    [56,832/57,439  elapsed 10.5s]
  eval done in 10.6s
  by-popularity NDCG@10: tail=0.0020(n=8,800)  mid=0.0069(n=8,657)  head=0.0578(n=39,982)
  epoch  20  loss=8.2706  val_NDCG=0.0462  test_NDCG=0.0416  test_HR=0.0746  (5.8s)

=== Best by val NDCG@10 ===
  val_NDCG=0.0464
  test: {'NDCG@10': 0.041660646044949665, 'HR@10': 0.0750361252807326, 'MRR': 0.03783137838710348, 'n_eval': 57439, 'by_popularity': {'tail': {'NDCG@10': 0.0018074118787642307, 'HR@10': 0.004318181818181818, 'n': 8800, 'n_hit@10': 38, 'HR@20': 0.006818181818181818, 'n_hit@20': 60, 'HR@50': 0.016477272727272726, 'n_hit@50': 145, 'HR@100': 0.032045454545454544, 'n_hit@100': 282}, 'mid': {'NDCG@10': 0.006859877464554937, 'HR@10': 0.012706480304955527, 'n': 8657, 'n_hit@10': 110, 'HR@20': 0.02183204343305995, 'n_hit@20': 189, 'HR@50': 0.04435716761002657, 'n_hit@50': 384, 'HR@100': 0.07750952986022872, 'n_hit@100': 671}, 'head': {'NDCG@10': 0.05796745196418605, 'HR@10': 0.10409684357961083, 'n': 39982, 'n_hit@10': 4162, 'HR@20': 0.14974238407283277, 'n_hit@20': 5987, 'HR@50': 0.22965334400480217, 'n_hit@50': 9182, 'HR@100': 0.30676304336951626, 'n_hit@100': 12265}}}
wrote C:\Users\rayxc\Documents\R\_bestrec_run\results_MI_COLDFUSE_base_seed20260738.users.jsonl.gz (57,439 per-user records, best epoch 15, sha256 4086da35a1e1…)
wrote C:\Users\rayxc\Documents\R\_bestrec_run\results_MI_COLDFUSE_base_seed20260738.final.users.jsonl.gz (57,439 FINAL-epoch per-user records)

wrote C:\Users\rayxc\Documents\R\_bestrec_run\results_MI_COLDFUSE_base_seed20260738.json
[run] results_MI_COLDFUSE_base_seed20260738.fusion.json
=== fusion eval: Musical_Instruments  ckpt=results_MI_COLDFUSE_base_seed20260738.best.pt ===
  n_users=57,439 n_items=24,587
  ckpt from epoch 15 (val NDCG@10 0.04635)

--- EASE l2=50.0: fit + VAL sweep ---
  EASE l2=50.0: inverted 24587x24587 in 60.1s
    [512/57,439 elapsed 0.3s]
    [10,752/57,439 elapsed 3.0s]
    [20,992/57,439 elapsed 5.6s]
    [31,232/57,439 elapsed 8.2s]
    [41,472/57,439 elapsed 10.9s]
    [51,712/57,439 elapsed 13.5s]
  VAL seq NDCG@10=0.04635  ease=0.03472
    w=0.01: val fused NDCG@10=0.04771
    w=0.02: val fused NDCG@10=0.04818
    w=0.03: val fused NDCG@10=0.04828
    w=0.04: val fused NDCG@10=0.04828
    w=0.05: val fused NDCG@10=0.04810
    w=0.06: val fused NDCG@10=0.04784
    w=0.075: val fused NDCG@10=0.04734
    w=0.1: val fused NDCG@10=0.04642

--- EASE l2=100.0: fit + VAL sweep ---
  EASE l2=100.0: inverted 24587x24587 in 60.5s
    [512/57,439 elapsed 0.2s]
    [10,752/57,439 elapsed 2.8s]
    [20,992/57,439 elapsed 5.5s]
    [31,232/57,439 elapsed 8.1s]
    [41,472/57,439 elapsed 10.7s]
    [51,712/57,439 elapsed 13.4s]
  VAL seq NDCG@10=0.04635  ease=0.03536
    w=0.01: val fused NDCG@10=0.04765
    w=0.02: val fused NDCG@10=0.04819
    w=0.03: val fused NDCG@10=0.04850
    w=0.04: val fused NDCG@10=0.04834
    w=0.05: val fused NDCG@10=0.04814
    w=0.06: val fused NDCG@10=0.04780
    w=0.075: val fused NDCG@10=0.04723
    w=0.1: val fused NDCG@10=0.04647

--- EASE l2=200.0: fit + VAL sweep ---
  EASE l2=200.0: inverted 24587x24587 in 59.8s
    [512/57,439 elapsed 0.2s]
    [10,752/57,439 elapsed 2.8s]
    [20,992/57,439 elapsed 5.4s]
    [31,232/57,439 elapsed 8.0s]
    [41,472/57,439 elapsed 10.6s]
    [51,712/57,439 elapsed 13.3s]
  VAL seq NDCG@10=0.04635  ease=0.03548
    w=0.01: val fused NDCG@10=0.04759
    w=0.02: val fused NDCG@10=0.04827
    w=0.03: val fused NDCG@10=0.04835
    w=0.04: val fused NDCG@10=0.04840
    w=0.05: val fused NDCG@10=0.04808
    w=0.06: val fused NDCG@10=0.04783
    w=0.075: val fused NDCG@10=0.04714
    w=0.1: val fused NDCG@10=0.04631

--- EASE l2=500.0: fit + VAL sweep ---
  EASE l2=500.0: inverted 24587x24587 in 60.5s
    [512/57,439 elapsed 0.2s]
    [10,752/57,439 elapsed 2.8s]
    [20,992/57,439 elapsed 5.5s]
    [31,232/57,439 elapsed 8.1s]
    [41,472/57,439 elapsed 10.8s]
    [51,712/57,439 elapsed 13.5s]
  VAL seq NDCG@10=0.04635  ease=0.03500
    w=0.01: val fused NDCG@10=0.04755
    w=0.02: val fused NDCG@10=0.04816
    w=0.03: val fused NDCG@10=0.04825
    w=0.04: val fused NDCG@10=0.04817
    w=0.05: val fused NDCG@10=0.04763
    w=0.06: val fused NDCG@10=0.04732
    w=0.075: val fused NDCG@10=0.04677
    w=0.1: val fused NDCG@10=0.04562

=== selected on VAL: l2=100.0, w=0.03 (val fused NDCG@10=0.04850) ===
  EASE l2=100.0: inverted 24587x24587 in 60.0s
    [512/57,439 elapsed 0.1s]
    [10,752/57,439 elapsed 2.5s]
    [20,992/57,439 elapsed 5.0s]
    [31,232/57,439 elapsed 7.4s]
    [41,472/57,439 elapsed 9.8s]
    [51,712/57,439 elapsed 12.2s]

TEST seq-only  NDCG@10=0.04166 HR@10=0.07504 MRR=0.03783
TEST ease-only NDCG@10=0.03221 HR@10=0.05639
TEST FUSED (w=0.03) NDCG@10=0.04399 HR@10=0.07824 MRR=0.03984
wrote C:\Users\rayxc\Documents\R\_bestrec_run\results_MI_COLDFUSE_base_seed20260738.fusion.json
[run] results_Musical_Instruments_COLDFUSE_confirm_seed20260738.json
=== COLDFUSE confirm: Musical_Instruments seed 20260738 (ease=yes) ===
  EASE l2=100.0: inverted 24587x24587 in 60.1s
  [val] streaming sweep: 41 systems ...
    [512/57,439 1s]
    [20,992/57,439 10s]
    [41,472/57,439 21s]
  VAL ref overall 0.04850 tail 0.00204 | selected {'profile': 'exp0.9', 'wt_tail': 0.2, 'wt_mid': 0.0, 'wt_head': 0.0} val tail 0.00469
  [test] reference + selected ...
    [512/57,439 0s]
    [20,992/57,439 7s]
    [41,472/57,439 14s]
  TEST ref 0.04399 (tail 0.00152) -> sel 0.04407 (tail 0.00389)
wrote C:\Users\rayxc\Documents\R\_bestrec_run\results_Musical_Instruments_COLDFUSE_confirm_seed20260738.json
[run] results_MI_COLDFUSE_base_seed20260739.json
  random seed set to 20260739
=== Musical_Instruments: load splits ===
  n_users=57,439  n_items=24,587  pad_id=24587
  built sequences for 57,439 users
  built timestamp sequences (12 time buckets)
  loading SBERT embeddings from C:\Users\rayxc\Documents\R\cache_5core\sbert_titles_Musical_Instruments.npy...
  TAPE: k-means 24,587 text embeddings into K=512 prototypes (tau=0.05)...
  TAPE: K=512 mean max-assignment weight = 0.523 (1.0 = hard clustering)

=== Build SASRec-SBERT (d=64, layers=4, heads=2) ===
  total params: 11,186,047  device=cuda
  57,439 training examples / 225 batches per epoch
  init_state_sha256 = 8017468d78903509336b14c4220b63fbaf8bc7d935dd1d4e1f3f32c33b01e308
  LR schedule: warmup_cosine (225 warmup + 4275 cosine steps)

=== Train for 20 epochs ===
  evaluating 57,439 users in batches of 512...
    [512/57,439  elapsed 0.1s]
    [5,632/57,439  elapsed 1.0s]
    [10,752/57,439  elapsed 1.9s]
    [15,872/57,439  elapsed 2.8s]
    [20,992/57,439  elapsed 3.7s]
    [26,112/57,439  elapsed 4.6s]
    [31,232/57,439  elapsed 5.5s]
    [36,352/57,439  elapsed 6.5s]
    [41,472/57,439  elapsed 7.4s]
    [46,592/57,439  elapsed 8.2s]
    [51,712/57,439  elapsed 9.1s]
    [56,832/57,439  elapsed 10.0s]
  eval done in 10.1s
  by-popularity NDCG@10: tail=0.0001(n=7,762)  mid=0.0003(n=8,169)  head=0.0371(n=41,508)
  evaluating 57,439 users in batches of 512...
    [512/57,439  elapsed 0.1s]
    [5,632/57,439  elapsed 1.0s]
    [10,752/57,439  elapsed 1.9s]
    [15,872/57,439  elapsed 2.8s]
    [20,992/57,439  elapsed 3.7s]
    [26,112/57,439  elapsed 4.6s]
    [31,232/57,439  elapsed 5.5s]
    [36,352/57,439  elapsed 6.4s]
    [41,472/57,439  elapsed 7.3s]
    [46,592/57,439  elapsed 8.2s]
    [51,712/57,439  elapsed 9.1s]
    [56,832/57,439  elapsed 10.0s]
  eval done in 10.1s
  by-popularity NDCG@10: tail=0.0000(n=8,800)  mid=0.0006(n=8,657)  head=0.0338(n=39,982)
  epoch   1  loss=9.6228  val_NDCG=0.0269  test_NDCG=0.0236  test_HR=0.0450  (6.8s)
  evaluating 57,439 users in batches of 512...
    [512/57,439  elapsed 0.1s]
    [5,632/57,439  elapsed 1.0s]
    [10,752/57,439  elapsed 2.0s]
    [15,872/57,439  elapsed 2.9s]
    [20,992/57,439  elapsed 4.1s]
    [26,112/57,439  elapsed 5.2s]
    [31,232/57,439  elapsed 6.3s]
    [36,352/57,439  elapsed 7.2s]
    [41,472/57,439  elapsed 8.3s]
    [46,592/57,439  elapsed 9.3s]
    [51,712/57,439  elapsed 10.2s]
    [56,832/57,439  elapsed 11.1s]
  eval done in 11.2s
  by-popularity NDCG@10: tail=0.0000(n=7,762)  mid=0.0004(n=8,169)  head=0.0462(n=41,508)
  evaluating 57,439 users in batches of 512...
    [512/57,439  elapsed 0.1s]
    [5,632/57,439  elapsed 1.0s]
    [10,752/57,439  elapsed 1.9s]
    [15,872/57,439  elapsed 2.9s]
    [20,992/57,439  elapsed 3.7s]
    [26,112/57,439  elapsed 4.7s]
    [31,232/57,439  elapsed 5.6s]
    [36,352/57,439  elapsed 6.5s]
    [41,472/57,439  elapsed 7.4s]
    [46,592/57,439  elapsed 8.3s]
    [51,712/57,439  elapsed 9.2s]
    [56,832/57,439  elapsed 10.1s]
  eval done in 10.2s
  by-popularity NDCG@10: tail=0.0001(n=8,800)  mid=0.0005(n=8,657)  head=0.0443(n=39,982)
  epoch   2  loss=9.0945  val_NDCG=0.0335  test_NDCG=0.0309  test_HR=0.0581  (6.6s)
  evaluating 57,439 users in batches of 512...
    [512/57,439  elapsed 0.1s]
    [5,632/57,439  elapsed 1.0s]
    [10,752/57,439  elapsed 1.9s]
    [15,872/57,439  elapsed 2.8s]
    [20,992/57,439  elapsed 3.8s]
    [26,112/57,439  elapsed 4.7s]
    [31,232/57,439  elapsed 5.6s]
    [36,352/57,439  elapsed 6.5s]
    [41,472/57,439  elapsed 7.5s]
    [46,592/57,439  elapsed 8.3s]
    [51,712/57,439  elapsed 9.2s]
    [56,832/57,439  elapsed 10.1s]
  eval done in 10.2s
  by-popularity NDCG@10: tail=0.0001(n=7,762)  mid=0.0006(n=8,169)  head=0.0536(n=41,508)
  evaluating 57,439 users in batches of 512...
    [512/57,439  elapsed 0.1s]
    [5,632/57,439  elapsed 1.0s]
    [10,752/57,439  elapsed 1.9s]
    [15,872/57,439  elapsed 2.8s]
    [20,992/57,439  elapsed 3.8s]
    [26,112/57,439  elapsed 4.6s]
    [31,232/57,439  elapsed 5.5s]
    [36,352/57,439  elapsed 6.4s]
    [41,472/57,439  elapsed 7.3s]
    [46,592/57,439  elapsed 8.2s]
    [51,712/57,439  elapsed 9.1s]
    [56,832/57,439  elapsed 10.0s]
  eval done in 10.1s
  by-popularity NDCG@10: tail=0.0001(n=8,800)  mid=0.0010(n=8,657)  head=0.0516(n=39,982)
  epoch   3  loss=8.9309  val_NDCG=0.0388  test_NDCG=0.0360  test_HR=0.0665  (6.3s)
  evaluating 57,439 users in batches of 512...
    [512/57,439  elapsed 0.1s]
    [5,632/57,439  elapsed 1.0s]
    [10,752/57,439  elapsed 1.9s]
    [15,872/57,439  elapsed 2.8s]
    [20,992/57,439  elapsed 3.7s]
    [26,112/57,439  elapsed 4.6s]
    [31,232/57,439  elapsed 5.5s]
    [36,352/57,439  elapsed 6.4s]
    [41,472/57,439  elapsed 7.4s]
    [46,592/57,439  elapsed 8.3s]
    [51,712/57,439  elapsed 9.2s]
    [56,832/57,439  elapsed 10.1s]
  eval done in 10.2s
  by-popularity NDCG@10: tail=0.0000(n=7,762)  mid=0.0016(n=8,169)  head=0.0562(n=41,508)
  evaluating 57,439 users in batches of 512...
    [512/57,439  elapsed 0.1s]
    [5,632/57,439  elapsed 1.0s]
    [10,752/57,439  elapsed 1.9s]
    [15,872/57,439  elapsed 2.8s]
    [20,992/57,439  elapsed 3.7s]
    [26,112/57,439  elapsed 4.6s]
    [31,232/57,439  elapsed 5.5s]
    [36,352/57,439  elapsed 6.4s]
    [41,472/57,439  elapsed 7.3s]
    [46,592/57,439  elapsed 8.2s]
    [51,712/57,439  elapsed 9.1s]
    [56,832/57,439  elapsed 10.1s]
  eval done in 10.2s
  by-popularity NDCG@10: tail=0.0001(n=8,800)  mid=0.0017(n=8,657)  head=0.0538(n=39,982)
  epoch   4  loss=8.8236  val_NDCG=0.0408  test_NDCG=0.0377  test_HR=0.0691  (6.4s)
  evaluating 57,439 users in batches of 512...
    [512/57,439  elapsed 0.1s]
    [5,632/57,439  elapsed 1.0s]
    [10,752/57,439  elapsed 1.9s]
    [15,872/57,439  elapsed 2.8s]
    [20,992/57,439  elapsed 3.7s]
    [26,112/57,439  elapsed 4.6s]
    [31,232/57,439  elapsed 5.5s]
    [36,352/57,439  elapsed 6.4s]
    [41,472/57,439  elapsed 7.3s]
    [46,592/57,439  elapsed 8.2s]
    [51,712/57,439  elapsed 9.1s]
    [56,832/57,439  elapsed 10.1s]
  eval done in 10.2s
  by-popularity NDCG@10: tail=0.0003(n=7,762)  mid=0.0025(n=8,169)  head=0.0579(n=41,508)
  evaluating 57,439 users in batches of 512...
    [512/57,439  elapsed 0.1s]
    [5,632/57,439  elapsed 1.0s]
    [10,752/57,439  elapsed 1.9s]
    [15,872/57,439  elapsed 2.8s]
    [20,992/57,439  elapsed 3.7s]
    [26,112/57,439  elapsed 4.6s]
    [31,232/57,439  elapsed 5.5s]
    [36,352/57,439  elapsed 6.4s]
    [41,472/57,439  elapsed 7.3s]
    [46,592/57,439  elapsed 8.2s]
    [51,712/57,439  elapsed 9.1s]
    [56,832/57,439  elapsed 10.0s]
  eval done in 10.1s
  by-popularity NDCG@10: tail=0.0004(n=8,800)  mid=0.0021(n=8,657)  head=0.0545(n=39,982)
  epoch   5  loss=8.7441  val_NDCG=0.0422  test_NDCG=0.0383  test_HR=0.0698  (6.4s)
  evaluating 57,439 users in batches of 512...
    [512/57,439  elapsed 0.1s]
    [5,632/57,439  elapsed 1.6s]
    [10,752/57,439  elapsed 2.5s]
    [15,872/57,439  elapsed 3.4s]
    [20,992/57,439  elapsed 4.3s]
    [26,112/57,439  elapsed 5.2s]
    [31,232/57,439  elapsed 6.1s]
    [36,352/57,439  elapsed 7.0s]
    [41,472/57,439  elapsed 7.9s]
    [46,592/57,439  elapsed 8.8s]
    [51,712/57,439  elapsed 9.7s]
    [56,832/57,439  elapsed 10.6s]
  eval done in 10.7s
  by-popularity NDCG@10: tail=0.0006(n=7,762)  mid=0.0030(n=8,169)  head=0.0592(n=41,508)
  evaluating 57,439 users in batches of 512...
    [512/57,439  elapsed 0.1s]
    [5,632/57,439  elapsed 1.0s]
    [10,752/57,439  elapsed 2.0s]
    [15,872/57,439  elapsed 2.9s]
    [20,992/57,439  elapsed 3.8s]
    [26,112/57,439  elapsed 4.8s]
    [31,232/57,439  elapsed 5.8s]
    [36,352/57,439  elapsed 6.8s]
    [41,472/57,439  elapsed 7.7s]
    [46,592/57,439  elapsed 8.7s]
    [51,712/57,439  elapsed 9.7s]
    [56,832/57,439  elapsed 10.6s]
  eval done in 10.7s
  by-popularity NDCG@10: tail=0.0005(n=8,800)  mid=0.0031(n=8,657)  head=0.0560(n=39,982)
  epoch   6  loss=8.6769  val_NDCG=0.0433  test_NDCG=0.0395  test_HR=0.0719  (6.6s)
  evaluating 57,439 users in batches of 512...
    [512/57,439  elapsed 0.1s]
    [5,632/57,439  elapsed 1.1s]
    [10,752/57,439  elapsed 2.1s]
    [15,872/57,439  elapsed 3.1s]
    [20,992/57,439  elapsed 4.0s]
    [26,112/57,439  elapsed 5.0s]
    [31,232/57,439  elapsed 6.0s]
    [36,352/57,439  elapsed 7.0s]
    [41,472/57,439  elapsed 7.9s]
    [46,592/57,439  elapsed 8.9s]
    [51,712/57,439  elapsed 9.8s]
    [56,832/57,439  elapsed 10.8s]
  eval done in 10.9s
  by-popularity NDCG@10: tail=0.0006(n=7,762)  mid=0.0041(n=8,169)  head=0.0599(n=41,508)
  evaluating 57,439 users in batches of 512...
    [512/57,439  elapsed 0.1s]
    [5,632/57,439  elapsed 1.2s]
    [10,752/57,439  elapsed 2.3s]
    [15,872/57,439  elapsed 3.3s]
    [20,992/57,439  elapsed 4.3s]
    [26,112/57,439  elapsed 5.2s]
    [31,232/57,439  elapsed 6.2s]
    [36,352/57,439  elapsed 7.2s]
    [41,472/57,439  elapsed 8.1s]
    [46,592/57,439  elapsed 9.1s]
    [51,712/57,439  elapsed 10.0s]
    [56,832/57,439  elapsed 10.9s]
  eval done in 11.1s
  by-popularity NDCG@10: tail=0.0006(n=8,800)  mid=0.0035(n=8,657)  head=0.0565(n=39,982)
  epoch   7  loss=8.6190  val_NDCG=0.0439  test_NDCG=0.0399  test_HR=0.0722  (6.8s)
  evaluating 57,439 users in batches of 512...
    [512/57,439  elapsed 0.1s]
    [5,632/57,439  elapsed 1.1s]
    [10,752/57,439  elapsed 2.0s]
    [15,872/57,439  elapsed 2.9s]
    [20,992/57,439  elapsed 3.8s]
    [26,112/57,439  elapsed 4.7s]
    [31,232/57,439  elapsed 5.6s]
    [36,352/57,439  elapsed 6.5s]
    [41,472/57,439  elapsed 7.4s]
    [46,592/57,439  elapsed 8.3s]
    [51,712/57,439  elapsed 9.2s]
    [56,832/57,439  elapsed 10.1s]
  eval done in 10.2s
  by-popularity NDCG@10: tail=0.0009(n=7,762)  mid=0.0056(n=8,169)  head=0.0609(n=41,508)
  evaluating 57,439 users in batches of 512...
    [512/57,439  elapsed 0.1s]
    [5,632/57,439  elapsed 1.0s]
    [10,752/57,439  elapsed 1.9s]
    [15,872/57,439  elapsed 2.8s]
    [20,992/57,439  elapsed 3.7s]
    [26,112/57,439  elapsed 4.6s]
    [31,232/57,439  elapsed 5.6s]
    [36,352/57,439  elapsed 6.5s]
    [41,472/57,439  elapsed 7.4s]
    [46,592/57,439  elapsed 8.3s]
    [51,712/57,439  elapsed 9.2s]
    [56,832/57,439  elapsed 10.1s]
  eval done in 10.2s
  by-popularity NDCG@10: tail=0.0008(n=8,800)  mid=0.0047(n=8,657)  head=0.0569(n=39,982)
  epoch   8  loss=8.5655  val_NDCG=0.0449  test_NDCG=0.0405  test_HR=0.0736  (6.4s)
  evaluating 57,439 users in batches of 512...
    [512/57,439  elapsed 0.1s]
    [5,632/57,439  elapsed 1.1s]
    [10,752/57,439  elapsed 2.0s]
    [15,872/57,439  elapsed 3.0s]
    [20,992/57,439  elapsed 4.1s]
    [26,112/57,439  elapsed 5.0s]
    [31,232/57,439  elapsed 6.0s]
    [36,352/57,439  elapsed 7.0s]
    [41,472/57,439  elapsed 7.9s]
    [46,592/57,439  elapsed 8.9s]
    [51,712/57,439  elapsed 9.8s]
    [56,832/57,439  elapsed 10.8s]
  eval done in 10.9s
  by-popularity NDCG@10: tail=0.0012(n=7,762)  mid=0.0058(n=8,169)  head=0.0614(n=41,508)
  evaluating 57,439 users in batches of 512...
    [512/57,439  elapsed 0.1s]
    [5,632/57,439  elapsed 1.1s]
    [10,752/57,439  elapsed 2.0s]
    [15,872/57,439  elapsed 2.9s]
    [20,992/57,439  elapsed 4.0s]
    [26,112/57,439  elapsed 4.9s]
    [31,232/57,439  elapsed 5.8s]
    [36,352/57,439  elapsed 6.9s]
    [41,472/57,439  elapsed 7.9s]
    [46,592/57,439  elapsed 8.9s]
    [51,712/57,439  elapsed 10.0s]
    [56,832/57,439  elapsed 11.4s]
  eval done in 11.6s
  by-popularity NDCG@10: tail=0.0009(n=8,800)  mid=0.0053(n=8,657)  head=0.0581(n=39,982)
  epoch   9  loss=8.5175  val_NDCG=0.0453  test_NDCG=0.0414  test_HR=0.0743  (6.3s)
  evaluating 57,439 users in batches of 512...
    [512/57,439  elapsed 0.1s]
    [5,632/57,439  elapsed 1.1s]
    [10,752/57,439  elapsed 2.2s]
    [15,872/57,439  elapsed 3.2s]
    [20,992/57,439  elapsed 4.4s]
    [26,112/57,439  elapsed 5.6s]
    [31,232/57,439  elapsed 6.6s]
    [36,352/57,439  elapsed 7.6s]
    [41,472/57,439  elapsed 8.7s]
    [46,592/57,439  elapsed 9.7s]
    [51,712/57,439  elapsed 10.8s]
    [56,832/57,439  elapsed 11.8s]
  eval done in 12.0s
  by-popularity NDCG@10: tail=0.0015(n=7,762)  mid=0.0064(n=8,169)  head=0.0620(n=41,508)
  evaluating 57,439 users in batches of 512...
    [512/57,439  elapsed 0.1s]
    [5,632/57,439  elapsed 1.1s]
    [10,752/57,439  elapsed 2.2s]
    [15,872/57,439  elapsed 3.3s]
    [20,992/57,439  elapsed 4.5s]
    [26,112/57,439  elapsed 5.8s]
    [31,232/57,439  elapsed 7.4s]
    [36,352/57,439  elapsed 9.2s]
    [41,472/57,439  elapsed 10.7s]
    [46,592/57,439  elapsed 11.9s]
    [51,712/57,439  elapsed 13.1s]
    [56,832/57,439  elapsed 14.4s]
  eval done in 14.6s
  by-popularity NDCG@10: tail=0.0012(n=8,800)  mid=0.0056(n=8,657)  head=0.0579(n=39,982)
  epoch  10  loss=8.4776  val_NDCG=0.0459  test_NDCG=0.0414  test_HR=0.0747  (6.8s)
  evaluating 57,439 users in batches of 512...
    [512/57,439  elapsed 0.1s]
    [5,632/57,439  elapsed 1.2s]
    [10,752/57,439  elapsed 2.3s]
    [15,872/57,439  elapsed 3.6s]
    [20,992/57,439  elapsed 4.8s]
    [26,112/57,439  elapsed 5.9s]
    [31,232/57,439  elapsed 7.1s]
    [36,352/57,439  elapsed 8.2s]
    [41,472/57,439  elapsed 9.4s]
    [46,592/57,439  elapsed 10.8s]
    [51,712/57,439  elapsed 12.1s]
    [56,832/57,439  elapsed 13.3s]
  eval done in 13.4s
  by-popularity NDCG@10: tail=0.0017(n=7,762)  mid=0.0064(n=8,169)  head=0.0620(n=41,508)
  evaluating 57,439 users in batches of 512...
    [512/57,439  elapsed 0.1s]
    [5,632/57,439  elapsed 1.3s]
    [10,752/57,439  elapsed 2.7s]
    [15,872/57,439  elapsed 3.8s]
    [20,992/57,439  elapsed 5.1s]
    [26,112/57,439  elapsed 6.2s]
    [31,232/57,439  elapsed 7.5s]
    [36,352/57,439  elapsed 8.6s]
    [41,472/57,439  elapsed 10.0s]
    [46,592/57,439  elapsed 11.3s]
    [51,712/57,439  elapsed 12.7s]
    [56,832/57,439  elapsed 13.8s]
  eval done in 14.0s
  by-popularity NDCG@10: tail=0.0015(n=8,800)  mid=0.0058(n=8,657)  head=0.0583(n=39,982)
  epoch  11  loss=8.4348  val_NDCG=0.0460  test_NDCG=0.0417  test_HR=0.0748  (6.6s)
  evaluating 57,439 users in batches of 512...
    [512/57,439  elapsed 0.1s]
    [5,632/57,439  elapsed 1.2s]
    [10,752/57,439  elapsed 2.4s]
    [15,872/57,439  elapsed 3.7s]
    [20,992/57,439  elapsed 5.3s]
    [26,112/57,439  elapsed 6.9s]
    [31,232/57,439  elapsed 8.8s]
    [36,352/57,439  elapsed 10.3s]
    [41,472/57,439  elapsed 11.7s]
    [46,592/57,439  elapsed 13.0s]
    [51,712/57,439  elapsed 14.2s]
    [56,832/57,439  elapsed 15.4s]
  eval done in 15.5s
  by-popularity NDCG@10: tail=0.0019(n=7,762)  mid=0.0066(n=8,169)  head=0.0613(n=41,508)
  evaluating 57,439 users in batches of 512...
    [512/57,439  elapsed 0.1s]
    [5,632/57,439  elapsed 1.4s]
    [10,752/57,439  elapsed 2.7s]
    [15,872/57,439  elapsed 4.3s]
    [20,992/57,439  elapsed 5.7s]
    [26,112/57,439  elapsed 7.2s]
    [31,232/57,439  elapsed 8.8s]
    [36,352/57,439  elapsed 10.1s]
    [41,472/57,439  elapsed 11.6s]
    [46,592/57,439  elapsed 12.8s]
    [51,712/57,439  elapsed 13.9s]
    [56,832/57,439  elapsed 15.2s]
  eval done in 15.3s
  by-popularity NDCG@10: tail=0.0016(n=8,800)  mid=0.0060(n=8,657)  head=0.0578(n=39,982)
  epoch  12  loss=8.3987  val_NDCG=0.0455  test_NDCG=0.0414  test_HR=0.0744  (6.7s)
  evaluating 57,439 users in batches of 512...
    [512/57,439  elapsed 0.1s]
    [5,632/57,439  elapsed 1.4s]
    [10,752/57,439  elapsed 2.7s]
    [15,872/57,439  elapsed 4.1s]
    [20,992/57,439  elapsed 5.3s]
    [26,112/57,439  elapsed 6.4s]
    [31,232/57,439  elapsed 7.8s]
    [36,352/57,439  elapsed 9.4s]
    [41,472/57,439  elapsed 11.3s]
    [46,592/57,439  elapsed 12.8s]
    [51,712/57,439  elapsed 14.2s]
    [56,832/57,439  elapsed 15.6s]
  eval done in 15.8s
  by-popularity NDCG@10: tail=0.0021(n=7,762)  mid=0.0076(n=8,169)  head=0.0613(n=41,508)
  evaluating 57,439 users in batches of 512...
    [512/57,439  elapsed 0.2s]
    [5,632/57,439  elapsed 2.0s]
    [10,752/57,439  elapsed 3.5s]
    [15,872/57,439  elapsed 4.8s]
    [20,992/57,439  elapsed 6.2s]
    [26,112/57,439  elapsed 7.7s]
    [31,232/57,439  elapsed 9.6s]
    [36,352/57,439  elapsed 11.0s]
    [41,472/57,439  elapsed 12.1s]
    [46,592/57,439  elapsed 13.4s]
    [51,712/57,439  elapsed 14.8s]
    [56,832/57,439  elapsed 16.1s]
  eval done in 16.2s
  by-popularity NDCG@10: tail=0.0018(n=8,800)  mid=0.0065(n=8,657)  head=0.0573(n=39,982)
  epoch  13  loss=8.3681  val_NDCG=0.0456  test_NDCG=0.0411  test_HR=0.0740  (6.9s)
  evaluating 57,439 users in batches of 512...
    [512/57,439  elapsed 0.1s]
    [5,632/57,439  elapsed 1.5s]
    [10,752/57,439  elapsed 2.9s]
    [15,872/57,439  elapsed 4.2s]
    [20,992/57,439  elapsed 5.6s]
    [26,112/57,439  elapsed 6.8s]
    [31,232/57,439  elapsed 8.1s]
    [36,352/57,439  elapsed 9.3s]
    [41,472/57,439  elapsed 10.6s]
    [46,592/57,439  elapsed 11.9s]
    [51,712/57,439  elapsed 13.1s]
    [56,832/57,439  elapsed 14.2s]
  eval done in 14.4s
  by-popularity NDCG@10: tail=0.0020(n=7,762)  mid=0.0076(n=8,169)  head=0.0619(n=41,508)
  evaluating 57,439 users in batches of 512...
    [512/57,439  elapsed 0.1s]
    [5,632/57,439  elapsed 1.6s]
    [10,752/57,439  elapsed 3.0s]
    [15,872/57,439  elapsed 4.9s]
    [20,992/57,439  elapsed 6.7s]
    [26,112/57,439  elapsed 8.0s]
    [31,232/57,439  elapsed 9.3s]
    [36,352/57,439  elapsed 10.6s]
    [41,472/57,439  elapsed 11.8s]
    [46,592/57,439  elapsed 13.0s]
    [51,712/57,439  elapsed 14.3s]
    [56,832/57,439  elapsed 15.7s]
  eval done in 15.9s
  by-popularity NDCG@10: tail=0.0018(n=8,800)  mid=0.0066(n=8,657)  head=0.0579(n=39,982)
  epoch  14  loss=8.3427  val_NDCG=0.0461  test_NDCG=0.0415  test_HR=0.0748  (6.9s)
  evaluating 57,439 users in batches of 512...
    [512/57,439  elapsed 0.1s]
    [5,632/57,439  elapsed 1.3s]
    [10,752/57,439  elapsed 2.5s]
    [15,872/57,439  elapsed 3.7s]
    [20,992/57,439  elapsed 4.9s]
    [26,112/57,439  elapsed 6.1s]
    [31,232/57,439  elapsed 7.5s]
    [36,352/57,439  elapsed 9.1s]
    [41,472/57,439  elapsed 10.9s]
    [46,592/57,439  elapsed 12.5s]
    [51,712/57,439  elapsed 14.2s]
    [56,832/57,439  elapsed 15.8s]
  eval done in 16.1s
  by-popularity NDCG@10: tail=0.0021(n=7,762)  mid=0.0076(n=8,169)  head=0.0612(n=41,508)
  evaluating 57,439 users in batches of 512...
    [512/57,439  elapsed 0.2s]
    [5,632/57,439  elapsed 1.4s]
    [10,752/57,439  elapsed 2.6s]
    [15,872/57,439  elapsed 3.8s]
    [20,992/57,439  elapsed 5.1s]
    [26,112/57,439  elapsed 6.4s]
    [31,232/57,439  elapsed 7.6s]
    [36,352/57,439  elapsed 8.9s]
    [41,472/57,439  elapsed 10.3s]
    [46,592/57,439  elapsed 11.4s]
    [51,712/57,439  elapsed 12.7s]
    [56,832/57,439  elapsed 14.0s]
  eval done in 14.2s
  by-popularity NDCG@10: tail=0.0019(n=8,800)  mid=0.0065(n=8,657)  head=0.0574(n=39,982)
  epoch  15  loss=8.3198  val_NDCG=0.0456  test_NDCG=0.0412  test_HR=0.0744  (6.9s)
  evaluating 57,439 users in batches of 512...
    [512/57,439  elapsed 0.1s]
    [5,632/57,439  elapsed 1.3s]
    [10,752/57,439  elapsed 2.6s]
    [15,872/57,439  elapsed 4.1s]
    [20,992/57,439  elapsed 5.9s]
    [26,112/57,439  elapsed 7.6s]
    [31,232/57,439  elapsed 9.0s]
    [36,352/57,439  elapsed 10.3s]
    [41,472/57,439  elapsed 11.6s]
    [46,592/57,439  elapsed 12.8s]
    [51,712/57,439  elapsed 14.1s]
    [56,832/57,439  elapsed 15.6s]
  eval done in 15.8s
  by-popularity NDCG@10: tail=0.0022(n=7,762)  mid=0.0077(n=8,169)  head=0.0613(n=41,508)
  evaluating 57,439 users in batches of 512...
    [512/57,439  elapsed 0.2s]
    [5,632/57,439  elapsed 2.1s]
    [10,752/57,439  elapsed 3.8s]
    [15,872/57,439  elapsed 5.6s]
    [20,992/57,439  elapsed 7.3s]
    [26,112/57,439  elapsed 8.5s]
    [31,232/57,439  elapsed 9.7s]
    [36,352/57,439  elapsed 10.9s]
    [41,472/57,439  elapsed 12.2s]
    [46,592/57,439  elapsed 13.6s]
    [51,712/57,439  elapsed 14.8s]
    [56,832/57,439  elapsed 16.0s]
  eval done in 16.1s
  by-popularity NDCG@10: tail=0.0020(n=8,800)  mid=0.0068(n=8,657)  head=0.0576(n=39,982)
  epoch  16  loss=8.2988  val_NDCG=0.0457  test_NDCG=0.0414  test_HR=0.0744  (6.8s)
  evaluating 57,439 users in batches of 512...
    [512/57,439  elapsed 0.1s]
    [5,632/57,439  elapsed 1.3s]
    [10,752/57,439  elapsed 2.5s]
    [15,872/57,439  elapsed 3.8s]
    [20,992/57,439  elapsed 5.0s]
    [26,112/57,439  elapsed 6.2s]
    [31,232/57,439  elapsed 7.4s]
    [36,352/57,439  elapsed 8.5s]
    [41,472/57,439  elapsed 9.9s]
    [46,592/57,439  elapsed 11.6s]
    [51,712/57,439  elapsed 13.5s]
    [56,832/57,439  elapsed 14.8s]
  eval done in 14.9s
  by-popularity NDCG@10: tail=0.0023(n=7,762)  mid=0.0079(n=8,169)  head=0.0611(n=41,508)
  evaluating 57,439 users in batches of 512...
    [512/57,439  elapsed 0.1s]
    [5,632/57,439  elapsed 1.8s]
    [10,752/57,439  elapsed 3.6s]
    [15,872/57,439  elapsed 5.2s]
    [20,992/57,439  elapsed 6.3s]
    [26,112/57,439  elapsed 7.6s]
    [31,232/57,439  elapsed 8.9s]
    [36,352/57,439  elapsed 10.2s]
    [41,472/57,439  elapsed 11.3s]
    [46,592/57,439  elapsed 12.6s]
    [51,712/57,439  elapsed 13.8s]
    [56,832/57,439  elapsed 14.9s]
  eval done in 15.1s
  by-popularity NDCG@10: tail=0.0020(n=8,800)  mid=0.0068(n=8,657)  head=0.0573(n=39,982)
  epoch  17  loss=8.2862  val_NDCG=0.0456  test_NDCG=0.0412  test_HR=0.0741  (6.2s)
  evaluating 57,439 users in batches of 512...
    [512/57,439  elapsed 0.1s]
    [5,632/57,439  elapsed 1.4s]
    [10,752/57,439  elapsed 2.7s]
    [15,872/57,439  elapsed 4.0s]
    [20,992/57,439  elapsed 5.3s]
    [26,112/57,439  elapsed 6.5s]
    [31,232/57,439  elapsed 7.6s]
    [36,352/57,439  elapsed 8.8s]
    [41,472/57,439  elapsed 10.0s]
    [46,592/57,439  elapsed 11.2s]
    [51,712/57,439  elapsed 12.5s]
    [56,832/57,439  elapsed 13.7s]
  eval done in 13.9s
  by-popularity NDCG@10: tail=0.0023(n=7,762)  mid=0.0077(n=8,169)  head=0.0612(n=41,508)
  evaluating 57,439 users in batches of 512...
    [512/57,439  elapsed 0.1s]
    [5,632/57,439  elapsed 1.4s]
    [10,752/57,439  elapsed 2.6s]
    [15,872/57,439  elapsed 3.8s]
    [20,992/57,439  elapsed 5.1s]
    [26,112/57,439  elapsed 6.3s]
    [31,232/57,439  elapsed 7.5s]
    [36,352/57,439  elapsed 8.7s]
    [41,472/57,439  elapsed 10.0s]
    [46,592/57,439  elapsed 11.3s]
    [51,712/57,439  elapsed 12.6s]
    [56,832/57,439  elapsed 13.7s]
  eval done in 13.9s
  by-popularity NDCG@10: tail=0.0020(n=8,800)  mid=0.0069(n=8,657)  head=0.0573(n=39,982)
  epoch  18  loss=8.2756  val_NDCG=0.0456  test_NDCG=0.0412  test_HR=0.0743  (6.2s)
  evaluating 57,439 users in batches of 512...
    [512/57,439  elapsed 0.1s]
    [5,632/57,439  elapsed 1.3s]
    [10,752/57,439  elapsed 2.6s]
    [15,872/57,439  elapsed 3.8s]
    [20,992/57,439  elapsed 5.1s]
    [26,112/57,439  elapsed 6.3s]
    [31,232/57,439  elapsed 7.5s]
    [36,352/57,439  elapsed 8.7s]
    [41,472/57,439  elapsed 9.9s]
    [46,592/57,439  elapsed 11.1s]
    [51,712/57,439  elapsed 12.3s]
    [56,832/57,439  elapsed 13.4s]
  eval done in 13.6s
  by-popularity NDCG@10: tail=0.0023(n=7,762)  mid=0.0078(n=8,169)  head=0.0612(n=41,508)
  evaluating 57,439 users in batches of 512...
    [512/57,439  elapsed 0.1s]
    [5,632/57,439  elapsed 1.5s]
    [10,752/57,439  elapsed 2.7s]
    [15,872/57,439  elapsed 4.0s]
    [20,992/57,439  elapsed 5.6s]
    [26,112/57,439  elapsed 7.4s]
    [31,232/57,439  elapsed 9.0s]
    [36,352/57,439  elapsed 10.2s]
    [41,472/57,439  elapsed 11.4s]
    [46,592/57,439  elapsed 12.5s]
    [51,712/57,439  elapsed 13.9s]
    [56,832/57,439  elapsed 15.1s]
  eval done in 15.3s
  by-popularity NDCG@10: tail=0.0020(n=8,800)  mid=0.0069(n=8,657)  head=0.0574(n=39,982)
  epoch  19  loss=8.2684  val_NDCG=0.0456  test_NDCG=0.0413  test_HR=0.0744  (6.9s)
  evaluating 57,439 users in batches of 512...
    [512/57,439  elapsed 0.1s]
    [5,632/57,439  elapsed 1.3s]
    [10,752/57,439  elapsed 2.6s]
    [15,872/57,439  elapsed 3.9s]
    [20,992/57,439  elapsed 5.2s]
    [26,112/57,439  elapsed 6.5s]
    [31,232/57,439  elapsed 7.8s]
    [36,352/57,439  elapsed 9.1s]
    [41,472/57,439  elapsed 10.4s]
    [46,592/57,439  elapsed 11.7s]
    [51,712/57,439  elapsed 12.9s]
    [56,832/57,439  elapsed 14.3s]
  eval done in 14.5s
  by-popularity NDCG@10: tail=0.0023(n=7,762)  mid=0.0078(n=8,169)  head=0.0613(n=41,508)
  evaluating 57,439 users in batches of 512...
    [512/57,439  elapsed 0.1s]
    [5,632/57,439  elapsed 1.5s]
    [10,752/57,439  elapsed 2.7s]
    [15,872/57,439  elapsed 4.1s]
    [20,992/57,439  elapsed 5.4s]
    [26,112/57,439  elapsed 6.6s]
    [31,232/57,439  elapsed 8.0s]
    [36,352/57,439  elapsed 9.2s]
    [41,472/57,439  elapsed 10.5s]
    [46,592/57,439  elapsed 11.8s]
    [51,712/57,439  elapsed 13.1s]
    [56,832/57,439  elapsed 14.5s]
  eval done in 14.7s
  by-popularity NDCG@10: tail=0.0020(n=8,800)  mid=0.0069(n=8,657)  head=0.0573(n=39,982)
  epoch  20  loss=8.2685  val_NDCG=0.0457  test_NDCG=0.0412  test_HR=0.0744  (6.8s)

=== Best by val NDCG@10 ===
  val_NDCG=0.0461
  test: {'NDCG@10': 0.0415437532377878, 'HR@10': 0.0748446177684152, 'MRR': 0.03769442525336709, 'n_eval': 57439, 'by_popularity': {'tail': {'NDCG@10': 0.0018091365533253175, 'HR@10': 0.003977272727272727, 'n': 8800, 'n_hit@10': 35, 'HR@20': 0.007613636363636363, 'n_hit@20': 67, 'HR@50': 0.01818181818181818, 'n_hit@50': 160, 'HR@100': 0.0325, 'n_hit@100': 286}, 'mid': {'NDCG@10': 0.006580379153729558, 'HR@10': 0.011897886103731084, 'n': 8657, 'n_hit@10': 103, 'HR@20': 0.02044588194524662, 'n_hit@20': 177, 'HR@50': 0.046667436756382116, 'n_hit@50': 404, 'HR@100': 0.08132147395171538, 'n_hit@100': 704}, 'head': {'NDCG@10': 0.057859659302240844, 'HR@10': 0.10407183232454605, 'n': 39982, 'n_hit@10': 4161, 'HR@20': 0.14866690010504727, 'n_hit@20': 5944, 'HR@50': 0.22867790505727578, 'n_hit@50': 9143, 'HR@100': 0.307813516082237, 'n_hit@100': 12307}}}
wrote C:\Users\rayxc\Documents\R\_bestrec_run\results_MI_COLDFUSE_base_seed20260739.users.jsonl.gz (57,439 per-user records, best epoch 14, sha256 2a49c19c3125…)
wrote C:\Users\rayxc\Documents\R\_bestrec_run\results_MI_COLDFUSE_base_seed20260739.final.users.jsonl.gz (57,439 FINAL-epoch per-user records)

wrote C:\Users\rayxc\Documents\R\_bestrec_run\results_MI_COLDFUSE_base_seed20260739.json
[run] results_MI_COLDFUSE_base_seed20260739.fusion.json
=== fusion eval: Musical_Instruments  ckpt=results_MI_COLDFUSE_base_seed20260739.best.pt ===
  n_users=57,439 n_items=24,587
  ckpt from epoch 14 (val NDCG@10 0.04605)

--- EASE l2=50.0: fit + VAL sweep ---
  EASE l2=50.0: inverted 24587x24587 in 63.1s
    [512/57,439 elapsed 0.4s]
    [10,752/57,439 elapsed 3.6s]
    [20,992/57,439 elapsed 6.8s]
    [31,232/57,439 elapsed 10.0s]
    [41,472/57,439 elapsed 13.1s]
    [51,712/57,439 elapsed 16.3s]
  VAL seq NDCG@10=0.04605  ease=0.03472
    w=0.01: val fused NDCG@10=0.04742
    w=0.02: val fused NDCG@10=0.04814
    w=0.03: val fused NDCG@10=0.04823
    w=0.04: val fused NDCG@10=0.04814
    w=0.05: val fused NDCG@10=0.04798
    w=0.06: val fused NDCG@10=0.04761
    w=0.075: val fused NDCG@10=0.04719
    w=0.1: val fused NDCG@10=0.04641

--- EASE l2=100.0: fit + VAL sweep ---
  EASE l2=100.0: inverted 24587x24587 in 65.3s
    [512/57,439 elapsed 0.2s]
    [10,752/57,439 elapsed 3.3s]
    [20,992/57,439 elapsed 6.5s]
    [31,232/57,439 elapsed 9.6s]
    [41,472/57,439 elapsed 12.9s]
    [51,712/57,439 elapsed 16.1s]
  VAL seq NDCG@10=0.04605  ease=0.03536
    w=0.01: val fused NDCG@10=0.04751
    w=0.02: val fused NDCG@10=0.04833
    w=0.03: val fused NDCG@10=0.04849
    w=0.04: val fused NDCG@10=0.04817
    w=0.05: val fused NDCG@10=0.04799
    w=0.06: val fused NDCG@10=0.04774
    w=0.075: val fused NDCG@10=0.04743
    w=0.1: val fused NDCG@10=0.04662

--- EASE l2=200.0: fit + VAL sweep ---
  EASE l2=200.0: inverted 24587x24587 in 63.0s
    [512/57,439 elapsed 0.2s]
    [10,752/57,439 elapsed 3.4s]
    [20,992/57,439 elapsed 6.5s]
    [31,232/57,439 elapsed 9.7s]
    [41,472/57,439 elapsed 12.9s]
    [51,712/57,439 elapsed 16.1s]
  VAL seq NDCG@10=0.04605  ease=0.03548
    w=0.01: val fused NDCG@10=0.04758
    w=0.02: val fused NDCG@10=0.04841
    w=0.03: val fused NDCG@10=0.04841
    w=0.04: val fused NDCG@10=0.04822
    w=0.05: val fused NDCG@10=0.04802
    w=0.06: val fused NDCG@10=0.04772
    w=0.075: val fused NDCG@10=0.04717
    w=0.1: val fused NDCG@10=0.04634

--- EASE l2=500.0: fit + VAL sweep ---
  EASE l2=500.0: inverted 24587x24587 in 66.9s
    [512/57,439 elapsed 0.2s]
    [10,752/57,439 elapsed 3.4s]
    [20,992/57,439 elapsed 6.4s]
    [31,232/57,439 elapsed 9.6s]
    [41,472/57,439 elapsed 13.1s]
    [51,712/57,439 elapsed 16.8s]
  VAL seq NDCG@10=0.04605  ease=0.03500
    w=0.01: val fused NDCG@10=0.04764
    w=0.02: val fused NDCG@10=0.04845
    w=0.03: val fused NDCG@10=0.04837
    w=0.04: val fused NDCG@10=0.04818
    w=0.05: val fused NDCG@10=0.04785
    w=0.06: val fused NDCG@10=0.04754
    w=0.075: val fused NDCG@10=0.04674
    w=0.1: val fused NDCG@10=0.04557

=== selected on VAL: l2=100.0, w=0.03 (val fused NDCG@10=0.04849) ===
  EASE l2=100.0: inverted 24587x24587 in 62.8s
    [512/57,439 elapsed 0.2s]
    [10,752/57,439 elapsed 3.0s]
    [20,992/57,439 elapsed 5.8s]
    [31,232/57,439 elapsed 8.6s]
    [41,472/57,439 elapsed 11.5s]
    [51,712/57,439 elapsed 14.3s]

TEST seq-only  NDCG@10=0.04154 HR@10=0.07484 MRR=0.03769
TEST ease-only NDCG@10=0.03221 HR@10=0.05639
TEST FUSED (w=0.03) NDCG@10=0.04399 HR@10=0.07826 MRR=0.03986
wrote C:\Users\rayxc\Documents\R\_bestrec_run\results_MI_COLDFUSE_base_seed20260739.fusion.json
[run] results_Musical_Instruments_COLDFUSE_confirm_seed20260739.json
=== COLDFUSE confirm: Musical_Instruments seed 20260739 (ease=yes) ===
  EASE l2=100.0: inverted 24587x24587 in 61.5s
  [val] streaming sweep: 41 systems ...
    [512/57,439 1s]
    [20,992/57,439 12s]
    [41,472/57,439 23s]
  VAL ref overall 0.04849 tail 0.00207 | selected {'profile': 'exp0.9', 'wt_tail': 0.2, 'wt_mid': 0.0, 'wt_head': 0.0} val tail 0.00491
  [test] reference + selected ...
    [512/57,439 0s]
    [20,992/57,439 8s]
    [41,472/57,439 16s]
  TEST ref 0.04399 (tail 0.00162) -> sel 0.04402 (tail 0.00360)
wrote C:\Users\rayxc\Documents\R\_bestrec_run\results_Musical_Instruments_COLDFUSE_confirm_seed20260739.json
[run] results_MI_COLDFUSE_base_seed20260740.json
  random seed set to 20260740
=== Musical_Instruments: load splits ===
  n_users=57,439  n_items=24,587  pad_id=24587
  built sequences for 57,439 users
  built timestamp sequences (12 time buckets)
  loading SBERT embeddings from C:\Users\rayxc\Documents\R\cache_5core\sbert_titles_Musical_Instruments.npy...
  TAPE: k-means 24,587 text embeddings into K=512 prototypes (tau=0.05)...
  TAPE: K=512 mean max-assignment weight = 0.525 (1.0 = hard clustering)

=== Build SASRec-SBERT (d=64, layers=4, heads=2) ===
  total params: 11,186,047  device=cuda
  57,439 training examples / 225 batches per epoch
  init_state_sha256 = bad830206a6cac5cbd423f6897d5e109274f022360899737442ff624419e04df
  LR schedule: warmup_cosine (225 warmup + 4275 cosine steps)

=== Train for 20 epochs ===
  evaluating 57,439 users in batches of 512...
    [512/57,439  elapsed 0.1s]
    [5,632/57,439  elapsed 1.2s]
    [10,752/57,439  elapsed 2.2s]
    [15,872/57,439  elapsed 3.4s]
    [20,992/57,439  elapsed 4.4s]
    [26,112/57,439  elapsed 5.4s]
    [31,232/57,439  elapsed 6.4s]
    [36,352/57,439  elapsed 7.5s]
    [41,472/57,439  elapsed 8.5s]
    [46,592/57,439  elapsed 9.6s]
    [51,712/57,439  elapsed 10.6s]
    [56,832/57,439  elapsed 11.8s]
  eval done in 11.9s
  by-popularity NDCG@10: tail=0.0000(n=7,762)  mid=0.0001(n=8,169)  head=0.0370(n=41,508)
  evaluating 57,439 users in batches of 512...
    [512/57,439  elapsed 0.1s]
    [5,632/57,439  elapsed 1.1s]
    [10,752/57,439  elapsed 2.2s]
    [15,872/57,439  elapsed 3.3s]
    [20,992/57,439  elapsed 4.2s]
    [26,112/57,439  elapsed 5.3s]
    [31,232/57,439  elapsed 6.3s]
    [36,352/57,439  elapsed 7.4s]
    [41,472/57,439  elapsed 8.4s]
    [46,592/57,439  elapsed 9.4s]
    [51,712/57,439  elapsed 10.5s]
    [56,832/57,439  elapsed 11.5s]
  eval done in 11.6s
  by-popularity NDCG@10: tail=0.0000(n=8,800)  mid=0.0002(n=8,657)  head=0.0340(n=39,982)
  epoch   1  loss=9.6215  val_NDCG=0.0268  test_NDCG=0.0237  test_HR=0.0451  (7.0s)
  evaluating 57,439 users in batches of 512...
    [512/57,439  elapsed 0.1s]
    [5,632/57,439  elapsed 1.7s]
    [10,752/57,439  elapsed 3.1s]
    [15,872/57,439  elapsed 4.2s]
    [20,992/57,439  elapsed 5.3s]
    [26,112/57,439  elapsed 6.4s]
    [31,232/57,439  elapsed 7.5s]
    [36,352/57,439  elapsed 8.5s]
    [41,472/57,439  elapsed 9.6s]
    [46,592/57,439  elapsed 10.7s]
    [51,712/57,439  elapsed 11.8s]
    [56,832/57,439  elapsed 12.8s]
  eval done in 12.9s
  by-popularity NDCG@10: tail=0.0000(n=7,762)  mid=0.0002(n=8,169)  head=0.0471(n=41,508)
  evaluating 57,439 users in batches of 512...
    [512/57,439  elapsed 0.1s]
    [5,632/57,439  elapsed 1.2s]
    [10,752/57,439  elapsed 2.3s]
    [15,872/57,439  elapsed 3.3s]
    [20,992/57,439  elapsed 4.4s]
    [26,112/57,439  elapsed 5.4s]
    [31,232/57,439  elapsed 6.4s]
    [36,352/57,439  elapsed 7.5s]
    [41,472/57,439  elapsed 8.5s]
    [46,592/57,439  elapsed 9.5s]
    [51,712/57,439  elapsed 10.6s]
    [56,832/57,439  elapsed 11.7s]
  eval done in 11.8s
  by-popularity NDCG@10: tail=0.0000(n=8,800)  mid=0.0002(n=8,657)  head=0.0448(n=39,982)
  epoch   2  loss=9.0945  val_NDCG=0.0340  test_NDCG=0.0312  test_HR=0.0576  (6.7s)
  evaluating 57,439 users in batches of 512...
    [512/57,439  elapsed 0.1s]
    [5,632/57,439  elapsed 1.2s]
    [10,752/57,439  elapsed 2.3s]
    [15,872/57,439  elapsed 3.3s]
    [20,992/57,439  elapsed 4.4s]
    [26,112/57,439  elapsed 5.5s]
    [31,232/57,439  elapsed 6.5s]
    [36,352/57,439  elapsed 7.6s]
    [41,472/57,439  elapsed 8.6s]
    [46,592/57,439  elapsed 9.7s]
    [51,712/57,439  elapsed 10.7s]
    [56,832/57,439  elapsed 11.8s]
  eval done in 11.9s
  by-popularity NDCG@10: tail=0.0000(n=7,762)  mid=0.0008(n=8,169)  head=0.0537(n=41,508)
  evaluating 57,439 users in batches of 512...
    [512/57,439  elapsed 0.1s]
    [5,632/57,439  elapsed 1.2s]
    [10,752/57,439  elapsed 2.2s]
    [15,872/57,439  elapsed 3.3s]
    [20,992/57,439  elapsed 4.3s]
    [26,112/57,439  elapsed 5.4s]
    [31,232/57,439  elapsed 6.4s]
    [36,352/57,439  elapsed 7.5s]
    [41,472/57,439  elapsed 8.5s]
    [46,592/57,439  elapsed 9.6s]
    [51,712/57,439  elapsed 10.6s]
    [56,832/57,439  elapsed 11.6s]
  eval done in 11.8s
  by-popularity NDCG@10: tail=0.0000(n=8,800)  mid=0.0006(n=8,657)  head=0.0509(n=39,982)
  epoch   3  loss=8.9322  val_NDCG=0.0389  test_NDCG=0.0356  test_HR=0.0655  (6.8s)
  evaluating 57,439 users in batches of 512...
    [512/57,439  elapsed 0.1s]
    [5,632/57,439  elapsed 1.2s]
    [10,752/57,439  elapsed 2.3s]
    [15,872/57,439  elapsed 3.4s]
    [20,992/57,439  elapsed 4.5s]
    [26,112/57,439  elapsed 5.5s]
    [31,232/57,439  elapsed 6.6s]
    [36,352/57,439  elapsed 7.6s]
    [41,472/57,439  elapsed 8.7s]
    [46,592/57,439  elapsed 9.8s]
    [51,712/57,439  elapsed 10.8s]
    [56,832/57,439  elapsed 11.9s]
  eval done in 12.0s
  by-popularity NDCG@10: tail=0.0001(n=7,762)  mid=0.0020(n=8,169)  head=0.0552(n=41,508)
  evaluating 57,439 users in batches of 512...
    [512/57,439  elapsed 0.1s]
    [5,632/57,439  elapsed 1.1s]
    [10,752/57,439  elapsed 2.1s]
    [15,872/57,439  elapsed 3.2s]
    [20,992/57,439  elapsed 4.2s]
    [26,112/57,439  elapsed 5.2s]
    [31,232/57,439  elapsed 6.3s]
    [36,352/57,439  elapsed 7.4s]
    [41,472/57,439  elapsed 8.3s]
    [46,592/57,439  elapsed 9.2s]
    [51,712/57,439  elapsed 10.2s]
    [56,832/57,439  elapsed 11.2s]
  eval done in 11.3s
  by-popularity NDCG@10: tail=0.0001(n=8,800)  mid=0.0017(n=8,657)  head=0.0532(n=39,982)
  epoch   4  loss=8.8261  val_NDCG=0.0402  test_NDCG=0.0373  test_HR=0.0685  (6.7s)
  evaluating 57,439 users in batches of 512...
    [512/57,439  elapsed 0.1s]
    [5,632/57,439  elapsed 1.8s]
    [10,752/57,439  elapsed 3.4s]
    [15,872/57,439  elapsed 4.3s]
    [20,992/57,439  elapsed 5.3s]
    [26,112/57,439  elapsed 6.2s]
    [31,232/57,439  elapsed 7.2s]
    [36,352/57,439  elapsed 8.2s]
    [41,472/57,439  elapsed 9.1s]
    [46,592/57,439  elapsed 10.0s]
    [51,712/57,439  elapsed 11.0s]
    [56,832/57,439  elapsed 12.0s]
  eval done in 12.1s
  by-popularity NDCG@10: tail=0.0001(n=7,762)  mid=0.0029(n=8,169)  head=0.0585(n=41,508)
  evaluating 57,439 users in batches of 512...
    [512/57,439  elapsed 0.1s]
    [5,632/57,439  elapsed 1.1s]
    [10,752/57,439  elapsed 2.0s]
    [15,872/57,439  elapsed 2.9s]
    [20,992/57,439  elapsed 3.9s]
    [26,112/57,439  elapsed 4.8s]
    [31,232/57,439  elapsed 5.8s]
    [36,352/57,439  elapsed 6.7s]
    [41,472/57,439  elapsed 7.7s]
    [46,592/57,439  elapsed 8.6s]
    [51,712/57,439  elapsed 9.6s]
    [56,832/57,439  elapsed 10.6s]
  eval done in 10.7s
  by-popularity NDCG@10: tail=0.0002(n=8,800)  mid=0.0023(n=8,657)  head=0.0552(n=39,982)
  epoch   5  loss=8.7467  val_NDCG=0.0427  test_NDCG=0.0388  test_HR=0.0705  (6.9s)
  evaluating 57,439 users in batches of 512...
    [512/57,439  elapsed 0.1s]
    [5,632/57,439  elapsed 1.1s]
    [10,752/57,439  elapsed 2.1s]
    [15,872/57,439  elapsed 3.1s]
    [20,992/57,439  elapsed 4.1s]
    [26,112/57,439  elapsed 5.1s]
    [31,232/57,439  elapsed 6.1s]
    [36,352/57,439  elapsed 7.1s]
    [41,472/57,439  elapsed 8.0s]
    [46,592/57,439  elapsed 9.1s]
    [51,712/57,439  elapsed 10.1s]
    [56,832/57,439  elapsed 11.1s]
  eval done in 11.2s
  by-popularity NDCG@10: tail=0.0004(n=7,762)  mid=0.0037(n=8,169)  head=0.0593(n=41,508)
  evaluating 57,439 users in batches of 512...
    [512/57,439  elapsed 0.1s]
    [5,632/57,439  elapsed 1.1s]
    [10,752/57,439  elapsed 2.1s]
    [15,872/57,439  elapsed 3.0s]
    [20,992/57,439  elapsed 4.0s]
    [26,112/57,439  elapsed 4.9s]
    [31,232/57,439  elapsed 5.9s]
    [36,352/57,439  elapsed 6.8s]
    [41,472/57,439  elapsed 7.8s]
    [46,592/57,439  elapsed 8.7s]
    [51,712/57,439  elapsed 9.7s]
    [56,832/57,439  elapsed 10.7s]
  eval done in 10.9s
  by-popularity NDCG@10: tail=0.0003(n=8,800)  mid=0.0034(n=8,657)  head=0.0560(n=39,982)
  epoch   6  loss=8.6794  val_NDCG=0.0435  test_NDCG=0.0396  test_HR=0.0724  (6.7s)
  evaluating 57,439 users in batches of 512...
    [512/57,439  elapsed 0.1s]
    [5,632/57,439  elapsed 1.4s]
    [10,752/57,439  elapsed 2.4s]
    [15,872/57,439  elapsed 3.3s]
    [20,992/57,439  elapsed 4.3s]
    [26,112/57,439  elapsed 5.3s]
    [31,232/57,439  elapsed 6.2s]
    [36,352/57,439  elapsed 7.1s]
    [41,472/57,439  elapsed 8.1s]
    [46,592/57,439  elapsed 9.0s]
    [51,712/57,439  elapsed 10.0s]
    [56,832/57,439  elapsed 10.9s]
  eval done in 11.0s
  by-popularity NDCG@10: tail=0.0007(n=7,762)  mid=0.0045(n=8,169)  head=0.0610(n=41,508)
  evaluating 57,439 users in batches of 512...
    [512/57,439  elapsed 0.1s]
    [5,632/57,439  elapsed 1.1s]
    [10,752/57,439  elapsed 2.0s]
    [15,872/57,439  elapsed 3.0s]
    [20,992/57,439  elapsed 3.9s]
    [26,112/57,439  elapsed 4.9s]
    [31,232/57,439  elapsed 5.9s]
    [36,352/57,439  elapsed 6.8s]
    [41,472/57,439  elapsed 7.7s]
    [46,592/57,439  elapsed 8.6s]
    [51,712/57,439  elapsed 9.6s]
    [56,832/57,439  elapsed 10.5s]
  eval done in 10.7s
  by-popularity NDCG@10: tail=0.0007(n=8,800)  mid=0.0039(n=8,657)  head=0.0573(n=39,982)
  epoch   7  loss=8.6222  val_NDCG=0.0448  test_NDCG=0.0406  test_HR=0.0743  (7.0s)
  evaluating 57,439 users in batches of 512...
    [512/57,439  elapsed 0.1s]
    [5,632/57,439  elapsed 1.1s]
    [10,752/57,439  elapsed 2.0s]
    [15,872/57,439  elapsed 3.0s]
    [20,992/57,439  elapsed 3.9s]
    [26,112/57,439  elapsed 4.9s]
    [31,232/57,439  elapsed 5.8s]
    [36,352/57,439  elapsed 6.8s]
    [41,472/57,439  elapsed 7.7s]
    [46,592/57,439  elapsed 8.7s]
    [51,712/57,439  elapsed 9.7s]
    [56,832/57,439  elapsed 10.6s]
  eval done in 10.7s
  by-popularity NDCG@10: tail=0.0011(n=7,762)  mid=0.0052(n=8,169)  head=0.0609(n=41,508)
  evaluating 57,439 users in batches of 512...
    [512/57,439  elapsed 0.1s]
    [5,632/57,439  elapsed 1.1s]
    [10,752/57,439  elapsed 2.1s]
    [15,872/57,439  elapsed 3.0s]
    [20,992/57,439  elapsed 4.1s]
    [26,112/57,439  elapsed 5.0s]
    [31,232/57,439  elapsed 6.0s]
    [36,352/57,439  elapsed 7.0s]
    [41,472/57,439  elapsed 7.9s]
    [46,592/57,439  elapsed 8.9s]
    [51,712/57,439  elapsed 9.9s]
    [56,832/57,439  elapsed 10.8s]
  eval done in 11.0s
  by-popularity NDCG@10: tail=0.0008(n=8,800)  mid=0.0046(n=8,657)  head=0.0576(n=39,982)
  epoch   8  loss=8.5674  val_NDCG=0.0449  test_NDCG=0.0409  test_HR=0.0733  (6.7s)
  evaluating 57,439 users in batches of 512...
    [512/57,439  elapsed 0.1s]
    [5,632/57,439  elapsed 1.0s]
    [10,752/57,439  elapsed 2.0s]
    [15,872/57,439  elapsed 3.1s]
    [20,992/57,439  elapsed 4.0s]
    [26,112/57,439  elapsed 5.0s]
    [31,232/57,439  elapsed 5.9s]
    [36,352/57,439  elapsed 7.0s]
    [41,472/57,439  elapsed 7.9s]
    [46,592/57,439  elapsed 8.9s]
    [51,712/57,439  elapsed 9.8s]
    [56,832/57,439  elapsed 10.7s]
  eval done in 10.9s
  by-popularity NDCG@10: tail=0.0012(n=7,762)  mid=0.0051(n=8,169)  head=0.0618(n=41,508)
  evaluating 57,439 users in batches of 512...
    [512/57,439  elapsed 0.1s]
    [5,632/57,439  elapsed 1.1s]
    [10,752/57,439  elapsed 2.0s]
    [15,872/57,439  elapsed 2.9s]
    [20,992/57,439  elapsed 3.9s]
    [26,112/57,439  elapsed 4.8s]
    [31,232/57,439  elapsed 5.8s]
    [36,352/57,439  elapsed 6.7s]
    [41,472/57,439  elapsed 7.7s]
    [46,592/57,439  elapsed 8.6s]
    [51,712/57,439  elapsed 9.5s]
    [56,832/57,439  elapsed 10.4s]
  eval done in 10.6s
  by-popularity NDCG@10: tail=0.0009(n=8,800)  mid=0.0049(n=8,657)  head=0.0579(n=39,982)
  epoch   9  loss=8.5225  val_NDCG=0.0455  test_NDCG=0.0412  test_HR=0.0743  (6.7s)
  evaluating 57,439 users in batches of 512...
    [512/57,439  elapsed 0.1s]
    [5,632/57,439  elapsed 1.1s]
    [10,752/57,439  elapsed 2.1s]
    [15,872/57,439  elapsed 3.0s]
    [20,992/57,439  elapsed 4.0s]
    [26,112/57,439  elapsed 5.0s]
    [31,232/57,439  elapsed 6.0s]
    [36,352/57,439  elapsed 6.9s]
    [41,472/57,439  elapsed 7.9s]
    [46,592/57,439  elapsed 8.8s]
    [51,712/57,439  elapsed 9.8s]
    [56,832/57,439  elapsed 10.7s]
  eval done in 10.8s
  by-popularity NDCG@10: tail=0.0013(n=7,762)  mid=0.0057(n=8,169)  head=0.0615(n=41,508)
  evaluating 57,439 users in batches of 512...
    [512/57,439  elapsed 0.1s]
    [5,632/57,439  elapsed 1.1s]
    [10,752/57,439  elapsed 2.0s]
    [15,872/57,439  elapsed 2.9s]
    [20,992/57,439  elapsed 3.9s]
    [26,112/57,439  elapsed 4.8s]
    [31,232/57,439  elapsed 5.7s]
    [36,352/57,439  elapsed 6.7s]
    [41,472/57,439  elapsed 7.7s]
    [46,592/57,439  elapsed 8.7s]
    [51,712/57,439  elapsed 9.7s]
    [56,832/57,439  elapsed 10.6s]
  eval done in 10.7s
  by-popularity NDCG@10: tail=0.0011(n=8,800)  mid=0.0055(n=8,657)  head=0.0584(n=39,982)
  epoch  10  loss=8.4785  val_NDCG=0.0454  test_NDCG=0.0416  test_HR=0.0746  (6.7s)
  evaluating 57,439 users in batches of 512...
    [512/57,439  elapsed 0.1s]
    [5,632/57,439  elapsed 1.2s]
    [10,752/57,439  elapsed 2.1s]
    [15,872/57,439  elapsed 3.1s]
    [20,992/57,439  elapsed 4.1s]
    [26,112/57,439  elapsed 5.1s]
    [31,232/57,439  elapsed 6.0s]
    [36,352/57,439  elapsed 7.0s]
    [41,472/57,439  elapsed 7.9s]
    [46,592/57,439  elapsed 8.8s]
    [51,712/57,439  elapsed 9.7s]
    [56,832/57,439  elapsed 10.7s]
  eval done in 10.8s
  by-popularity NDCG@10: tail=0.0016(n=7,762)  mid=0.0061(n=8,169)  head=0.0616(n=41,508)
  evaluating 57,439 users in batches of 512...
    [512/57,439  elapsed 0.1s]
    [5,632/57,439  elapsed 1.1s]
    [10,752/57,439  elapsed 2.0s]
    [15,872/57,439  elapsed 3.0s]
    [20,992/57,439  elapsed 4.0s]
    [26,112/57,439  elapsed 4.9s]
    [31,232/57,439  elapsed 5.8s]
    [36,352/57,439  elapsed 6.8s]
    [41,472/57,439  elapsed 7.7s]
    [46,592/57,439  elapsed 8.6s]
    [51,712/57,439  elapsed 9.6s]
    [56,832/57,439  elapsed 10.5s]
  eval done in 10.7s
  by-popularity NDCG@10: tail=0.0011(n=8,800)  mid=0.0060(n=8,657)  head=0.0571(n=39,982)
  epoch  11  loss=8.4403  val_NDCG=0.0456  test_NDCG=0.0408  test_HR=0.0737  (5.9s)
  evaluating 57,439 users in batches of 512...
    [512/57,439  elapsed 0.1s]
    [5,632/57,439  elapsed 1.1s]
    [10,752/57,439  elapsed 2.0s]
    [15,872/57,439  elapsed 3.1s]
    [20,992/57,439  elapsed 4.1s]
    [26,112/57,439  elapsed 5.1s]
    [31,232/57,439  elapsed 6.1s]
    [36,352/57,439  elapsed 7.1s]
    [41,472/57,439  elapsed 8.1s]
    [46,592/57,439  elapsed 9.1s]
    [51,712/57,439  elapsed 10.2s]
    [56,832/57,439  elapsed 11.3s]
  eval done in 11.4s
  by-popularity NDCG@10: tail=0.0017(n=7,762)  mid=0.0066(n=8,169)  head=0.0621(n=41,508)
  evaluating 57,439 users in batches of 512...
    [512/57,439  elapsed 0.1s]
    [5,632/57,439  elapsed 1.2s]
    [10,752/57,439  elapsed 2.4s]
    [15,872/57,439  elapsed 3.6s]
    [20,992/57,439  elapsed 4.6s]
    [26,112/57,439  elapsed 5.6s]
    [31,232/57,439  elapsed 6.6s]
    [36,352/57,439  elapsed 7.6s]
    [41,472/57,439  elapsed 8.5s]
    [46,592/57,439  elapsed 9.4s]
    [51,712/57,439  elapsed 10.4s]
    [56,832/57,439  elapsed 11.3s]
  eval done in 11.5s
  by-popularity NDCG@10: tail=0.0012(n=8,800)  mid=0.0064(n=8,657)  head=0.0578(n=39,982)
  epoch  12  loss=8.4035  val_NDCG=0.0460  test_NDCG=0.0414  test_HR=0.0746  (6.6s)
  evaluating 57,439 users in batches of 512...
    [512/57,439  elapsed 0.1s]
    [5,632/57,439  elapsed 1.1s]
    [10,752/57,439  elapsed 2.1s]
    [15,872/57,439  elapsed 3.2s]
    [20,992/57,439  elapsed 4.2s]
    [26,112/57,439  elapsed 5.2s]
    [31,232/57,439  elapsed 6.2s]
    [36,352/57,439  elapsed 7.2s]
    [41,472/57,439  elapsed 8.1s]
    [46,592/57,439  elapsed 9.1s]
    [51,712/57,439  elapsed 10.0s]
    [56,832/57,439  elapsed 11.0s]
  eval done in 11.1s
  by-popularity NDCG@10: tail=0.0020(n=7,762)  mid=0.0071(n=8,169)  head=0.0622(n=41,508)
  evaluating 57,439 users in batches of 512...
    [512/57,439  elapsed 0.1s]
    [5,632/57,439  elapsed 1.1s]
    [10,752/57,439  elapsed 2.1s]
    [15,872/57,439  elapsed 3.1s]
    [20,992/57,439  elapsed 4.0s]
    [26,112/57,439  elapsed 5.0s]
    [31,232/57,439  elapsed 6.0s]
    [36,352/57,439  elapsed 7.0s]
    [41,472/57,439  elapsed 7.9s]
    [46,592/57,439  elapsed 8.8s]
    [51,712/57,439  elapsed 9.8s]
    [56,832/57,439  elapsed 10.7s]
  eval done in 10.9s
  by-popularity NDCG@10: tail=0.0014(n=8,800)  mid=0.0065(n=8,657)  head=0.0579(n=39,982)
  epoch  13  loss=8.3729  val_NDCG=0.0462  test_NDCG=0.0415  test_HR=0.0745  (6.7s)
  evaluating 57,439 users in batches of 512...
    [512/57,439  elapsed 0.2s]
    [5,632/57,439  elapsed 1.6s]
    [10,752/57,439  elapsed 2.5s]
    [15,872/57,439  elapsed 3.5s]
    [20,992/57,439  elapsed 4.5s]
    [26,112/57,439  elapsed 5.5s]
    [31,232/57,439  elapsed 6.5s]
    [36,352/57,439  elapsed 7.5s]
    [41,472/57,439  elapsed 8.4s]
    [46,592/57,439  elapsed 9.4s]
    [51,712/57,439  elapsed 10.3s]
    [56,832/57,439  elapsed 11.3s]
  eval done in 11.4s
  by-popularity NDCG@10: tail=0.0022(n=7,762)  mid=0.0073(n=8,169)  head=0.0622(n=41,508)
  evaluating 57,439 users in batches of 512...
    [512/57,439  elapsed 0.1s]
    [5,632/57,439  elapsed 1.0s]
    [10,752/57,439  elapsed 2.0s]
    [15,872/57,439  elapsed 3.0s]
    [20,992/57,439  elapsed 3.9s]
    [26,112/57,439  elapsed 4.9s]
    [31,232/57,439  elapsed 5.8s]
    [36,352/57,439  elapsed 6.8s]
    [41,472/57,439  elapsed 7.7s]
    [46,592/57,439  elapsed 8.6s]
    [51,712/57,439  elapsed 9.6s]
    [56,832/57,439  elapsed 10.6s]
  eval done in 10.7s
  by-popularity NDCG@10: tail=0.0014(n=8,800)  mid=0.0067(n=8,657)  head=0.0582(n=39,982)
  epoch  14  loss=8.3449  val_NDCG=0.0463  test_NDCG=0.0418  test_HR=0.0748  (6.8s)
  evaluating 57,439 users in batches of 512...
    [512/57,439  elapsed 0.1s]
    [5,632/57,439  elapsed 1.1s]
    [10,752/57,439  elapsed 2.0s]
    [15,872/57,439  elapsed 3.0s]
    [20,992/57,439  elapsed 4.0s]
    [26,112/57,439  elapsed 5.1s]
    [31,232/57,439  elapsed 6.1s]
    [36,352/57,439  elapsed 7.1s]
    [41,472/57,439  elapsed 8.1s]
    [46,592/57,439  elapsed 9.0s]
    [51,712/57,439  elapsed 9.9s]
    [56,832/57,439  elapsed 10.9s]
  eval done in 11.0s
  by-popularity NDCG@10: tail=0.0022(n=7,762)  mid=0.0074(n=8,169)  head=0.0620(n=41,508)
  evaluating 57,439 users in batches of 512...
    [512/57,439  elapsed 0.1s]
    [5,632/57,439  elapsed 1.1s]
    [10,752/57,439  elapsed 2.0s]
    [15,872/57,439  elapsed 2.9s]
    [20,992/57,439  elapsed 3.9s]
    [26,112/57,439  elapsed 4.8s]
    [31,232/57,439  elapsed 5.8s]
    [36,352/57,439  elapsed 6.7s]
    [41,472/57,439  elapsed 7.7s]
    [46,592/57,439  elapsed 8.7s]
    [51,712/57,439  elapsed 9.7s]
    [56,832/57,439  elapsed 10.6s]
  eval done in 10.7s
  by-popularity NDCG@10: tail=0.0015(n=8,800)  mid=0.0067(n=8,657)  head=0.0573(n=39,982)
  epoch  15  loss=8.3216  val_NDCG=0.0461  test_NDCG=0.0411  test_HR=0.0739  (6.7s)
  evaluating 57,439 users in batches of 512...
    [512/57,439  elapsed 0.1s]
    [5,632/57,439  elapsed 1.1s]
    [10,752/57,439  elapsed 2.0s]
    [15,872/57,439  elapsed 2.9s]
    [20,992/57,439  elapsed 3.9s]
    [26,112/57,439  elapsed 4.8s]
    [31,232/57,439  elapsed 5.8s]
    [36,352/57,439  elapsed 6.7s]
    [41,472/57,439  elapsed 7.9s]
    [46,592/57,439  elapsed 8.8s]
    [51,712/57,439  elapsed 9.8s]
    [56,832/57,439  elapsed 10.8s]
  eval done in 11.0s
  by-popularity NDCG@10: tail=0.0022(n=7,762)  mid=0.0074(n=8,169)  head=0.0621(n=41,508)
  evaluating 57,439 users in batches of 512...
    [512/57,439  elapsed 0.1s]
    [5,632/57,439  elapsed 1.0s]
    [10,752/57,439  elapsed 2.1s]
    [15,872/57,439  elapsed 3.1s]
    [20,992/57,439  elapsed 4.1s]
    [26,112/57,439  elapsed 5.0s]
    [31,232/57,439  elapsed 5.9s]
    [36,352/57,439  elapsed 6.9s]
    [41,472/57,439  elapsed 7.9s]
    [46,592/57,439  elapsed 8.9s]
    [51,712/57,439  elapsed 10.0s]
    [56,832/57,439  elapsed 10.9s]
  eval done in 11.0s
  by-popularity NDCG@10: tail=0.0016(n=8,800)  mid=0.0069(n=8,657)  head=0.0579(n=39,982)
  epoch  16  loss=8.3046  val_NDCG=0.0462  test_NDCG=0.0415  test_HR=0.0748  (5.8s)
  evaluating 57,439 users in batches of 512...
    [512/57,439  elapsed 0.1s]
    [5,632/57,439  elapsed 1.0s]
    [10,752/57,439  elapsed 2.1s]
    [15,872/57,439  elapsed 3.2s]
    [20,992/57,439  elapsed 4.2s]
    [26,112/57,439  elapsed 5.2s]
    [31,232/57,439  elapsed 6.3s]
    [36,352/57,439  elapsed 7.3s]
    [41,472/57,439  elapsed 8.3s]
    [46,592/57,439  elapsed 9.5s]
    [51,712/57,439  elapsed 10.6s]
    [56,832/57,439  elapsed 11.8s]
  eval done in 11.9s
  by-popularity NDCG@10: tail=0.0024(n=7,762)  mid=0.0076(n=8,169)  head=0.0618(n=41,508)
  evaluating 57,439 users in batches of 512...
    [512/57,439  elapsed 0.1s]
    [5,632/57,439  elapsed 1.2s]
    [10,752/57,439  elapsed 2.2s]
    [15,872/57,439  elapsed 3.2s]
    [20,992/57,439  elapsed 4.2s]
    [26,112/57,439  elapsed 5.3s]
    [31,232/57,439  elapsed 6.3s]
    [36,352/57,439  elapsed 7.3s]
    [41,472/57,439  elapsed 8.4s]
    [46,592/57,439  elapsed 9.4s]
    [51,712/57,439  elapsed 10.5s]
    [56,832/57,439  elapsed 11.5s]
  eval done in 11.7s
  by-popularity NDCG@10: tail=0.0015(n=8,800)  mid=0.0070(n=8,657)  head=0.0574(n=39,982)
  epoch  17  loss=8.2895  val_NDCG=0.0461  test_NDCG=0.0413  test_HR=0.0740  (5.9s)
  evaluating 57,439 users in batches of 512...
    [512/57,439  elapsed 0.1s]
    [5,632/57,439  elapsed 1.2s]
    [10,752/57,439  elapsed 2.2s]
    [15,872/57,439  elapsed 3.3s]
    [20,992/57,439  elapsed 4.4s]
    [26,112/57,439  elapsed 5.4s]
    [31,232/57,439  elapsed 6.4s]
    [36,352/57,439  elapsed 7.5s]
    [41,472/57,439  elapsed 8.6s]
    [46,592/57,439  elapsed 9.7s]
    [51,712/57,439  elapsed 10.8s]
    [56,832/57,439  elapsed 11.8s]
  eval done in 12.0s
  by-popularity NDCG@10: tail=0.0023(n=7,762)  mid=0.0076(n=8,169)  head=0.0619(n=41,508)
  evaluating 57,439 users in batches of 512...
    [512/57,439  elapsed 0.1s]
    [5,632/57,439  elapsed 1.2s]
    [10,752/57,439  elapsed 2.3s]
    [15,872/57,439  elapsed 3.4s]
    [20,992/57,439  elapsed 4.5s]
    [26,112/57,439  elapsed 5.5s]
    [31,232/57,439  elapsed 6.5s]
    [36,352/57,439  elapsed 7.5s]
    [41,472/57,439  elapsed 8.6s]
    [46,592/57,439  elapsed 9.7s]
    [51,712/57,439  elapsed 10.7s]
    [56,832/57,439  elapsed 11.8s]
  eval done in 11.9s
  by-popularity NDCG@10: tail=0.0015(n=8,800)  mid=0.0071(n=8,657)  head=0.0571(n=39,982)
  epoch  18  loss=8.2804  val_NDCG=0.0461  test_NDCG=0.0411  test_HR=0.0739  (5.9s)
  evaluating 57,439 users in batches of 512...
    [512/57,439  elapsed 0.1s]
    [5,632/57,439  elapsed 1.2s]
    [10,752/57,439  elapsed 2.2s]
    [15,872/57,439  elapsed 3.2s]
    [20,992/57,439  elapsed 4.3s]
    [26,112/57,439  elapsed 5.3s]
    [31,232/57,439  elapsed 6.4s]
    [36,352/57,439  elapsed 7.6s]
    [41,472/57,439  elapsed 8.5s]
    [46,592/57,439  elapsed 9.5s]
    [51,712/57,439  elapsed 10.5s]
    [56,832/57,439  elapsed 11.6s]
  eval done in 11.7s
  by-popularity NDCG@10: tail=0.0024(n=7,762)  mid=0.0076(n=8,169)  head=0.0618(n=41,508)
  evaluating 57,439 users in batches of 512...
    [512/57,439  elapsed 0.1s]
    [5,632/57,439  elapsed 1.2s]
    [10,752/57,439  elapsed 2.2s]
    [15,872/57,439  elapsed 3.1s]
    [20,992/57,439  elapsed 4.0s]
    [26,112/57,439  elapsed 4.9s]
    [31,232/57,439  elapsed 5.9s]
    [36,352/57,439  elapsed 6.9s]
    [41,472/57,439  elapsed 7.8s]
    [46,592/57,439  elapsed 8.8s]
    [51,712/57,439  elapsed 9.7s]
    [56,832/57,439  elapsed 10.7s]
  eval done in 10.8s
  by-popularity NDCG@10: tail=0.0016(n=8,800)  mid=0.0071(n=8,657)  head=0.0572(n=39,982)
  epoch  19  loss=8.2736  val_NDCG=0.0460  test_NDCG=0.0411  test_HR=0.0741  (5.9s)
  evaluating 57,439 users in batches of 512...
    [512/57,439  elapsed 0.1s]
    [5,632/57,439  elapsed 1.1s]
    [10,752/57,439  elapsed 2.1s]
    [15,872/57,439  elapsed 3.1s]
    [20,992/57,439  elapsed 4.1s]
    [26,112/57,439  elapsed 5.1s]
    [31,232/57,439  elapsed 6.1s]
    [36,352/57,439  elapsed 7.1s]
    [41,472/57,439  elapsed 8.2s]
    [46,592/57,439  elapsed 9.3s]
    [51,712/57,439  elapsed 10.3s]
    [56,832/57,439  elapsed 11.5s]
  eval done in 11.6s
  by-popularity NDCG@10: tail=0.0023(n=7,762)  mid=0.0075(n=8,169)  head=0.0618(n=41,508)
  evaluating 57,439 users in batches of 512...
    [512/57,439  elapsed 0.1s]
    [5,632/57,439  elapsed 1.1s]
    [10,752/57,439  elapsed 2.1s]
    [15,872/57,439  elapsed 3.2s]
    [20,992/57,439  elapsed 4.3s]
    [26,112/57,439  elapsed 5.4s]
    [31,232/57,439  elapsed 6.5s]
    [36,352/57,439  elapsed 7.5s]
    [41,472/57,439  elapsed 8.5s]
    [46,592/57,439  elapsed 9.6s]
    [51,712/57,439  elapsed 10.6s]
    [56,832/57,439  elapsed 11.7s]
  eval done in 11.8s
  by-popularity NDCG@10: tail=0.0015(n=8,800)  mid=0.0070(n=8,657)  head=0.0572(n=39,982)
  epoch  20  loss=8.2721  val_NDCG=0.0460  test_NDCG=0.0411  test_HR=0.0740  (5.9s)

=== Best by val NDCG@10 ===
  val_NDCG=0.0463
  test: {'NDCG@10': 0.04176931467069715, 'HR@10': 0.0748446177684152, 'MRR': 0.03799239214760333, 'n_eval': 57439, 'by_popularity': {'tail': {'NDCG@10': 0.0013883551211539213, 'HR@10': 0.0027272727272727275, 'n': 8800, 'n_hit@10': 24, 'HR@20': 0.006590909090909091, 'n_hit@20': 58, 'HR@50': 0.016363636363636365, 'n_hit@50': 144, 'HR@100': 0.030795454545454546, 'n_hit@100': 271}, 'mid': {'NDCG@10': 0.006723083030789671, 'HR@10': 0.012821993762273306, 'n': 8657, 'n_hit@10': 111, 'HR@20': 0.022871664548919948, 'n_hit@20': 198, 'HR@50': 0.045627815640522124, 'n_hit@50': 395, 'HR@100': 0.07958877209194871, 'n_hit@100': 689}, 'head': {'NDCG@10': 0.05824542070197773, 'HR@10': 0.10414686608974039, 'n': 39982, 'n_hit@10': 4164, 'HR@20': 0.14849182131959382, 'n_hit@20': 5937, 'HR@50': 0.22940323145415437, 'n_hit@50': 9172, 'HR@100': 0.30763843729678353, 'n_hit@100': 12300}}}
wrote C:\Users\rayxc\Documents\R\_bestrec_run\results_MI_COLDFUSE_base_seed20260740.users.jsonl.gz (57,439 per-user records, best epoch 14, sha256 e88102855994…)
wrote C:\Users\rayxc\Documents\R\_bestrec_run\results_MI_COLDFUSE_base_seed20260740.final.users.jsonl.gz (57,439 FINAL-epoch per-user records)

wrote C:\Users\rayxc\Documents\R\_bestrec_run\results_MI_COLDFUSE_base_seed20260740.json
[run] results_MI_COLDFUSE_base_seed20260740.fusion.json
=== fusion eval: Musical_Instruments  ckpt=results_MI_COLDFUSE_base_seed20260740.best.pt ===
  n_users=57,439 n_items=24,587
  ckpt from epoch 14 (val NDCG@10 0.04625)

--- EASE l2=50.0: fit + VAL sweep ---
  EASE l2=50.0: inverted 24587x24587 in 61.0s
    [512/57,439 elapsed 0.3s]
    [10,752/57,439 elapsed 3.3s]
    [20,992/57,439 elapsed 6.3s]
    [31,232/57,439 elapsed 9.2s]
    [41,472/57,439 elapsed 12.1s]
    [51,712/57,439 elapsed 15.0s]
  VAL seq NDCG@10=0.04625  ease=0.03472
    w=0.01: val fused NDCG@10=0.04783
    w=0.02: val fused NDCG@10=0.04834
    w=0.03: val fused NDCG@10=0.04863
    w=0.04: val fused NDCG@10=0.04846
    w=0.05: val fused NDCG@10=0.04814
    w=0.06: val fused NDCG@10=0.04790
    w=0.075: val fused NDCG@10=0.04748
    w=0.1: val fused NDCG@10=0.04652

--- EASE l2=100.0: fit + VAL sweep ---
  EASE l2=100.0: inverted 24587x24587 in 60.8s
    [512/57,439 elapsed 0.2s]
    [10,752/57,439 elapsed 3.0s]
    [20,992/57,439 elapsed 5.8s]
    [31,232/57,439 elapsed 8.5s]
    [41,472/57,439 elapsed 11.3s]
    [51,712/57,439 elapsed 14.1s]
  VAL seq NDCG@10=0.04625  ease=0.03536
    w=0.01: val fused NDCG@10=0.04785
    w=0.02: val fused NDCG@10=0.04835
    w=0.03: val fused NDCG@10=0.04852
    w=0.04: val fused NDCG@10=0.04845
    w=0.05: val fused NDCG@10=0.04824
    w=0.06: val fused NDCG@10=0.04796
    w=0.075: val fused NDCG@10=0.04760
    w=0.1: val fused NDCG@10=0.04658

--- EASE l2=200.0: fit + VAL sweep ---
  EASE l2=200.0: inverted 24587x24587 in 61.3s
    [512/57,439 elapsed 0.2s]
    [10,752/57,439 elapsed 3.0s]
    [20,992/57,439 elapsed 6.0s]
    [31,232/57,439 elapsed 8.9s]
    [41,472/57,439 elapsed 11.7s]
    [51,712/57,439 elapsed 14.8s]
  VAL seq NDCG@10=0.04625  ease=0.03548
    w=0.01: val fused NDCG@10=0.04781
    w=0.02: val fused NDCG@10=0.04841
    w=0.03: val fused NDCG@10=0.04845
    w=0.04: val fused NDCG@10=0.04832
    w=0.05: val fused NDCG@10=0.04804
    w=0.06: val fused NDCG@10=0.04784
    w=0.075: val fused NDCG@10=0.04735
    w=0.1: val fused NDCG@10=0.04637

--- EASE l2=500.0: fit + VAL sweep ---
  EASE l2=500.0: inverted 24587x24587 in 61.4s
    [512/57,439 elapsed 0.2s]
    [10,752/57,439 elapsed 3.2s]
    [20,992/57,439 elapsed 6.2s]
    [31,232/57,439 elapsed 9.2s]
    [41,472/57,439 elapsed 12.2s]
    [51,712/57,439 elapsed 15.2s]
  VAL seq NDCG@10=0.04625  ease=0.03500
    w=0.01: val fused NDCG@10=0.04781
    w=0.02: val fused NDCG@10=0.04832
    w=0.03: val fused NDCG@10=0.04827
    w=0.04: val fused NDCG@10=0.04807
    w=0.05: val fused NDCG@10=0.04784
    w=0.06: val fused NDCG@10=0.04744
    w=0.075: val fused NDCG@10=0.04686
    w=0.1: val fused NDCG@10=0.04583

=== selected on VAL: l2=50.0, w=0.03 (val fused NDCG@10=0.04863) ===
  EASE l2=50.0: inverted 24587x24587 in 61.0s
    [512/57,439 elapsed 0.2s]
    [10,752/57,439 elapsed 2.7s]
    [20,992/57,439 elapsed 5.2s]
    [31,232/57,439 elapsed 7.8s]
    [41,472/57,439 elapsed 10.3s]
    [51,712/57,439 elapsed 12.7s]

TEST seq-only  NDCG@10=0.04177 HR@10=0.07484 MRR=0.03799
TEST ease-only NDCG@10=0.03181 HR@10=0.05501
TEST FUSED (w=0.03) NDCG@10=0.04400 HR@10=0.07798 MRR=0.03993
wrote C:\Users\rayxc\Documents\R\_bestrec_run\results_MI_COLDFUSE_base_seed20260740.fusion.json
[run] results_Musical_Instruments_COLDFUSE_confirm_seed20260740.json
=== COLDFUSE confirm: Musical_Instruments seed 20260740 (ease=yes) ===
  EASE l2=50.0: inverted 24587x24587 in 62.2s
  [val] streaming sweep: 41 systems ...
    [512/57,439 1s]
    [20,992/57,439 11s]
    [41,472/57,439 21s]
  VAL ref overall 0.04863 tail 0.00220 | selected {'profile': 'exp0.9', 'wt_tail': 0.2, 'wt_mid': 0.0, 'wt_head': 0.0} val tail 0.00521
  [test] reference + selected ...
    [512/57,439 0s]
    [20,992/57,439 7s]
    [41,472/57,439 14s]
  TEST ref 0.04400 (tail 0.00132) -> sel 0.04408 (tail 0.00366)
wrote C:\Users\rayxc\Documents\R\_bestrec_run\results_Musical_Instruments_COLDFUSE_confirm_seed20260740.json
[run] results_IS_COLDFUSE_base_seed20260736.json
  random seed set to 20260736
=== Industrial_and_Scientific: load splits ===
  n_users=50,985  n_items=25,848  pad_id=25848
  built sequences for 50,985 users
  built timestamp sequences (12 time buckets)
  loading SBERT embeddings from C:\Users\rayxc\Documents\R\cache_5core\sbert_titles_Industrial_and_Scientific.npy...
  TAPE: k-means 25,848 text embeddings into K=512 prototypes (tau=0.05)...
  TAPE: K=512 mean max-assignment weight = 0.597 (1.0 = hard clustering)

=== Build SASRec-SBERT (d=64, layers=4, heads=2) ===
  total params: 11,750,463  device=cuda
  50,985 training examples / 200 batches per epoch
  init_state_sha256 = d543d1ac4640171e85db6996bf2de80b6847c5d2d3102615184359a94e1f122f
  LR schedule: warmup_cosine (200 warmup + 3800 cosine steps)

=== Train for 20 epochs ===
  evaluating 50,985 users in batches of 512...
    [512/50,985  elapsed 0.1s]
    [5,632/50,985  elapsed 1.1s]
    [10,752/50,985  elapsed 2.0s]
    [15,872/50,985  elapsed 3.0s]
    [20,992/50,985  elapsed 3.9s]
    [26,112/50,985  elapsed 4.9s]
    [31,232/50,985  elapsed 5.9s]
    [36,352/50,985  elapsed 6.8s]
    [41,472/50,985  elapsed 7.7s]
    [46,592/50,985  elapsed 8.7s]
  eval done in 9.5s
  by-popularity NDCG@10: tail=0.0000(n=9,330)  mid=0.0001(n=8,951)  head=0.0296(n=32,704)
  evaluating 50,985 users in batches of 512...
    [512/50,985  elapsed 0.1s]
    [5,632/50,985  elapsed 1.1s]
    [10,752/50,985  elapsed 2.0s]
    [15,872/50,985  elapsed 3.0s]
    [20,992/50,985  elapsed 4.0s]
    [26,112/50,985  elapsed 4.9s]
    [31,232/50,985  elapsed 5.9s]
    [36,352/50,985  elapsed 6.8s]
    [41,472/50,985  elapsed 7.8s]
    [46,592/50,985  elapsed 8.7s]
  eval done in 9.5s
  by-popularity NDCG@10: tail=0.0000(n=10,592)  mid=0.0000(n=9,237)  head=0.0267(n=31,156)
  epoch   1  loss=9.7616  val_NDCG=0.0190  test_NDCG=0.0163  test_HR=0.0314  (6.0s)
  evaluating 50,985 users in batches of 512...
    [512/50,985  elapsed 0.1s]
    [5,632/50,985  elapsed 1.7s]
    [10,752/50,985  elapsed 3.5s]
    [15,872/50,985  elapsed 5.2s]
    [20,992/50,985  elapsed 6.1s]
    [26,112/50,985  elapsed 7.1s]
    [31,232/50,985  elapsed 8.0s]
    [36,352/50,985  elapsed 9.0s]
    [41,472/50,985  elapsed 10.0s]
    [46,592/50,985  elapsed 11.0s]
  eval done in 11.8s
  by-popularity NDCG@10: tail=0.0000(n=9,330)  mid=0.0005(n=8,951)  head=0.0421(n=32,704)
  evaluating 50,985 users in batches of 512...
    [512/50,985  elapsed 0.1s]
    [5,632/50,985  elapsed 1.1s]
    [10,752/50,985  elapsed 2.1s]
    [15,872/50,985  elapsed 3.1s]
    [20,992/50,985  elapsed 4.0s]
    [26,112/50,985  elapsed 4.9s]
    [31,232/50,985  elapsed 5.9s]
    [36,352/50,985  elapsed 6.9s]
    [41,472/50,985  elapsed 7.8s]
    [46,592/50,985  elapsed 8.8s]
  eval done in 9.6s
  by-popularity NDCG@10: tail=0.0000(n=10,592)  mid=0.0003(n=9,237)  head=0.0369(n=31,156)
  epoch   2  loss=9.2274  val_NDCG=0.0271  test_NDCG=0.0226  test_HR=0.0425  (5.8s)
  evaluating 50,985 users in batches of 512...
    [512/50,985  elapsed 0.1s]
    [5,632/50,985  elapsed 1.3s]
    [10,752/50,985  elapsed 2.6s]
    [15,872/50,985  elapsed 4.4s]
    [20,992/50,985  elapsed 6.1s]
    [26,112/50,985  elapsed 7.6s]
    [31,232/50,985  elapsed 8.5s]
    [36,352/50,985  elapsed 9.5s]
    [41,472/50,985  elapsed 10.5s]
    [46,592/50,985  elapsed 11.5s]
  eval done in 12.3s
  by-popularity NDCG@10: tail=0.0002(n=9,330)  mid=0.0010(n=8,951)  head=0.0494(n=32,704)
  evaluating 50,985 users in batches of 512...
    [512/50,985  elapsed 0.1s]
    [5,632/50,985  elapsed 1.0s]
    [10,752/50,985  elapsed 2.0s]
    [15,872/50,985  elapsed 2.9s]
    [20,992/50,985  elapsed 3.9s]
    [26,112/50,985  elapsed 4.8s]
    [31,232/50,985  elapsed 5.8s]
    [36,352/50,985  elapsed 6.8s]
    [41,472/50,985  elapsed 7.7s]
    [46,592/50,985  elapsed 8.6s]
  eval done in 9.4s
  by-popularity NDCG@10: tail=0.0001(n=10,592)  mid=0.0012(n=9,237)  head=0.0447(n=31,156)
  epoch   3  loss=9.0168  val_NDCG=0.0319  test_NDCG=0.0275  test_HR=0.0509  (6.0s)
  evaluating 50,985 users in batches of 512...
    [512/50,985  elapsed 0.1s]
    [5,632/50,985  elapsed 1.1s]
    [10,752/50,985  elapsed 2.1s]
    [15,872/50,985  elapsed 3.1s]
    [20,992/50,985  elapsed 4.0s]
    [26,112/50,985  elapsed 5.0s]
    [31,232/50,985  elapsed 5.9s]
    [36,352/50,985  elapsed 6.9s]
    [41,472/50,985  elapsed 7.8s]
    [46,592/50,985  elapsed 8.8s]
  eval done in 9.6s
  by-popularity NDCG@10: tail=0.0004(n=9,330)  mid=0.0026(n=8,951)  head=0.0538(n=32,704)
  evaluating 50,985 users in batches of 512...
    [512/50,985  elapsed 0.1s]
    [5,632/50,985  elapsed 1.0s]
    [10,752/50,985  elapsed 1.9s]
    [15,872/50,985  elapsed 2.8s]
    [20,992/50,985  elapsed 3.7s]
    [26,112/50,985  elapsed 4.7s]
    [31,232/50,985  elapsed 5.6s]
    [36,352/50,985  elapsed 6.5s]
    [41,472/50,985  elapsed 7.4s]
    [46,592/50,985  elapsed 8.3s]
  eval done in 9.0s
  by-popularity NDCG@10: tail=0.0002(n=10,592)  mid=0.0024(n=9,237)  head=0.0476(n=31,156)
  epoch   4  loss=8.8702  val_NDCG=0.0351  test_NDCG=0.0295  test_HR=0.0526  (5.9s)
  evaluating 50,985 users in batches of 512...
    [512/50,985  elapsed 0.1s]
    [5,632/50,985  elapsed 1.2s]
    [10,752/50,985  elapsed 2.2s]
    [15,872/50,985  elapsed 3.1s]
    [20,992/50,985  elapsed 4.1s]
    [26,112/50,985  elapsed 5.1s]
    [31,232/50,985  elapsed 6.0s]
    [36,352/50,985  elapsed 7.0s]
    [41,472/50,985  elapsed 8.0s]
    [46,592/50,985  elapsed 8.9s]
  eval done in 9.8s
  by-popularity NDCG@10: tail=0.0007(n=9,330)  mid=0.0042(n=8,951)  head=0.0564(n=32,704)
  evaluating 50,985 users in batches of 512...
    [512/50,985  elapsed 0.1s]
    [5,632/50,985  elapsed 1.4s]
    [10,752/50,985  elapsed 2.6s]
    [15,872/50,985  elapsed 3.9s]
    [20,992/50,985  elapsed 5.0s]
    [26,112/50,985  elapsed 6.3s]
    [31,232/50,985  elapsed 7.3s]
    [36,352/50,985  elapsed 8.2s]
    [41,472/50,985  elapsed 9.2s]
    [46,592/50,985  elapsed 10.2s]
  eval done in 11.0s
  by-popularity NDCG@10: tail=0.0005(n=10,592)  mid=0.0036(n=9,237)  head=0.0502(n=31,156)
  epoch   5  loss=8.7540  val_NDCG=0.0370  test_NDCG=0.0315  test_HR=0.0561  (5.8s)
  evaluating 50,985 users in batches of 512...
    [512/50,985  elapsed 0.1s]
    [5,632/50,985  elapsed 1.6s]
    [10,752/50,985  elapsed 3.3s]
    [15,872/50,985  elapsed 5.1s]
    [20,992/50,985  elapsed 6.2s]
    [26,112/50,985  elapsed 7.2s]
    [31,232/50,985  elapsed 8.1s]
    [36,352/50,985  elapsed 9.1s]
    [41,472/50,985  elapsed 10.1s]
    [46,592/50,985  elapsed 11.0s]
  eval done in 11.8s
  by-popularity NDCG@10: tail=0.0009(n=9,330)  mid=0.0061(n=8,951)  head=0.0581(n=32,704)
  evaluating 50,985 users in batches of 512...
    [512/50,985  elapsed 0.1s]
    [5,632/50,985  elapsed 1.1s]
    [10,752/50,985  elapsed 2.0s]
    [15,872/50,985  elapsed 3.0s]
    [20,992/50,985  elapsed 4.1s]
    [26,112/50,985  elapsed 5.0s]
    [31,232/50,985  elapsed 6.0s]
    [36,352/50,985  elapsed 7.0s]
    [41,472/50,985  elapsed 8.0s]
    [46,592/50,985  elapsed 9.0s]
  eval done in 9.8s
  by-popularity NDCG@10: tail=0.0005(n=10,592)  mid=0.0050(n=9,237)  head=0.0504(n=31,156)
  epoch   6  loss=8.6533  val_NDCG=0.0385  test_NDCG=0.0318  test_HR=0.0574  (5.9s)
  evaluating 50,985 users in batches of 512...
    [512/50,985  elapsed 0.1s]
    [5,632/50,985  elapsed 1.0s]
    [10,752/50,985  elapsed 2.0s]
    [15,872/50,985  elapsed 2.9s]
    [20,992/50,985  elapsed 3.8s]
    [26,112/50,985  elapsed 4.7s]
    [31,232/50,985  elapsed 5.6s]
    [36,352/50,985  elapsed 6.5s]
    [41,472/50,985  elapsed 7.4s]
    [46,592/50,985  elapsed 8.3s]
  eval done in 9.0s
  by-popularity NDCG@10: tail=0.0010(n=9,330)  mid=0.0078(n=8,951)  head=0.0595(n=32,704)
  evaluating 50,985 users in batches of 512...
    [512/50,985  elapsed 0.1s]
    [5,632/50,985  elapsed 1.0s]
    [10,752/50,985  elapsed 1.8s]
    [15,872/50,985  elapsed 2.8s]
    [20,992/50,985  elapsed 3.7s]
    [26,112/50,985  elapsed 4.7s]
    [31,232/50,985  elapsed 5.6s]
    [36,352/50,985  elapsed 6.5s]
    [41,472/50,985  elapsed 7.4s]
    [46,592/50,985  elapsed 8.3s]
  eval done in 9.1s
  by-popularity NDCG@10: tail=0.0008(n=10,592)  mid=0.0061(n=9,237)  head=0.0524(n=31,156)
  epoch   7  loss=8.5686  val_NDCG=0.0397  test_NDCG=0.0333  test_HR=0.0587  (5.9s)
  evaluating 50,985 users in batches of 512...
    [512/50,985  elapsed 0.1s]
    [5,632/50,985  elapsed 1.8s]
    [10,752/50,985  elapsed 3.1s]
    [15,872/50,985  elapsed 4.0s]
    [20,992/50,985  elapsed 4.9s]
    [26,112/50,985  elapsed 5.9s]
    [31,232/50,985  elapsed 6.7s]
    [36,352/50,985  elapsed 7.6s]
    [41,472/50,985  elapsed 8.5s]
    [46,592/50,985  elapsed 9.4s]
  eval done in 10.2s
  by-popularity NDCG@10: tail=0.0014(n=9,330)  mid=0.0093(n=8,951)  head=0.0596(n=32,704)
  evaluating 50,985 users in batches of 512...
    [512/50,985  elapsed 0.1s]
    [5,632/50,985  elapsed 1.1s]
    [10,752/50,985  elapsed 2.0s]
    [15,872/50,985  elapsed 2.9s]
    [20,992/50,985  elapsed 3.8s]
    [26,112/50,985  elapsed 4.7s]
    [31,232/50,985  elapsed 5.6s]
    [36,352/50,985  elapsed 6.5s]
    [41,472/50,985  elapsed 7.4s]
    [46,592/50,985  elapsed 8.3s]
  eval done in 9.0s
  by-popularity NDCG@10: tail=0.0010(n=10,592)  mid=0.0070(n=9,237)  head=0.0522(n=31,156)
  epoch   8  loss=8.4904  val_NDCG=0.0401  test_NDCG=0.0334  test_HR=0.0589  (5.8s)
  evaluating 50,985 users in batches of 512...
    [512/50,985  elapsed 0.1s]
    [5,632/50,985  elapsed 1.1s]
    [10,752/50,985  elapsed 2.0s]
    [15,872/50,985  elapsed 2.9s]
    [20,992/50,985  elapsed 3.8s]
    [26,112/50,985  elapsed 4.6s]
    [31,232/50,985  elapsed 5.5s]
    [36,352/50,985  elapsed 6.4s]
    [41,472/50,985  elapsed 7.3s]
    [46,592/50,985  elapsed 8.2s]
  eval done in 9.0s
  by-popularity NDCG@10: tail=0.0016(n=9,330)  mid=0.0106(n=8,951)  head=0.0601(n=32,704)
  evaluating 50,985 users in batches of 512...
    [512/50,985  elapsed 0.1s]
    [5,632/50,985  elapsed 1.1s]
    [10,752/50,985  elapsed 2.0s]
    [15,872/50,985  elapsed 2.9s]
    [20,992/50,985  elapsed 3.8s]
    [26,112/50,985  elapsed 4.7s]
    [31,232/50,985  elapsed 5.6s]
    [36,352/50,985  elapsed 6.5s]
    [41,472/50,985  elapsed 7.4s]
    [46,592/50,985  elapsed 8.2s]
  eval done in 9.0s
  by-popularity NDCG@10: tail=0.0013(n=10,592)  mid=0.0078(n=9,237)  head=0.0524(n=31,156)
  epoch   9  loss=8.4237  val_NDCG=0.0407  test_NDCG=0.0337  test_HR=0.0598  (5.9s)
  evaluating 50,985 users in batches of 512...
    [512/50,985  elapsed 0.1s]
    [5,632/50,985  elapsed 1.1s]
    [10,752/50,985  elapsed 2.0s]
    [15,872/50,985  elapsed 2.9s]
    [20,992/50,985  elapsed 3.8s]
    [26,112/50,985  elapsed 4.7s]
    [31,232/50,985  elapsed 5.7s]
    [36,352/50,985  elapsed 6.7s]
    [41,472/50,985  elapsed 7.6s]
    [46,592/50,985  elapsed 8.5s]
  eval done in 9.3s
  by-popularity NDCG@10: tail=0.0018(n=9,330)  mid=0.0111(n=8,951)  head=0.0608(n=32,704)
  evaluating 50,985 users in batches of 512...
    [512/50,985  elapsed 0.1s]
    [5,632/50,985  elapsed 1.1s]
    [10,752/50,985  elapsed 2.1s]
    [15,872/50,985  elapsed 3.0s]
    [20,992/50,985  elapsed 4.0s]
    [26,112/50,985  elapsed 5.0s]
    [31,232/50,985  elapsed 5.9s]
    [36,352/50,985  elapsed 6.9s]
    [41,472/50,985  elapsed 7.9s]
    [46,592/50,985  elapsed 8.9s]
  eval done in 9.6s
  by-popularity NDCG@10: tail=0.0016(n=10,592)  mid=0.0085(n=9,237)  head=0.0525(n=31,156)
  epoch  10  loss=8.3646  val_NDCG=0.0413  test_NDCG=0.0340  test_HR=0.0599  (5.8s)
  evaluating 50,985 users in batches of 512...
    [512/50,985  elapsed 0.1s]
    [5,632/50,985  elapsed 1.1s]
    [10,752/50,985  elapsed 2.1s]
    [15,872/50,985  elapsed 3.0s]
    [20,992/50,985  elapsed 3.9s]
    [26,112/50,985  elapsed 4.8s]
    [31,232/50,985  elapsed 5.7s]
    [36,352/50,985  elapsed 6.6s]
    [41,472/50,985  elapsed 7.6s]
    [46,592/50,985  elapsed 8.5s]
  eval done in 9.2s
  by-popularity NDCG@10: tail=0.0020(n=9,330)  mid=0.0123(n=8,951)  head=0.0601(n=32,704)
  evaluating 50,985 users in batches of 512...
    [512/50,985  elapsed 0.1s]
    [5,632/50,985  elapsed 1.2s]
    [10,752/50,985  elapsed 2.2s]
    [15,872/50,985  elapsed 3.1s]
    [20,992/50,985  elapsed 4.0s]
    [26,112/50,985  elapsed 4.9s]
    [31,232/50,985  elapsed 5.8s]
    [36,352/50,985  elapsed 6.7s]
    [41,472/50,985  elapsed 7.6s]
    [46,592/50,985  elapsed 8.5s]
  eval done in 9.3s
  by-popularity NDCG@10: tail=0.0016(n=10,592)  mid=0.0089(n=9,237)  head=0.0518(n=31,156)
  epoch  11  loss=8.3047  val_NDCG=0.0411  test_NDCG=0.0336  test_HR=0.0594  (5.8s)
  evaluating 50,985 users in batches of 512...
    [512/50,985  elapsed 0.1s]
    [5,632/50,985  elapsed 1.0s]
    [10,752/50,985  elapsed 2.0s]
    [15,872/50,985  elapsed 2.9s]
    [20,992/50,985  elapsed 3.8s]
    [26,112/50,985  elapsed 4.7s]
    [31,232/50,985  elapsed 5.6s]
    [36,352/50,985  elapsed 6.5s]
    [41,472/50,985  elapsed 7.4s]
    [46,592/50,985  elapsed 8.3s]
  eval done in 9.0s
  by-popularity NDCG@10: tail=0.0022(n=9,330)  mid=0.0126(n=8,951)  head=0.0598(n=32,704)
  evaluating 50,985 users in batches of 512...
    [512/50,985  elapsed 0.1s]
    [5,632/50,985  elapsed 1.1s]
    [10,752/50,985  elapsed 2.0s]
    [15,872/50,985  elapsed 2.9s]
    [20,992/50,985  elapsed 3.8s]
    [26,112/50,985  elapsed 4.7s]
    [31,232/50,985  elapsed 5.6s]
    [36,352/50,985  elapsed 6.5s]
    [41,472/50,985  elapsed 7.4s]
    [46,592/50,985  elapsed 8.4s]
  eval done in 9.2s
  by-popularity NDCG@10: tail=0.0018(n=10,592)  mid=0.0094(n=9,237)  head=0.0516(n=31,156)
  epoch  12  loss=8.2617  val_NDCG=0.0410  test_NDCG=0.0336  test_HR=0.0594  (4.9s)
  evaluating 50,985 users in batches of 512...
    [512/50,985  elapsed 0.1s]
    [5,632/50,985  elapsed 1.0s]
    [10,752/50,985  elapsed 1.9s]
    [15,872/50,985  elapsed 2.8s]
    [20,992/50,985  elapsed 3.7s]
    [26,112/50,985  elapsed 4.7s]
    [31,232/50,985  elapsed 5.6s]
    [36,352/50,985  elapsed 6.5s]
    [41,472/50,985  elapsed 7.4s]
    [46,592/50,985  elapsed 8.3s]
  eval done in 9.1s
  by-popularity NDCG@10: tail=0.0025(n=9,330)  mid=0.0131(n=8,951)  head=0.0595(n=32,704)
  evaluating 50,985 users in batches of 512...
    [512/50,985  elapsed 0.1s]
    [5,632/50,985  elapsed 1.1s]
    [10,752/50,985  elapsed 2.0s]
    [15,872/50,985  elapsed 2.9s]
    [20,992/50,985  elapsed 3.8s]
    [26,112/50,985  elapsed 4.6s]
    [31,232/50,985  elapsed 5.5s]
    [36,352/50,985  elapsed 6.4s]
    [41,472/50,985  elapsed 7.3s]
    [46,592/50,985  elapsed 8.2s]
  eval done in 9.0s
  by-popularity NDCG@10: tail=0.0021(n=10,592)  mid=0.0096(n=9,237)  head=0.0516(n=31,156)
  epoch  13  loss=8.2185  val_NDCG=0.0409  test_NDCG=0.0337  test_HR=0.0593  (4.8s)
  evaluating 50,985 users in batches of 512...
    [512/50,985  elapsed 0.1s]
    [5,632/50,985  elapsed 1.1s]
    [10,752/50,985  elapsed 2.1s]
    [15,872/50,985  elapsed 3.0s]
    [20,992/50,985  elapsed 3.9s]
    [26,112/50,985  elapsed 4.7s]
    [31,232/50,985  elapsed 5.6s]
    [36,352/50,985  elapsed 6.5s]
    [41,472/50,985  elapsed 7.4s]
    [46,592/50,985  elapsed 8.3s]
  eval done in 9.1s
  by-popularity NDCG@10: tail=0.0025(n=9,330)  mid=0.0136(n=8,951)  head=0.0596(n=32,704)
  evaluating 50,985 users in batches of 512...
    [512/50,985  elapsed 0.1s]
    [5,632/50,985  elapsed 1.1s]
    [10,752/50,985  elapsed 2.0s]
    [15,872/50,985  elapsed 2.9s]
    [20,992/50,985  elapsed 3.8s]
    [26,112/50,985  elapsed 4.7s]
    [31,232/50,985  elapsed 5.6s]
    [36,352/50,985  elapsed 6.5s]
    [41,472/50,985  elapsed 7.4s]
    [46,592/50,985  elapsed 8.3s]
  eval done in 9.1s
  by-popularity NDCG@10: tail=0.0021(n=10,592)  mid=0.0096(n=9,237)  head=0.0505(n=31,156)
  epoch  14  loss=8.1829  val_NDCG=0.0411  test_NDCG=0.0330  test_HR=0.0582  (4.8s)
  evaluating 50,985 users in batches of 512...
    [512/50,985  elapsed 0.1s]
    [5,632/50,985  elapsed 1.0s]
    [10,752/50,985  elapsed 2.0s]
    [15,872/50,985  elapsed 2.9s]
    [20,992/50,985  elapsed 3.8s]
    [26,112/50,985  elapsed 4.7s]
    [31,232/50,985  elapsed 5.6s]
    [36,352/50,985  elapsed 6.4s]
    [41,472/50,985  elapsed 7.4s]
    [46,592/50,985  elapsed 8.3s]
  eval done in 9.1s
  by-popularity NDCG@10: tail=0.0026(n=9,330)  mid=0.0132(n=8,951)  head=0.0601(n=32,704)
  evaluating 50,985 users in batches of 512...
    [512/50,985  elapsed 0.1s]
    [5,632/50,985  elapsed 1.1s]
    [10,752/50,985  elapsed 2.0s]
    [15,872/50,985  elapsed 2.9s]
    [20,992/50,985  elapsed 3.8s]
    [26,112/50,985  elapsed 4.7s]
    [31,232/50,985  elapsed 5.6s]
    [36,352/50,985  elapsed 6.5s]
    [41,472/50,985  elapsed 7.4s]
    [46,592/50,985  elapsed 8.3s]
  eval done in 9.1s
  by-popularity NDCG@10: tail=0.0021(n=10,592)  mid=0.0097(n=9,237)  head=0.0513(n=31,156)
  epoch  15  loss=8.1541  val_NDCG=0.0413  test_NDCG=0.0335  test_HR=0.0589  (4.8s)
  evaluating 50,985 users in batches of 512...
    [512/50,985  elapsed 0.1s]
    [5,632/50,985  elapsed 1.8s]
    [10,752/50,985  elapsed 3.1s]
    [15,872/50,985  elapsed 4.0s]
    [20,992/50,985  elapsed 4.9s]
    [26,112/50,985  elapsed 5.8s]
    [31,232/50,985  elapsed 6.7s]
    [36,352/50,985  elapsed 7.6s]
    [41,472/50,985  elapsed 8.5s]
    [46,592/50,985  elapsed 9.4s]
  eval done in 10.1s
  by-popularity NDCG@10: tail=0.0026(n=9,330)  mid=0.0132(n=8,951)  head=0.0596(n=32,704)
  evaluating 50,985 users in batches of 512...
    [512/50,985  elapsed 0.1s]
    [5,632/50,985  elapsed 1.1s]
    [10,752/50,985  elapsed 2.1s]
    [15,872/50,985  elapsed 2.9s]
    [20,992/50,985  elapsed 3.9s]
    [26,112/50,985  elapsed 4.8s]
    [31,232/50,985  elapsed 5.7s]
    [36,352/50,985  elapsed 6.6s]
    [41,472/50,985  elapsed 7.5s]
    [46,592/50,985  elapsed 8.4s]
  eval done in 9.2s
  by-popularity NDCG@10: tail=0.0022(n=10,592)  mid=0.0099(n=9,237)  head=0.0504(n=31,156)
  epoch  16  loss=8.1303  val_NDCG=0.0410  test_NDCG=0.0331  test_HR=0.0581  (5.7s)
  evaluating 50,985 users in batches of 512...
    [512/50,985  elapsed 0.1s]
    [5,632/50,985  elapsed 1.0s]
    [10,752/50,985  elapsed 2.0s]
    [15,872/50,985  elapsed 2.8s]
    [20,992/50,985  elapsed 3.7s]
    [26,112/50,985  elapsed 4.6s]
    [31,232/50,985  elapsed 5.5s]
    [36,352/50,985  elapsed 6.4s]
    [41,472/50,985  elapsed 7.3s]
    [46,592/50,985  elapsed 8.2s]
  eval done in 8.9s
  by-popularity NDCG@10: tail=0.0026(n=9,330)  mid=0.0134(n=8,951)  head=0.0598(n=32,704)
  evaluating 50,985 users in batches of 512...
    [512/50,985  elapsed 0.1s]
    [5,632/50,985  elapsed 1.1s]
    [10,752/50,985  elapsed 2.0s]
    [15,872/50,985  elapsed 2.9s]
    [20,992/50,985  elapsed 3.8s]
    [26,112/50,985  elapsed 4.8s]
    [31,232/50,985  elapsed 5.7s]
    [36,352/50,985  elapsed 6.6s]
    [41,472/50,985  elapsed 7.5s]
    [46,592/50,985  elapsed 8.4s]
  eval done in 9.2s
  by-popularity NDCG@10: tail=0.0023(n=10,592)  mid=0.0101(n=9,237)  head=0.0506(n=31,156)
  epoch  17  loss=8.1121  val_NDCG=0.0412  test_NDCG=0.0332  test_HR=0.0584  (4.9s)
  evaluating 50,985 users in batches of 512...
    [512/50,985  elapsed 0.1s]
    [5,632/50,985  elapsed 1.3s]
    [10,752/50,985  elapsed 2.5s]
    [15,872/50,985  elapsed 3.8s]
    [20,992/50,985  elapsed 5.0s]
    [26,112/50,985  elapsed 6.0s]
    [31,232/50,985  elapsed 7.0s]
    [36,352/50,985  elapsed 8.0s]
    [41,472/50,985  elapsed 9.0s]
    [46,592/50,985  elapsed 9.9s]
  eval done in 10.7s
  by-popularity NDCG@10: tail=0.0026(n=9,330)  mid=0.0134(n=8,951)  head=0.0599(n=32,704)
  evaluating 50,985 users in batches of 512...
    [512/50,985  elapsed 0.1s]
    [5,632/50,985  elapsed 1.1s]
    [10,752/50,985  elapsed 2.1s]
    [15,872/50,985  elapsed 3.1s]
    [20,992/50,985  elapsed 4.1s]
    [26,112/50,985  elapsed 5.0s]
    [31,232/50,985  elapsed 6.0s]
    [36,352/50,985  elapsed 6.9s]
    [41,472/50,985  elapsed 7.9s]
    [46,592/50,985  elapsed 8.9s]
  eval done in 9.7s
  by-popularity NDCG@10: tail=0.0023(n=10,592)  mid=0.0102(n=9,237)  head=0.0509(n=31,156)
  epoch  18  loss=8.0991  val_NDCG=0.0413  test_NDCG=0.0334  test_HR=0.0587  (5.0s)
  evaluating 50,985 users in batches of 512...
    [512/50,985  elapsed 0.1s]
    [5,632/50,985  elapsed 1.0s]
    [10,752/50,985  elapsed 2.0s]
    [15,872/50,985  elapsed 2.9s]
    [20,992/50,985  elapsed 3.8s]
    [26,112/50,985  elapsed 4.7s]
    [31,232/50,985  elapsed 5.5s]
    [36,352/50,985  elapsed 6.4s]
    [41,472/50,985  elapsed 7.3s]
    [46,592/50,985  elapsed 8.2s]
  eval done in 9.0s
  by-popularity NDCG@10: tail=0.0026(n=9,330)  mid=0.0133(n=8,951)  head=0.0596(n=32,704)
  evaluating 50,985 users in batches of 512...
    [512/50,985  elapsed 0.1s]
    [5,632/50,985  elapsed 1.1s]
    [10,752/50,985  elapsed 2.0s]
    [15,872/50,985  elapsed 2.9s]
    [20,992/50,985  elapsed 3.8s]
    [26,112/50,985  elapsed 4.7s]
    [31,232/50,985  elapsed 5.6s]
    [36,352/50,985  elapsed 6.5s]
    [41,472/50,985  elapsed 7.4s]
    [46,592/50,985  elapsed 8.3s]
  eval done in 9.1s
  by-popularity NDCG@10: tail=0.0023(n=10,592)  mid=0.0101(n=9,237)  head=0.0509(n=31,156)
  epoch  19  loss=8.0936  val_NDCG=0.0411  test_NDCG=0.0334  test_HR=0.0587  (4.8s)
  evaluating 50,985 users in batches of 512...
    [512/50,985  elapsed 0.1s]
    [5,632/50,985  elapsed 1.0s]
    [10,752/50,985  elapsed 1.9s]
    [15,872/50,985  elapsed 2.8s]
    [20,992/50,985  elapsed 3.7s]
    [26,112/50,985  elapsed 4.6s]
    [31,232/50,985  elapsed 5.5s]
    [36,352/50,985  elapsed 6.4s]
    [41,472/50,985  elapsed 7.2s]
    [46,592/50,985  elapsed 8.2s]
  eval done in 9.0s
  by-popularity NDCG@10: tail=0.0026(n=9,330)  mid=0.0134(n=8,951)  head=0.0597(n=32,704)
  evaluating 50,985 users in batches of 512...
    [512/50,985  elapsed 0.1s]
    [5,632/50,985  elapsed 1.1s]
    [10,752/50,985  elapsed 2.0s]
    [15,872/50,985  elapsed 3.0s]
    [20,992/50,985  elapsed 3.9s]
    [26,112/50,985  elapsed 4.8s]
    [31,232/50,985  elapsed 5.7s]
    [36,352/50,985  elapsed 6.6s]
    [41,472/50,985  elapsed 7.5s]
    [46,592/50,985  elapsed 8.3s]
  eval done in 9.1s
  by-popularity NDCG@10: tail=0.0023(n=10,592)  mid=0.0101(n=9,237)  head=0.0509(n=31,156)
  epoch  20  loss=8.0898  val_NDCG=0.0411  test_NDCG=0.0334  test_HR=0.0587  (4.8s)

=== Best by val NDCG@10 ===
  val_NDCG=0.0413
  test: {'NDCG@10': 0.033505706293877564, 'HR@10': 0.05893890359909777, 'MRR': 0.030757877271574547, 'n_eval': 50985, 'by_popularity': {'tail': {'NDCG@10': 0.0020760099081601805, 'HR@10': 0.003870845921450151, 'n': 10592, 'n_hit@10': 41, 'HR@20': 0.007458459214501511, 'n_hit@20': 79, 'HR@50': 0.01463368580060423, 'n_hit@50': 155, 'HR@100': 0.024924471299093656, 'n_hit@100': 264}, 'mid': {'NDCG@10': 0.009683171704397423, 'HR@10': 0.016563819421890225, 'n': 9237, 'n_hit@10': 153, 'HR@20': 0.026198982353578003, 'n_hit@20': 242, 'HR@50': 0.049150156977373606, 'n_hit@50': 454, 'HR@100': 0.07881346757605283, 'n_hit@100': 728}, 'head': {'NDCG@10': 0.051253558910405575, 'HR@10': 0.09022339196302478, 'n': 31156, 'n_hit@10': 2811, 'HR@20': 0.12697393760431377, 'n_hit@20': 3956, 'HR@50': 0.1969123122352035, 'n_hit@50': 6135, 'HR@100': 0.2624213634612916, 'n_hit@100': 8176}}}
wrote C:\Users\rayxc\Documents\R\_bestrec_run\results_IS_COLDFUSE_base_seed20260736.users.jsonl.gz (50,985 per-user records, best epoch 15, sha256 c121d1a8f4ea…)
wrote C:\Users\rayxc\Documents\R\_bestrec_run\results_IS_COLDFUSE_base_seed20260736.final.users.jsonl.gz (50,985 FINAL-epoch per-user records)

wrote C:\Users\rayxc\Documents\R\_bestrec_run\results_IS_COLDFUSE_base_seed20260736.json
[run] results_IS_COLDFUSE_base_seed20260736.fusion.json
=== fusion eval: Industrial_and_Scientific  ckpt=results_IS_COLDFUSE_base_seed20260736.best.pt ===
  n_users=50,985 n_items=25,848
  ckpt from epoch 15 (val NDCG@10 0.04133)

--- EASE l2=50.0: fit + VAL sweep ---
  EASE l2=50.0: inverted 25848x25848 in 67.5s
    [512/50,985 elapsed 0.4s]
    [10,752/50,985 elapsed 3.3s]
    [20,992/50,985 elapsed 6.2s]
    [31,232/50,985 elapsed 9.0s]
    [41,472/50,985 elapsed 11.9s]
  VAL seq NDCG@10=0.04133  ease=0.03204
    w=0.01: val fused NDCG@10=0.04282
    w=0.02: val fused NDCG@10=0.04358
    w=0.03: val fused NDCG@10=0.04376
    w=0.04: val fused NDCG@10=0.04383
    w=0.05: val fused NDCG@10=0.04378
    w=0.06: val fused NDCG@10=0.04357
    w=0.075: val fused NDCG@10=0.04317
    w=0.1: val fused NDCG@10=0.04282

--- EASE l2=100.0: fit + VAL sweep ---
  EASE l2=100.0: inverted 25848x25848 in 67.5s
    [512/50,985 elapsed 0.2s]
    [10,752/50,985 elapsed 2.9s]
    [20,992/50,985 elapsed 5.6s]
    [31,232/50,985 elapsed 8.3s]
    [41,472/50,985 elapsed 10.9s]
  VAL seq NDCG@10=0.04133  ease=0.03244
    w=0.01: val fused NDCG@10=0.04290
    w=0.02: val fused NDCG@10=0.04361
    w=0.03: val fused NDCG@10=0.04392
    w=0.04: val fused NDCG@10=0.04393
    w=0.05: val fused NDCG@10=0.04385
    w=0.06: val fused NDCG@10=0.04366
    w=0.075: val fused NDCG@10=0.04339
    w=0.1: val fused NDCG@10=0.04295

--- EASE l2=200.0: fit + VAL sweep ---
  EASE l2=200.0: inverted 25848x25848 in 67.6s
    [512/50,985 elapsed 0.2s]
    [10,752/50,985 elapsed 2.8s]
    [20,992/50,985 elapsed 5.5s]
    [31,232/50,985 elapsed 8.2s]
    [41,472/50,985 elapsed 10.9s]
  VAL seq NDCG@10=0.04133  ease=0.03267
    w=0.01: val fused NDCG@10=0.04296
    w=0.02: val fused NDCG@10=0.04360
    w=0.03: val fused NDCG@10=0.04396
    w=0.04: val fused NDCG@10=0.04402
    w=0.05: val fused NDCG@10=0.04388
    w=0.06: val fused NDCG@10=0.04375
    w=0.075: val fused NDCG@10=0.04347
    w=0.1: val fused NDCG@10=0.04284

--- EASE l2=500.0: fit + VAL sweep ---
  EASE l2=500.0: inverted 25848x25848 in 67.2s
    [512/50,985 elapsed 0.2s]
    [10,752/50,985 elapsed 3.0s]
    [20,992/50,985 elapsed 5.6s]
    [31,232/50,985 elapsed 8.3s]
    [41,472/50,985 elapsed 11.0s]
  VAL seq NDCG@10=0.04133  ease=0.03235
    w=0.01: val fused NDCG@10=0.04303
    w=0.02: val fused NDCG@10=0.04373
    w=0.03: val fused NDCG@10=0.04403
    w=0.04: val fused NDCG@10=0.04400
    w=0.05: val fused NDCG@10=0.04388
    w=0.06: val fused NDCG@10=0.04371
    w=0.075: val fused NDCG@10=0.04342
    w=0.1: val fused NDCG@10=0.04279

=== selected on VAL: l2=500.0, w=0.03 (val fused NDCG@10=0.04403) ===
  EASE l2=500.0: inverted 25848x25848 in 68.4s
    [512/50,985 elapsed 0.1s]
    [10,752/50,985 elapsed 2.8s]
    [20,992/50,985 elapsed 5.2s]
    [31,232/50,985 elapsed 7.7s]
    [41,472/50,985 elapsed 10.1s]

TEST seq-only  NDCG@10=0.03351 HR@10=0.05894 MRR=0.03076
TEST ease-only NDCG@10=0.02574 HR@10=0.04409
TEST FUSED (w=0.03) NDCG@10=0.03613 HR@10=0.06263 MRR=0.03303
wrote C:\Users\rayxc\Documents\R\_bestrec_run\results_IS_COLDFUSE_base_seed20260736.fusion.json
[run] results_Industrial_and_Scientific_COLDFUSE_confirm_seed20260736.json
=== COLDFUSE confirm: Industrial_and_Scientific seed 20260736 (ease=yes) ===
  EASE l2=500.0: inverted 25848x25848 in 71.5s
  [val] streaming sweep: 41 systems ...
    [512/50,985 1s]
    [20,992/50,985 11s]
    [41,472/50,985 21s]
  VAL ref overall 0.04403 tail 0.00352 | selected {'profile': 'exp0.9', 'wt_tail': 0.2, 'wt_mid': 0.0, 'wt_head': 0.0} val tail 0.00645
  [test] reference + selected ...
    [512/50,985 0s]
    [20,992/50,985 7s]
    [41,472/50,985 14s]
  TEST ref 0.03613 (tail 0.00302) -> sel 0.03622 (tail 0.00568)
wrote C:\Users\rayxc\Documents\R\_bestrec_run\results_Industrial_and_Scientific_COLDFUSE_confirm_seed20260736.json
[run] results_IS_COLDFUSE_base_seed20260737.json
  random seed set to 20260737
=== Industrial_and_Scientific: load splits ===
  n_users=50,985  n_items=25,848  pad_id=25848
  built sequences for 50,985 users
  built timestamp sequences (12 time buckets)
  loading SBERT embeddings from C:\Users\rayxc\Documents\R\cache_5core\sbert_titles_Industrial_and_Scientific.npy...
  TAPE: k-means 25,848 text embeddings into K=512 prototypes (tau=0.05)...
  TAPE: K=512 mean max-assignment weight = 0.600 (1.0 = hard clustering)

=== Build SASRec-SBERT (d=64, layers=4, heads=2) ===
  total params: 11,750,463  device=cuda
  50,985 training examples / 200 batches per epoch
  init_state_sha256 = 30244482954307c5761ef63cd14afe854589fc6f9036ab1ef65ca0c2cb691176
  LR schedule: warmup_cosine (200 warmup + 3800 cosine steps)

=== Train for 20 epochs ===
  evaluating 50,985 users in batches of 512...
    [512/50,985  elapsed 0.1s]
    [5,632/50,985  elapsed 1.0s]
    [10,752/50,985  elapsed 2.0s]
    [15,872/50,985  elapsed 2.9s]
    [20,992/50,985  elapsed 3.9s]
    [26,112/50,985  elapsed 4.8s]
    [31,232/50,985  elapsed 5.7s]
    [36,352/50,985  elapsed 6.6s]
    [41,472/50,985  elapsed 7.6s]
    [46,592/50,985  elapsed 8.5s]
  eval done in 9.3s
  by-popularity NDCG@10: tail=0.0000(n=9,330)  mid=0.0001(n=8,951)  head=0.0290(n=32,704)
  evaluating 50,985 users in batches of 512...
    [512/50,985  elapsed 0.1s]
    [5,632/50,985  elapsed 1.0s]
    [10,752/50,985  elapsed 1.9s]
    [15,872/50,985  elapsed 2.9s]
    [20,992/50,985  elapsed 3.8s]
    [26,112/50,985  elapsed 4.7s]
    [31,232/50,985  elapsed 5.6s]
    [36,352/50,985  elapsed 6.5s]
    [41,472/50,985  elapsed 7.5s]
    [46,592/50,985  elapsed 8.4s]
  eval done in 9.3s
  by-popularity NDCG@10: tail=0.0000(n=10,592)  mid=0.0002(n=9,237)  head=0.0255(n=31,156)
  epoch   1  loss=9.7647  val_NDCG=0.0186  test_NDCG=0.0156  test_HR=0.0300  (6.1s)
  evaluating 50,985 users in batches of 512...
    [512/50,985  elapsed 0.1s]
    [5,632/50,985  elapsed 1.6s]
    [10,752/50,985  elapsed 3.3s]
    [15,872/50,985  elapsed 5.0s]
    [20,992/50,985  elapsed 6.7s]
    [26,112/50,985  elapsed 7.8s]
    [31,232/50,985  elapsed 8.7s]
    [36,352/50,985  elapsed 9.6s]
    [41,472/50,985  elapsed 10.6s]
    [46,592/50,985  elapsed 11.5s]
  eval done in 12.4s
  by-popularity NDCG@10: tail=0.0000(n=9,330)  mid=0.0002(n=8,951)  head=0.0414(n=32,704)
  evaluating 50,985 users in batches of 512...
    [512/50,985  elapsed 0.1s]
    [5,632/50,985  elapsed 1.1s]
    [10,752/50,985  elapsed 2.0s]
    [15,872/50,985  elapsed 3.0s]
    [20,992/50,985  elapsed 4.0s]
    [26,112/50,985  elapsed 5.0s]
    [31,232/50,985  elapsed 5.9s]
    [36,352/50,985  elapsed 6.8s]
    [41,472/50,985  elapsed 7.8s]
    [46,592/50,985  elapsed 8.7s]
  eval done in 9.5s
  by-popularity NDCG@10: tail=0.0001(n=10,592)  mid=0.0001(n=9,237)  head=0.0360(n=31,156)
  epoch   2  loss=9.2293  val_NDCG=0.0266  test_NDCG=0.0220  test_HR=0.0413  (5.8s)
  evaluating 50,985 users in batches of 512...
    [512/50,985  elapsed 0.1s]
    [5,632/50,985  elapsed 1.4s]
    [10,752/50,985  elapsed 2.4s]
    [15,872/50,985  elapsed 3.3s]
    [20,992/50,985  elapsed 4.3s]
    [26,112/50,985  elapsed 5.3s]
    [31,232/50,985  elapsed 6.3s]
    [36,352/50,985  elapsed 7.3s]
    [41,472/50,985  elapsed 8.3s]
    [46,592/50,985  elapsed 9.4s]
  eval done in 10.2s
  by-popularity NDCG@10: tail=0.0002(n=9,330)  mid=0.0008(n=8,951)  head=0.0491(n=32,704)
  evaluating 50,985 users in batches of 512...
    [512/50,985  elapsed 0.1s]
    [5,632/50,985  elapsed 1.1s]
    [10,752/50,985  elapsed 2.0s]
    [15,872/50,985  elapsed 3.0s]
    [20,992/50,985  elapsed 4.0s]
    [26,112/50,985  elapsed 4.9s]
    [31,232/50,985  elapsed 5.9s]
    [36,352/50,985  elapsed 6.9s]
    [41,472/50,985  elapsed 7.8s]
    [46,592/50,985  elapsed 8.8s]
  eval done in 9.6s
  by-popularity NDCG@10: tail=0.0002(n=10,592)  mid=0.0008(n=9,237)  head=0.0433(n=31,156)
  epoch   3  loss=9.0180  val_NDCG=0.0316  test_NDCG=0.0266  test_HR=0.0493  (5.9s)
  evaluating 50,985 users in batches of 512...
    [512/50,985  elapsed 0.1s]
    [5,632/50,985  elapsed 1.4s]
    [10,752/50,985  elapsed 2.4s]
    [15,872/50,985  elapsed 3.3s]
    [20,992/50,985  elapsed 4.3s]
    [26,112/50,985  elapsed 5.2s]
    [31,232/50,985  elapsed 6.2s]
    [36,352/50,985  elapsed 7.1s]
    [41,472/50,985  elapsed 8.1s]
    [46,592/50,985  elapsed 9.1s]
  eval done in 9.9s
  by-popularity NDCG@10: tail=0.0005(n=9,330)  mid=0.0018(n=8,951)  head=0.0541(n=32,704)
  evaluating 50,985 users in batches of 512...
    [512/50,985  elapsed 0.1s]
    [5,632/50,985  elapsed 1.0s]
    [10,752/50,985  elapsed 2.0s]
    [15,872/50,985  elapsed 2.9s]
    [20,992/50,985  elapsed 3.8s]
    [26,112/50,985  elapsed 4.7s]
    [31,232/50,985  elapsed 5.6s]
    [36,352/50,985  elapsed 6.5s]
    [41,472/50,985  elapsed 7.4s]
    [46,592/50,985  elapsed 8.3s]
  eval done in 9.0s
  by-popularity NDCG@10: tail=0.0002(n=10,592)  mid=0.0020(n=9,237)  head=0.0477(n=31,156)
  epoch   4  loss=8.8720  val_NDCG=0.0351  test_NDCG=0.0296  test_HR=0.0537  (5.8s)
  evaluating 50,985 users in batches of 512...
    [512/50,985  elapsed 0.1s]
    [5,632/50,985  elapsed 1.4s]
    [10,752/50,985  elapsed 2.3s]
    [15,872/50,985  elapsed 3.2s]
    [20,992/50,985  elapsed 4.1s]
    [26,112/50,985  elapsed 5.0s]
    [31,232/50,985  elapsed 5.9s]
    [36,352/50,985  elapsed 6.8s]
    [41,472/50,985  elapsed 7.7s]
    [46,592/50,985  elapsed 8.6s]
  eval done in 9.4s
  by-popularity NDCG@10: tail=0.0006(n=9,330)  mid=0.0035(n=8,951)  head=0.0570(n=32,704)
  evaluating 50,985 users in batches of 512...
    [512/50,985  elapsed 0.1s]
    [5,632/50,985  elapsed 1.0s]
    [10,752/50,985  elapsed 1.9s]
    [15,872/50,985  elapsed 2.8s]
    [20,992/50,985  elapsed 3.7s]
    [26,112/50,985  elapsed 4.6s]
    [31,232/50,985  elapsed 5.5s]
    [36,352/50,985  elapsed 6.4s]
    [41,472/50,985  elapsed 7.3s]
    [46,592/50,985  elapsed 8.2s]
  eval done in 9.0s
  by-popularity NDCG@10: tail=0.0005(n=10,592)  mid=0.0032(n=9,237)  head=0.0501(n=31,156)
  epoch   5  loss=8.7568  val_NDCG=0.0373  test_NDCG=0.0313  test_HR=0.0557  (5.8s)
  evaluating 50,985 users in batches of 512...
    [512/50,985  elapsed 0.1s]
    [5,632/50,985  elapsed 1.4s]
    [10,752/50,985  elapsed 2.3s]
    [15,872/50,985  elapsed 3.2s]
    [20,992/50,985  elapsed 4.1s]
    [26,112/50,985  elapsed 5.0s]
    [31,232/50,985  elapsed 5.9s]
    [36,352/50,985  elapsed 6.8s]
    [41,472/50,985  elapsed 7.7s]
    [46,592/50,985  elapsed 8.7s]
  eval done in 9.5s
  by-popularity NDCG@10: tail=0.0010(n=9,330)  mid=0.0051(n=8,951)  head=0.0581(n=32,704)
  evaluating 50,985 users in batches of 512...
    [512/50,985  elapsed 0.1s]
    [5,632/50,985  elapsed 1.1s]
    [10,752/50,985  elapsed 2.0s]
    [15,872/50,985  elapsed 3.0s]
    [20,992/50,985  elapsed 3.9s]
    [26,112/50,985  elapsed 4.9s]
    [31,232/50,985  elapsed 5.9s]
    [36,352/50,985  elapsed 6.8s]
    [41,472/50,985  elapsed 7.8s]
    [46,592/50,985  elapsed 8.7s]
  eval done in 9.5s
  by-popularity NDCG@10: tail=0.0007(n=10,592)  mid=0.0047(n=9,237)  head=0.0508(n=31,156)
  epoch   6  loss=8.6525  val_NDCG=0.0384  test_NDCG=0.0321  test_HR=0.0572  (5.8s)
  evaluating 50,985 users in batches of 512...
    [512/50,985  elapsed 0.1s]
    [5,632/50,985  elapsed 1.8s]
    [10,752/50,985  elapsed 3.4s]
    [15,872/50,985  elapsed 5.0s]
    [20,992/50,985  elapsed 6.8s]
    [26,112/50,985  elapsed 8.6s]
    [31,232/50,985  elapsed 10.2s]
    [36,352/50,985  elapsed 12.0s]
    [41,472/50,985  elapsed 13.7s]
    [46,592/50,985  elapsed 14.9s]
  eval done in 15.7s
  by-popularity NDCG@10: tail=0.0012(n=9,330)  mid=0.0070(n=8,951)  head=0.0594(n=32,704)
  evaluating 50,985 users in batches of 512...
    [512/50,985  elapsed 0.1s]
    [5,632/50,985  elapsed 1.1s]
    [10,752/50,985  elapsed 2.1s]
    [15,872/50,985  elapsed 3.1s]
    [20,992/50,985  elapsed 4.0s]
    [26,112/50,985  elapsed 4.9s]
    [31,232/50,985  elapsed 5.9s]
    [36,352/50,985  elapsed 6.9s]
    [41,472/50,985  elapsed 7.8s]
    [46,592/50,985  elapsed 8.8s]
  eval done in 9.6s
  by-popularity NDCG@10: tail=0.0010(n=10,592)  mid=0.0062(n=9,237)  head=0.0520(n=31,156)
  epoch   7  loss=8.5664  val_NDCG=0.0396  test_NDCG=0.0331  test_HR=0.0588  (5.7s)
  evaluating 50,985 users in batches of 512...
    [512/50,985  elapsed 0.1s]
    [5,632/50,985  elapsed 1.8s]
    [10,752/50,985  elapsed 3.5s]
    [15,872/50,985  elapsed 4.4s]
    [20,992/50,985  elapsed 5.3s]
    [26,112/50,985  elapsed 6.2s]
    [31,232/50,985  elapsed 7.1s]
    [36,352/50,985  elapsed 8.0s]
    [41,472/50,985  elapsed 8.9s]
    [46,592/50,985  elapsed 9.8s]
  eval done in 10.6s
  by-popularity NDCG@10: tail=0.0012(n=9,330)  mid=0.0082(n=8,951)  head=0.0608(n=32,704)
  evaluating 50,985 users in batches of 512...
    [512/50,985  elapsed 0.1s]
    [5,632/50,985  elapsed 1.1s]
    [10,752/50,985  elapsed 2.0s]
    [15,872/50,985  elapsed 2.9s]
    [20,992/50,985  elapsed 3.8s]
    [26,112/50,985  elapsed 4.7s]
    [31,232/50,985  elapsed 5.6s]
    [36,352/50,985  elapsed 6.5s]
    [41,472/50,985  elapsed 7.4s]
    [46,592/50,985  elapsed 8.3s]
  eval done in 9.0s
  by-popularity NDCG@10: tail=0.0011(n=10,592)  mid=0.0070(n=9,237)  head=0.0528(n=31,156)
  epoch   8  loss=8.4878  val_NDCG=0.0406  test_NDCG=0.0338  test_HR=0.0596  (5.8s)
  evaluating 50,985 users in batches of 512...
    [512/50,985  elapsed 0.1s]
    [5,632/50,985  elapsed 1.4s]
    [10,752/50,985  elapsed 2.4s]
    [15,872/50,985  elapsed 3.3s]
    [20,992/50,985  elapsed 4.2s]
    [26,112/50,985  elapsed 5.0s]
    [31,232/50,985  elapsed 5.9s]
    [36,352/50,985  elapsed 6.8s]
    [41,472/50,985  elapsed 7.7s]
    [46,592/50,985  elapsed 8.6s]
  eval done in 9.4s
  by-popularity NDCG@10: tail=0.0016(n=9,330)  mid=0.0103(n=8,951)  head=0.0597(n=32,704)
  evaluating 50,985 users in batches of 512...
    [512/50,985  elapsed 0.1s]
    [5,632/50,985  elapsed 1.1s]
    [10,752/50,985  elapsed 2.0s]
    [15,872/50,985  elapsed 2.9s]
    [20,992/50,985  elapsed 3.8s]
    [26,112/50,985  elapsed 4.7s]
    [31,232/50,985  elapsed 5.6s]
    [36,352/50,985  elapsed 6.4s]
    [41,472/50,985  elapsed 7.4s]
    [46,592/50,985  elapsed 8.3s]
  eval done in 9.0s
  by-popularity NDCG@10: tail=0.0016(n=10,592)  mid=0.0081(n=9,237)  head=0.0517(n=31,156)
  epoch   9  loss=8.4204  val_NDCG=0.0404  test_NDCG=0.0334  test_HR=0.0585  (5.8s)
  evaluating 50,985 users in batches of 512...
    [512/50,985  elapsed 0.1s]
    [5,632/50,985  elapsed 1.0s]
    [10,752/50,985  elapsed 1.9s]
    [15,872/50,985  elapsed 2.8s]
    [20,992/50,985  elapsed 3.7s]
    [26,112/50,985  elapsed 4.6s]
    [31,232/50,985  elapsed 5.5s]
    [36,352/50,985  elapsed 6.4s]
    [41,472/50,985  elapsed 7.3s]
    [46,592/50,985  elapsed 8.3s]
  eval done in 9.1s
  by-popularity NDCG@10: tail=0.0018(n=9,330)  mid=0.0108(n=8,951)  head=0.0601(n=32,704)
  evaluating 50,985 users in batches of 512...
    [512/50,985  elapsed 0.1s]
    [5,632/50,985  elapsed 1.1s]
    [10,752/50,985  elapsed 2.0s]
    [15,872/50,985  elapsed 3.0s]
    [20,992/50,985  elapsed 3.9s]
    [26,112/50,985  elapsed 4.8s]
    [31,232/50,985  elapsed 5.7s]
    [36,352/50,985  elapsed 6.7s]
    [41,472/50,985  elapsed 7.6s]
    [46,592/50,985  elapsed 8.5s]
  eval done in 9.3s
  by-popularity NDCG@10: tail=0.0017(n=10,592)  mid=0.0085(n=9,237)  head=0.0520(n=31,156)
  epoch  10  loss=8.3604  val_NDCG=0.0408  test_NDCG=0.0337  test_HR=0.0595  (4.9s)
  evaluating 50,985 users in batches of 512...
    [512/50,985  elapsed 0.1s]
    [5,632/50,985  elapsed 1.4s]
    [10,752/50,985  elapsed 2.3s]
    [15,872/50,985  elapsed 3.2s]
    [20,992/50,985  elapsed 4.1s]
    [26,112/50,985  elapsed 5.0s]
    [31,232/50,985  elapsed 6.1s]
    [36,352/50,985  elapsed 7.4s]
    [41,472/50,985  elapsed 8.6s]
    [46,592/50,985  elapsed 9.7s]
  eval done in 10.6s
  by-popularity NDCG@10: tail=0.0019(n=9,330)  mid=0.0118(n=8,951)  head=0.0598(n=32,704)
  evaluating 50,985 users in batches of 512...
    [512/50,985  elapsed 0.1s]
    [5,632/50,985  elapsed 1.4s]
    [10,752/50,985  elapsed 2.3s]
    [15,872/50,985  elapsed 3.2s]
    [20,992/50,985  elapsed 4.2s]
    [26,112/50,985  elapsed 5.1s]
    [31,232/50,985  elapsed 6.0s]
    [36,352/50,985  elapsed 6.9s]
    [41,472/50,985  elapsed 7.8s]
    [46,592/50,985  elapsed 8.7s]
  eval done in 9.5s
  by-popularity NDCG@10: tail=0.0021(n=10,592)  mid=0.0098(n=9,237)  head=0.0512(n=31,156)
  epoch  11  loss=8.3051  val_NDCG=0.0408  test_NDCG=0.0335  test_HR=0.0592  (5.8s)
  evaluating 50,985 users in batches of 512...
    [512/50,985  elapsed 0.2s]
    [5,632/50,985  elapsed 1.5s]
    [10,752/50,985  elapsed 2.4s]
    [15,872/50,985  elapsed 3.3s]
    [20,992/50,985  elapsed 4.2s]
    [26,112/50,985  elapsed 5.2s]
    [31,232/50,985  elapsed 6.1s]
    [36,352/50,985  elapsed 7.1s]
    [41,472/50,985  elapsed 7.9s]
    [46,592/50,985  elapsed 8.8s]
  eval done in 9.6s
  by-popularity NDCG@10: tail=0.0020(n=9,330)  mid=0.0125(n=8,951)  head=0.0599(n=32,704)
  evaluating 50,985 users in batches of 512...
    [512/50,985  elapsed 0.1s]
    [5,632/50,985  elapsed 1.1s]
    [10,752/50,985  elapsed 2.0s]
    [15,872/50,985  elapsed 2.9s]
    [20,992/50,985  elapsed 3.7s]
    [26,112/50,985  elapsed 4.6s]
    [31,232/50,985  elapsed 5.5s]
    [36,352/50,985  elapsed 6.4s]
    [41,472/50,985  elapsed 7.3s]
    [46,592/50,985  elapsed 8.2s]
  eval done in 9.1s
  by-popularity NDCG@10: tail=0.0022(n=10,592)  mid=0.0095(n=9,237)  head=0.0512(n=31,156)
  epoch  12  loss=8.2607  val_NDCG=0.0410  test_NDCG=0.0335  test_HR=0.0592  (5.8s)
  evaluating 50,985 users in batches of 512...
    [512/50,985  elapsed 0.2s]
    [5,632/50,985  elapsed 1.8s]
    [10,752/50,985  elapsed 3.6s]
    [15,872/50,985  elapsed 5.1s]
    [20,992/50,985  elapsed 6.0s]
    [26,112/50,985  elapsed 7.0s]
    [31,232/50,985  elapsed 8.0s]
    [36,352/50,985  elapsed 9.0s]
    [41,472/50,985  elapsed 10.0s]
    [46,592/50,985  elapsed 10.9s]
  eval done in 11.8s
  by-popularity NDCG@10: tail=0.0023(n=9,330)  mid=0.0129(n=8,951)  head=0.0602(n=32,704)
  evaluating 50,985 users in batches of 512...
    [512/50,985  elapsed 0.1s]
    [5,632/50,985  elapsed 1.2s]
    [10,752/50,985  elapsed 2.2s]
    [15,872/50,985  elapsed 3.2s]
    [20,992/50,985  elapsed 4.1s]
    [26,112/50,985  elapsed 5.0s]
    [31,232/50,985  elapsed 5.9s]
    [36,352/50,985  elapsed 6.9s]
    [41,472/50,985  elapsed 7.8s]
    [46,592/50,985  elapsed 8.7s]
  eval done in 9.6s
  by-popularity NDCG@10: tail=0.0022(n=10,592)  mid=0.0095(n=9,237)  head=0.0509(n=31,156)
  epoch  13  loss=8.2174  val_NDCG=0.0413  test_NDCG=0.0333  test_HR=0.0584  (5.7s)
  evaluating 50,985 users in batches of 512...
    [512/50,985  elapsed 0.1s]
    [5,632/50,985  elapsed 1.5s]
    [10,752/50,985  elapsed 2.4s]
    [15,872/50,985  elapsed 3.3s]
    [20,992/50,985  elapsed 4.2s]
    [26,112/50,985  elapsed 5.1s]
    [31,232/50,985  elapsed 6.0s]
    [36,352/50,985  elapsed 6.9s]
    [41,472/50,985  elapsed 7.8s]
    [46,592/50,985  elapsed 8.7s]
  eval done in 9.5s
  by-popularity NDCG@10: tail=0.0027(n=9,330)  mid=0.0132(n=8,951)  head=0.0595(n=32,704)
  evaluating 50,985 users in batches of 512...
    [512/50,985  elapsed 0.1s]
    [5,632/50,985  elapsed 1.1s]
    [10,752/50,985  elapsed 2.0s]
    [15,872/50,985  elapsed 2.9s]
    [20,992/50,985  elapsed 3.8s]
    [26,112/50,985  elapsed 4.7s]
    [31,232/50,985  elapsed 5.7s]
    [36,352/50,985  elapsed 6.6s]
    [41,472/50,985  elapsed 7.5s]
    [46,592/50,985  elapsed 8.3s]
  eval done in 9.1s
  by-popularity NDCG@10: tail=0.0024(n=10,592)  mid=0.0096(n=9,237)  head=0.0508(n=31,156)
  epoch  14  loss=8.1829  val_NDCG=0.0410  test_NDCG=0.0333  test_HR=0.0586  (5.9s)
  evaluating 50,985 users in batches of 512...
    [512/50,985  elapsed 0.1s]
    [5,632/50,985  elapsed 1.0s]
    [10,752/50,985  elapsed 1.9s]
    [15,872/50,985  elapsed 2.9s]
    [20,992/50,985  elapsed 3.8s]
    [26,112/50,985  elapsed 4.7s]
    [31,232/50,985  elapsed 5.6s]
    [36,352/50,985  elapsed 6.5s]
    [41,472/50,985  elapsed 7.4s]
    [46,592/50,985  elapsed 8.3s]
  eval done in 9.1s
  by-popularity NDCG@10: tail=0.0027(n=9,330)  mid=0.0132(n=8,951)  head=0.0597(n=32,704)
  evaluating 50,985 users in batches of 512...
    [512/50,985  elapsed 0.1s]
    [5,632/50,985  elapsed 1.1s]
    [10,752/50,985  elapsed 2.0s]
    [15,872/50,985  elapsed 2.9s]
    [20,992/50,985  elapsed 3.8s]
    [26,112/50,985  elapsed 4.7s]
    [31,232/50,985  elapsed 5.7s]
    [36,352/50,985  elapsed 6.6s]
    [41,472/50,985  elapsed 7.4s]
    [46,592/50,985  elapsed 8.3s]
  eval done in 9.1s
  by-popularity NDCG@10: tail=0.0024(n=10,592)  mid=0.0100(n=9,237)  head=0.0507(n=31,156)
  epoch  15  loss=8.1530  val_NDCG=0.0411  test_NDCG=0.0333  test_HR=0.0583  (4.8s)
  evaluating 50,985 users in batches of 512...
    [512/50,985  elapsed 0.1s]
    [5,632/50,985  elapsed 1.0s]
    [10,752/50,985  elapsed 1.9s]
    [15,872/50,985  elapsed 2.7s]
    [20,992/50,985  elapsed 3.6s]
    [26,112/50,985  elapsed 4.5s]
    [31,232/50,985  elapsed 5.5s]
    [36,352/50,985  elapsed 6.3s]
    [41,472/50,985  elapsed 7.2s]
    [46,592/50,985  elapsed 8.1s]
  eval done in 8.9s
  by-popularity NDCG@10: tail=0.0028(n=9,330)  mid=0.0136(n=8,951)  head=0.0595(n=32,704)
  evaluating 50,985 users in batches of 512...
    [512/50,985  elapsed 0.1s]
    [5,632/50,985  elapsed 1.1s]
    [10,752/50,985  elapsed 2.1s]
    [15,872/50,985  elapsed 3.2s]
    [20,992/50,985  elapsed 4.6s]
    [26,112/50,985  elapsed 6.3s]
    [31,232/50,985  elapsed 7.9s]
    [36,352/50,985  elapsed 9.8s]
    [41,472/50,985  elapsed 11.6s]
    [46,592/50,985  elapsed 13.0s]
  eval done in 13.9s
  by-popularity NDCG@10: tail=0.0024(n=10,592)  mid=0.0102(n=9,237)  head=0.0507(n=31,156)
  epoch  16  loss=8.1315  val_NDCG=0.0411  test_NDCG=0.0333  test_HR=0.0584  (4.8s)
  evaluating 50,985 users in batches of 512...
    [512/50,985  elapsed 0.1s]
    [5,632/50,985  elapsed 1.1s]
    [10,752/50,985  elapsed 2.2s]
    [15,872/50,985  elapsed 3.2s]
    [20,992/50,985  elapsed 4.3s]
    [26,112/50,985  elapsed 5.5s]
    [31,232/50,985  elapsed 6.7s]
    [36,352/50,985  elapsed 7.8s]
    [41,472/50,985  elapsed 8.8s]
    [46,592/50,985  elapsed 9.9s]
  eval done in 10.8s
  by-popularity NDCG@10: tail=0.0027(n=9,330)  mid=0.0136(n=8,951)  head=0.0595(n=32,704)
  evaluating 50,985 users in batches of 512...
    [512/50,985  elapsed 0.1s]
    [5,632/50,985  elapsed 1.5s]
    [10,752/50,985  elapsed 2.5s]
    [15,872/50,985  elapsed 3.6s]
    [20,992/50,985  elapsed 4.7s]
    [26,112/50,985  elapsed 5.9s]
    [31,232/50,985  elapsed 7.1s]
    [36,352/50,985  elapsed 8.2s]
    [41,472/50,985  elapsed 9.1s]
    [46,592/50,985  elapsed 10.3s]
  eval done in 11.2s
  by-popularity NDCG@10: tail=0.0023(n=10,592)  mid=0.0101(n=9,237)  head=0.0506(n=31,156)
  epoch  17  loss=8.1103  val_NDCG=0.0411  test_NDCG=0.0333  test_HR=0.0584  (5.0s)
  evaluating 50,985 users in batches of 512...
    [512/50,985  elapsed 0.1s]
    [5,632/50,985  elapsed 1.3s]
    [10,752/50,985  elapsed 2.3s]
    [15,872/50,985  elapsed 3.5s]
    [20,992/50,985  elapsed 4.7s]
    [26,112/50,985  elapsed 6.0s]
    [31,232/50,985  elapsed 7.2s]
    [36,352/50,985  elapsed 8.5s]
    [41,472/50,985  elapsed 9.7s]
    [46,592/50,985  elapsed 10.9s]
  eval done in 11.9s
  by-popularity NDCG@10: tail=0.0028(n=9,330)  mid=0.0137(n=8,951)  head=0.0594(n=32,704)
  evaluating 50,985 users in batches of 512...
    [512/50,985  elapsed 0.1s]
    [5,632/50,985  elapsed 1.5s]
    [10,752/50,985  elapsed 2.7s]
    [15,872/50,985  elapsed 3.9s]
    [20,992/50,985  elapsed 5.1s]
    [26,112/50,985  elapsed 6.4s]
    [31,232/50,985  elapsed 7.6s]
    [36,352/50,985  elapsed 8.7s]
    [41,472/50,985  elapsed 9.9s]
    [46,592/50,985  elapsed 11.2s]
  eval done in 12.2s
  by-popularity NDCG@10: tail=0.0024(n=10,592)  mid=0.0102(n=9,237)  head=0.0505(n=31,156)
  epoch  18  loss=8.0984  val_NDCG=0.0410  test_NDCG=0.0332  test_HR=0.0583  (5.1s)
  evaluating 50,985 users in batches of 512...
    [512/50,985  elapsed 0.1s]
    [5,632/50,985  elapsed 1.3s]
    [10,752/50,985  elapsed 2.7s]
    [15,872/50,985  elapsed 4.0s]
    [20,992/50,985  elapsed 5.1s]
    [26,112/50,985  elapsed 6.3s]
    [31,232/50,985  elapsed 7.5s]
    [36,352/50,985  elapsed 8.7s]
    [41,472/50,985  elapsed 10.2s]
    [46,592/50,985  elapsed 11.4s]
  eval done in 12.4s
  by-popularity NDCG@10: tail=0.0028(n=9,330)  mid=0.0136(n=8,951)  head=0.0594(n=32,704)
  evaluating 50,985 users in batches of 512...
    [512/50,985  elapsed 0.1s]
    [5,632/50,985  elapsed 1.7s]
    [10,752/50,985  elapsed 3.4s]
    [15,872/50,985  elapsed 5.2s]
    [20,992/50,985  elapsed 7.1s]
    [26,112/50,985  elapsed 8.8s]
    [31,232/50,985  elapsed 10.1s]
    [36,352/50,985  elapsed 11.3s]
    [41,472/50,985  elapsed 12.4s]
    [46,592/50,985  elapsed 13.7s]
  eval done in 14.7s
  by-popularity NDCG@10: tail=0.0024(n=10,592)  mid=0.0101(n=9,237)  head=0.0506(n=31,156)
  epoch  19  loss=8.0898  val_NDCG=0.0410  test_NDCG=0.0332  test_HR=0.0583  (5.2s)
  evaluating 50,985 users in batches of 512...
    [512/50,985  elapsed 0.1s]
    [5,632/50,985  elapsed 1.2s]
    [10,752/50,985  elapsed 2.5s]
    [15,872/50,985  elapsed 3.7s]
    [20,992/50,985  elapsed 4.9s]
    [26,112/50,985  elapsed 6.0s]
    [31,232/50,985  elapsed 7.3s]
    [36,352/50,985  elapsed 8.5s]
    [41,472/50,985  elapsed 9.8s]
    [46,592/50,985  elapsed 11.1s]
  eval done in 12.1s
  by-popularity NDCG@10: tail=0.0028(n=9,330)  mid=0.0135(n=8,951)  head=0.0594(n=32,704)
  evaluating 50,985 users in batches of 512...
    [512/50,985  elapsed 0.2s]
    [5,632/50,985  elapsed 1.9s]
    [10,752/50,985  elapsed 3.8s]
    [15,872/50,985  elapsed 5.8s]
    [20,992/50,985  elapsed 7.4s]
    [26,112/50,985  elapsed 8.5s]
    [31,232/50,985  elapsed 9.7s]
    [36,352/50,985  elapsed 10.8s]
    [41,472/50,985  elapsed 12.0s]
    [46,592/50,985  elapsed 13.3s]
  eval done in 14.4s
  by-popularity NDCG@10: tail=0.0024(n=10,592)  mid=0.0101(n=9,237)  head=0.0506(n=31,156)
  epoch  20  loss=8.0851  val_NDCG=0.0410  test_NDCG=0.0332  test_HR=0.0583  (5.3s)

=== Best by val NDCG@10 ===
  val_NDCG=0.0413
  test: {'NDCG@10': 0.03326017444708221, 'HR@10': 0.05844856330293224, 'MRR': 0.030626888018970257, 'n_eval': 50985, 'by_popularity': {'tail': {'NDCG@10': 0.0021798496054922243, 'HR@10': 0.004154078549848943, 'n': 10592, 'n_hit@10': 44, 'HR@20': 0.007741691842900302, 'n_hit@20': 82, 'HR@50': 0.015200151057401813, 'n_hit@50': 161, 'HR@100': 0.02388595166163142, 'n_hit@100': 253}, 'mid': {'NDCG@10': 0.009468114713582197, 'HR@10': 0.016563819421890225, 'n': 9237, 'n_hit@10': 153, 'HR@20': 0.026956804157193894, 'n_hit@20': 249, 'HR@50': 0.04839233517375771, 'n_hit@50': 447, 'HR@100': 0.07816390603009635, 'n_hit@100': 722}, 'head': {'NDCG@10': 0.05088021734348934, 'HR@10': 0.08932468866349981, 'n': 31156, 'n_hit@10': 2783, 'HR@20': 0.12723070997560662, 'n_hit@20': 3964, 'HR@50': 0.19662344331749904, 'n_hit@50': 6126, 'HR@100': 0.26450763897804597, 'n_hit@100': 8241}}}
wrote C:\Users\rayxc\Documents\R\_bestrec_run\results_IS_COLDFUSE_base_seed20260737.users.jsonl.gz (50,985 per-user records, best epoch 13, sha256 b83528354f5f…)
wrote C:\Users\rayxc\Documents\R\_bestrec_run\results_IS_COLDFUSE_base_seed20260737.final.users.jsonl.gz (50,985 FINAL-epoch per-user records)

wrote C:\Users\rayxc\Documents\R\_bestrec_run\results_IS_COLDFUSE_base_seed20260737.json
[run] results_IS_COLDFUSE_base_seed20260737.fusion.json
=== fusion eval: Industrial_and_Scientific  ckpt=results_IS_COLDFUSE_base_seed20260737.best.pt ===
  n_users=50,985 n_items=25,848
  ckpt from epoch 13 (val NDCG@10 0.04131)

--- EASE l2=50.0: fit + VAL sweep ---
  EASE l2=50.0: inverted 25848x25848 in 83.1s
    [512/50,985 elapsed 0.5s]
    [10,752/50,985 elapsed 4.9s]
    [20,992/50,985 elapsed 8.3s]
    [31,232/50,985 elapsed 11.5s]
    [41,472/50,985 elapsed 14.9s]
  VAL seq NDCG@10=0.04131  ease=0.03204
    w=0.01: val fused NDCG@10=0.04263
    w=0.02: val fused NDCG@10=0.04358
    w=0.03: val fused NDCG@10=0.04418
    w=0.04: val fused NDCG@10=0.04438
    w=0.05: val fused NDCG@10=0.04428
    w=0.06: val fused NDCG@10=0.04423
    w=0.075: val fused NDCG@10=0.04388
    w=0.1: val fused NDCG@10=0.04321

--- EASE l2=100.0: fit + VAL sweep ---
  EASE l2=100.0: inverted 25848x25848 in 72.6s
    [512/50,985 elapsed 0.2s]
    [10,752/50,985 elapsed 3.5s]
    [20,992/50,985 elapsed 6.8s]
    [31,232/50,985 elapsed 10.2s]
    [41,472/50,985 elapsed 13.5s]
  VAL seq NDCG@10=0.04131  ease=0.03244
    w=0.01: val fused NDCG@10=0.04272
    w=0.02: val fused NDCG@10=0.04368
    w=0.03: val fused NDCG@10=0.04418
    w=0.04: val fused NDCG@10=0.04434
    w=0.05: val fused NDCG@10=0.04436
    w=0.06: val fused NDCG@10=0.04413
    w=0.075: val fused NDCG@10=0.04387
    w=0.1: val fused NDCG@10=0.04339

--- EASE l2=200.0: fit + VAL sweep ---
  EASE l2=200.0: inverted 25848x25848 in 75.1s
    [512/50,985 elapsed 0.2s]
    [10,752/50,985 elapsed 3.6s]
    [20,992/50,985 elapsed 6.9s]
    [31,232/50,985 elapsed 10.1s]
    [41,472/50,985 elapsed 13.4s]
  VAL seq NDCG@10=0.04131  ease=0.03267
    w=0.01: val fused NDCG@10=0.04282
    w=0.02: val fused NDCG@10=0.04372
    w=0.03: val fused NDCG@10=0.04413
    w=0.04: val fused NDCG@10=0.04431
    w=0.05: val fused NDCG@10=0.04418
    w=0.06: val fused NDCG@10=0.04405
    w=0.075: val fused NDCG@10=0.04392
    w=0.1: val fused NDCG@10=0.04321

--- EASE l2=500.0: fit + VAL sweep ---
  EASE l2=500.0: inverted 25848x25848 in 72.2s
    [512/50,985 elapsed 0.2s]
    [10,752/50,985 elapsed 3.5s]
    [20,992/50,985 elapsed 6.9s]
    [31,232/50,985 elapsed 10.1s]
    [41,472/50,985 elapsed 13.4s]
  VAL seq NDCG@10=0.04131  ease=0.03235
    w=0.01: val fused NDCG@10=0.04284
    w=0.02: val fused NDCG@10=0.04366
    w=0.03: val fused NDCG@10=0.04411
    w=0.04: val fused NDCG@10=0.04423
    w=0.05: val fused NDCG@10=0.04408
    w=0.06: val fused NDCG@10=0.04388
    w=0.075: val fused NDCG@10=0.04345
    w=0.1: val fused NDCG@10=0.04283

=== selected on VAL: l2=50.0, w=0.04 (val fused NDCG@10=0.04438) ===
  EASE l2=50.0: inverted 25848x25848 in 77.8s
    [512/50,985 elapsed 0.2s]
    [10,752/50,985 elapsed 3.0s]
    [20,992/50,985 elapsed 5.8s]
    [31,232/50,985 elapsed 8.6s]
    [41,472/50,985 elapsed 11.5s]

TEST seq-only  NDCG@10=0.03326 HR@10=0.05845 MRR=0.03063
TEST ease-only NDCG@10=0.02598 HR@10=0.04315
TEST FUSED (w=0.04) NDCG@10=0.03629 HR@10=0.06274 MRR=0.03321
wrote C:\Users\rayxc\Documents\R\_bestrec_run\results_IS_COLDFUSE_base_seed20260737.fusion.json
[run] results_Industrial_and_Scientific_COLDFUSE_confirm_seed20260737.json
=== COLDFUSE confirm: Industrial_and_Scientific seed 20260737 (ease=yes) ===
  EASE l2=50.0: inverted 25848x25848 in 75.0s
  [val] streaming sweep: 41 systems ...
    [512/50,985 1s]
    [20,992/50,985 11s]
    [41,472/50,985 22s]
  VAL ref overall 0.04438 tail 0.00378 | selected {'profile': 'exp0.9', 'wt_tail': 0.2, 'wt_mid': 0.0, 'wt_head': 0.0} val tail 0.00683
  [test] reference + selected ...
    [512/50,985 0s]
    [20,992/50,985 7s]
    [41,472/50,985 14s]
  TEST ref 0.03629 (tail 0.00313) -> sel 0.03635 (tail 0.00543)
wrote C:\Users\rayxc\Documents\R\_bestrec_run\results_Industrial_and_Scientific_COLDFUSE_confirm_seed20260737.json
[run] results_IS_COLDFUSE_base_seed20260738.json
  random seed set to 20260738
=== Industrial_and_Scientific: load splits ===
  n_users=50,985  n_items=25,848  pad_id=25848
  built sequences for 50,985 users
  built timestamp sequences (12 time buckets)
  loading SBERT embeddings from C:\Users\rayxc\Documents\R\cache_5core\sbert_titles_Industrial_and_Scientific.npy...
  TAPE: k-means 25,848 text embeddings into K=512 prototypes (tau=0.05)...
  TAPE: K=512 mean max-assignment weight = 0.589 (1.0 = hard clustering)

=== Build SASRec-SBERT (d=64, layers=4, heads=2) ===
  total params: 11,750,463  device=cuda
  50,985 training examples / 200 batches per epoch
  init_state_sha256 = 4a886e7fc0efb44f86eac5ffcfc6551a9a2d82de9b9caf5e9a089d70d42dff3a
  LR schedule: warmup_cosine (200 warmup + 3800 cosine steps)

=== Train for 20 epochs ===
  evaluating 50,985 users in batches of 512...
    [512/50,985  elapsed 0.1s]
    [5,632/50,985  elapsed 1.8s]
    [10,752/50,985  elapsed 3.4s]
    [15,872/50,985  elapsed 4.4s]
    [20,992/50,985  elapsed 5.3s]
    [26,112/50,985  elapsed 6.3s]
    [31,232/50,985  elapsed 7.2s]
    [36,352/50,985  elapsed 8.1s]
    [41,472/50,985  elapsed 9.0s]
    [46,592/50,985  elapsed 10.0s]
  eval done in 11.0s
  by-popularity NDCG@10: tail=0.0000(n=9,330)  mid=0.0000(n=8,951)  head=0.0300(n=32,704)
  evaluating 50,985 users in batches of 512...
    [512/50,985  elapsed 0.2s]
    [5,632/50,985  elapsed 1.4s]
    [10,752/50,985  elapsed 2.5s]
    [15,872/50,985  elapsed 3.8s]
    [20,992/50,985  elapsed 4.8s]
    [26,112/50,985  elapsed 5.8s]
    [31,232/50,985  elapsed 6.7s]
    [36,352/50,985  elapsed 7.6s]
    [41,472/50,985  elapsed 8.5s]
    [46,592/50,985  elapsed 9.6s]
  eval done in 10.4s
  by-popularity NDCG@10: tail=0.0001(n=10,592)  mid=0.0001(n=9,237)  head=0.0267(n=31,156)
  epoch   1  loss=9.7691  val_NDCG=0.0192  test_NDCG=0.0164  test_HR=0.0316  (6.4s)
  evaluating 50,985 users in batches of 512...
    [512/50,985  elapsed 0.1s]
    [5,632/50,985  elapsed 1.7s]
    [10,752/50,985  elapsed 3.4s]
    [15,872/50,985  elapsed 4.4s]
    [20,992/50,985  elapsed 5.3s]
    [26,112/50,985  elapsed 6.2s]
    [31,232/50,985  elapsed 7.2s]
    [36,352/50,985  elapsed 8.1s]
    [41,472/50,985  elapsed 9.2s]
    [46,592/50,985  elapsed 10.2s]
  eval done in 11.0s
  by-popularity NDCG@10: tail=0.0001(n=9,330)  mid=0.0002(n=8,951)  head=0.0429(n=32,704)
  evaluating 50,985 users in batches of 512...
    [512/50,985  elapsed 0.1s]
    [5,632/50,985  elapsed 1.0s]
    [10,752/50,985  elapsed 2.0s]
    [15,872/50,985  elapsed 3.0s]
    [20,992/50,985  elapsed 4.0s]
    [26,112/50,985  elapsed 5.0s]
    [31,232/50,985  elapsed 5.9s]
    [36,352/50,985  elapsed 6.8s]
    [41,472/50,985  elapsed 7.8s]
    [46,592/50,985  elapsed 8.8s]
  eval done in 9.6s
  by-popularity NDCG@10: tail=0.0000(n=10,592)  mid=0.0003(n=9,237)  head=0.0374(n=31,156)
  epoch   2  loss=9.2238  val_NDCG=0.0276  test_NDCG=0.0229  test_HR=0.0425  (5.9s)
  evaluating 50,985 users in batches of 512...
    [512/50,985  elapsed 0.1s]
    [5,632/50,985  elapsed 1.9s]
    [10,752/50,985  elapsed 3.1s]
    [15,872/50,985  elapsed 4.2s]
    [20,992/50,985  elapsed 5.3s]
    [26,112/50,985  elapsed 6.4s]
    [31,232/50,985  elapsed 7.5s]
    [36,352/50,985  elapsed 8.5s]
    [41,472/50,985  elapsed 9.6s]
    [46,592/50,985  elapsed 10.6s]
  eval done in 11.5s
  by-popularity NDCG@10: tail=0.0003(n=9,330)  mid=0.0008(n=8,951)  head=0.0497(n=32,704)
  evaluating 50,985 users in batches of 512...
    [512/50,985  elapsed 0.1s]
    [5,632/50,985  elapsed 1.2s]
    [10,752/50,985  elapsed 2.3s]
    [15,872/50,985  elapsed 3.3s]
    [20,992/50,985  elapsed 4.4s]
    [26,112/50,985  elapsed 5.5s]
    [31,232/50,985  elapsed 6.5s]
    [36,352/50,985  elapsed 7.6s]
    [41,472/50,985  elapsed 8.6s]
    [46,592/50,985  elapsed 9.7s]
  eval done in 10.5s
  by-popularity NDCG@10: tail=0.0001(n=10,592)  mid=0.0008(n=9,237)  head=0.0432(n=31,156)
  epoch   3  loss=9.0119  val_NDCG=0.0321  test_NDCG=0.0265  test_HR=0.0491  (5.9s)
  evaluating 50,985 users in batches of 512...
    [512/50,985  elapsed 0.2s]
    [5,632/50,985  elapsed 1.6s]
    [10,752/50,985  elapsed 3.4s]
    [15,872/50,985  elapsed 5.2s]
    [20,992/50,985  elapsed 7.0s]
    [26,112/50,985  elapsed 8.2s]
    [31,232/50,985  elapsed 9.2s]
    [36,352/50,985  elapsed 10.2s]
    [41,472/50,985  elapsed 11.1s]
    [46,592/50,985  elapsed 12.1s]
  eval done in 12.9s
  by-popularity NDCG@10: tail=0.0004(n=9,330)  mid=0.0017(n=8,951)  head=0.0538(n=32,704)
  evaluating 50,985 users in batches of 512...
    [512/50,985  elapsed 0.1s]
    [5,632/50,985  elapsed 1.1s]
    [10,752/50,985  elapsed 2.0s]
    [15,872/50,985  elapsed 3.0s]
    [20,992/50,985  elapsed 3.9s]
    [26,112/50,985  elapsed 4.9s]
    [31,232/50,985  elapsed 5.9s]
    [36,352/50,985  elapsed 6.9s]
    [41,472/50,985  elapsed 7.8s]
    [46,592/50,985  elapsed 8.7s]
  eval done in 9.6s
  by-popularity NDCG@10: tail=0.0002(n=10,592)  mid=0.0014(n=9,237)  head=0.0473(n=31,156)
  epoch   4  loss=8.8671  val_NDCG=0.0349  test_NDCG=0.0292  test_HR=0.0531  (5.9s)
  evaluating 50,985 users in batches of 512...
    [512/50,985  elapsed 0.2s]
    [5,632/50,985  elapsed 1.8s]
    [10,752/50,985  elapsed 2.9s]
    [15,872/50,985  elapsed 3.9s]
    [20,992/50,985  elapsed 4.8s]
    [26,112/50,985  elapsed 5.9s]
    [31,232/50,985  elapsed 6.9s]
    [36,352/50,985  elapsed 7.9s]
    [41,472/50,985  elapsed 8.8s]
    [46,592/50,985  elapsed 9.8s]
  eval done in 10.6s
  by-popularity NDCG@10: tail=0.0005(n=9,330)  mid=0.0033(n=8,951)  head=0.0564(n=32,704)
  evaluating 50,985 users in batches of 512...
    [512/50,985  elapsed 0.1s]
    [5,632/50,985  elapsed 1.1s]
    [10,752/50,985  elapsed 2.0s]
    [15,872/50,985  elapsed 2.9s]
    [20,992/50,985  elapsed 4.0s]
    [26,112/50,985  elapsed 5.0s]
    [31,232/50,985  elapsed 5.9s]
    [36,352/50,985  elapsed 7.0s]
    [41,472/50,985  elapsed 7.9s]
    [46,592/50,985  elapsed 8.8s]
  eval done in 9.6s
  by-popularity NDCG@10: tail=0.0003(n=10,592)  mid=0.0028(n=9,237)  head=0.0509(n=31,156)
  epoch   5  loss=8.7505  val_NDCG=0.0368  test_NDCG=0.0317  test_HR=0.0563  (5.9s)
  evaluating 50,985 users in batches of 512...
    [512/50,985  elapsed 0.1s]
    [5,632/50,985  elapsed 1.8s]
    [10,752/50,985  elapsed 2.9s]
    [15,872/50,985  elapsed 3.9s]
    [20,992/50,985  elapsed 4.9s]
    [26,112/50,985  elapsed 5.9s]
    [31,232/50,985  elapsed 6.8s]
    [36,352/50,985  elapsed 7.8s]
    [41,472/50,985  elapsed 8.8s]
    [46,592/50,985  elapsed 9.9s]
  eval done in 10.7s
  by-popularity NDCG@10: tail=0.0009(n=9,330)  mid=0.0056(n=8,951)  head=0.0586(n=32,704)
  evaluating 50,985 users in batches of 512...
    [512/50,985  elapsed 0.1s]
    [5,632/50,985  elapsed 1.1s]
    [10,752/50,985  elapsed 2.1s]
    [15,872/50,985  elapsed 3.0s]
    [20,992/50,985  elapsed 4.0s]
    [26,112/50,985  elapsed 5.0s]
    [31,232/50,985  elapsed 6.0s]
    [36,352/50,985  elapsed 7.0s]
    [41,472/50,985  elapsed 8.0s]
    [46,592/50,985  elapsed 9.0s]
  eval done in 9.8s
  by-popularity NDCG@10: tail=0.0006(n=10,592)  mid=0.0045(n=9,237)  head=0.0516(n=31,156)
  epoch   6  loss=8.6509  val_NDCG=0.0387  test_NDCG=0.0324  test_HR=0.0577  (5.9s)
  evaluating 50,985 users in batches of 512...
    [512/50,985  elapsed 0.1s]
    [5,632/50,985  elapsed 1.8s]
    [10,752/50,985  elapsed 2.8s]
    [15,872/50,985  elapsed 3.8s]
    [20,992/50,985  elapsed 4.8s]
    [26,112/50,985  elapsed 5.8s]
    [31,232/50,985  elapsed 6.9s]
    [36,352/50,985  elapsed 7.8s]
    [41,472/50,985  elapsed 8.8s]
    [46,592/50,985  elapsed 9.8s]
  eval done in 10.6s
  by-popularity NDCG@10: tail=0.0011(n=9,330)  mid=0.0070(n=8,951)  head=0.0604(n=32,704)
  evaluating 50,985 users in batches of 512...
    [512/50,985  elapsed 0.1s]
    [5,632/50,985  elapsed 1.1s]
    [10,752/50,985  elapsed 2.3s]
    [15,872/50,985  elapsed 3.4s]
    [20,992/50,985  elapsed 4.4s]
    [26,112/50,985  elapsed 5.4s]
    [31,232/50,985  elapsed 6.3s]
    [36,352/50,985  elapsed 7.3s]
    [41,472/50,985  elapsed 8.2s]
    [46,592/50,985  elapsed 9.2s]
  eval done in 10.0s
  by-popularity NDCG@10: tail=0.0008(n=10,592)  mid=0.0055(n=9,237)  head=0.0520(n=31,156)
  epoch   7  loss=8.5669  val_NDCG=0.0402  test_NDCG=0.0329  test_HR=0.0576  (5.9s)
  evaluating 50,985 users in batches of 512...
    [512/50,985  elapsed 0.1s]
    [5,632/50,985  elapsed 1.8s]
    [10,752/50,985  elapsed 3.5s]
    [15,872/50,985  elapsed 4.9s]
    [20,992/50,985  elapsed 5.9s]
    [26,112/50,985  elapsed 6.9s]
    [31,232/50,985  elapsed 7.8s]
    [36,352/50,985  elapsed 8.8s]
    [41,472/50,985  elapsed 9.8s]
    [46,592/50,985  elapsed 10.8s]
  eval done in 11.6s
  by-popularity NDCG@10: tail=0.0013(n=9,330)  mid=0.0082(n=8,951)  head=0.0606(n=32,704)
  evaluating 50,985 users in batches of 512...
    [512/50,985  elapsed 0.1s]
    [5,632/50,985  elapsed 1.2s]
    [10,752/50,985  elapsed 2.1s]
    [15,872/50,985  elapsed 3.0s]
    [20,992/50,985  elapsed 4.1s]
    [26,112/50,985  elapsed 5.1s]
    [31,232/50,985  elapsed 6.1s]
    [36,352/50,985  elapsed 7.1s]
    [41,472/50,985  elapsed 8.0s]
    [46,592/50,985  elapsed 9.0s]
  eval done in 9.8s
  by-popularity NDCG@10: tail=0.0010(n=10,592)  mid=0.0063(n=9,237)  head=0.0525(n=31,156)
  epoch   8  loss=8.4870  val_NDCG=0.0405  test_NDCG=0.0334  test_HR=0.0592  (5.8s)
  evaluating 50,985 users in batches of 512...
    [512/50,985  elapsed 0.1s]
    [5,632/50,985  elapsed 1.8s]
    [10,752/50,985  elapsed 3.6s]
    [15,872/50,985  elapsed 5.4s]
    [20,992/50,985  elapsed 6.8s]
    [26,112/50,985  elapsed 8.4s]
    [31,232/50,985  elapsed 10.2s]
    [36,352/50,985  elapsed 11.9s]
    [41,472/50,985  elapsed 13.6s]
    [46,592/50,985  elapsed 14.7s]
  eval done in 15.5s
  by-popularity NDCG@10: tail=0.0015(n=9,330)  mid=0.0099(n=8,951)  head=0.0603(n=32,704)
  evaluating 50,985 users in batches of 512...
    [512/50,985  elapsed 0.1s]
    [5,632/50,985  elapsed 1.2s]
    [10,752/50,985  elapsed 2.1s]
    [15,872/50,985  elapsed 3.1s]
    [20,992/50,985  elapsed 4.2s]
    [26,112/50,985  elapsed 5.1s]
    [31,232/50,985  elapsed 6.2s]
    [36,352/50,985  elapsed 7.1s]
    [41,472/50,985  elapsed 8.1s]
    [46,592/50,985  elapsed 9.1s]
  eval done in 9.9s
  by-popularity NDCG@10: tail=0.0012(n=10,592)  mid=0.0076(n=9,237)  head=0.0520(n=31,156)
  epoch   9  loss=8.4225  val_NDCG=0.0407  test_NDCG=0.0334  test_HR=0.0594  (5.8s)
  evaluating 50,985 users in batches of 512...
    [512/50,985  elapsed 0.1s]
    [5,632/50,985  elapsed 1.7s]
    [10,752/50,985  elapsed 2.8s]
    [15,872/50,985  elapsed 3.8s]
    [20,992/50,985  elapsed 4.8s]
    [26,112/50,985  elapsed 5.8s]
    [31,232/50,985  elapsed 6.8s]
    [36,352/50,985  elapsed 7.7s]
    [41,472/50,985  elapsed 8.8s]
    [46,592/50,985  elapsed 9.7s]
  eval done in 10.6s
  by-popularity NDCG@10: tail=0.0017(n=9,330)  mid=0.0104(n=8,951)  head=0.0605(n=32,704)
  evaluating 50,985 users in batches of 512...
    [512/50,985  elapsed 0.1s]
    [5,632/50,985  elapsed 1.2s]
    [10,752/50,985  elapsed 2.2s]
    [15,872/50,985  elapsed 3.2s]
    [20,992/50,985  elapsed 4.1s]
    [26,112/50,985  elapsed 5.1s]
    [31,232/50,985  elapsed 6.1s]
    [36,352/50,985  elapsed 7.1s]
    [41,472/50,985  elapsed 8.1s]
    [46,592/50,985  elapsed 9.0s]
  eval done in 9.9s
  by-popularity NDCG@10: tail=0.0014(n=10,592)  mid=0.0083(n=9,237)  head=0.0517(n=31,156)
  epoch  10  loss=8.3611  val_NDCG=0.0409  test_NDCG=0.0334  test_HR=0.0589  (5.9s)
  evaluating 50,985 users in batches of 512...
    [512/50,985  elapsed 0.1s]
    [5,632/50,985  elapsed 1.7s]
    [10,752/50,985  elapsed 2.7s]
    [15,872/50,985  elapsed 3.7s]
    [20,992/50,985  elapsed 4.7s]
    [26,112/50,985  elapsed 5.6s]
    [31,232/50,985  elapsed 6.6s]
    [36,352/50,985  elapsed 7.6s]
    [41,472/50,985  elapsed 8.6s]
    [46,592/50,985  elapsed 9.6s]
  eval done in 10.4s
  by-popularity NDCG@10: tail=0.0020(n=9,330)  mid=0.0119(n=8,951)  head=0.0600(n=32,704)
  evaluating 50,985 users in batches of 512...
    [512/50,985  elapsed 0.1s]
    [5,632/50,985  elapsed 1.1s]
    [10,752/50,985  elapsed 2.1s]
    [15,872/50,985  elapsed 3.1s]
    [20,992/50,985  elapsed 4.1s]
    [26,112/50,985  elapsed 5.1s]
    [31,232/50,985  elapsed 6.1s]
    [36,352/50,985  elapsed 7.0s]
    [41,472/50,985  elapsed 8.0s]
    [46,592/50,985  elapsed 9.0s]
  eval done in 10.0s
  by-popularity NDCG@10: tail=0.0016(n=10,592)  mid=0.0085(n=9,237)  head=0.0512(n=31,156)
  epoch  11  loss=8.3077  val_NDCG=0.0410  test_NDCG=0.0332  test_HR=0.0582  (6.0s)
  evaluating 50,985 users in batches of 512...
    [512/50,985  elapsed 0.1s]
    [5,632/50,985  elapsed 1.8s]
    [10,752/50,985  elapsed 2.8s]
    [15,872/50,985  elapsed 3.8s]
    [20,992/50,985  elapsed 4.8s]
    [26,112/50,985  elapsed 5.7s]
    [31,232/50,985  elapsed 6.7s]
    [36,352/50,985  elapsed 7.8s]
    [41,472/50,985  elapsed 8.8s]
    [46,592/50,985  elapsed 9.7s]
  eval done in 10.6s
  by-popularity NDCG@10: tail=0.0022(n=9,330)  mid=0.0121(n=8,951)  head=0.0605(n=32,704)
  evaluating 50,985 users in batches of 512...
    [512/50,985  elapsed 0.1s]
    [5,632/50,985  elapsed 1.1s]
    [10,752/50,985  elapsed 2.1s]
    [15,872/50,985  elapsed 3.1s]
    [20,992/50,985  elapsed 4.2s]
    [26,112/50,985  elapsed 5.5s]
    [31,232/50,985  elapsed 6.7s]
    [36,352/50,985  elapsed 7.9s]
    [41,472/50,985  elapsed 9.0s]
    [46,592/50,985  elapsed 10.1s]
  eval done in 10.8s
  by-popularity NDCG@10: tail=0.0019(n=10,592)  mid=0.0091(n=9,237)  head=0.0508(n=31,156)
  epoch  12  loss=8.2618  val_NDCG=0.0413  test_NDCG=0.0331  test_HR=0.0579  (6.0s)
  evaluating 50,985 users in batches of 512...
    [512/50,985  elapsed 0.1s]
    [5,632/50,985  elapsed 1.7s]
    [10,752/50,985  elapsed 3.4s]
    [15,872/50,985  elapsed 5.1s]
    [20,992/50,985  elapsed 6.8s]
    [26,112/50,985  elapsed 8.5s]
    [31,232/50,985  elapsed 9.5s]
    [36,352/50,985  elapsed 10.5s]
    [41,472/50,985  elapsed 11.4s]
    [46,592/50,985  elapsed 12.4s]
  eval done in 13.2s
  by-popularity NDCG@10: tail=0.0024(n=9,330)  mid=0.0124(n=8,951)  head=0.0603(n=32,704)
  evaluating 50,985 users in batches of 512...
    [512/50,985  elapsed 0.1s]
    [5,632/50,985  elapsed 1.2s]
    [10,752/50,985  elapsed 2.2s]
    [15,872/50,985  elapsed 3.1s]
    [20,992/50,985  elapsed 4.1s]
    [26,112/50,985  elapsed 5.0s]
    [31,232/50,985  elapsed 6.0s]
    [36,352/50,985  elapsed 7.0s]
    [41,472/50,985  elapsed 8.1s]
    [46,592/50,985  elapsed 9.1s]
  eval done in 10.0s
  by-popularity NDCG@10: tail=0.0017(n=10,592)  mid=0.0091(n=9,237)  head=0.0514(n=31,156)
  epoch  13  loss=8.2198  val_NDCG=0.0413  test_NDCG=0.0334  test_HR=0.0586  (6.0s)
  evaluating 50,985 users in batches of 512...
    [512/50,985  elapsed 0.1s]
    [5,632/50,985  elapsed 1.1s]
    [10,752/50,985  elapsed 2.1s]
    [15,872/50,985  elapsed 3.1s]
    [20,992/50,985  elapsed 4.2s]
    [26,112/50,985  elapsed 5.1s]
    [31,232/50,985  elapsed 6.1s]
    [36,352/50,985  elapsed 7.1s]
    [41,472/50,985  elapsed 8.1s]
    [46,592/50,985  elapsed 9.1s]
  eval done in 9.9s
  by-popularity NDCG@10: tail=0.0027(n=9,330)  mid=0.0125(n=8,951)  head=0.0600(n=32,704)
  evaluating 50,985 users in batches of 512...
    [512/50,985  elapsed 0.1s]
    [5,632/50,985  elapsed 1.2s]
    [10,752/50,985  elapsed 2.2s]
    [15,872/50,985  elapsed 3.2s]
    [20,992/50,985  elapsed 4.2s]
    [26,112/50,985  elapsed 5.2s]
    [31,232/50,985  elapsed 6.2s]
    [36,352/50,985  elapsed 7.2s]
    [41,472/50,985  elapsed 8.1s]
    [46,592/50,985  elapsed 9.1s]
  eval done in 10.0s
  by-popularity NDCG@10: tail=0.0019(n=10,592)  mid=0.0092(n=9,237)  head=0.0502(n=31,156)
  epoch  14  loss=8.1852  val_NDCG=0.0412  test_NDCG=0.0328  test_HR=0.0574  (5.1s)
  evaluating 50,985 users in batches of 512...
    [512/50,985  elapsed 0.1s]
    [5,632/50,985  elapsed 1.1s]
    [10,752/50,985  elapsed 2.1s]
    [15,872/50,985  elapsed 3.1s]
    [20,992/50,985  elapsed 4.2s]
    [26,112/50,985  elapsed 5.1s]
    [31,232/50,985  elapsed 6.0s]
    [36,352/50,985  elapsed 7.0s]
    [41,472/50,985  elapsed 7.9s]
    [46,592/50,985  elapsed 8.9s]
  eval done in 9.6s
  by-popularity NDCG@10: tail=0.0026(n=9,330)  mid=0.0130(n=8,951)  head=0.0601(n=32,704)
  evaluating 50,985 users in batches of 512...
    [512/50,985  elapsed 0.1s]
    [5,632/50,985  elapsed 1.1s]
    [10,752/50,985  elapsed 2.0s]
    [15,872/50,985  elapsed 3.0s]
    [20,992/50,985  elapsed 4.0s]
    [26,112/50,985  elapsed 4.9s]
    [31,232/50,985  elapsed 5.9s]
    [36,352/50,985  elapsed 6.9s]
    [41,472/50,985  elapsed 7.8s]
    [46,592/50,985  elapsed 8.7s]
  eval done in 9.6s
  by-popularity NDCG@10: tail=0.0020(n=10,592)  mid=0.0092(n=9,237)  head=0.0499(n=31,156)
  epoch  15  loss=8.1531  val_NDCG=0.0413  test_NDCG=0.0325  test_HR=0.0570  (5.1s)
  evaluating 50,985 users in batches of 512...
    [512/50,985  elapsed 0.1s]
    [5,632/50,985  elapsed 1.0s]
    [10,752/50,985  elapsed 1.9s]
    [15,872/50,985  elapsed 2.9s]
    [20,992/50,985  elapsed 3.9s]
    [26,112/50,985  elapsed 4.9s]
    [31,232/50,985  elapsed 5.8s]
    [36,352/50,985  elapsed 6.7s]
    [41,472/50,985  elapsed 7.6s]
    [46,592/50,985  elapsed 8.6s]
  eval done in 9.4s
  by-popularity NDCG@10: tail=0.0027(n=9,330)  mid=0.0131(n=8,951)  head=0.0602(n=32,704)
  evaluating 50,985 users in batches of 512...
    [512/50,985  elapsed 0.1s]
    [5,632/50,985  elapsed 1.1s]
    [10,752/50,985  elapsed 2.0s]
    [15,872/50,985  elapsed 2.9s]
    [20,992/50,985  elapsed 3.9s]
    [26,112/50,985  elapsed 4.9s]
    [31,232/50,985  elapsed 5.8s]
    [36,352/50,985  elapsed 6.8s]
    [41,472/50,985  elapsed 7.8s]
    [46,592/50,985  elapsed 8.7s]
  eval done in 9.5s
  by-popularity NDCG@10: tail=0.0021(n=10,592)  mid=0.0094(n=9,237)  head=0.0502(n=31,156)
  epoch  16  loss=8.1302  val_NDCG=0.0414  test_NDCG=0.0328  test_HR=0.0570  (5.0s)
  evaluating 50,985 users in batches of 512...
    [512/50,985  elapsed 0.1s]
    [5,632/50,985  elapsed 1.9s]
    [10,752/50,985  elapsed 3.6s]
    [15,872/50,985  elapsed 4.9s]
    [20,992/50,985  elapsed 5.8s]
    [26,112/50,985  elapsed 6.8s]
    [31,232/50,985  elapsed 7.8s]
    [36,352/50,985  elapsed 8.8s]
    [41,472/50,985  elapsed 9.7s]
    [46,592/50,985  elapsed 10.7s]
  eval done in 11.5s
  by-popularity NDCG@10: tail=0.0028(n=9,330)  mid=0.0131(n=8,951)  head=0.0600(n=32,704)
  evaluating 50,985 users in batches of 512...
    [512/50,985  elapsed 0.1s]
    [5,632/50,985  elapsed 1.2s]
    [10,752/50,985  elapsed 2.2s]
    [15,872/50,985  elapsed 3.2s]
    [20,992/50,985  elapsed 4.2s]
    [26,112/50,985  elapsed 5.1s]
    [31,232/50,985  elapsed 6.1s]
    [36,352/50,985  elapsed 7.0s]
    [41,472/50,985  elapsed 8.0s]
    [46,592/50,985  elapsed 8.9s]
  eval done in 9.7s
  by-popularity NDCG@10: tail=0.0021(n=10,592)  mid=0.0091(n=9,237)  head=0.0501(n=31,156)
  epoch  17  loss=8.1124  val_NDCG=0.0413  test_NDCG=0.0327  test_HR=0.0573  (5.8s)
  evaluating 50,985 users in batches of 512...
    [512/50,985  elapsed 0.1s]
    [5,632/50,985  elapsed 1.1s]
    [10,752/50,985  elapsed 2.0s]
    [15,872/50,985  elapsed 3.0s]
    [20,992/50,985  elapsed 3.9s]
    [26,112/50,985  elapsed 4.8s]
    [31,232/50,985  elapsed 5.7s]
    [36,352/50,985  elapsed 6.7s]
    [41,472/50,985  elapsed 7.6s]
    [46,592/50,985  elapsed 8.5s]
  eval done in 9.3s
  by-popularity NDCG@10: tail=0.0028(n=9,330)  mid=0.0131(n=8,951)  head=0.0600(n=32,704)
  evaluating 50,985 users in batches of 512...
    [512/50,985  elapsed 0.1s]
    [5,632/50,985  elapsed 1.1s]
    [10,752/50,985  elapsed 2.1s]
    [15,872/50,985  elapsed 3.1s]
    [20,992/50,985  elapsed 4.1s]
    [26,112/50,985  elapsed 5.1s]
    [31,232/50,985  elapsed 6.0s]
    [36,352/50,985  elapsed 7.0s]
    [41,472/50,985  elapsed 7.9s]
    [46,592/50,985  elapsed 8.8s]
  eval done in 9.6s
  by-popularity NDCG@10: tail=0.0021(n=10,592)  mid=0.0091(n=9,237)  head=0.0500(n=31,156)
  epoch  18  loss=8.0990  val_NDCG=0.0413  test_NDCG=0.0327  test_HR=0.0571  (5.0s)
  evaluating 50,985 users in batches of 512...
    [512/50,985  elapsed 0.1s]
    [5,632/50,985  elapsed 1.0s]
    [10,752/50,985  elapsed 2.0s]
    [15,872/50,985  elapsed 3.0s]
    [20,992/50,985  elapsed 4.0s]
    [26,112/50,985  elapsed 4.9s]
    [31,232/50,985  elapsed 5.9s]
    [36,352/50,985  elapsed 6.8s]
    [41,472/50,985  elapsed 7.7s]
    [46,592/50,985  elapsed 8.7s]
  eval done in 9.5s
  by-popularity NDCG@10: tail=0.0028(n=9,330)  mid=0.0130(n=8,951)  head=0.0602(n=32,704)
  evaluating 50,985 users in batches of 512...
    [512/50,985  elapsed 0.1s]
    [5,632/50,985  elapsed 1.2s]
    [10,752/50,985  elapsed 2.1s]
    [15,872/50,985  elapsed 3.1s]
    [20,992/50,985  elapsed 4.0s]
    [26,112/50,985  elapsed 4.9s]
    [31,232/50,985  elapsed 5.9s]
    [36,352/50,985  elapsed 6.9s]
    [41,472/50,985  elapsed 7.9s]
    [46,592/50,985  elapsed 8.9s]
  eval done in 9.7s
  by-popularity NDCG@10: tail=0.0021(n=10,592)  mid=0.0091(n=9,237)  head=0.0502(n=31,156)
  epoch  19  loss=8.0919  val_NDCG=0.0414  test_NDCG=0.0328  test_HR=0.0573  (5.0s)
  evaluating 50,985 users in batches of 512...
    [512/50,985  elapsed 0.1s]
    [5,632/50,985  elapsed 1.0s]
    [10,752/50,985  elapsed 1.9s]
    [15,872/50,985  elapsed 2.8s]
    [20,992/50,985  elapsed 3.8s]
    [26,112/50,985  elapsed 4.7s]
    [31,232/50,985  elapsed 5.7s]
    [36,352/50,985  elapsed 6.7s]
    [41,472/50,985  elapsed 7.6s]
    [46,592/50,985  elapsed 8.5s]
  eval done in 9.3s
  by-popularity NDCG@10: tail=0.0028(n=9,330)  mid=0.0131(n=8,951)  head=0.0601(n=32,704)
  evaluating 50,985 users in batches of 512...
    [512/50,985  elapsed 0.1s]
    [5,632/50,985  elapsed 1.1s]
    [10,752/50,985  elapsed 2.0s]
    [15,872/50,985  elapsed 3.0s]
    [20,992/50,985  elapsed 4.0s]
    [26,112/50,985  elapsed 4.9s]
    [31,232/50,985  elapsed 5.9s]
    [36,352/50,985  elapsed 6.8s]
    [41,472/50,985  elapsed 7.8s]
    [46,592/50,985  elapsed 8.7s]
  eval done in 9.6s
  by-popularity NDCG@10: tail=0.0021(n=10,592)  mid=0.0091(n=9,237)  head=0.0502(n=31,156)
  epoch  20  loss=8.0865  val_NDCG=0.0414  test_NDCG=0.0327  test_HR=0.0572  (5.1s)

=== Best by val NDCG@10 ===
  val_NDCG=0.0414
  test: {'NDCG@10': 0.03279879735071358, 'HR@10': 0.05699715602628224, 'MRR': 0.03049621001197711, 'n_eval': 50985, 'by_popularity': {'tail': {'NDCG@10': 0.0020835820315587604, 'HR@10': 0.003870845921450151, 'n': 10592, 'n_hit@10': 41, 'HR@20': 0.0075528700906344415, 'n_hit@20': 80, 'HR@50': 0.01482250755287009, 'n_hit@50': 157, 'HR@100': 0.02530211480362538, 'n_hit@100': 268}, 'mid': {'NDCG@10': 0.009391673989007908, 'HR@10': 0.016888600194868465, 'n': 9237, 'n_hit@10': 156, 'HR@20': 0.02738984518783155, 'n_hit@20': 253, 'HR@50': 0.04860885568907654, 'n_hit@50': 449, 'HR@100': 0.07870520731839342, 'n_hit@100': 727}, 'head': {'NDCG@10': 0.050180590878527276, 'HR@10': 0.08694954422904096, 'n': 31156, 'n_hit@10': 2709, 'HR@20': 0.12565797920143792, 'n_hit@20': 3915, 'HR@50': 0.19450507125433303, 'n_hit@50': 6060, 'HR@100': 0.260431377583772, 'n_hit@100': 8114}}}
wrote C:\Users\rayxc\Documents\R\_bestrec_run\results_IS_COLDFUSE_base_seed20260738.users.jsonl.gz (50,985 per-user records, best epoch 16, sha256 b149457b968d…)
wrote C:\Users\rayxc\Documents\R\_bestrec_run\results_IS_COLDFUSE_base_seed20260738.final.users.jsonl.gz (50,985 FINAL-epoch per-user records)

wrote C:\Users\rayxc\Documents\R\_bestrec_run\results_IS_COLDFUSE_base_seed20260738.json
[run] results_IS_COLDFUSE_base_seed20260738.fusion.json
=== fusion eval: Industrial_and_Scientific  ckpt=results_IS_COLDFUSE_base_seed20260738.best.pt ===
  n_users=50,985 n_items=25,848
  ckpt from epoch 16 (val NDCG@10 0.04142)

--- EASE l2=50.0: fit + VAL sweep ---
  EASE l2=50.0: inverted 25848x25848 in 69.0s
    [512/50,985 elapsed 0.3s]
    [10,752/50,985 elapsed 3.3s]
    [20,992/50,985 elapsed 6.4s]
    [31,232/50,985 elapsed 9.4s]
    [41,472/50,985 elapsed 12.3s]
  VAL seq NDCG@10=0.04142  ease=0.03204
    w=0.01: val fused NDCG@10=0.04282
    w=0.02: val fused NDCG@10=0.04339
    w=0.03: val fused NDCG@10=0.04373
    w=0.04: val fused NDCG@10=0.04389
    w=0.05: val fused NDCG@10=0.04406
    w=0.06: val fused NDCG@10=0.04389
    w=0.075: val fused NDCG@10=0.04360
    w=0.1: val fused NDCG@10=0.04319

--- EASE l2=100.0: fit + VAL sweep ---
  EASE l2=100.0: inverted 25848x25848 in 69.3s
    [512/50,985 elapsed 0.2s]
    [10,752/50,985 elapsed 2.9s]
    [20,992/50,985 elapsed 5.8s]
    [31,232/50,985 elapsed 8.6s]
    [41,472/50,985 elapsed 11.3s]
  VAL seq NDCG@10=0.04142  ease=0.03244
    w=0.01: val fused NDCG@10=0.04287
    w=0.02: val fused NDCG@10=0.04353
    w=0.03: val fused NDCG@10=0.04387
    w=0.04: val fused NDCG@10=0.04400
    w=0.05: val fused NDCG@10=0.04400
    w=0.06: val fused NDCG@10=0.04389
    w=0.075: val fused NDCG@10=0.04373
    w=0.1: val fused NDCG@10=0.04331

--- EASE l2=200.0: fit + VAL sweep ---
  EASE l2=200.0: inverted 25848x25848 in 69.9s
    [512/50,985 elapsed 0.2s]
    [10,752/50,985 elapsed 2.9s]
    [20,992/50,985 elapsed 5.7s]
    [31,232/50,985 elapsed 8.4s]
    [41,472/50,985 elapsed 11.2s]
  VAL seq NDCG@10=0.04142  ease=0.03267
    w=0.01: val fused NDCG@10=0.04290
    w=0.02: val fused NDCG@10=0.04355
    w=0.03: val fused NDCG@10=0.04386
    w=0.04: val fused NDCG@10=0.04401
    w=0.05: val fused NDCG@10=0.04407
    w=0.06: val fused NDCG@10=0.04393
    w=0.075: val fused NDCG@10=0.04372
    w=0.1: val fused NDCG@10=0.04328

--- EASE l2=500.0: fit + VAL sweep ---
  EASE l2=500.0: inverted 25848x25848 in 69.3s
    [512/50,985 elapsed 0.2s]
    [10,752/50,985 elapsed 3.1s]
    [20,992/50,985 elapsed 6.2s]
    [31,232/50,985 elapsed 9.2s]
    [41,472/50,985 elapsed 12.2s]
  VAL seq NDCG@10=0.04142  ease=0.03235
    w=0.01: val fused NDCG@10=0.04290
    w=0.02: val fused NDCG@10=0.04364
    w=0.03: val fused NDCG@10=0.04399
    w=0.04: val fused NDCG@10=0.04409
    w=0.05: val fused NDCG@10=0.04400
    w=0.06: val fused NDCG@10=0.04387
    w=0.075: val fused NDCG@10=0.04356
    w=0.1: val fused NDCG@10=0.04279

=== selected on VAL: l2=500.0, w=0.04 (val fused NDCG@10=0.04409) ===
  EASE l2=500.0: inverted 25848x25848 in 70.0s
    [512/50,985 elapsed 0.2s]
    [10,752/50,985 elapsed 2.6s]
    [20,992/50,985 elapsed 5.1s]
    [31,232/50,985 elapsed 7.7s]
    [41,472/50,985 elapsed 10.3s]

TEST seq-only  NDCG@10=0.03280 HR@10=0.05700 MRR=0.03050
TEST ease-only NDCG@10=0.02574 HR@10=0.04409
TEST FUSED (w=0.04) NDCG@10=0.03561 HR@10=0.06168 MRR=0.03268
wrote C:\Users\rayxc\Documents\R\_bestrec_run\results_IS_COLDFUSE_base_seed20260738.fusion.json
[run] results_Industrial_and_Scientific_COLDFUSE_confirm_seed20260738.json
=== COLDFUSE confirm: Industrial_and_Scientific seed 20260738 (ease=yes) ===
  EASE l2=500.0: inverted 25848x25848 in 75.1s
  [val] streaming sweep: 41 systems ...
    [512/50,985 1s]
    [20,992/50,985 11s]
    [41,472/50,985 22s]
  VAL ref overall 0.04409 tail 0.00371 | selected {'profile': 'exp0.9', 'wt_tail': 0.2, 'wt_mid': 0.0, 'wt_head': 0.0} val tail 0.00675
  [test] reference + selected ...
    [512/50,985 0s]
    [20,992/50,985 7s]
    [41,472/50,985 14s]
  TEST ref 0.03561 (tail 0.00296) -> sel 0.03569 (tail 0.00518)
wrote C:\Users\rayxc\Documents\R\_bestrec_run\results_Industrial_and_Scientific_COLDFUSE_confirm_seed20260738.json
[run] results_IS_COLDFUSE_base_seed20260739.json
  random seed set to 20260739
=== Industrial_and_Scientific: load splits ===
  n_users=50,985  n_items=25,848  pad_id=25848
  built sequences for 50,985 users
  built timestamp sequences (12 time buckets)
  loading SBERT embeddings from C:\Users\rayxc\Documents\R\cache_5core\sbert_titles_Industrial_and_Scientific.npy...
  TAPE: k-means 25,848 text embeddings into K=512 prototypes (tau=0.05)...
  TAPE: K=512 mean max-assignment weight = 0.591 (1.0 = hard clustering)

=== Build SASRec-SBERT (d=64, layers=4, heads=2) ===
  total params: 11,750,463  device=cuda
  50,985 training examples / 200 batches per epoch
  init_state_sha256 = dd2d6a0e1b8f724757e61e0562d177a82b05ca350e9b457b6c6e9b7efbc623b9
  LR schedule: warmup_cosine (200 warmup + 3800 cosine steps)

=== Train for 20 epochs ===
  evaluating 50,985 users in batches of 512...
    [512/50,985  elapsed 0.1s]
    [5,632/50,985  elapsed 1.4s]
    [10,752/50,985  elapsed 2.3s]
    [15,872/50,985  elapsed 3.2s]
    [20,992/50,985  elapsed 4.1s]
    [26,112/50,985  elapsed 5.0s]
    [31,232/50,985  elapsed 6.0s]
    [36,352/50,985  elapsed 6.9s]
    [41,472/50,985  elapsed 7.8s]
    [46,592/50,985  elapsed 8.6s]
  eval done in 9.4s
  by-popularity NDCG@10: tail=0.0000(n=9,330)  mid=0.0003(n=8,951)  head=0.0305(n=32,704)
  evaluating 50,985 users in batches of 512...
    [512/50,985  elapsed 0.1s]
    [5,632/50,985  elapsed 1.0s]
    [10,752/50,985  elapsed 1.9s]
    [15,872/50,985  elapsed 2.7s]
    [20,992/50,985  elapsed 3.6s]
    [26,112/50,985  elapsed 4.5s]
    [31,232/50,985  elapsed 5.4s]
    [36,352/50,985  elapsed 6.3s]
    [41,472/50,985  elapsed 7.2s]
    [46,592/50,985  elapsed 8.1s]
  eval done in 8.8s
  by-popularity NDCG@10: tail=0.0000(n=10,592)  mid=0.0001(n=9,237)  head=0.0277(n=31,156)
  epoch   1  loss=9.7661  val_NDCG=0.0196  test_NDCG=0.0170  test_HR=0.0322  (6.4s)
  evaluating 50,985 users in batches of 512...
    [512/50,985  elapsed 0.1s]
    [5,632/50,985  elapsed 1.7s]
    [10,752/50,985  elapsed 3.4s]
    [15,872/50,985  elapsed 4.6s]
    [20,992/50,985  elapsed 5.5s]
    [26,112/50,985  elapsed 6.4s]
    [31,232/50,985  elapsed 7.4s]
    [36,352/50,985  elapsed 8.3s]
    [41,472/50,985  elapsed 9.2s]
    [46,592/50,985  elapsed 10.2s]
  eval done in 11.0s
  by-popularity NDCG@10: tail=0.0000(n=9,330)  mid=0.0003(n=8,951)  head=0.0403(n=32,704)
  evaluating 50,985 users in batches of 512...
    [512/50,985  elapsed 0.1s]
    [5,632/50,985  elapsed 1.1s]
    [10,752/50,985  elapsed 2.0s]
    [15,872/50,985  elapsed 2.9s]
    [20,992/50,985  elapsed 3.8s]
    [26,112/50,985  elapsed 4.7s]
    [31,232/50,985  elapsed 5.6s]
    [36,352/50,985  elapsed 6.5s]
    [41,472/50,985  elapsed 7.4s]
    [46,592/50,985  elapsed 8.3s]
  eval done in 9.1s
  by-popularity NDCG@10: tail=0.0000(n=10,592)  mid=0.0002(n=9,237)  head=0.0355(n=31,156)
  epoch   2  loss=9.2266  val_NDCG=0.0259  test_NDCG=0.0217  test_HR=0.0414  (5.7s)
  evaluating 50,985 users in batches of 512...
    [512/50,985  elapsed 0.1s]
    [5,632/50,985  elapsed 1.8s]
    [10,752/50,985  elapsed 3.2s]
    [15,872/50,985  elapsed 4.1s]
    [20,992/50,985  elapsed 5.1s]
    [26,112/50,985  elapsed 6.1s]
    [31,232/50,985  elapsed 7.1s]
    [36,352/50,985  elapsed 8.1s]
    [41,472/50,985  elapsed 9.0s]
    [46,592/50,985  elapsed 10.0s]
  eval done in 10.8s
  by-popularity NDCG@10: tail=0.0002(n=9,330)  mid=0.0013(n=8,951)  head=0.0506(n=32,704)
  evaluating 50,985 users in batches of 512...
    [512/50,985  elapsed 0.1s]
    [5,632/50,985  elapsed 1.1s]
    [10,752/50,985  elapsed 2.2s]
    [15,872/50,985  elapsed 3.2s]
    [20,992/50,985  elapsed 4.3s]
    [26,112/50,985  elapsed 5.2s]
    [31,232/50,985  elapsed 6.3s]
    [36,352/50,985  elapsed 7.2s]
    [41,472/50,985  elapsed 8.1s]
    [46,592/50,985  elapsed 9.1s]
  eval done in 9.9s
  by-popularity NDCG@10: tail=0.0002(n=10,592)  mid=0.0007(n=9,237)  head=0.0443(n=31,156)
  epoch   3  loss=9.0143  val_NDCG=0.0327  test_NDCG=0.0272  test_HR=0.0498  (5.8s)
  evaluating 50,985 users in batches of 512...
    [512/50,985  elapsed 0.1s]
    [5,632/50,985  elapsed 1.7s]
    [10,752/50,985  elapsed 3.1s]
    [15,872/50,985  elapsed 4.1s]
    [20,992/50,985  elapsed 5.1s]
    [26,112/50,985  elapsed 6.0s]
    [31,232/50,985  elapsed 7.0s]
    [36,352/50,985  elapsed 8.0s]
    [41,472/50,985  elapsed 8.9s]
    [46,592/50,985  elapsed 9.9s]
  eval done in 10.7s
  by-popularity NDCG@10: tail=0.0003(n=9,330)  mid=0.0023(n=8,951)  head=0.0548(n=32,704)
  evaluating 50,985 users in batches of 512...
    [512/50,985  elapsed 0.1s]
    [5,632/50,985  elapsed 1.1s]
    [10,752/50,985  elapsed 2.0s]
    [15,872/50,985  elapsed 3.0s]
    [20,992/50,985  elapsed 3.9s]
    [26,112/50,985  elapsed 4.9s]
    [31,232/50,985  elapsed 5.8s]
    [36,352/50,985  elapsed 6.9s]
    [41,472/50,985  elapsed 7.9s]
    [46,592/50,985  elapsed 9.0s]
  eval done in 9.7s
  by-popularity NDCG@10: tail=0.0002(n=10,592)  mid=0.0022(n=9,237)  head=0.0471(n=31,156)
  epoch   4  loss=8.8686  val_NDCG=0.0356  test_NDCG=0.0292  test_HR=0.0526  (5.8s)
  evaluating 50,985 users in batches of 512...
    [512/50,985  elapsed 0.1s]
    [5,632/50,985  elapsed 1.6s]
    [10,752/50,985  elapsed 3.3s]
    [15,872/50,985  elapsed 5.0s]
    [20,992/50,985  elapsed 6.7s]
    [26,112/50,985  elapsed 8.3s]
    [31,232/50,985  elapsed 10.0s]
    [36,352/50,985  elapsed 11.7s]
    [41,472/50,985  elapsed 13.4s]
    [46,592/50,985  elapsed 15.1s]
  eval done in 16.0s
  by-popularity NDCG@10: tail=0.0006(n=9,330)  mid=0.0042(n=8,951)  head=0.0569(n=32,704)
  evaluating 50,985 users in batches of 512...
    [512/50,985  elapsed 0.1s]
    [5,632/50,985  elapsed 1.0s]
    [10,752/50,985  elapsed 2.0s]
    [15,872/50,985  elapsed 2.9s]
    [20,992/50,985  elapsed 3.9s]
    [26,112/50,985  elapsed 4.9s]
    [31,232/50,985  elapsed 5.9s]
    [36,352/50,985  elapsed 6.9s]
    [41,472/50,985  elapsed 7.9s]
    [46,592/50,985  elapsed 8.8s]
  eval done in 9.8s
  by-popularity NDCG@10: tail=0.0004(n=10,592)  mid=0.0034(n=9,237)  head=0.0501(n=31,156)
  epoch   5  loss=8.7504  val_NDCG=0.0373  test_NDCG=0.0313  test_HR=0.0565  (5.8s)
  evaluating 50,985 users in batches of 512...
    [512/50,985  elapsed 0.1s]
    [5,632/50,985  elapsed 1.7s]
    [10,752/50,985  elapsed 3.1s]
    [15,872/50,985  elapsed 4.0s]
    [20,992/50,985  elapsed 5.0s]
    [26,112/50,985  elapsed 6.0s]
    [31,232/50,985  elapsed 6.9s]
    [36,352/50,985  elapsed 7.9s]
    [41,472/50,985  elapsed 8.8s]
    [46,592/50,985  elapsed 9.8s]
  eval done in 10.6s
  by-popularity NDCG@10: tail=0.0008(n=9,330)  mid=0.0052(n=8,951)  head=0.0589(n=32,704)
  evaluating 50,985 users in batches of 512...
    [512/50,985  elapsed 0.1s]
    [5,632/50,985  elapsed 1.1s]
    [10,752/50,985  elapsed 2.0s]
    [15,872/50,985  elapsed 3.0s]
    [20,992/50,985  elapsed 3.9s]
    [26,112/50,985  elapsed 4.9s]
    [31,232/50,985  elapsed 5.9s]
    [36,352/50,985  elapsed 6.8s]
    [41,472/50,985  elapsed 7.8s]
    [46,592/50,985  elapsed 8.9s]
  eval done in 9.7s
  by-popularity NDCG@10: tail=0.0008(n=10,592)  mid=0.0044(n=9,237)  head=0.0511(n=31,156)
  epoch   6  loss=8.6507  val_NDCG=0.0388  test_NDCG=0.0322  test_HR=0.0568  (5.9s)
  evaluating 50,985 users in batches of 512...
    [512/50,985  elapsed 0.1s]
    [5,632/50,985  elapsed 1.8s]
    [10,752/50,985  elapsed 3.1s]
    [15,872/50,985  elapsed 4.0s]
    [20,992/50,985  elapsed 4.9s]
    [26,112/50,985  elapsed 5.8s]
    [31,232/50,985  elapsed 6.8s]
    [36,352/50,985  elapsed 7.8s]
    [41,472/50,985  elapsed 8.8s]
    [46,592/50,985  elapsed 9.7s]
  eval done in 10.5s
  by-popularity NDCG@10: tail=0.0011(n=9,330)  mid=0.0074(n=8,951)  head=0.0602(n=32,704)
  evaluating 50,985 users in batches of 512...
    [512/50,985  elapsed 0.1s]
    [5,632/50,985  elapsed 1.1s]
    [10,752/50,985  elapsed 2.0s]
    [15,872/50,985  elapsed 3.1s]
    [20,992/50,985  elapsed 4.1s]
    [26,112/50,985  elapsed 5.1s]
    [31,232/50,985  elapsed 6.1s]
    [36,352/50,985  elapsed 7.0s]
    [41,472/50,985  elapsed 8.0s]
    [46,592/50,985  elapsed 9.0s]
  eval done in 9.8s
  by-popularity NDCG@10: tail=0.0010(n=10,592)  mid=0.0057(n=9,237)  head=0.0525(n=31,156)
  epoch   7  loss=8.5652  val_NDCG=0.0401  test_NDCG=0.0333  test_HR=0.0592  (5.8s)
  evaluating 50,985 users in batches of 512...
    [512/50,985  elapsed 0.1s]
    [5,632/50,985  elapsed 1.8s]
    [10,752/50,985  elapsed 3.4s]
    [15,872/50,985  elapsed 5.0s]
    [20,992/50,985  elapsed 5.9s]
    [26,112/50,985  elapsed 6.8s]
    [31,232/50,985  elapsed 7.7s]
    [36,352/50,985  elapsed 8.6s]
    [41,472/50,985  elapsed 9.5s]
    [46,592/50,985  elapsed 10.4s]
  eval done in 11.1s
  by-popularity NDCG@10: tail=0.0011(n=9,330)  mid=0.0082(n=8,951)  head=0.0606(n=32,704)
  evaluating 50,985 users in batches of 512...
    [512/50,985  elapsed 0.1s]
    [5,632/50,985  elapsed 1.1s]
    [10,752/50,985  elapsed 1.9s]
    [15,872/50,985  elapsed 2.8s]
    [20,992/50,985  elapsed 3.7s]
    [26,112/50,985  elapsed 4.6s]
    [31,232/50,985  elapsed 5.5s]
    [36,352/50,985  elapsed 6.4s]
    [41,472/50,985  elapsed 7.3s]
    [46,592/50,985  elapsed 8.2s]
  eval done in 9.0s
  by-popularity NDCG@10: tail=0.0011(n=10,592)  mid=0.0063(n=9,237)  head=0.0514(n=31,156)
  epoch   8  loss=8.4893  val_NDCG=0.0405  test_NDCG=0.0328  test_HR=0.0584  (5.6s)
  evaluating 50,985 users in batches of 512...
    [512/50,985  elapsed 0.2s]
    [5,632/50,985  elapsed 1.9s]
    [10,752/50,985  elapsed 3.1s]
    [15,872/50,985  elapsed 4.6s]
    [20,992/50,985  elapsed 6.3s]
    [26,112/50,985  elapsed 8.0s]
    [31,232/50,985  elapsed 9.7s]
    [36,352/50,985  elapsed 11.1s]
    [41,472/50,985  elapsed 11.9s]
    [46,592/50,985  elapsed 12.8s]
  eval done in 13.6s
  by-popularity NDCG@10: tail=0.0015(n=9,330)  mid=0.0096(n=8,951)  head=0.0609(n=32,704)
  evaluating 50,985 users in batches of 512...
    [512/50,985  elapsed 0.1s]
    [5,632/50,985  elapsed 1.1s]
    [10,752/50,985  elapsed 2.0s]
    [15,872/50,985  elapsed 2.9s]
    [20,992/50,985  elapsed 3.8s]
    [26,112/50,985  elapsed 4.8s]
    [31,232/50,985  elapsed 5.7s]
    [36,352/50,985  elapsed 6.7s]
    [41,472/50,985  elapsed 7.6s]
    [46,592/50,985  elapsed 8.6s]
  eval done in 9.4s
  by-popularity NDCG@10: tail=0.0014(n=10,592)  mid=0.0073(n=9,237)  head=0.0523(n=31,156)
  epoch   9  loss=8.4209  val_NDCG=0.0410  test_NDCG=0.0336  test_HR=0.0592  (5.8s)
  evaluating 50,985 users in batches of 512...
    [512/50,985  elapsed 0.1s]
    [5,632/50,985  elapsed 1.6s]
    [10,752/50,985  elapsed 3.3s]
    [15,872/50,985  elapsed 5.0s]
    [20,992/50,985  elapsed 6.7s]
    [26,112/50,985  elapsed 8.2s]
    [31,232/50,985  elapsed 9.1s]
    [36,352/50,985  elapsed 10.2s]
    [41,472/50,985  elapsed 11.2s]
    [46,592/50,985  elapsed 12.2s]
  eval done in 13.0s
  by-popularity NDCG@10: tail=0.0019(n=9,330)  mid=0.0113(n=8,951)  head=0.0607(n=32,704)
  evaluating 50,985 users in batches of 512...
    [512/50,985  elapsed 0.1s]
    [5,632/50,985  elapsed 1.1s]
    [10,752/50,985  elapsed 2.1s]
    [15,872/50,985  elapsed 3.1s]
    [20,992/50,985  elapsed 4.0s]
    [26,112/50,985  elapsed 4.9s]
    [31,232/50,985  elapsed 5.9s]
    [36,352/50,985  elapsed 7.1s]
    [41,472/50,985  elapsed 8.7s]
    [46,592/50,985  elapsed 10.5s]
  eval done in 11.9s
  by-popularity NDCG@10: tail=0.0018(n=10,592)  mid=0.0085(n=9,237)  head=0.0519(n=31,156)
  epoch  10  loss=8.3590  val_NDCG=0.0412  test_NDCG=0.0336  test_HR=0.0594  (5.9s)
  evaluating 50,985 users in batches of 512...
    [512/50,985  elapsed 0.1s]
    [5,632/50,985  elapsed 1.8s]
    [10,752/50,985  elapsed 3.5s]
    [15,872/50,985  elapsed 4.6s]
    [20,992/50,985  elapsed 5.6s]
    [26,112/50,985  elapsed 6.6s]
    [31,232/50,985  elapsed 7.6s]
    [36,352/50,985  elapsed 8.5s]
    [41,472/50,985  elapsed 9.5s]
    [46,592/50,985  elapsed 10.6s]
  eval done in 11.5s
  by-popularity NDCG@10: tail=0.0022(n=9,330)  mid=0.0118(n=8,951)  head=0.0603(n=32,704)
  evaluating 50,985 users in batches of 512...
    [512/50,985  elapsed 0.1s]
    [5,632/50,985  elapsed 1.2s]
    [10,752/50,985  elapsed 2.1s]
    [15,872/50,985  elapsed 3.1s]
    [20,992/50,985  elapsed 4.1s]
    [26,112/50,985  elapsed 5.1s]
    [31,232/50,985  elapsed 5.9s]
    [36,352/50,985  elapsed 6.8s]
    [41,472/50,985  elapsed 7.7s]
    [46,592/50,985  elapsed 8.6s]
  eval done in 9.4s
  by-popularity NDCG@10: tail=0.0020(n=10,592)  mid=0.0087(n=9,237)  head=0.0517(n=31,156)
  epoch  11  loss=8.3084  val_NDCG=0.0411  test_NDCG=0.0336  test_HR=0.0592  (6.1s)
  evaluating 50,985 users in batches of 512...
    [512/50,985  elapsed 0.1s]
    [5,632/50,985  elapsed 1.0s]
    [10,752/50,985  elapsed 1.9s]
    [15,872/50,985  elapsed 2.8s]
    [20,992/50,985  elapsed 3.6s]
    [26,112/50,985  elapsed 4.6s]
    [31,232/50,985  elapsed 5.5s]
    [36,352/50,985  elapsed 6.4s]
    [41,472/50,985  elapsed 7.3s]
    [46,592/50,985  elapsed 8.2s]
  eval done in 9.0s
  by-popularity NDCG@10: tail=0.0024(n=9,330)  mid=0.0124(n=8,951)  head=0.0605(n=32,704)
  evaluating 50,985 users in batches of 512...
    [512/50,985  elapsed 0.1s]
    [5,632/50,985  elapsed 1.1s]
    [10,752/50,985  elapsed 2.0s]
    [15,872/50,985  elapsed 2.9s]
    [20,992/50,985  elapsed 3.7s]
    [26,112/50,985  elapsed 4.6s]
    [31,232/50,985  elapsed 5.6s]
    [36,352/50,985  elapsed 6.4s]
    [41,472/50,985  elapsed 7.4s]
    [46,592/50,985  elapsed 8.3s]
  eval done in 9.0s
  by-popularity NDCG@10: tail=0.0021(n=10,592)  mid=0.0091(n=9,237)  head=0.0514(n=31,156)
  epoch  12  loss=8.2597  val_NDCG=0.0414  test_NDCG=0.0335  test_HR=0.0591  (4.8s)
  evaluating 50,985 users in batches of 512...
    [512/50,985  elapsed 0.1s]
    [5,632/50,985  elapsed 1.8s]
    [10,752/50,985  elapsed 3.0s]
    [15,872/50,985  elapsed 3.9s]
    [20,992/50,985  elapsed 4.8s]
    [26,112/50,985  elapsed 5.7s]
    [31,232/50,985  elapsed 6.6s]
    [36,352/50,985  elapsed 7.6s]
    [41,472/50,985  elapsed 8.5s]
    [46,592/50,985  elapsed 9.4s]
  eval done in 10.2s
  by-popularity NDCG@10: tail=0.0026(n=9,330)  mid=0.0133(n=8,951)  head=0.0599(n=32,704)
  evaluating 50,985 users in batches of 512...
    [512/50,985  elapsed 0.1s]
    [5,632/50,985  elapsed 1.1s]
    [10,752/50,985  elapsed 2.0s]
    [15,872/50,985  elapsed 2.9s]
    [20,992/50,985  elapsed 3.8s]
    [26,112/50,985  elapsed 4.7s]
    [31,232/50,985  elapsed 5.6s]
    [36,352/50,985  elapsed 6.5s]
    [41,472/50,985  elapsed 7.4s]
    [46,592/50,985  elapsed 8.2s]
  eval done in 9.0s
  by-popularity NDCG@10: tail=0.0024(n=10,592)  mid=0.0094(n=9,237)  head=0.0514(n=31,156)
  epoch  13  loss=8.2173  val_NDCG=0.0412  test_NDCG=0.0336  test_HR=0.0589  (5.8s)
  evaluating 50,985 users in batches of 512...
    [512/50,985  elapsed 0.1s]
    [5,632/50,985  elapsed 1.0s]
    [10,752/50,985  elapsed 1.9s]
    [15,872/50,985  elapsed 2.7s]
    [20,992/50,985  elapsed 3.6s]
    [26,112/50,985  elapsed 4.5s]
    [31,232/50,985  elapsed 5.4s]
    [36,352/50,985  elapsed 6.2s]
    [41,472/50,985  elapsed 7.1s]
    [46,592/50,985  elapsed 8.0s]
  eval done in 8.7s
  by-popularity NDCG@10: tail=0.0026(n=9,330)  mid=0.0135(n=8,951)  head=0.0600(n=32,704)
  evaluating 50,985 users in batches of 512...
    [512/50,985  elapsed 0.1s]
    [5,632/50,985  elapsed 1.1s]
    [10,752/50,985  elapsed 2.0s]
    [15,872/50,985  elapsed 2.8s]
    [20,992/50,985  elapsed 3.7s]
    [26,112/50,985  elapsed 4.6s]
    [31,232/50,985  elapsed 5.5s]
    [36,352/50,985  elapsed 6.4s]
    [41,472/50,985  elapsed 7.3s]
    [46,592/50,985  elapsed 8.3s]
  eval done in 9.0s
  by-popularity NDCG@10: tail=0.0023(n=10,592)  mid=0.0096(n=9,237)  head=0.0508(n=31,156)
  epoch  14  loss=8.1789  val_NDCG=0.0413  test_NDCG=0.0333  test_HR=0.0584  (4.8s)
  evaluating 50,985 users in batches of 512...
    [512/50,985  elapsed 0.1s]
    [5,632/50,985  elapsed 1.0s]
    [10,752/50,985  elapsed 2.0s]
    [15,872/50,985  elapsed 2.9s]
    [20,992/50,985  elapsed 3.8s]
    [26,112/50,985  elapsed 4.7s]
    [31,232/50,985  elapsed 5.7s]
    [36,352/50,985  elapsed 6.6s]
    [41,472/50,985  elapsed 7.6s]
    [46,592/50,985  elapsed 8.5s]
  eval done in 9.3s
  by-popularity NDCG@10: tail=0.0027(n=9,330)  mid=0.0138(n=8,951)  head=0.0593(n=32,704)
  evaluating 50,985 users in batches of 512...
    [512/50,985  elapsed 0.2s]
    [5,632/50,985  elapsed 1.2s]
    [10,752/50,985  elapsed 2.2s]
    [15,872/50,985  elapsed 3.2s]
    [20,992/50,985  elapsed 4.1s]
    [26,112/50,985  elapsed 5.1s]
    [31,232/50,985  elapsed 6.0s]
    [36,352/50,985  elapsed 7.0s]
    [41,472/50,985  elapsed 7.9s]
    [46,592/50,985  elapsed 8.9s]
  eval done in 9.7s
  by-popularity NDCG@10: tail=0.0025(n=10,592)  mid=0.0098(n=9,237)  head=0.0506(n=31,156)
  epoch  15  loss=8.1539  val_NDCG=0.0410  test_NDCG=0.0332  test_HR=0.0584  (4.8s)
  evaluating 50,985 users in batches of 512...
    [512/50,985  elapsed 0.1s]
    [5,632/50,985  elapsed 1.1s]
    [10,752/50,985  elapsed 2.0s]
    [15,872/50,985  elapsed 3.0s]
    [20,992/50,985  elapsed 4.0s]
    [26,112/50,985  elapsed 4.9s]
    [31,232/50,985  elapsed 5.8s]
    [36,352/50,985  elapsed 6.8s]
    [41,472/50,985  elapsed 7.7s]
    [46,592/50,985  elapsed 8.6s]
  eval done in 9.4s
  by-popularity NDCG@10: tail=0.0027(n=9,330)  mid=0.0138(n=8,951)  head=0.0602(n=32,704)
  evaluating 50,985 users in batches of 512...
    [512/50,985  elapsed 0.1s]
    [5,632/50,985  elapsed 1.2s]
    [10,752/50,985  elapsed 2.1s]
    [15,872/50,985  elapsed 3.0s]
    [20,992/50,985  elapsed 3.9s]
    [26,112/50,985  elapsed 4.9s]
    [31,232/50,985  elapsed 5.8s]
    [36,352/50,985  elapsed 6.8s]
    [41,472/50,985  elapsed 8.0s]
    [46,592/50,985  elapsed 9.5s]
  eval done in 10.6s
  by-popularity NDCG@10: tail=0.0025(n=10,592)  mid=0.0099(n=9,237)  head=0.0510(n=31,156)
  epoch  16  loss=8.1316  val_NDCG=0.0415  test_NDCG=0.0335  test_HR=0.0588  (5.0s)
  evaluating 50,985 users in batches of 512...
    [512/50,985  elapsed 0.1s]
    [5,632/50,985  elapsed 1.8s]
    [10,752/50,985  elapsed 3.5s]
    [15,872/50,985  elapsed 5.1s]
    [20,992/50,985  elapsed 6.7s]
    [26,112/50,985  elapsed 8.4s]
    [31,232/50,985  elapsed 10.2s]
    [36,352/50,985  elapsed 11.9s]
    [41,472/50,985  elapsed 13.0s]
    [46,592/50,985  elapsed 14.0s]
  eval done in 14.8s
  by-popularity NDCG@10: tail=0.0027(n=9,330)  mid=0.0137(n=8,951)  head=0.0599(n=32,704)
  evaluating 50,985 users in batches of 512...
    [512/50,985  elapsed 0.1s]
    [5,632/50,985  elapsed 1.2s]
    [10,752/50,985  elapsed 2.2s]
    [15,872/50,985  elapsed 3.2s]
    [20,992/50,985  elapsed 4.1s]
    [26,112/50,985  elapsed 5.1s]
    [31,232/50,985  elapsed 6.1s]
    [36,352/50,985  elapsed 7.1s]
    [41,472/50,985  elapsed 8.0s]
    [46,592/50,985  elapsed 9.0s]
  eval done in 9.8s
  by-popularity NDCG@10: tail=0.0025(n=10,592)  mid=0.0100(n=9,237)  head=0.0510(n=31,156)
  epoch  17  loss=8.1102  val_NDCG=0.0413  test_NDCG=0.0335  test_HR=0.0589  (5.9s)
  evaluating 50,985 users in batches of 512...
    [512/50,985  elapsed 0.1s]
    [5,632/50,985  elapsed 1.1s]
    [10,752/50,985  elapsed 2.1s]
    [15,872/50,985  elapsed 3.1s]
    [20,992/50,985  elapsed 4.1s]
    [26,112/50,985  elapsed 5.2s]
    [31,232/50,985  elapsed 6.1s]
    [36,352/50,985  elapsed 7.0s]
    [41,472/50,985  elapsed 8.0s]
    [46,592/50,985  elapsed 9.0s]
  eval done in 9.8s
  by-popularity NDCG@10: tail=0.0027(n=9,330)  mid=0.0138(n=8,951)  head=0.0601(n=32,704)
  evaluating 50,985 users in batches of 512...
    [512/50,985  elapsed 0.1s]
    [5,632/50,985  elapsed 1.1s]
    [10,752/50,985  elapsed 2.1s]
    [15,872/50,985  elapsed 3.1s]
    [20,992/50,985  elapsed 4.0s]
    [26,112/50,985  elapsed 5.0s]
    [31,232/50,985  elapsed 6.0s]
    [36,352/50,985  elapsed 6.9s]
    [41,472/50,985  elapsed 7.9s]
    [46,592/50,985  elapsed 8.9s]
  eval done in 9.7s
  by-popularity NDCG@10: tail=0.0025(n=10,592)  mid=0.0099(n=9,237)  head=0.0510(n=31,156)
  epoch  18  loss=8.0989  val_NDCG=0.0415  test_NDCG=0.0335  test_HR=0.0586  (4.8s)
  evaluating 50,985 users in batches of 512...
    [512/50,985  elapsed 0.1s]
    [5,632/50,985  elapsed 1.1s]
    [10,752/50,985  elapsed 2.0s]
    [15,872/50,985  elapsed 2.9s]
    [20,992/50,985  elapsed 3.9s]
    [26,112/50,985  elapsed 4.9s]
    [31,232/50,985  elapsed 5.9s]
    [36,352/50,985  elapsed 6.9s]
    [41,472/50,985  elapsed 7.9s]
    [46,592/50,985  elapsed 8.8s]
  eval done in 9.6s
  by-popularity NDCG@10: tail=0.0027(n=9,330)  mid=0.0137(n=8,951)  head=0.0599(n=32,704)
  evaluating 50,985 users in batches of 512...
    [512/50,985  elapsed 0.1s]
    [5,632/50,985  elapsed 1.2s]
    [10,752/50,985  elapsed 2.2s]
    [15,872/50,985  elapsed 3.1s]
    [20,992/50,985  elapsed 4.1s]
    [26,112/50,985  elapsed 5.0s]
    [31,232/50,985  elapsed 5.9s]
    [36,352/50,985  elapsed 6.9s]
    [41,472/50,985  elapsed 7.9s]
    [46,592/50,985  elapsed 8.8s]
  eval done in 9.7s
  by-popularity NDCG@10: tail=0.0025(n=10,592)  mid=0.0099(n=9,237)  head=0.0511(n=31,156)
  epoch  19  loss=8.0884  val_NDCG=0.0414  test_NDCG=0.0335  test_HR=0.0589  (4.9s)
  evaluating 50,985 users in batches of 512...
    [512/50,985  elapsed 0.1s]
    [5,632/50,985  elapsed 1.0s]
    [10,752/50,985  elapsed 2.0s]
    [15,872/50,985  elapsed 2.9s]
    [20,992/50,985  elapsed 3.9s]
    [26,112/50,985  elapsed 4.9s]
    [31,232/50,985  elapsed 5.8s]
    [36,352/50,985  elapsed 6.8s]
    [41,472/50,985  elapsed 7.8s]
    [46,592/50,985  elapsed 8.7s]
  eval done in 9.5s
  by-popularity NDCG@10: tail=0.0027(n=9,330)  mid=0.0138(n=8,951)  head=0.0599(n=32,704)
  evaluating 50,985 users in batches of 512...
    [512/50,985  elapsed 0.1s]
    [5,632/50,985  elapsed 1.2s]
    [10,752/50,985  elapsed 2.2s]
    [15,872/50,985  elapsed 3.2s]
    [20,992/50,985  elapsed 4.2s]
    [26,112/50,985  elapsed 5.1s]
    [31,232/50,985  elapsed 6.2s]
    [36,352/50,985  elapsed 7.3s]
    [41,472/50,985  elapsed 8.3s]
    [46,592/50,985  elapsed 9.2s]
  eval done in 10.1s
  by-popularity NDCG@10: tail=0.0025(n=10,592)  mid=0.0099(n=9,237)  head=0.0511(n=31,156)
  epoch  20  loss=8.0873  val_NDCG=0.0414  test_NDCG=0.0335  test_HR=0.0589  (4.9s)

=== Best by val NDCG@10 ===
  val_NDCG=0.0415
  test: {'NDCG@10': 0.03347826918049828, 'HR@10': 0.05884083553986467, 'MRR': 0.030704595455988172, 'n_eval': 50985, 'by_popularity': {'tail': {'NDCG@10': 0.0025188135806696686, 'HR@10': 0.004531722054380665, 'n': 10592, 'n_hit@10': 48, 'HR@20': 0.008119335347432024, 'n_hit@20': 86, 'HR@50': 0.015388972809667674, 'n_hit@50': 163, 'HR@100': 0.026529456193353475, 'n_hit@100': 281}, 'mid': {'NDCG@10': 0.009897940743768228, 'HR@10': 0.017971202771462597, 'n': 9237, 'n_hit@10': 166, 'HR@20': 0.0278228862184692, 'n_hit@20': 257, 'HR@50': 0.04871711594673595, 'n_hit@50': 450, 'HR@100': 0.07729782396882104, 'n_hit@100': 714}, 'head': {'NDCG@10': 0.05099444736394481, 'HR@10': 0.08942097830273463, 'n': 31156, 'n_hit@10': 2786, 'HR@20': 0.1260752343047888, 'n_hit@20': 3928, 'HR@50': 0.19415200924380538, 'n_hit@50': 6049, 'HR@100': 0.2603350879445372, 'n_hit@100': 8111}}}
wrote C:\Users\rayxc\Documents\R\_bestrec_run\results_IS_COLDFUSE_base_seed20260739.users.jsonl.gz (50,985 per-user records, best epoch 16, sha256 1c24b62c1f03…)
wrote C:\Users\rayxc\Documents\R\_bestrec_run\results_IS_COLDFUSE_base_seed20260739.final.users.jsonl.gz (50,985 FINAL-epoch per-user records)

wrote C:\Users\rayxc\Documents\R\_bestrec_run\results_IS_COLDFUSE_base_seed20260739.json
[run] results_IS_COLDFUSE_base_seed20260739.fusion.json
=== fusion eval: Industrial_and_Scientific  ckpt=results_IS_COLDFUSE_base_seed20260739.best.pt ===
  n_users=50,985 n_items=25,848
  ckpt from epoch 16 (val NDCG@10 0.04152)

--- EASE l2=50.0: fit + VAL sweep ---
  EASE l2=50.0: inverted 25848x25848 in 70.6s
    [512/50,985 elapsed 0.3s]
    [10,752/50,985 elapsed 3.1s]
    [20,992/50,985 elapsed 5.8s]
    [31,232/50,985 elapsed 8.5s]
    [41,472/50,985 elapsed 11.1s]
  VAL seq NDCG@10=0.04152  ease=0.03204
    w=0.01: val fused NDCG@10=0.04297
    w=0.02: val fused NDCG@10=0.04365
    w=0.03: val fused NDCG@10=0.04383
    w=0.04: val fused NDCG@10=0.04371
    w=0.05: val fused NDCG@10=0.04373
    w=0.06: val fused NDCG@10=0.04370
    w=0.075: val fused NDCG@10=0.04332
    w=0.1: val fused NDCG@10=0.04284

--- EASE l2=100.0: fit + VAL sweep ---
  EASE l2=100.0: inverted 25848x25848 in 67.9s
    [512/50,985 elapsed 0.2s]
    [10,752/50,985 elapsed 2.9s]
    [20,992/50,985 elapsed 5.6s]
    [31,232/50,985 elapsed 8.3s]
    [41,472/50,985 elapsed 10.9s]
  VAL seq NDCG@10=0.04152  ease=0.03244
    w=0.01: val fused NDCG@10=0.04303
    w=0.02: val fused NDCG@10=0.04372
    w=0.03: val fused NDCG@10=0.04383
    w=0.04: val fused NDCG@10=0.04380
    w=0.05: val fused NDCG@10=0.04374
    w=0.06: val fused NDCG@10=0.04369
    w=0.075: val fused NDCG@10=0.04350
    w=0.1: val fused NDCG@10=0.04299

--- EASE l2=200.0: fit + VAL sweep ---
  EASE l2=200.0: inverted 25848x25848 in 67.8s
    [512/50,985 elapsed 0.2s]
    [10,752/50,985 elapsed 3.0s]
    [20,992/50,985 elapsed 5.7s]
    [31,232/50,985 elapsed 8.4s]
    [41,472/50,985 elapsed 11.1s]
  VAL seq NDCG@10=0.04152  ease=0.03267
    w=0.01: val fused NDCG@10=0.04307
    w=0.02: val fused NDCG@10=0.04381
    w=0.03: val fused NDCG@10=0.04397
    w=0.04: val fused NDCG@10=0.04381
    w=0.05: val fused NDCG@10=0.04376
    w=0.06: val fused NDCG@10=0.04389
    w=0.075: val fused NDCG@10=0.04350
    w=0.1: val fused NDCG@10=0.04302

--- EASE l2=500.0: fit + VAL sweep ---
  EASE l2=500.0: inverted 25848x25848 in 67.7s
    [512/50,985 elapsed 0.2s]
    [10,752/50,985 elapsed 3.3s]
    [20,992/50,985 elapsed 6.3s]
    [31,232/50,985 elapsed 9.0s]
    [41,472/50,985 elapsed 11.7s]
  VAL seq NDCG@10=0.04152  ease=0.03235
    w=0.01: val fused NDCG@10=0.04308
    w=0.02: val fused NDCG@10=0.04375
    w=0.03: val fused NDCG@10=0.04387
    w=0.04: val fused NDCG@10=0.04390
    w=0.05: val fused NDCG@10=0.04386
    w=0.06: val fused NDCG@10=0.04379
    w=0.075: val fused NDCG@10=0.04341
    w=0.1: val fused NDCG@10=0.04264

=== selected on VAL: l2=200.0, w=0.03 (val fused NDCG@10=0.04397) ===
  EASE l2=200.0: inverted 25848x25848 in 68.0s
    [512/50,985 elapsed 0.2s]
    [10,752/50,985 elapsed 2.7s]
    [20,992/50,985 elapsed 5.3s]
    [31,232/50,985 elapsed 7.9s]
    [41,472/50,985 elapsed 10.4s]

TEST seq-only  NDCG@10=0.03348 HR@10=0.05884 MRR=0.03070
TEST ease-only NDCG@10=0.02617 HR@10=0.04444
TEST FUSED (w=0.03) NDCG@10=0.03614 HR@10=0.06288 MRR=0.03290
wrote C:\Users\rayxc\Documents\R\_bestrec_run\results_IS_COLDFUSE_base_seed20260739.fusion.json
[run] results_Industrial_and_Scientific_COLDFUSE_confirm_seed20260739.json
=== COLDFUSE confirm: Industrial_and_Scientific seed 20260739 (ease=yes) ===
  EASE l2=200.0: inverted 25848x25848 in 71.1s
  [val] streaming sweep: 41 systems ...
    [512/50,985 1s]
    [20,992/50,985 11s]
    [41,472/50,985 21s]
  VAL ref overall 0.04397 tail 0.00372 | selected {'profile': 'exp0.9', 'wt_tail': 0.2, 'wt_mid': 0.0, 'wt_head': 0.0} val tail 0.00722
  [test] reference + selected ...
    [512/50,985 0s]
    [20,992/50,985 8s]
    [41,472/50,985 15s]
  TEST ref 0.03614 (tail 0.00344) -> sel 0.03623 (tail 0.00605)
wrote C:\Users\rayxc\Documents\R\_bestrec_run\results_Industrial_and_Scientific_COLDFUSE_confirm_seed20260739.json
[run] results_IS_COLDFUSE_base_seed20260740.json
  random seed set to 20260740
=== Industrial_and_Scientific: load splits ===
  n_users=50,985  n_items=25,848  pad_id=25848
  built sequences for 50,985 users
  built timestamp sequences (12 time buckets)
  loading SBERT embeddings from C:\Users\rayxc\Documents\R\cache_5core\sbert_titles_Industrial_and_Scientific.npy...
  TAPE: k-means 25,848 text embeddings into K=512 prototypes (tau=0.05)...
  TAPE: K=512 mean max-assignment weight = 0.594 (1.0 = hard clustering)

=== Build SASRec-SBERT (d=64, layers=4, heads=2) ===
  total params: 11,750,463  device=cuda
  50,985 training examples / 200 batches per epoch
  init_state_sha256 = 9d067abd73057f34eaded41f1e407b0395a7322df630d1c01fbebabd47658afa
  LR schedule: warmup_cosine (200 warmup + 3800 cosine steps)

=== Train for 20 epochs ===
  evaluating 50,985 users in batches of 512...
    [512/50,985  elapsed 0.1s]
    [5,632/50,985  elapsed 1.0s]
    [10,752/50,985  elapsed 2.0s]
    [15,872/50,985  elapsed 3.0s]
    [20,992/50,985  elapsed 3.9s]
    [26,112/50,985  elapsed 4.8s]
    [31,232/50,985  elapsed 5.7s]
    [36,352/50,985  elapsed 6.6s]
    [41,472/50,985  elapsed 7.5s]
    [46,592/50,985  elapsed 8.4s]
  eval done in 9.2s
  by-popularity NDCG@10: tail=0.0000(n=9,330)  mid=0.0001(n=8,951)  head=0.0295(n=32,704)
  evaluating 50,985 users in batches of 512...
    [512/50,985  elapsed 0.1s]
    [5,632/50,985  elapsed 1.0s]
    [10,752/50,985  elapsed 1.9s]
    [15,872/50,985  elapsed 2.8s]
    [20,992/50,985  elapsed 3.7s]
    [26,112/50,985  elapsed 4.6s]
    [31,232/50,985  elapsed 5.5s]
    [36,352/50,985  elapsed 6.3s]
    [41,472/50,985  elapsed 7.2s]
    [46,592/50,985  elapsed 8.1s]
  eval done in 8.9s
  by-popularity NDCG@10: tail=0.0000(n=10,592)  mid=0.0000(n=9,237)  head=0.0268(n=31,156)
  epoch   1  loss=9.7610  val_NDCG=0.0189  test_NDCG=0.0164  test_HR=0.0310  (6.4s)
  evaluating 50,985 users in batches of 512...
    [512/50,985  elapsed 0.1s]
    [5,632/50,985  elapsed 1.8s]
    [10,752/50,985  elapsed 3.6s]
    [15,872/50,985  elapsed 5.0s]
    [20,992/50,985  elapsed 5.9s]
    [26,112/50,985  elapsed 6.8s]
    [31,232/50,985  elapsed 7.7s]
    [36,352/50,985  elapsed 8.7s]
    [41,472/50,985  elapsed 9.6s]
    [46,592/50,985  elapsed 10.5s]
  eval done in 11.3s
  by-popularity NDCG@10: tail=0.0000(n=9,330)  mid=0.0004(n=8,951)  head=0.0422(n=32,704)
  evaluating 50,985 users in batches of 512...
    [512/50,985  elapsed 0.1s]
    [5,632/50,985  elapsed 1.0s]
    [10,752/50,985  elapsed 2.0s]
    [15,872/50,985  elapsed 2.8s]
    [20,992/50,985  elapsed 3.7s]
    [26,112/50,985  elapsed 4.6s]
    [31,232/50,985  elapsed 5.5s]
    [36,352/50,985  elapsed 6.4s]
    [41,472/50,985  elapsed 7.2s]
    [46,592/50,985  elapsed 8.1s]
  eval done in 8.9s
  by-popularity NDCG@10: tail=0.0001(n=10,592)  mid=0.0003(n=9,237)  head=0.0371(n=31,156)
  epoch   2  loss=9.2213  val_NDCG=0.0271  test_NDCG=0.0227  test_HR=0.0427  (5.7s)
  evaluating 50,985 users in batches of 512...
    [512/50,985  elapsed 0.1s]
    [5,632/50,985  elapsed 1.8s]
    [10,752/50,985  elapsed 3.5s]
    [15,872/50,985  elapsed 5.1s]
    [20,992/50,985  elapsed 6.7s]
    [26,112/50,985  elapsed 8.5s]
    [31,232/50,985  elapsed 10.1s]
    [36,352/50,985  elapsed 11.9s]
    [41,472/50,985  elapsed 13.3s]
    [46,592/50,985  elapsed 14.3s]
  eval done in 15.1s
  by-popularity NDCG@10: tail=0.0002(n=9,330)  mid=0.0010(n=8,951)  head=0.0490(n=32,704)
  evaluating 50,985 users in batches of 512...
    [512/50,985  elapsed 0.1s]
    [5,632/50,985  elapsed 1.0s]
    [10,752/50,985  elapsed 2.0s]
    [15,872/50,985  elapsed 3.0s]
    [20,992/50,985  elapsed 4.0s]
    [26,112/50,985  elapsed 4.9s]
    [31,232/50,985  elapsed 5.9s]
    [36,352/50,985  elapsed 6.8s]
    [41,472/50,985  elapsed 7.8s]
    [46,592/50,985  elapsed 8.7s]
  eval done in 9.5s
  by-popularity NDCG@10: tail=0.0001(n=10,592)  mid=0.0011(n=9,237)  head=0.0441(n=31,156)
  epoch   3  loss=9.0163  val_NDCG=0.0317  test_NDCG=0.0272  test_HR=0.0505  (5.7s)
  evaluating 50,985 users in batches of 512...
    [512/50,985  elapsed 0.1s]
    [5,632/50,985  elapsed 1.7s]
    [10,752/50,985  elapsed 3.4s]
    [15,872/50,985  elapsed 4.4s]
    [20,992/50,985  elapsed 5.4s]
    [26,112/50,985  elapsed 6.3s]
    [31,232/50,985  elapsed 7.3s]
    [36,352/50,985  elapsed 8.3s]
    [41,472/50,985  elapsed 9.2s]
    [46,592/50,985  elapsed 10.1s]
  eval done in 10.8s
  by-popularity NDCG@10: tail=0.0003(n=9,330)  mid=0.0023(n=8,951)  head=0.0539(n=32,704)
  evaluating 50,985 users in batches of 512...
    [512/50,985  elapsed 0.1s]
    [5,632/50,985  elapsed 1.1s]
    [10,752/50,985  elapsed 2.0s]
    [15,872/50,985  elapsed 2.9s]
    [20,992/50,985  elapsed 3.8s]
    [26,112/50,985  elapsed 4.6s]
    [31,232/50,985  elapsed 5.6s]
    [36,352/50,985  elapsed 6.6s]
    [41,472/50,985  elapsed 7.5s]
    [46,592/50,985  elapsed 8.4s]
  eval done in 9.2s
  by-popularity NDCG@10: tail=0.0002(n=10,592)  mid=0.0019(n=9,237)  head=0.0474(n=31,156)
  epoch   4  loss=8.8719  val_NDCG=0.0351  test_NDCG=0.0294  test_HR=0.0533  (5.8s)
  evaluating 50,985 users in batches of 512...
    [512/50,985  elapsed 0.1s]
    [5,632/50,985  elapsed 1.8s]
    [10,752/50,985  elapsed 3.4s]
    [15,872/50,985  elapsed 4.4s]
    [20,992/50,985  elapsed 5.4s]
    [26,112/50,985  elapsed 6.3s]
    [31,232/50,985  elapsed 7.3s]
    [36,352/50,985  elapsed 8.3s]
    [41,472/50,985  elapsed 9.3s]
    [46,592/50,985  elapsed 10.3s]
  eval done in 11.2s
  by-popularity NDCG@10: tail=0.0007(n=9,330)  mid=0.0035(n=8,951)  head=0.0562(n=32,704)
  evaluating 50,985 users in batches of 512...
    [512/50,985  elapsed 0.1s]
    [5,632/50,985  elapsed 1.0s]
    [10,752/50,985  elapsed 2.0s]
    [15,872/50,985  elapsed 3.0s]
    [20,992/50,985  elapsed 4.1s]
    [26,112/50,985  elapsed 5.1s]
    [31,232/50,985  elapsed 6.0s]
    [36,352/50,985  elapsed 7.0s]
    [41,472/50,985  elapsed 8.0s]
    [46,592/50,985  elapsed 8.9s]
  eval done in 9.8s
  by-popularity NDCG@10: tail=0.0005(n=10,592)  mid=0.0030(n=9,237)  head=0.0500(n=31,156)
  epoch   5  loss=8.7539  val_NDCG=0.0368  test_NDCG=0.0312  test_HR=0.0565  (5.8s)
  evaluating 50,985 users in batches of 512...
    [512/50,985  elapsed 0.1s]
    [5,632/50,985  elapsed 1.8s]
    [10,752/50,985  elapsed 3.5s]
    [15,872/50,985  elapsed 4.4s]
    [20,992/50,985  elapsed 5.4s]
    [26,112/50,985  elapsed 6.3s]
    [31,232/50,985  elapsed 7.3s]
    [36,352/50,985  elapsed 8.4s]
    [41,472/50,985  elapsed 9.3s]
    [46,592/50,985  elapsed 10.3s]
  eval done in 11.1s
  by-popularity NDCG@10: tail=0.0008(n=9,330)  mid=0.0051(n=8,951)  head=0.0583(n=32,704)
  evaluating 50,985 users in batches of 512...
    [512/50,985  elapsed 0.1s]
    [5,632/50,985  elapsed 1.1s]
    [10,752/50,985  elapsed 2.1s]
    [15,872/50,985  elapsed 3.0s]
    [20,992/50,985  elapsed 3.9s]
    [26,112/50,985  elapsed 4.9s]
    [31,232/50,985  elapsed 5.8s]
    [36,352/50,985  elapsed 6.7s]
    [41,472/50,985  elapsed 7.7s]
    [46,592/50,985  elapsed 8.6s]
  eval done in 9.3s
  by-popularity NDCG@10: tail=0.0007(n=10,592)  mid=0.0043(n=9,237)  head=0.0514(n=31,156)
  epoch   6  loss=8.6549  val_NDCG=0.0384  test_NDCG=0.0323  test_HR=0.0576  (5.9s)
  evaluating 50,985 users in batches of 512...
    [512/50,985  elapsed 0.1s]
    [5,632/50,985  elapsed 1.7s]
    [10,752/50,985  elapsed 3.3s]
    [15,872/50,985  elapsed 4.3s]
    [20,992/50,985  elapsed 5.2s]
    [26,112/50,985  elapsed 6.1s]
    [31,232/50,985  elapsed 7.0s]
    [36,352/50,985  elapsed 7.9s]
    [41,472/50,985  elapsed 8.7s]
    [46,592/50,985  elapsed 9.6s]
  eval done in 10.4s
  by-popularity NDCG@10: tail=0.0012(n=9,330)  mid=0.0073(n=8,951)  head=0.0592(n=32,704)
  evaluating 50,985 users in batches of 512...
    [512/50,985  elapsed 0.1s]
    [5,632/50,985  elapsed 1.0s]
    [10,752/50,985  elapsed 1.9s]
    [15,872/50,985  elapsed 2.9s]
    [20,992/50,985  elapsed 3.8s]
    [26,112/50,985  elapsed 4.7s]
    [31,232/50,985  elapsed 5.6s]
    [36,352/50,985  elapsed 6.5s]
    [41,472/50,985  elapsed 7.4s]
    [46,592/50,985  elapsed 8.3s]
  eval done in 9.0s
  by-popularity NDCG@10: tail=0.0009(n=10,592)  mid=0.0058(n=9,237)  head=0.0527(n=31,156)
  epoch   7  loss=8.5685  val_NDCG=0.0395  test_NDCG=0.0335  test_HR=0.0594  (5.8s)
  evaluating 50,985 users in batches of 512...
    [512/50,985  elapsed 0.1s]
    [5,632/50,985  elapsed 1.8s]
    [10,752/50,985  elapsed 3.3s]
    [15,872/50,985  elapsed 5.0s]
    [20,992/50,985  elapsed 6.7s]
    [26,112/50,985  elapsed 8.3s]
    [31,232/50,985  elapsed 10.0s]
    [36,352/50,985  elapsed 11.1s]
    [41,472/50,985  elapsed 12.1s]
    [46,592/50,985  elapsed 13.0s]
  eval done in 13.8s
  by-popularity NDCG@10: tail=0.0015(n=9,330)  mid=0.0082(n=8,951)  head=0.0590(n=32,704)
  evaluating 50,985 users in batches of 512...
    [512/50,985  elapsed 0.1s]
    [5,632/50,985  elapsed 1.1s]
    [10,752/50,985  elapsed 2.1s]
    [15,872/50,985  elapsed 3.0s]
    [20,992/50,985  elapsed 4.0s]
    [26,112/50,985  elapsed 4.9s]
    [31,232/50,985  elapsed 5.9s]
    [36,352/50,985  elapsed 6.9s]
    [41,472/50,985  elapsed 7.8s]
    [46,592/50,985  elapsed 8.7s]
  eval done in 9.5s
  by-popularity NDCG@10: tail=0.0014(n=10,592)  mid=0.0066(n=9,237)  head=0.0521(n=31,156)
  epoch   8  loss=8.4934  val_NDCG=0.0395  test_NDCG=0.0333  test_HR=0.0583  (5.7s)
  evaluating 50,985 users in batches of 512...
    [512/50,985  elapsed 0.1s]
    [5,632/50,985  elapsed 1.8s]
    [10,752/50,985  elapsed 3.2s]
    [15,872/50,985  elapsed 5.0s]
    [20,992/50,985  elapsed 6.6s]
    [26,112/50,985  elapsed 8.4s]
    [31,232/50,985  elapsed 10.1s]
    [36,352/50,985  elapsed 11.2s]
    [41,472/50,985  elapsed 12.1s]
    [46,592/50,985  elapsed 13.1s]
  eval done in 13.9s
  by-popularity NDCG@10: tail=0.0016(n=9,330)  mid=0.0101(n=8,951)  head=0.0613(n=32,704)
  evaluating 50,985 users in batches of 512...
    [512/50,985  elapsed 0.1s]
    [5,632/50,985  elapsed 1.1s]
    [10,752/50,985  elapsed 2.1s]
    [15,872/50,985  elapsed 3.0s]
    [20,992/50,985  elapsed 4.0s]
    [26,112/50,985  elapsed 4.9s]
    [31,232/50,985  elapsed 5.9s]
    [36,352/50,985  elapsed 6.8s]
    [41,472/50,985  elapsed 7.8s]
    [46,592/50,985  elapsed 8.8s]
  eval done in 9.6s
  by-popularity NDCG@10: tail=0.0014(n=10,592)  mid=0.0079(n=9,237)  head=0.0522(n=31,156)
  epoch   9  loss=8.4240  val_NDCG=0.0414  test_NDCG=0.0336  test_HR=0.0587  (5.8s)
  evaluating 50,985 users in batches of 512...
    [512/50,985  elapsed 0.1s]
    [5,632/50,985  elapsed 1.8s]
    [10,752/50,985  elapsed 3.4s]
    [15,872/50,985  elapsed 4.4s]
    [20,992/50,985  elapsed 5.3s]
    [26,112/50,985  elapsed 6.3s]
    [31,232/50,985  elapsed 7.2s]
    [36,352/50,985  elapsed 8.3s]
    [41,472/50,985  elapsed 9.3s]
    [46,592/50,985  elapsed 10.3s]
  eval done in 11.1s
  by-popularity NDCG@10: tail=0.0018(n=9,330)  mid=0.0112(n=8,951)  head=0.0614(n=32,704)
  evaluating 50,985 users in batches of 512...
    [512/50,985  elapsed 0.1s]
    [5,632/50,985  elapsed 1.2s]
    [10,752/50,985  elapsed 2.1s]
    [15,872/50,985  elapsed 3.1s]
    [20,992/50,985  elapsed 4.0s]
    [26,112/50,985  elapsed 5.0s]
    [31,232/50,985  elapsed 5.9s]
    [36,352/50,985  elapsed 6.9s]
    [41,472/50,985  elapsed 7.8s]
    [46,592/50,985  elapsed 8.8s]
  eval done in 9.6s
  by-popularity NDCG@10: tail=0.0017(n=10,592)  mid=0.0084(n=9,237)  head=0.0531(n=31,156)
  epoch  10  loss=8.3640  val_NDCG=0.0417  test_NDCG=0.0343  test_HR=0.0605  (5.8s)
  evaluating 50,985 users in batches of 512...
    [512/50,985  elapsed 0.1s]
    [5,632/50,985  elapsed 1.8s]
    [10,752/50,985  elapsed 3.4s]
    [15,872/50,985  elapsed 4.4s]
    [20,992/50,985  elapsed 5.3s]
    [26,112/50,985  elapsed 6.3s]
    [31,232/50,985  elapsed 7.3s]
    [36,352/50,985  elapsed 8.3s]
    [41,472/50,985  elapsed 9.3s]
    [46,592/50,985  elapsed 10.2s]
  eval done in 11.0s
  by-popularity NDCG@10: tail=0.0020(n=9,330)  mid=0.0119(n=8,951)  head=0.0604(n=32,704)
  evaluating 50,985 users in batches of 512...
    [512/50,985  elapsed 0.1s]
    [5,632/50,985  elapsed 1.1s]
    [10,752/50,985  elapsed 2.2s]
    [15,872/50,985  elapsed 3.2s]
    [20,992/50,985  elapsed 4.2s]
    [26,112/50,985  elapsed 5.2s]
    [31,232/50,985  elapsed 6.2s]
    [36,352/50,985  elapsed 7.1s]
    [41,472/50,985  elapsed 8.1s]
    [46,592/50,985  elapsed 9.0s]
  eval done in 9.8s
  by-popularity NDCG@10: tail=0.0020(n=10,592)  mid=0.0089(n=9,237)  head=0.0521(n=31,156)
  epoch  11  loss=8.3120  val_NDCG=0.0412  test_NDCG=0.0339  test_HR=0.0595  (5.9s)
  evaluating 50,985 users in batches of 512...
    [512/50,985  elapsed 0.1s]
    [5,632/50,985  elapsed 1.0s]
    [10,752/50,985  elapsed 1.9s]
    [15,872/50,985  elapsed 2.8s]
    [20,992/50,985  elapsed 3.7s]
    [26,112/50,985  elapsed 4.6s]
    [31,232/50,985  elapsed 5.6s]
    [36,352/50,985  elapsed 6.5s]
    [41,472/50,985  elapsed 7.5s]
    [46,592/50,985  elapsed 8.4s]
  eval done in 9.1s
  by-popularity NDCG@10: tail=0.0024(n=9,330)  mid=0.0128(n=8,951)  head=0.0603(n=32,704)
  evaluating 50,985 users in batches of 512...
    [512/50,985  elapsed 0.1s]
    [5,632/50,985  elapsed 1.1s]
    [10,752/50,985  elapsed 2.0s]
    [15,872/50,985  elapsed 2.9s]
    [20,992/50,985  elapsed 3.8s]
    [26,112/50,985  elapsed 4.7s]
    [31,232/50,985  elapsed 5.6s]
    [36,352/50,985  elapsed 6.5s]
    [41,472/50,985  elapsed 7.4s]
    [46,592/50,985  elapsed 8.3s]
  eval done in 9.0s
  by-popularity NDCG@10: tail=0.0022(n=10,592)  mid=0.0092(n=9,237)  head=0.0520(n=31,156)
  epoch  12  loss=8.2638  val_NDCG=0.0413  test_NDCG=0.0339  test_HR=0.0594  (4.9s)
  evaluating 50,985 users in batches of 512...
    [512/50,985  elapsed 0.1s]
    [5,632/50,985  elapsed 1.0s]
    [10,752/50,985  elapsed 2.0s]
    [15,872/50,985  elapsed 2.9s]
    [20,992/50,985  elapsed 3.9s]
    [26,112/50,985  elapsed 4.9s]
    [31,232/50,985  elapsed 5.8s]
    [36,352/50,985  elapsed 6.8s]
    [41,472/50,985  elapsed 7.7s]
    [46,592/50,985  elapsed 8.7s]
  eval done in 9.5s
  by-popularity NDCG@10: tail=0.0024(n=9,330)  mid=0.0135(n=8,951)  head=0.0602(n=32,704)
  evaluating 50,985 users in batches of 512...
    [512/50,985  elapsed 0.1s]
    [5,632/50,985  elapsed 1.2s]
    [10,752/50,985  elapsed 2.1s]
    [15,872/50,985  elapsed 3.2s]
    [20,992/50,985  elapsed 4.2s]
    [26,112/50,985  elapsed 5.1s]
    [31,232/50,985  elapsed 6.1s]
    [36,352/50,985  elapsed 7.0s]
    [41,472/50,985  elapsed 8.0s]
    [46,592/50,985  elapsed 8.9s]
  eval done in 9.7s
  by-popularity NDCG@10: tail=0.0023(n=10,592)  mid=0.0096(n=9,237)  head=0.0514(n=31,156)
  epoch  13  loss=8.2232  val_NDCG=0.0414  test_NDCG=0.0336  test_HR=0.0584  (4.8s)
  evaluating 50,985 users in batches of 512...
    [512/50,985  elapsed 0.1s]
    [5,632/50,985  elapsed 1.1s]
    [10,752/50,985  elapsed 2.0s]
    [15,872/50,985  elapsed 3.0s]
    [20,992/50,985  elapsed 3.9s]
    [26,112/50,985  elapsed 4.9s]
    [31,232/50,985  elapsed 5.8s]
    [36,352/50,985  elapsed 6.8s]
    [41,472/50,985  elapsed 7.8s]
    [46,592/50,985  elapsed 8.7s]
  eval done in 9.6s
  by-popularity NDCG@10: tail=0.0024(n=9,330)  mid=0.0139(n=8,951)  head=0.0596(n=32,704)
  evaluating 50,985 users in batches of 512...
    [512/50,985  elapsed 0.1s]
    [5,632/50,985  elapsed 1.1s]
    [10,752/50,985  elapsed 2.1s]
    [15,872/50,985  elapsed 3.1s]
    [20,992/50,985  elapsed 4.0s]
    [26,112/50,985  elapsed 5.0s]
    [31,232/50,985  elapsed 6.0s]
    [36,352/50,985  elapsed 6.9s]
    [41,472/50,985  elapsed 7.9s]
    [46,592/50,985  elapsed 8.9s]
  eval done in 9.9s
  by-popularity NDCG@10: tail=0.0023(n=10,592)  mid=0.0098(n=9,237)  head=0.0505(n=31,156)
  epoch  14  loss=8.1859  val_NDCG=0.0411  test_NDCG=0.0331  test_HR=0.0575  (4.8s)
  evaluating 50,985 users in batches of 512...
    [512/50,985  elapsed 0.1s]
    [5,632/50,985  elapsed 1.0s]
    [10,752/50,985  elapsed 1.9s]
    [15,872/50,985  elapsed 2.8s]
    [20,992/50,985  elapsed 3.7s]
    [26,112/50,985  elapsed 4.5s]
    [31,232/50,985  elapsed 5.4s]
    [36,352/50,985  elapsed 6.3s]
    [41,472/50,985  elapsed 7.2s]
    [46,592/50,985  elapsed 8.1s]
  eval done in 8.9s
  by-popularity NDCG@10: tail=0.0024(n=9,330)  mid=0.0139(n=8,951)  head=0.0604(n=32,704)
  evaluating 50,985 users in batches of 512...
    [512/50,985  elapsed 0.1s]
    [5,632/50,985  elapsed 1.1s]
    [10,752/50,985  elapsed 2.0s]
    [15,872/50,985  elapsed 3.0s]
    [20,992/50,985  elapsed 3.8s]
    [26,112/50,985  elapsed 4.7s]
    [31,232/50,985  elapsed 5.7s]
    [36,352/50,985  elapsed 6.6s]
    [41,472/50,985  elapsed 7.5s]
    [46,592/50,985  elapsed 8.3s]
  eval done in 9.1s
  by-popularity NDCG@10: tail=0.0023(n=10,592)  mid=0.0097(n=9,237)  head=0.0511(n=31,156)
  epoch  15  loss=8.1581  val_NDCG=0.0416  test_NDCG=0.0335  test_HR=0.0585  (4.8s)
  evaluating 50,985 users in batches of 512...
    [512/50,985  elapsed 0.1s]
    [5,632/50,985  elapsed 1.0s]
    [10,752/50,985  elapsed 2.0s]
    [15,872/50,985  elapsed 2.9s]
    [20,992/50,985  elapsed 3.8s]
    [26,112/50,985  elapsed 4.7s]
    [31,232/50,985  elapsed 5.6s]
    [36,352/50,985  elapsed 6.4s]
    [41,472/50,985  elapsed 7.3s]
    [46,592/50,985  elapsed 8.3s]
  eval done in 9.0s
  by-popularity NDCG@10: tail=0.0026(n=9,330)  mid=0.0140(n=8,951)  head=0.0598(n=32,704)
  evaluating 50,985 users in batches of 512...
    [512/50,985  elapsed 0.1s]
    [5,632/50,985  elapsed 1.1s]
    [10,752/50,985  elapsed 2.0s]
    [15,872/50,985  elapsed 2.8s]
    [20,992/50,985  elapsed 3.7s]
    [26,112/50,985  elapsed 4.6s]
    [31,232/50,985  elapsed 5.6s]
    [36,352/50,985  elapsed 6.5s]
    [41,472/50,985  elapsed 7.3s]
    [46,592/50,985  elapsed 8.2s]
  eval done in 9.0s
  by-popularity NDCG@10: tail=0.0024(n=10,592)  mid=0.0098(n=9,237)  head=0.0508(n=31,156)
  epoch  16  loss=8.1326  val_NDCG=0.0413  test_NDCG=0.0333  test_HR=0.0579  (4.8s)
  evaluating 50,985 users in batches of 512...
    [512/50,985  elapsed 0.1s]
    [5,632/50,985  elapsed 1.0s]
    [10,752/50,985  elapsed 2.0s]
    [15,872/50,985  elapsed 3.0s]
    [20,992/50,985  elapsed 3.9s]
    [26,112/50,985  elapsed 4.8s]
    [31,232/50,985  elapsed 5.8s]
    [36,352/50,985  elapsed 6.7s]
    [41,472/50,985  elapsed 7.7s]
    [46,592/50,985  elapsed 8.7s]
  eval done in 9.5s
  by-popularity NDCG@10: tail=0.0027(n=9,330)  mid=0.0143(n=8,951)  head=0.0599(n=32,704)
  evaluating 50,985 users in batches of 512...
    [512/50,985  elapsed 0.1s]
    [5,632/50,985  elapsed 1.2s]
    [10,752/50,985  elapsed 2.2s]
    [15,872/50,985  elapsed 3.1s]
    [20,992/50,985  elapsed 4.1s]
    [26,112/50,985  elapsed 5.0s]
    [31,232/50,985  elapsed 6.0s]
    [36,352/50,985  elapsed 6.9s]
    [41,472/50,985  elapsed 7.9s]
    [46,592/50,985  elapsed 8.8s]
  eval done in 9.6s
  by-popularity NDCG@10: tail=0.0025(n=10,592)  mid=0.0099(n=9,237)  head=0.0506(n=31,156)
  epoch  17  loss=8.1144  val_NDCG=0.0414  test_NDCG=0.0332  test_HR=0.0573  (4.9s)
  evaluating 50,985 users in batches of 512...
    [512/50,985  elapsed 0.1s]
    [5,632/50,985  elapsed 1.0s]
    [10,752/50,985  elapsed 1.9s]
    [15,872/50,985  elapsed 2.8s]
    [20,992/50,985  elapsed 3.6s]
    [26,112/50,985  elapsed 4.5s]
    [31,232/50,985  elapsed 5.4s]
    [36,352/50,985  elapsed 6.3s]
    [41,472/50,985  elapsed 7.2s]
    [46,592/50,985  elapsed 8.1s]
  eval done in 8.8s
  by-popularity NDCG@10: tail=0.0026(n=9,330)  mid=0.0143(n=8,951)  head=0.0600(n=32,704)
  evaluating 50,985 users in batches of 512...
    [512/50,985  elapsed 0.1s]
    [5,632/50,985  elapsed 1.1s]
    [10,752/50,985  elapsed 2.0s]
    [15,872/50,985  elapsed 2.9s]
    [20,992/50,985  elapsed 3.8s]
    [26,112/50,985  elapsed 4.7s]
    [31,232/50,985  elapsed 5.6s]
    [36,352/50,985  elapsed 6.5s]
    [41,472/50,985  elapsed 7.4s]
    [46,592/50,985  elapsed 8.3s]
  eval done in 9.0s
  by-popularity NDCG@10: tail=0.0024(n=10,592)  mid=0.0099(n=9,237)  head=0.0507(n=31,156)
  epoch  18  loss=8.1017  val_NDCG=0.0415  test_NDCG=0.0333  test_HR=0.0576  (4.9s)
  evaluating 50,985 users in batches of 512...
    [512/50,985  elapsed 0.1s]
    [5,632/50,985  elapsed 1.0s]
    [10,752/50,985  elapsed 1.8s]
    [15,872/50,985  elapsed 2.7s]
    [20,992/50,985  elapsed 3.6s]
    [26,112/50,985  elapsed 4.5s]
    [31,232/50,985  elapsed 5.3s]
    [36,352/50,985  elapsed 6.3s]
    [41,472/50,985  elapsed 7.2s]
    [46,592/50,985  elapsed 8.1s]
  eval done in 8.8s
  by-popularity NDCG@10: tail=0.0026(n=9,330)  mid=0.0142(n=8,951)  head=0.0599(n=32,704)
  evaluating 50,985 users in batches of 512...
    [512/50,985  elapsed 0.1s]
    [5,632/50,985  elapsed 1.1s]
    [10,752/50,985  elapsed 2.0s]
    [15,872/50,985  elapsed 2.9s]
    [20,992/50,985  elapsed 3.8s]
    [26,112/50,985  elapsed 4.7s]
    [31,232/50,985  elapsed 5.7s]
    [36,352/50,985  elapsed 6.6s]
    [41,472/50,985  elapsed 7.5s]
    [46,592/50,985  elapsed 8.4s]
  eval done in 9.1s
  by-popularity NDCG@10: tail=0.0024(n=10,592)  mid=0.0099(n=9,237)  head=0.0506(n=31,156)
  epoch  19  loss=8.0939  val_NDCG=0.0414  test_NDCG=0.0332  test_HR=0.0574  (4.8s)
  evaluating 50,985 users in batches of 512...
    [512/50,985  elapsed 0.1s]
    [5,632/50,985  elapsed 1.0s]
    [10,752/50,985  elapsed 1.9s]
    [15,872/50,985  elapsed 2.8s]
    [20,992/50,985  elapsed 3.7s]
    [26,112/50,985  elapsed 4.5s]
    [31,232/50,985  elapsed 5.4s]
    [36,352/50,985  elapsed 6.3s]
    [41,472/50,985  elapsed 7.2s]
    [46,592/50,985  elapsed 8.1s]
  eval done in 8.8s
  by-popularity NDCG@10: tail=0.0026(n=9,330)  mid=0.0142(n=8,951)  head=0.0599(n=32,704)
  evaluating 50,985 users in batches of 512...
    [512/50,985  elapsed 0.1s]
    [5,632/50,985  elapsed 1.1s]
    [10,752/50,985  elapsed 1.9s]
    [15,872/50,985  elapsed 2.8s]
    [20,992/50,985  elapsed 3.7s]
    [26,112/50,985  elapsed 4.6s]
    [31,232/50,985  elapsed 5.5s]
    [36,352/50,985  elapsed 6.3s]
    [41,472/50,985  elapsed 7.2s]
    [46,592/50,985  elapsed 8.1s]
  eval done in 8.9s
  by-popularity NDCG@10: tail=0.0024(n=10,592)  mid=0.0099(n=9,237)  head=0.0506(n=31,156)
  epoch  20  loss=8.0914  val_NDCG=0.0414  test_NDCG=0.0332  test_HR=0.0574  (4.9s)

=== Best by val NDCG@10 ===
  val_NDCG=0.0417
  test: {'NDCG@10': 0.034310925276846906, 'HR@10': 0.060468765323134256, 'MRR': 0.031372990460495076, 'n_eval': 50985, 'by_popularity': {'tail': {'NDCG@10': 0.001666734213640553, 'HR@10': 0.003304380664652568, 'n': 10592, 'n_hit@10': 35, 'HR@20': 0.0061367069486404835, 'n_hit@20': 65, 'HR@50': 0.012084592145015106, 'n_hit@50': 128, 'HR@100': 0.02152567975830816, 'n_hit@100': 228}, 'mid': {'NDCG@10': 0.008404732885132958, 'HR@10': 0.015264696329977265, 'n': 9237, 'n_hit@10': 141, 'HR@20': 0.02316769513911443, 'n_hit@20': 214, 'HR@50': 0.042979322290787055, 'n_hit@50': 397, 'HR@100': 0.0719930713435098, 'n_hit@100': 665}, 'head': {'NDCG@10': 0.053089419655577924, 'HR@10': 0.09330466041853896, 'n': 31156, 'n_hit@10': 2907, 'HR@20': 0.13140326100911542, 'n_hit@20': 4094, 'HR@50': 0.20134163564000512, 'n_hit@50': 6273, 'HR@100': 0.27009243805366545, 'n_hit@100': 8415}}}
wrote C:\Users\rayxc\Documents\R\_bestrec_run\results_IS_COLDFUSE_base_seed20260740.users.jsonl.gz (50,985 per-user records, best epoch 10, sha256 1881fac9cd9b…)
wrote C:\Users\rayxc\Documents\R\_bestrec_run\results_IS_COLDFUSE_base_seed20260740.final.users.jsonl.gz (50,985 FINAL-epoch per-user records)

wrote C:\Users\rayxc\Documents\R\_bestrec_run\results_IS_COLDFUSE_base_seed20260740.json
[run] results_IS_COLDFUSE_base_seed20260740.fusion.json
=== fusion eval: Industrial_and_Scientific  ckpt=results_IS_COLDFUSE_base_seed20260740.best.pt ===
  n_users=50,985 n_items=25,848
  ckpt from epoch 10 (val NDCG@10 0.04171)

--- EASE l2=50.0: fit + VAL sweep ---
  EASE l2=50.0: inverted 25848x25848 in 78.0s
    [512/50,985 elapsed 0.3s]
    [10,752/50,985 elapsed 3.5s]
    [20,992/50,985 elapsed 6.7s]
    [31,232/50,985 elapsed 9.8s]
    [41,472/50,985 elapsed 12.9s]
  VAL seq NDCG@10=0.04171  ease=0.03204
    w=0.01: val fused NDCG@10=0.04317
    w=0.02: val fused NDCG@10=0.04394
    w=0.03: val fused NDCG@10=0.04406
    w=0.04: val fused NDCG@10=0.04425
    w=0.05: val fused NDCG@10=0.04434
    w=0.06: val fused NDCG@10=0.04415
    w=0.075: val fused NDCG@10=0.04379
    w=0.1: val fused NDCG@10=0.04312

--- EASE l2=100.0: fit + VAL sweep ---
  EASE l2=100.0: inverted 25848x25848 in 77.2s
    [512/50,985 elapsed 0.2s]
    [10,752/50,985 elapsed 3.3s]
    [20,992/50,985 elapsed 6.4s]
    [31,232/50,985 elapsed 9.5s]
    [41,472/50,985 elapsed 12.7s]
  VAL seq NDCG@10=0.04171  ease=0.03244
    w=0.01: val fused NDCG@10=0.04321
    w=0.02: val fused NDCG@10=0.04386
    w=0.03: val fused NDCG@10=0.04419
    w=0.04: val fused NDCG@10=0.04447
    w=0.05: val fused NDCG@10=0.04446
    w=0.06: val fused NDCG@10=0.04436
    w=0.075: val fused NDCG@10=0.04388
    w=0.1: val fused NDCG@10=0.04333

--- EASE l2=200.0: fit + VAL sweep ---
  EASE l2=200.0: inverted 25848x25848 in 80.9s
    [512/50,985 elapsed 0.2s]
    [10,752/50,985 elapsed 4.8s]
    [20,992/50,985 elapsed 8.9s]
    [31,232/50,985 elapsed 13.3s]
    [41,472/50,985 elapsed 17.2s]
  VAL seq NDCG@10=0.04171  ease=0.03267
    w=0.01: val fused NDCG@10=0.04313
    w=0.02: val fused NDCG@10=0.04382
    w=0.03: val fused NDCG@10=0.04424
    w=0.04: val fused NDCG@10=0.04433
    w=0.05: val fused NDCG@10=0.04436
    w=0.06: val fused NDCG@10=0.04422
    w=0.075: val fused NDCG@10=0.04395
    w=0.1: val fused NDCG@10=0.04321

--- EASE l2=500.0: fit + VAL sweep ---
  EASE l2=500.0: inverted 25848x25848 in 86.4s
    [512/50,985 elapsed 0.2s]
    [10,752/50,985 elapsed 4.6s]
    [20,992/50,985 elapsed 7.9s]
    [31,232/50,985 elapsed 11.1s]
    [41,472/50,985 elapsed 14.4s]
  VAL seq NDCG@10=0.04171  ease=0.03235
    w=0.01: val fused NDCG@10=0.04307
    w=0.02: val fused NDCG@10=0.04384
    w=0.03: val fused NDCG@10=0.04420
    w=0.04: val fused NDCG@10=0.04434
    w=0.05: val fused NDCG@10=0.04415
    w=0.06: val fused NDCG@10=0.04415
    w=0.075: val fused NDCG@10=0.04370
    w=0.1: val fused NDCG@10=0.04287

=== selected on VAL: l2=100.0, w=0.04 (val fused NDCG@10=0.04447) ===
  EASE l2=100.0: inverted 25848x25848 in 73.7s
    [512/50,985 elapsed 0.2s]
    [10,752/50,985 elapsed 4.6s]
    [20,992/50,985 elapsed 8.8s]
    [31,232/50,985 elapsed 13.1s]
    [41,472/50,985 elapsed 17.1s]

TEST seq-only  NDCG@10=0.03431 HR@10=0.06047 MRR=0.03137
TEST ease-only NDCG@10=0.02630 HR@10=0.04407
TEST FUSED (w=0.04) NDCG@10=0.03650 HR@10=0.06333 MRR=0.03338
wrote C:\Users\rayxc\Documents\R\_bestrec_run\results_IS_COLDFUSE_base_seed20260740.fusion.json
[run] results_Industrial_and_Scientific_COLDFUSE_confirm_seed20260740.json
=== COLDFUSE confirm: Industrial_and_Scientific seed 20260740 (ease=yes) ===
  EASE l2=100.0: inverted 25848x25848 in 78.6s
  [val] streaming sweep: 41 systems ...
    [512/50,985 1s]
    [20,992/50,985 12s]
    [41,472/50,985 26s]
  VAL ref overall 0.04447 tail 0.00272 | selected {'profile': 'exp0.9', 'wt_tail': 0.2, 'wt_mid': 0.0, 'wt_head': 0.0} val tail 0.00543
  [test] reference + selected ...
    [512/50,985 0s]
    [20,992/50,985 12s]
    [41,472/50,985 21s]
  TEST ref 0.03650 (tail 0.00258) -> sel 0.03666 (tail 0.00491)
wrote C:\Users\rayxc\Documents\R\_bestrec_run\results_Industrial_and_Scientific_COLDFUSE_confirm_seed20260740.json
[run] results_VG_COLDFUSE_base_seed20260736.json
  random seed set to 20260736
=== Video_Games: load splits ===
  n_users=94,762  n_items=25,612  pad_id=25612
  built sequences for 94,762 users
  built timestamp sequences (12 time buckets)
  loading SBERT embeddings from C:\Users\rayxc\Documents\R\cache_5core\sbert_titles_Video_Games.npy...
  TAPE: k-means 25,612 text embeddings into K=512 prototypes (tau=0.05)...
  TAPE: K=512 mean max-assignment weight = 0.506 (1.0 = hard clustering)

=== Build SASRec-SBERT (d=64, layers=4, heads=2) ===
  total params: 11,644,735  device=cuda
  94,762 training examples / 371 batches per epoch
  init_state_sha256 = 185f39500ce8329cc10a0030ebdf1520d1cd999a2ec0a00a1b1277a08e8625f0
  LR schedule: warmup_cosine (742 warmup + 14098 cosine steps)

=== Train for 40 epochs ===
  epoch   1  loss=9.5396  (10.8s)
  epoch   2  loss=8.7779  (10.0s)
  epoch   3  loss=8.5321  (9.9s)
  epoch   4  loss=8.3997  (9.9s)
  epoch   5  loss=8.3203  (10.3s)
  epoch   6  loss=8.2665  (10.2s)
  epoch   7  loss=8.2223  (9.9s)
  epoch   8  loss=8.1882  (10.0s)
  epoch   9  loss=8.1586  (9.9s)
  evaluating 94,762 users in batches of 512...
    [512/94,762  elapsed 0.1s]
    [5,632/94,762  elapsed 1.3s]
    [10,752/94,762  elapsed 2.6s]
    [15,872/94,762  elapsed 4.0s]
    [20,992/94,762  elapsed 5.1s]
    [26,112/94,762  elapsed 6.3s]
    [31,232/94,762  elapsed 7.4s]
    [36,352/94,762  elapsed 8.6s]
    [41,472/94,762  elapsed 9.8s]
    [46,592/94,762  elapsed 10.9s]
    [51,712/94,762  elapsed 12.1s]
    [56,832/94,762  elapsed 13.3s]
    [61,952/94,762  elapsed 14.4s]
    [67,072/94,762  elapsed 15.5s]
    [72,192/94,762  elapsed 16.8s]
    [77,312/94,762  elapsed 17.9s]
    [82,432/94,762  elapsed 19.1s]
    [87,552/94,762  elapsed 20.2s]
    [92,672/94,762  elapsed 21.4s]
  eval done in 21.9s
  by-popularity NDCG@10: tail=0.0037(n=8,646)  mid=0.0153(n=12,134)  head=0.0900(n=73,982)
  evaluating 94,762 users in batches of 512...
    [512/94,762  elapsed 0.1s]
    [5,632/94,762  elapsed 1.3s]
    [10,752/94,762  elapsed 2.5s]
    [15,872/94,762  elapsed 3.7s]
    [20,992/94,762  elapsed 4.8s]
    [26,112/94,762  elapsed 6.0s]
    [31,232/94,762  elapsed 7.3s]
    [36,352/94,762  elapsed 8.5s]
    [41,472/94,762  elapsed 9.7s]
    [46,592/94,762  elapsed 10.9s]
    [51,712/94,762  elapsed 12.1s]
    [56,832/94,762  elapsed 13.3s]
    [61,952/94,762  elapsed 14.5s]
    [67,072/94,762  elapsed 15.7s]
    [72,192/94,762  elapsed 16.9s]
    [77,312/94,762  elapsed 18.0s]
    [82,432/94,762  elapsed 19.2s]
    [87,552/94,762  elapsed 20.3s]
    [92,672/94,762  elapsed 21.5s]
  eval done in 22.0s
  by-popularity NDCG@10: tail=0.0025(n=10,900)  mid=0.0109(n=13,128)  head=0.0844(n=70,734)
  epoch  10  loss=8.1336  val_NDCG=0.0726  test_NDCG=0.0648  test_HR=0.1150  (10.1s)
  epoch  11  loss=8.1109  (11.7s)
  epoch  12  loss=8.0904  (10.4s)
  epoch  13  loss=8.0719  (10.0s)
  epoch  14  loss=8.0579  (9.9s)
  epoch  15  loss=8.0419  (10.7s)
  epoch  16  loss=8.0277  (12.0s)
  epoch  17  loss=8.0135  (10.6s)
  epoch  18  loss=8.0009  (11.3s)
  epoch  19  loss=7.9892  (11.6s)
  evaluating 94,762 users in batches of 512...
    [512/94,762  elapsed 0.1s]
    [5,632/94,762  elapsed 2.0s]
    [10,752/94,762  elapsed 3.8s]
    [15,872/94,762  elapsed 5.5s]
    [20,992/94,762  elapsed 7.1s]
    [26,112/94,762  elapsed 8.3s]
    [31,232/94,762  elapsed 9.5s]
    [36,352/94,762  elapsed 10.6s]
    [41,472/94,762  elapsed 11.9s]
    [46,592/94,762  elapsed 13.0s]
    [51,712/94,762  elapsed 14.2s]
    [56,832/94,762  elapsed 15.4s]
    [61,952/94,762  elapsed 16.6s]
    [67,072/94,762  elapsed 17.7s]
    [72,192/94,762  elapsed 18.8s]
    [77,312/94,762  elapsed 19.9s]
    [82,432/94,762  elapsed 21.0s]
    [87,552/94,762  elapsed 22.2s]
    [92,672/94,762  elapsed 23.4s]
  eval done in 23.9s
  by-popularity NDCG@10: tail=0.0061(n=8,646)  mid=0.0204(n=12,134)  head=0.0929(n=73,982)
  evaluating 94,762 users in batches of 512...
    [512/94,762  elapsed 0.1s]
    [5,632/94,762  elapsed 1.3s]
    [10,752/94,762  elapsed 2.5s]
    [15,872/94,762  elapsed 3.6s]
    [20,992/94,762  elapsed 4.9s]
    [26,112/94,762  elapsed 6.2s]
    [31,232/94,762  elapsed 7.4s]
    [36,352/94,762  elapsed 8.5s]
    [41,472/94,762  elapsed 9.7s]
    [46,592/94,762  elapsed 10.9s]
    [51,712/94,762  elapsed 12.1s]
    [56,832/94,762  elapsed 13.3s]
    [61,952/94,762  elapsed 14.4s]
    [67,072/94,762  elapsed 15.5s]
    [72,192/94,762  elapsed 16.8s]
    [77,312/94,762  elapsed 18.0s]
    [82,432/94,762  elapsed 19.2s]
    [87,552/94,762  elapsed 20.3s]
    [92,672/94,762  elapsed 21.4s]
  eval done in 21.9s
  by-popularity NDCG@10: tail=0.0041(n=10,900)  mid=0.0147(n=13,128)  head=0.0858(n=70,734)
  epoch  20  loss=7.9787  val_NDCG=0.0757  test_NDCG=0.0665  test_HR=0.1183  (11.7s)
  epoch  21  loss=7.9683  (11.5s)
  epoch  22  loss=7.9570  (9.9s)
  epoch  23  loss=7.9461  (9.9s)
  epoch  24  loss=7.9368  (9.5s)
  epoch  25  loss=7.9262  (9.7s)
  epoch  26  loss=7.9181  (9.5s)
  epoch  27  loss=7.9104  (9.6s)
  epoch  28  loss=7.9025  (9.6s)
  epoch  29  loss=7.8976  (9.6s)
  evaluating 94,762 users in batches of 512...
    [512/94,762  elapsed 0.1s]
    [5,632/94,762  elapsed 1.0s]
    [10,752/94,762  elapsed 2.0s]
    [15,872/94,762  elapsed 3.0s]
    [20,992/94,762  elapsed 4.0s]
    [26,112/94,762  elapsed 5.0s]
    [31,232/94,762  elapsed 6.0s]
    [36,352/94,762  elapsed 6.9s]
    [41,472/94,762  elapsed 7.9s]
    [46,592/94,762  elapsed 8.8s]
    [51,712/94,762  elapsed 9.8s]
    [56,832/94,762  elapsed 10.8s]
    [61,952/94,762  elapsed 11.7s]
    [67,072/94,762  elapsed 12.6s]
    [72,192/94,762  elapsed 13.7s]
    [77,312/94,762  elapsed 14.6s]
    [82,432/94,762  elapsed 15.6s]
    [87,552/94,762  elapsed 16.6s]
    [92,672/94,762  elapsed 17.5s]
  eval done in 17.9s
  by-popularity NDCG@10: tail=0.0065(n=8,646)  mid=0.0213(n=12,134)  head=0.0938(n=73,982)
  evaluating 94,762 users in batches of 512...
    [512/94,762  elapsed 0.1s]
    [5,632/94,762  elapsed 1.0s]
    [10,752/94,762  elapsed 2.0s]
    [15,872/94,762  elapsed 2.9s]
    [20,992/94,762  elapsed 3.9s]
    [26,112/94,762  elapsed 4.9s]
    [31,232/94,762  elapsed 5.9s]
    [36,352/94,762  elapsed 6.9s]
    [41,472/94,762  elapsed 7.8s]
    [46,592/94,762  elapsed 8.8s]
    [51,712/94,762  elapsed 9.7s]
    [56,832/94,762  elapsed 10.7s]
    [61,952/94,762  elapsed 11.6s]
    [67,072/94,762  elapsed 12.6s]
    [72,192/94,762  elapsed 13.6s]
    [77,312/94,762  elapsed 14.6s]
    [82,432/94,762  elapsed 15.6s]
    [87,552/94,762  elapsed 16.7s]
    [92,672/94,762  elapsed 17.6s]
  eval done in 18.0s
  by-popularity NDCG@10: tail=0.0048(n=10,900)  mid=0.0153(n=13,128)  head=0.0865(n=70,734)
  epoch  30  loss=7.8899  val_NDCG=0.0765  test_NDCG=0.0672  test_HR=0.1187  (9.5s)
  epoch  31  loss=7.8831  (11.5s)
  epoch  32  loss=7.8770  (11.7s)
  epoch  33  loss=7.8696  (10.0s)
  epoch  34  loss=7.8678  (9.7s)
  epoch  35  loss=7.8625  (9.6s)
  epoch  36  loss=7.8602  (9.7s)
  epoch  37  loss=7.8569  (9.8s)
  epoch  38  loss=7.8562  (9.6s)
  epoch  39  loss=7.8563  (9.7s)
  evaluating 94,762 users in batches of 512...
    [512/94,762  elapsed 0.1s]
    [5,632/94,762  elapsed 1.1s]
    [10,752/94,762  elapsed 2.0s]
    [15,872/94,762  elapsed 3.0s]
    [20,992/94,762  elapsed 3.9s]
    [26,112/94,762  elapsed 4.9s]
    [31,232/94,762  elapsed 5.8s]
    [36,352/94,762  elapsed 6.8s]
    [41,472/94,762  elapsed 7.7s]
    [46,592/94,762  elapsed 8.7s]
    [51,712/94,762  elapsed 9.6s]
    [56,832/94,762  elapsed 10.5s]
    [61,952/94,762  elapsed 11.5s]
    [67,072/94,762  elapsed 12.4s]
    [72,192/94,762  elapsed 13.3s]
    [77,312/94,762  elapsed 14.2s]
    [82,432/94,762  elapsed 15.2s]
    [87,552/94,762  elapsed 16.2s]
    [92,672/94,762  elapsed 17.3s]
  eval done in 17.8s
  by-popularity NDCG@10: tail=0.0066(n=8,646)  mid=0.0216(n=12,134)  head=0.0937(n=73,982)
  evaluating 94,762 users in batches of 512...
    [512/94,762  elapsed 0.1s]
    [5,632/94,762  elapsed 1.3s]
    [10,752/94,762  elapsed 2.5s]
    [15,872/94,762  elapsed 3.6s]
    [20,992/94,762  elapsed 4.5s]
    [26,112/94,762  elapsed 5.5s]
    [31,232/94,762  elapsed 6.4s]
    [36,352/94,762  elapsed 7.4s]
    [41,472/94,762  elapsed 8.3s]
    [46,592/94,762  elapsed 9.4s]
    [51,712/94,762  elapsed 10.4s]
    [56,832/94,762  elapsed 11.5s]
    [61,952/94,762  elapsed 12.4s]
    [67,072/94,762  elapsed 13.3s]
    [72,192/94,762  elapsed 14.3s]
    [77,312/94,762  elapsed 15.3s]
    [82,432/94,762  elapsed 16.3s]
    [87,552/94,762  elapsed 17.2s]
    [92,672/94,762  elapsed 18.2s]
  eval done in 18.6s
  by-popularity NDCG@10: tail=0.0049(n=10,900)  mid=0.0154(n=13,128)  head=0.0868(n=70,734)
  epoch  40  loss=7.8543  val_NDCG=0.0765  test_NDCG=0.0675  test_HR=0.1192  (9.6s)

=== Best by val NDCG@10 ===
  val_NDCG=0.0765
  test: {'NDCG@10': 0.06749526702262472, 'HR@10': 0.11923555855722758, 'MRR': 0.060271784604993425, 'n_eval': 94762, 'by_popularity': {'tail': {'NDCG@10': 0.004916698479513148, 'HR@10': 0.01036697247706422, 'n': 10900, 'n_hit@10': 113, 'HR@20': 0.018256880733944953, 'n_hit@20': 199, 'HR@50': 0.036238532110091745, 'n_hit@50': 395, 'HR@100': 0.05954128440366972, 'n_hit@100': 649}, 'mid': {'NDCG@10': 0.015448829421120237, 'HR@10': 0.02856489945155393, 'n': 13128, 'n_hit@10': 375, 'HR@20': 0.04852224253503961, 'n_hit@20': 637, 'HR@50': 0.09064594759293114, 'n_hit@50': 1190, 'HR@100': 0.1392443631931749, 'n_hit@100': 1828}, 'head': {'NDCG@10': 0.08679817693797612, 'HR@10': 0.1528402182825798, 'n': 70734, 'n_hit@10': 10811, 'HR@20': 0.2141968501710634, 'n_hit@20': 15151, 'HR@50': 0.3168490400655979, 'n_hit@50': 22412, 'HR@100': 0.4104815223230695, 'n_hit@100': 29035}}}
wrote C:\Users\rayxc\Documents\R\_bestrec_run\results_VG_COLDFUSE_base_seed20260736.users.jsonl.gz (94,762 per-user records, best epoch 40, sha256 708c3670aa84…)

wrote C:\Users\rayxc\Documents\R\_bestrec_run\results_VG_COLDFUSE_base_seed20260736.json
[run] results_VG_COLDFUSE_base_seed20260736.fusion.json
=== fusion eval: Video_Games  ckpt=results_VG_COLDFUSE_base_seed20260736.best.pt ===
  n_users=94,762 n_items=25,612
  ckpt from epoch 40 (val NDCG@10 0.07654)

--- EASE l2=50.0: fit + VAL sweep ---
  EASE l2=50.0: inverted 25612x25612 in 77.1s
    [512/94,762 elapsed 0.3s]
    [10,752/94,762 elapsed 3.1s]
    [20,992/94,762 elapsed 5.8s]
    [31,232/94,762 elapsed 8.7s]
    [41,472/94,762 elapsed 11.5s]
    [51,712/94,762 elapsed 14.3s]
    [61,952/94,762 elapsed 17.0s]
    [72,192/94,762 elapsed 19.8s]
    [82,432/94,762 elapsed 22.7s]
    [92,672/94,762 elapsed 25.4s]
  VAL seq NDCG@10=0.07654  ease=0.05496
    w=0.01: val fused NDCG@10=0.07880
    w=0.02: val fused NDCG@10=0.07972
    w=0.03: val fused NDCG@10=0.07970
    w=0.04: val fused NDCG@10=0.07949
    w=0.05: val fused NDCG@10=0.07902
    w=0.06: val fused NDCG@10=0.07827
    w=0.075: val fused NDCG@10=0.07710
    w=0.1: val fused NDCG@10=0.07528

--- EASE l2=100.0: fit + VAL sweep ---
  EASE l2=100.0: inverted 25612x25612 in 67.7s
    [512/94,762 elapsed 0.2s]
    [10,752/94,762 elapsed 3.0s]
    [20,992/94,762 elapsed 5.7s]
    [31,232/94,762 elapsed 8.6s]
    [41,472/94,762 elapsed 11.4s]
    [51,712/94,762 elapsed 14.3s]
    [61,952/94,762 elapsed 17.0s]
    [72,192/94,762 elapsed 19.8s]
    [82,432/94,762 elapsed 22.6s]
    [92,672/94,762 elapsed 25.6s]
  VAL seq NDCG@10=0.07654  ease=0.05493
    w=0.01: val fused NDCG@10=0.07879
    w=0.02: val fused NDCG@10=0.07940
    w=0.03: val fused NDCG@10=0.07949
    w=0.04: val fused NDCG@10=0.07928
    w=0.05: val fused NDCG@10=0.07881
    w=0.06: val fused NDCG@10=0.07808
    w=0.075: val fused NDCG@10=0.07701
    w=0.1: val fused NDCG@10=0.07506

--- EASE l2=200.0: fit + VAL sweep ---
  EASE l2=200.0: inverted 25612x25612 in 67.8s
    [512/94,762 elapsed 0.2s]
    [10,752/94,762 elapsed 2.9s]
    [20,992/94,762 elapsed 5.7s]
    [31,232/94,762 elapsed 8.5s]
    [41,472/94,762 elapsed 11.2s]
    [51,712/94,762 elapsed 14.1s]
    [61,952/94,762 elapsed 16.9s]
    [72,192/94,762 elapsed 19.8s]
    [82,432/94,762 elapsed 22.5s]
    [92,672/94,762 elapsed 25.3s]
  VAL seq NDCG@10=0.07654  ease=0.05414
    w=0.01: val fused NDCG@10=0.07868
    w=0.02: val fused NDCG@10=0.07919
    w=0.03: val fused NDCG@10=0.07920
    w=0.04: val fused NDCG@10=0.07895
    w=0.05: val fused NDCG@10=0.07837
    w=0.06: val fused NDCG@10=0.07760
    w=0.075: val fused NDCG@10=0.07633
    w=0.1: val fused NDCG@10=0.07419

--- EASE l2=500.0: fit + VAL sweep ---
  EASE l2=500.0: inverted 25612x25612 in 68.3s
    [512/94,762 elapsed 0.2s]
    [10,752/94,762 elapsed 3.2s]
    [20,992/94,762 elapsed 5.9s]
    [31,232/94,762 elapsed 8.7s]
    [41,472/94,762 elapsed 11.6s]
    [51,712/94,762 elapsed 14.4s]
    [61,952/94,762 elapsed 17.2s]
    [72,192/94,762 elapsed 20.1s]
    [82,432/94,762 elapsed 23.0s]
    [92,672/94,762 elapsed 25.8s]
  VAL seq NDCG@10=0.07654  ease=0.05247
    w=0.01: val fused NDCG@10=0.07838
    w=0.02: val fused NDCG@10=0.07874
    w=0.03: val fused NDCG@10=0.07878
    w=0.04: val fused NDCG@10=0.07833
    w=0.05: val fused NDCG@10=0.07745
    w=0.06: val fused NDCG@10=0.07643
    w=0.075: val fused NDCG@10=0.07510
    w=0.1: val fused NDCG@10=0.07269

=== selected on VAL: l2=50.0, w=0.02 (val fused NDCG@10=0.07972) ===
  EASE l2=50.0: inverted 25612x25612 in 67.3s
    [512/94,762 elapsed 0.2s]
    [10,752/94,762 elapsed 3.0s]
    [20,992/94,762 elapsed 5.7s]
    [31,232/94,762 elapsed 8.5s]
    [41,472/94,762 elapsed 11.1s]
    [51,712/94,762 elapsed 13.9s]
    [61,952/94,762 elapsed 16.5s]
    [72,192/94,762 elapsed 19.4s]
    [82,432/94,762 elapsed 22.3s]
    [92,672/94,762 elapsed 24.9s]

TEST seq-only  NDCG@10=0.06750 HR@10=0.11924 MRR=0.06027
TEST ease-only NDCG@10=0.04774 HR@10=0.08379
TEST FUSED (w=0.02) NDCG@10=0.07026 HR@10=0.12301 MRR=0.06269
wrote C:\Users\rayxc\Documents\R\_bestrec_run\results_VG_COLDFUSE_base_seed20260736.fusion.json
[run] results_Video_Games_COLDFUSE_confirm_seed20260736.json
=== COLDFUSE confirm: Video_Games seed 20260736 (ease=yes) ===
  EASE l2=50.0: inverted 25612x25612 in 72.5s
  [val] streaming sweep: 41 systems ...
    [512/94,762 0s]
    [20,992/94,762 11s]
    [41,472/94,762 22s]
    [61,952/94,762 34s]
    [82,432/94,762 45s]
  VAL ref overall 0.07972 tail 0.00557 | selected {'profile': 'exp0.9', 'wt_tail': 0.2, 'wt_mid': 0.0, 'wt_head': 0.0} val tail 0.00989
  [test] reference + selected ...
    [512/94,762 0s]
    [20,992/94,762 7s]
    [41,472/94,762 15s]
    [61,952/94,762 22s]
    [82,432/94,762 29s]
  TEST ref 0.07026 (tail 0.00462) -> sel 0.07027 (tail 0.00810)
wrote C:\Users\rayxc\Documents\R\_bestrec_run\results_Video_Games_COLDFUSE_confirm_seed20260736.json
[run] results_VG_COLDFUSE_base_seed20260737.json
  random seed set to 20260737
=== Video_Games: load splits ===
  n_users=94,762  n_items=25,612  pad_id=25612
  built sequences for 94,762 users
  built timestamp sequences (12 time buckets)
  loading SBERT embeddings from C:\Users\rayxc\Documents\R\cache_5core\sbert_titles_Video_Games.npy...
  TAPE: k-means 25,612 text embeddings into K=512 prototypes (tau=0.05)...
  TAPE: K=512 mean max-assignment weight = 0.515 (1.0 = hard clustering)

=== Build SASRec-SBERT (d=64, layers=4, heads=2) ===
  total params: 11,644,735  device=cuda
  94,762 training examples / 371 batches per epoch
  init_state_sha256 = 1617108eb4de89651f25f8c23dd9381179c846e4549a95b36174a1e6ae00bb62
  LR schedule: warmup_cosine (742 warmup + 14098 cosine steps)

=== Train for 40 epochs ===
  epoch   1  loss=9.5401  (12.0s)
  epoch   2  loss=8.7736  (11.8s)
  epoch   3  loss=8.5295  (9.7s)
  epoch   4  loss=8.3999  (9.6s)
  epoch   5  loss=8.3212  (9.7s)
  epoch   6  loss=8.2643  (9.7s)
  epoch   7  loss=8.2211  (9.5s)
  epoch   8  loss=8.1845  (9.6s)
  epoch   9  loss=8.1557  (9.6s)
  evaluating 94,762 users in batches of 512...
    [512/94,762  elapsed 0.1s]
    [5,632/94,762  elapsed 1.2s]
    [10,752/94,762  elapsed 2.2s]
    [15,872/94,762  elapsed 3.2s]
    [20,992/94,762  elapsed 4.4s]
    [26,112/94,762  elapsed 5.4s]
    [31,232/94,762  elapsed 6.4s]
    [36,352/94,762  elapsed 7.5s]
    [41,472/94,762  elapsed 8.5s]
    [46,592/94,762  elapsed 9.6s]
    [51,712/94,762  elapsed 10.6s]
    [56,832/94,762  elapsed 11.6s]
    [61,952/94,762  elapsed 12.6s]
    [67,072/94,762  elapsed 13.7s]
    [72,192/94,762  elapsed 14.9s]
    [77,312/94,762  elapsed 16.0s]
    [82,432/94,762  elapsed 17.1s]
    [87,552/94,762  elapsed 18.1s]
    [92,672/94,762  elapsed 19.3s]
  eval done in 19.7s
  by-popularity NDCG@10: tail=0.0034(n=8,646)  mid=0.0162(n=12,134)  head=0.0913(n=73,982)
  evaluating 94,762 users in batches of 512...
    [512/94,762  elapsed 0.1s]
    [5,632/94,762  elapsed 1.1s]
    [10,752/94,762  elapsed 2.3s]
    [15,872/94,762  elapsed 3.4s]
    [20,992/94,762  elapsed 4.5s]
    [26,112/94,762  elapsed 5.6s]
    [31,232/94,762  elapsed 6.7s]
    [36,352/94,762  elapsed 7.8s]
    [41,472/94,762  elapsed 8.9s]
    [46,592/94,762  elapsed 10.0s]
    [51,712/94,762  elapsed 11.0s]
    [56,832/94,762  elapsed 12.1s]
    [61,952/94,762  elapsed 13.2s]
    [67,072/94,762  elapsed 14.2s]
    [72,192/94,762  elapsed 15.3s]
    [77,312/94,762  elapsed 16.3s]
    [82,432/94,762  elapsed 17.4s]
    [87,552/94,762  elapsed 18.5s]
    [92,672/94,762  elapsed 19.5s]
  eval done in 19.9s
  by-popularity NDCG@10: tail=0.0019(n=10,900)  mid=0.0110(n=13,128)  head=0.0849(n=70,734)
  epoch  10  loss=8.1295  val_NDCG=0.0737  test_NDCG=0.0651  test_HR=0.1168  (9.8s)
  epoch  11  loss=8.1090  (11.4s)
  epoch  12  loss=8.0884  (11.7s)
  epoch  13  loss=8.0693  (10.0s)
  epoch  14  loss=8.0518  (9.3s)
  epoch  15  loss=8.0373  (9.2s)
  epoch  16  loss=8.0232  (9.5s)
  epoch  17  loss=8.0095  (9.4s)
  epoch  18  loss=7.9969  (9.2s)
  epoch  19  loss=7.9862  (9.4s)
  evaluating 94,762 users in batches of 512...
    [512/94,762  elapsed 0.1s]
    [5,632/94,762  elapsed 1.2s]
    [10,752/94,762  elapsed 2.2s]
    [15,872/94,762  elapsed 3.1s]
    [20,992/94,762  elapsed 4.1s]
    [26,112/94,762  elapsed 5.1s]
    [31,232/94,762  elapsed 6.0s]
    [36,352/94,762  elapsed 7.0s]
    [41,472/94,762  elapsed 8.0s]
    [46,592/94,762  elapsed 8.9s]
    [51,712/94,762  elapsed 9.9s]
    [56,832/94,762  elapsed 10.9s]
    [61,952/94,762  elapsed 11.9s]
    [67,072/94,762  elapsed 12.9s]
    [72,192/94,762  elapsed 13.9s]
    [77,312/94,762  elapsed 14.9s]
    [82,432/94,762  elapsed 15.8s]
    [87,552/94,762  elapsed 16.8s]
    [92,672/94,762  elapsed 17.7s]
  eval done in 18.2s
  by-popularity NDCG@10: tail=0.0054(n=8,646)  mid=0.0198(n=12,134)  head=0.0925(n=73,982)
  evaluating 94,762 users in batches of 512...
    [512/94,762  elapsed 0.1s]
    [5,632/94,762  elapsed 1.1s]
    [10,752/94,762  elapsed 2.0s]
    [15,872/94,762  elapsed 3.0s]
    [20,992/94,762  elapsed 4.0s]
    [26,112/94,762  elapsed 5.0s]
    [31,232/94,762  elapsed 6.0s]
    [36,352/94,762  elapsed 6.9s]
    [41,472/94,762  elapsed 7.8s]
    [46,592/94,762  elapsed 8.8s]
    [51,712/94,762  elapsed 9.7s]
    [56,832/94,762  elapsed 10.6s]
    [61,952/94,762  elapsed 11.5s]
    [67,072/94,762  elapsed 12.5s]
    [72,192/94,762  elapsed 13.4s]
    [77,312/94,762  elapsed 14.3s]
    [82,432/94,762  elapsed 15.3s]
    [87,552/94,762  elapsed 16.2s]
    [92,672/94,762  elapsed 17.1s]
  eval done in 17.5s
  by-popularity NDCG@10: tail=0.0039(n=10,900)  mid=0.0155(n=13,128)  head=0.0856(n=70,734)
  epoch  20  loss=7.9712  val_NDCG=0.0752  test_NDCG=0.0665  test_HR=0.1189  (9.3s)
  epoch  21  loss=7.9635  (11.4s)
  epoch  22  loss=7.9521  (11.6s)
  epoch  23  loss=7.9430  (11.0s)
  epoch  24  loss=7.9324  (9.3s)
  epoch  25  loss=7.9251  (9.3s)
  epoch  26  loss=7.9148  (9.3s)
  epoch  27  loss=7.9059  (9.3s)
  epoch  28  loss=7.8992  (9.3s)
  epoch  29  loss=7.8902  (9.3s)
  evaluating 94,762 users in batches of 512...
    [512/94,762  elapsed 0.1s]
    [5,632/94,762  elapsed 1.1s]
    [10,752/94,762  elapsed 2.0s]
    [15,872/94,762  elapsed 2.9s]
    [20,992/94,762  elapsed 3.8s]
    [26,112/94,762  elapsed 4.7s]
    [31,232/94,762  elapsed 5.7s]
    [36,352/94,762  elapsed 6.6s]
    [41,472/94,762  elapsed 7.5s]
    [46,592/94,762  elapsed 8.4s]
    [51,712/94,762  elapsed 9.3s]
    [56,832/94,762  elapsed 10.2s]
    [61,952/94,762  elapsed 11.2s]
    [67,072/94,762  elapsed 12.1s]
    [72,192/94,762  elapsed 13.0s]
    [77,312/94,762  elapsed 13.9s]
    [82,432/94,762  elapsed 14.8s]
    [87,552/94,762  elapsed 15.9s]
    [92,672/94,762  elapsed 16.8s]
  eval done in 17.2s
  by-popularity NDCG@10: tail=0.0064(n=8,646)  mid=0.0214(n=12,134)  head=0.0934(n=73,982)
  evaluating 94,762 users in batches of 512...
    [512/94,762  elapsed 0.1s]
    [5,632/94,762  elapsed 1.0s]
    [10,752/94,762  elapsed 1.9s]
    [15,872/94,762  elapsed 2.8s]
    [20,992/94,762  elapsed 3.8s]
    [26,112/94,762  elapsed 4.7s]
    [31,232/94,762  elapsed 5.6s]
    [36,352/94,762  elapsed 6.5s]
    [41,472/94,762  elapsed 7.4s]
    [46,592/94,762  elapsed 8.3s]
    [51,712/94,762  elapsed 9.2s]
    [56,832/94,762  elapsed 10.1s]
    [61,952/94,762  elapsed 11.1s]
    [67,072/94,762  elapsed 12.0s]
    [72,192/94,762  elapsed 12.9s]
    [77,312/94,762  elapsed 13.9s]
    [82,432/94,762  elapsed 14.8s]
    [87,552/94,762  elapsed 15.7s]
    [92,672/94,762  elapsed 16.6s]
  eval done in 17.0s
  by-popularity NDCG@10: tail=0.0052(n=10,900)  mid=0.0168(n=13,128)  head=0.0856(n=70,734)
  epoch  30  loss=7.8854  val_NDCG=0.0763  test_NDCG=0.0668  test_HR=0.1186  (9.2s)
  epoch  31  loss=7.8766  (11.3s)
  epoch  32  loss=7.8719  (9.2s)
  epoch  33  loss=7.8678  (9.2s)
  epoch  34  loss=7.8624  (9.2s)
  epoch  35  loss=7.8579  (9.2s)
  epoch  36  loss=7.8556  (9.2s)
  epoch  37  loss=7.8534  (9.3s)
  epoch  38  loss=7.8529  (9.3s)
  epoch  39  loss=7.8499  (9.3s)
  evaluating 94,762 users in batches of 512...
    [512/94,762  elapsed 0.1s]
    [5,632/94,762  elapsed 1.1s]
    [10,752/94,762  elapsed 2.5s]
    [15,872/94,762  elapsed 3.8s]
    [20,992/94,762  elapsed 5.1s]
    [26,112/94,762  elapsed 6.6s]
    [31,232/94,762  elapsed 7.7s]
    [36,352/94,762  elapsed 8.6s]
    [41,472/94,762  elapsed 9.6s]
    [46,592/94,762  elapsed 10.5s]
    [51,712/94,762  elapsed 11.5s]
    [56,832/94,762  elapsed 12.5s]
    [61,952/94,762  elapsed 13.4s]
    [67,072/94,762  elapsed 14.4s]
    [72,192/94,762  elapsed 15.4s]
    [77,312/94,762  elapsed 16.3s]
    [82,432/94,762  elapsed 17.3s]
    [87,552/94,762  elapsed 18.3s]
    [92,672/94,762  elapsed 19.3s]
  eval done in 19.6s
  by-popularity NDCG@10: tail=0.0065(n=8,646)  mid=0.0213(n=12,134)  head=0.0935(n=73,982)
  evaluating 94,762 users in batches of 512...
    [512/94,762  elapsed 0.1s]
    [5,632/94,762  elapsed 1.1s]
    [10,752/94,762  elapsed 2.0s]
    [15,872/94,762  elapsed 3.0s]
    [20,992/94,762  elapsed 4.0s]
    [26,112/94,762  elapsed 5.0s]
    [31,232/94,762  elapsed 5.9s]
    [36,352/94,762  elapsed 6.9s]
    [41,472/94,762  elapsed 7.9s]
    [46,592/94,762  elapsed 8.9s]
    [51,712/94,762  elapsed 9.8s]
    [56,832/94,762  elapsed 10.8s]
    [61,952/94,762  elapsed 11.9s]
    [67,072/94,762  elapsed 12.9s]
    [72,192/94,762  elapsed 13.9s]
    [77,312/94,762  elapsed 14.9s]
    [82,432/94,762  elapsed 15.9s]
    [87,552/94,762  elapsed 17.0s]
    [92,672/94,762  elapsed 18.0s]
  eval done in 18.4s
  by-popularity NDCG@10: tail=0.0053(n=10,900)  mid=0.0170(n=13,128)  head=0.0856(n=70,734)
  epoch  40  loss=7.8487  val_NDCG=0.0763  test_NDCG=0.0668  test_HR=0.1184  (9.3s)

=== Best by val NDCG@10 ===
  val_NDCG=0.0763
  test: {'NDCG@10': 0.06683446830871503, 'HR@10': 0.11839133830016252, 'MRR': 0.05965173148375543, 'n_eval': 94762, 'by_popularity': {'tail': {'NDCG@10': 0.005346895247974328, 'HR@10': 0.01036697247706422, 'n': 10900, 'n_hit@10': 113, 'HR@20': 0.01743119266055046, 'n_hit@20': 190, 'HR@50': 0.03761467889908257, 'n_hit@50': 410, 'HR@100': 0.05981651376146789, 'n_hit@100': 652}, 'mid': {'NDCG@10': 0.016950124477598662, 'HR@10': 0.03184034125533212, 'n': 13128, 'n_hit@10': 418, 'HR@20': 0.0511121267519805, 'n_hit@20': 671, 'HR@50': 0.09308348567946374, 'n_hit@50': 1222, 'HR@100': 0.13756855575868374, 'n_hit@100': 1806}, 'head': {'NDCG@10': 0.08556797994635704, 'HR@10': 0.15110130912997993, 'n': 70734, 'n_hit@10': 10688, 'HR@20': 0.21309412729380495, 'n_hit@20': 15073, 'HR@50': 0.31570390476998333, 'n_hit@50': 22331, 'HR@100': 0.40882743800718185, 'n_hit@100': 28918}}}
wrote C:\Users\rayxc\Documents\R\_bestrec_run\results_VG_COLDFUSE_base_seed20260737.users.jsonl.gz (94,762 per-user records, best epoch 40, sha256 466d06d6fa87…)

wrote C:\Users\rayxc\Documents\R\_bestrec_run\results_VG_COLDFUSE_base_seed20260737.json
[run] results_VG_COLDFUSE_base_seed20260737.fusion.json
=== fusion eval: Video_Games  ckpt=results_VG_COLDFUSE_base_seed20260737.best.pt ===
  n_users=94,762 n_items=25,612
  ckpt from epoch 40 (val NDCG@10 0.07633)

--- EASE l2=50.0: fit + VAL sweep ---
  EASE l2=50.0: inverted 25612x25612 in 75.7s
    [512/94,762 elapsed 0.3s]
    [10,752/94,762 elapsed 3.2s]
    [20,992/94,762 elapsed 6.1s]
    [31,232/94,762 elapsed 8.9s]
    [41,472/94,762 elapsed 11.7s]
    [51,712/94,762 elapsed 14.5s]
    [61,952/94,762 elapsed 17.3s]
    [72,192/94,762 elapsed 20.2s]
    [82,432/94,762 elapsed 23.0s]
    [92,672/94,762 elapsed 25.8s]
  VAL seq NDCG@10=0.07633  ease=0.05496
    w=0.01: val fused NDCG@10=0.07838
    w=0.02: val fused NDCG@10=0.07939
    w=0.03: val fused NDCG@10=0.07944
    w=0.04: val fused NDCG@10=0.07916
    w=0.05: val fused NDCG@10=0.07870
    w=0.06: val fused NDCG@10=0.07823
    w=0.075: val fused NDCG@10=0.07716
    w=0.1: val fused NDCG@10=0.07524

--- EASE l2=100.0: fit + VAL sweep ---
  EASE l2=100.0: inverted 25612x25612 in 65.8s
    [512/94,762 elapsed 0.2s]
    [10,752/94,762 elapsed 3.0s]
    [20,992/94,762 elapsed 5.8s]
    [31,232/94,762 elapsed 8.6s]
    [41,472/94,762 elapsed 11.3s]
    [51,712/94,762 elapsed 14.0s]
    [61,952/94,762 elapsed 16.6s]
    [72,192/94,762 elapsed 19.3s]
    [82,432/94,762 elapsed 22.0s]
    [92,672/94,762 elapsed 24.8s]
  VAL seq NDCG@10=0.07633  ease=0.05493
    w=0.01: val fused NDCG@10=0.07830
    w=0.02: val fused NDCG@10=0.07925
    w=0.03: val fused NDCG@10=0.07939
    w=0.04: val fused NDCG@10=0.07892
    w=0.05: val fused NDCG@10=0.07839
    w=0.06: val fused NDCG@10=0.07783
    w=0.075: val fused NDCG@10=0.07667
    w=0.1: val fused NDCG@10=0.07484

--- EASE l2=200.0: fit + VAL sweep ---
  EASE l2=200.0: inverted 25612x25612 in 66.0s
    [512/94,762 elapsed 0.2s]
    [10,752/94,762 elapsed 3.0s]
    [20,992/94,762 elapsed 5.8s]
    [31,232/94,762 elapsed 8.6s]
    [41,472/94,762 elapsed 11.4s]
    [51,712/94,762 elapsed 14.3s]
    [61,952/94,762 elapsed 17.1s]
    [72,192/94,762 elapsed 19.9s]
    [82,432/94,762 elapsed 22.7s]
    [92,672/94,762 elapsed 25.6s]
  VAL seq NDCG@10=0.07633  ease=0.05414
    w=0.01: val fused NDCG@10=0.07816
    w=0.02: val fused NDCG@10=0.07895
    w=0.03: val fused NDCG@10=0.07889
    w=0.04: val fused NDCG@10=0.07853
    w=0.05: val fused NDCG@10=0.07793
    w=0.06: val fused NDCG@10=0.07728
    w=0.075: val fused NDCG@10=0.07603
    w=0.1: val fused NDCG@10=0.07394

--- EASE l2=500.0: fit + VAL sweep ---
  EASE l2=500.0: inverted 25612x25612 in 65.7s
    [512/94,762 elapsed 0.2s]
    [10,752/94,762 elapsed 3.1s]
    [20,992/94,762 elapsed 5.9s]
    [31,232/94,762 elapsed 8.8s]
    [41,472/94,762 elapsed 11.6s]
    [51,712/94,762 elapsed 14.4s]
    [61,952/94,762 elapsed 17.2s]
    [72,192/94,762 elapsed 20.0s]
    [82,432/94,762 elapsed 22.8s]
    [92,672/94,762 elapsed 25.6s]
  VAL seq NDCG@10=0.07633  ease=0.05247
    w=0.01: val fused NDCG@10=0.07793
    w=0.02: val fused NDCG@10=0.07854
    w=0.03: val fused NDCG@10=0.07841
    w=0.04: val fused NDCG@10=0.07797
    w=0.05: val fused NDCG@10=0.07720
    w=0.06: val fused NDCG@10=0.07628
    w=0.075: val fused NDCG@10=0.07492
    w=0.1: val fused NDCG@10=0.07242

=== selected on VAL: l2=50.0, w=0.03 (val fused NDCG@10=0.07944) ===
  EASE l2=50.0: inverted 25612x25612 in 65.3s
    [512/94,762 elapsed 0.2s]
    [10,752/94,762 elapsed 2.8s]
    [20,992/94,762 elapsed 5.4s]
    [31,232/94,762 elapsed 8.0s]
    [41,472/94,762 elapsed 10.5s]
    [51,712/94,762 elapsed 13.1s]
    [61,952/94,762 elapsed 15.7s]
    [72,192/94,762 elapsed 18.3s]
    [82,432/94,762 elapsed 20.9s]
    [92,672/94,762 elapsed 23.4s]

TEST seq-only  NDCG@10=0.06683 HR@10=0.11839 MRR=0.05965
TEST ease-only NDCG@10=0.04774 HR@10=0.08379
TEST FUSED (w=0.03) NDCG@10=0.07049 HR@10=0.12360 MRR=0.06278
wrote C:\Users\rayxc\Documents\R\_bestrec_run\results_VG_COLDFUSE_base_seed20260737.fusion.json
[run] results_Video_Games_COLDFUSE_confirm_seed20260737.json
=== COLDFUSE confirm: Video_Games seed 20260737 (ease=yes) ===
  EASE l2=50.0: inverted 25612x25612 in 74.4s
  [val] streaming sweep: 41 systems ...
    [512/94,762 1s]
    [20,992/94,762 11s]
    [41,472/94,762 21s]
    [61,952/94,762 31s]
    [82,432/94,762 41s]
  VAL ref overall 0.07944 tail 0.00526 | selected {'profile': 'exp0.9', 'wt_tail': 0.2, 'wt_mid': 0.0, 'wt_head': 0.0} val tail 0.00953
  [test] reference + selected ...
    [512/94,762 0s]
    [20,992/94,762 7s]
    [41,472/94,762 14s]
    [61,952/94,762 21s]
    [82,432/94,762 28s]
  TEST ref 0.07049 (tail 0.00489) -> sel 0.07060 (tail 0.00867)
wrote C:\Users\rayxc\Documents\R\_bestrec_run\results_Video_Games_COLDFUSE_confirm_seed20260737.json
[run] results_VG_COLDFUSE_base_seed20260738.json
  random seed set to 20260738
=== Video_Games: load splits ===
  n_users=94,762  n_items=25,612  pad_id=25612
  built sequences for 94,762 users
  built timestamp sequences (12 time buckets)
  loading SBERT embeddings from C:\Users\rayxc\Documents\R\cache_5core\sbert_titles_Video_Games.npy...
  TAPE: k-means 25,612 text embeddings into K=512 prototypes (tau=0.05)...
  TAPE: K=512 mean max-assignment weight = 0.506 (1.0 = hard clustering)

=== Build SASRec-SBERT (d=64, layers=4, heads=2) ===
  total params: 11,644,735  device=cuda
  94,762 training examples / 371 batches per epoch
  init_state_sha256 = 5fa243e33b755f0160eecd0d047e3e6e2aef8db16b3f5d04036f892b08140b64
  LR schedule: warmup_cosine (742 warmup + 14098 cosine steps)

=== Train for 40 epochs ===
  epoch   1  loss=9.5449  (11.9s)
  epoch   2  loss=8.7762  (11.3s)
  epoch   3  loss=8.5296  (9.2s)
  epoch   4  loss=8.4005  (9.4s)
  epoch   5  loss=8.3226  (9.5s)
  epoch   6  loss=8.2640  (9.2s)
  epoch   7  loss=8.2222  (9.3s)
  epoch   8  loss=8.1858  (9.3s)
  epoch   9  loss=8.1572  (9.2s)
  evaluating 94,762 users in batches of 512...
    [512/94,762  elapsed 0.1s]
    [5,632/94,762  elapsed 1.0s]
    [10,752/94,762  elapsed 1.9s]
    [15,872/94,762  elapsed 2.8s]
    [20,992/94,762  elapsed 3.7s]
    [26,112/94,762  elapsed 4.6s]
    [31,232/94,762  elapsed 5.5s]
    [36,352/94,762  elapsed 6.4s]
    [41,472/94,762  elapsed 7.3s]
    [46,592/94,762  elapsed 8.2s]
    [51,712/94,762  elapsed 9.2s]
    [56,832/94,762  elapsed 10.1s]
    [61,952/94,762  elapsed 11.0s]
    [67,072/94,762  elapsed 11.9s]
    [72,192/94,762  elapsed 12.8s]
    [77,312/94,762  elapsed 13.7s]
    [82,432/94,762  elapsed 14.6s]
    [87,552/94,762  elapsed 15.5s]
    [92,672/94,762  elapsed 16.3s]
  eval done in 16.7s
  by-popularity NDCG@10: tail=0.0029(n=8,646)  mid=0.0152(n=12,134)  head=0.0906(n=73,982)
  evaluating 94,762 users in batches of 512...
    [512/94,762  elapsed 0.1s]
    [5,632/94,762  elapsed 1.0s]
    [10,752/94,762  elapsed 1.9s]
    [15,872/94,762  elapsed 2.8s]
    [20,992/94,762  elapsed 3.7s]
    [26,112/94,762  elapsed 4.6s]
    [31,232/94,762  elapsed 5.5s]
    [36,352/94,762  elapsed 6.4s]
    [41,472/94,762  elapsed 7.3s]
    [46,592/94,762  elapsed 8.2s]
    [51,712/94,762  elapsed 9.1s]
    [56,832/94,762  elapsed 10.1s]
    [61,952/94,762  elapsed 11.0s]
    [67,072/94,762  elapsed 11.9s]
    [72,192/94,762  elapsed 12.7s]
    [77,312/94,762  elapsed 13.7s]
    [82,432/94,762  elapsed 14.6s]
    [87,552/94,762  elapsed 15.5s]
    [92,672/94,762  elapsed 16.4s]
  eval done in 16.7s
  by-popularity NDCG@10: tail=0.0025(n=10,900)  mid=0.0103(n=13,128)  head=0.0847(n=70,734)
  epoch  10  loss=8.1300  val_NDCG=0.0729  test_NDCG=0.0650  test_HR=0.1154  (9.4s)
  epoch  11  loss=8.1078  (11.2s)
  epoch  12  loss=8.0884  (11.7s)
  epoch  13  loss=8.0698  (9.6s)
  epoch  14  loss=8.0538  (9.3s)
  epoch  15  loss=8.0385  (9.3s)
  epoch  16  loss=8.0246  (9.4s)
  epoch  17  loss=8.0115  (9.5s)
  epoch  18  loss=7.9989  (9.5s)
  epoch  19  loss=7.9869  (9.5s)
  evaluating 94,762 users in batches of 512...
    [512/94,762  elapsed 0.1s]
    [5,632/94,762  elapsed 1.0s]
    [10,752/94,762  elapsed 1.9s]
    [15,872/94,762  elapsed 2.9s]
    [20,992/94,762  elapsed 3.8s]
    [26,112/94,762  elapsed 4.7s]
    [31,232/94,762  elapsed 5.6s]
    [36,352/94,762  elapsed 6.5s]
    [41,472/94,762  elapsed 7.4s]
    [46,592/94,762  elapsed 8.3s]
    [51,712/94,762  elapsed 9.2s]
    [56,832/94,762  elapsed 10.1s]
    [61,952/94,762  elapsed 10.9s]
    [67,072/94,762  elapsed 11.8s]
    [72,192/94,762  elapsed 12.7s]
    [77,312/94,762  elapsed 13.6s]
    [82,432/94,762  elapsed 14.6s]
    [87,552/94,762  elapsed 15.5s]
    [92,672/94,762  elapsed 16.4s]
  eval done in 16.7s
  by-popularity NDCG@10: tail=0.0053(n=8,646)  mid=0.0203(n=12,134)  head=0.0925(n=73,982)
  evaluating 94,762 users in batches of 512...
    [512/94,762  elapsed 0.1s]
    [5,632/94,762  elapsed 1.0s]
    [10,752/94,762  elapsed 2.0s]
    [15,872/94,762  elapsed 2.9s]
    [20,992/94,762  elapsed 3.8s]
    [26,112/94,762  elapsed 4.7s]
    [31,232/94,762  elapsed 5.6s]
    [36,352/94,762  elapsed 6.5s]
    [41,472/94,762  elapsed 7.4s]
    [46,592/94,762  elapsed 8.2s]
    [51,712/94,762  elapsed 9.1s]
    [56,832/94,762  elapsed 10.0s]
    [61,952/94,762  elapsed 11.0s]
    [67,072/94,762  elapsed 11.9s]
    [72,192/94,762  elapsed 12.8s]
    [77,312/94,762  elapsed 13.7s]
    [82,432/94,762  elapsed 14.6s]
    [87,552/94,762  elapsed 15.5s]
    [92,672/94,762  elapsed 16.4s]
  eval done in 16.8s
  by-popularity NDCG@10: tail=0.0042(n=10,900)  mid=0.0148(n=13,128)  head=0.0860(n=70,734)
  epoch  20  loss=7.9763  val_NDCG=0.0753  test_NDCG=0.0667  test_HR=0.1181  (9.2s)
  epoch  21  loss=7.9649  (11.3s)
  epoch  22  loss=7.9546  (10.2s)
  epoch  23  loss=7.9456  (9.4s)
  epoch  24  loss=7.9335  (9.2s)
  epoch  25  loss=7.9247  (9.5s)
  epoch  26  loss=7.9154  (9.3s)
  epoch  27  loss=7.9090  (9.2s)
  epoch  28  loss=7.9000  (9.4s)
  epoch  29  loss=7.8945  (9.3s)
  evaluating 94,762 users in batches of 512...
    [512/94,762  elapsed 0.1s]
    [5,632/94,762  elapsed 1.0s]
    [10,752/94,762  elapsed 1.9s]
    [15,872/94,762  elapsed 2.8s]
    [20,992/94,762  elapsed 3.6s]
    [26,112/94,762  elapsed 4.6s]
    [31,232/94,762  elapsed 5.5s]
    [36,352/94,762  elapsed 6.4s]
    [41,472/94,762  elapsed 7.3s]
    [46,592/94,762  elapsed 8.2s]
    [51,712/94,762  elapsed 9.1s]
    [56,832/94,762  elapsed 10.0s]
    [61,952/94,762  elapsed 10.9s]
    [67,072/94,762  elapsed 11.8s]
    [72,192/94,762  elapsed 12.7s]
    [77,312/94,762  elapsed 13.6s]
    [82,432/94,762  elapsed 14.4s]
    [87,552/94,762  elapsed 15.3s]
    [92,672/94,762  elapsed 16.2s]
  eval done in 16.6s
  by-popularity NDCG@10: tail=0.0059(n=8,646)  mid=0.0218(n=12,134)  head=0.0936(n=73,982)
  evaluating 94,762 users in batches of 512...
    [512/94,762  elapsed 0.1s]
    [5,632/94,762  elapsed 1.0s]
    [10,752/94,762  elapsed 1.9s]
    [15,872/94,762  elapsed 2.9s]
    [20,992/94,762  elapsed 3.8s]
    [26,112/94,762  elapsed 4.7s]
    [31,232/94,762  elapsed 5.6s]
    [36,352/94,762  elapsed 6.5s]
    [41,472/94,762  elapsed 7.5s]
    [46,592/94,762  elapsed 8.4s]
    [51,712/94,762  elapsed 9.3s]
    [56,832/94,762  elapsed 10.2s]
    [61,952/94,762  elapsed 11.2s]
    [67,072/94,762  elapsed 12.1s]
    [72,192/94,762  elapsed 13.1s]
    [77,312/94,762  elapsed 14.2s]
    [82,432/94,762  elapsed 15.2s]
    [87,552/94,762  elapsed 16.1s]
    [92,672/94,762  elapsed 17.2s]
  eval done in 17.5s
  by-popularity NDCG@10: tail=0.0048(n=10,900)  mid=0.0166(n=13,128)  head=0.0859(n=70,734)
  epoch  30  loss=7.8874  val_NDCG=0.0764  test_NDCG=0.0670  test_HR=0.1186  (9.2s)
  epoch  31  loss=7.8801  (11.5s)
  epoch  32  loss=7.8754  (9.3s)
  epoch  33  loss=7.8695  (9.2s)
  epoch  34  loss=7.8647  (9.3s)
  epoch  35  loss=7.8617  (9.1s)
  epoch  36  loss=7.8585  (9.2s)
  epoch  37  loss=7.8545  (9.4s)
  epoch  38  loss=7.8545  (9.1s)
  epoch  39  loss=7.8536  (9.2s)
  evaluating 94,762 users in batches of 512...
    [512/94,762  elapsed 0.1s]
    [5,632/94,762  elapsed 1.7s]
    [10,752/94,762  elapsed 3.5s]
    [15,872/94,762  elapsed 5.1s]
    [20,992/94,762  elapsed 6.9s]
    [26,112/94,762  elapsed 8.8s]
    [31,232/94,762  elapsed 10.5s]
    [36,352/94,762  elapsed 12.3s]
    [41,472/94,762  elapsed 14.2s]
    [46,592/94,762  elapsed 16.0s]
    [51,712/94,762  elapsed 17.9s]
    [56,832/94,762  elapsed 19.6s]
    [61,952/94,762  elapsed 21.4s]
    [67,072/94,762  elapsed 23.3s]
    [72,192/94,762  elapsed 25.2s]
    [77,312/94,762  elapsed 26.9s]
    [82,432/94,762  elapsed 28.6s]
    [87,552/94,762  elapsed 29.9s]
    [92,672/94,762  elapsed 31.0s]
  eval done in 31.4s
  by-popularity NDCG@10: tail=0.0060(n=8,646)  mid=0.0220(n=12,134)  head=0.0936(n=73,982)
  evaluating 94,762 users in batches of 512...
    [512/94,762  elapsed 0.1s]
    [5,632/94,762  elapsed 1.3s]
    [10,752/94,762  elapsed 2.4s]
    [15,872/94,762  elapsed 3.4s]
    [20,992/94,762  elapsed 4.4s]
    [26,112/94,762  elapsed 5.3s]
    [31,232/94,762  elapsed 6.3s]
    [36,352/94,762  elapsed 7.4s]
    [41,472/94,762  elapsed 8.4s]
    [46,592/94,762  elapsed 9.3s]
    [51,712/94,762  elapsed 10.3s]
    [56,832/94,762  elapsed 11.3s]
    [61,952/94,762  elapsed 12.2s]
    [67,072/94,762  elapsed 13.2s]
    [72,192/94,762  elapsed 14.2s]
    [77,312/94,762  elapsed 15.2s]
    [82,432/94,762  elapsed 16.1s]
    [87,552/94,762  elapsed 17.2s]
    [92,672/94,762  elapsed 18.4s]
  eval done in 18.8s
  by-popularity NDCG@10: tail=0.0048(n=10,900)  mid=0.0167(n=13,128)  head=0.0860(n=70,734)
  epoch  40  loss=7.8516  val_NDCG=0.0764  test_NDCG=0.0671  test_HR=0.1185  (9.7s)

=== Best by val NDCG@10 ===
  val_NDCG=0.0764
  test: {'NDCG@10': 0.06708858884757071, 'HR@10': 0.11847576032586903, 'MRR': 0.06000467218384547, 'n_eval': 94762, 'by_popularity': {'tail': {'NDCG@10': 0.004812030484216752, 'HR@10': 0.00944954128440367, 'n': 10900, 'n_hit@10': 103, 'HR@20': 0.01577981651376147, 'n_hit@20': 172, 'HR@50': 0.034403669724770644, 'n_hit@50': 375, 'HR@100': 0.05743119266055046, 'n_hit@100': 626}, 'mid': {'NDCG@10': 0.016692338363362882, 'HR@10': 0.03145947592931139, 'n': 13128, 'n_hit@10': 413, 'HR@20': 0.049664838513101765, 'n_hit@20': 652, 'HR@50': 0.09361669713589275, 'n_hit@50': 1229, 'HR@100': 0.14076782449725778, 'n_hit@100': 1848}, 'head': {'NDCG@10': 0.08603869010746325, 'HR@10': 0.15142647100404333, 'n': 70734, 'n_hit@10': 10711, 'HR@20': 0.21443718720841462, 'n_hit@20': 15168, 'HR@50': 0.316000791698476, 'n_hit@50': 22352, 'HR@100': 0.40983119857494277, 'n_hit@100': 28989}}}
wrote C:\Users\rayxc\Documents\R\_bestrec_run\results_VG_COLDFUSE_base_seed20260738.users.jsonl.gz (94,762 per-user records, best epoch 40, sha256 8bfbd0e168d1…)

wrote C:\Users\rayxc\Documents\R\_bestrec_run\results_VG_COLDFUSE_base_seed20260738.json
[run] results_VG_COLDFUSE_base_seed20260738.fusion.json
=== fusion eval: Video_Games  ckpt=results_VG_COLDFUSE_base_seed20260738.best.pt ===
  n_users=94,762 n_items=25,612
  ckpt from epoch 40 (val NDCG@10 0.07642)

--- EASE l2=50.0: fit + VAL sweep ---
  EASE l2=50.0: inverted 25612x25612 in 74.5s
    [512/94,762 elapsed 0.4s]
    [10,752/94,762 elapsed 3.6s]
    [20,992/94,762 elapsed 7.0s]
    [31,232/94,762 elapsed 10.2s]
    [41,472/94,762 elapsed 13.5s]
    [51,712/94,762 elapsed 16.8s]
    [61,952/94,762 elapsed 20.1s]
    [72,192/94,762 elapsed 23.4s]
    [82,432/94,762 elapsed 26.7s]
    [92,672/94,762 elapsed 30.0s]
  VAL seq NDCG@10=0.07642  ease=0.05496
    w=0.01: val fused NDCG@10=0.07828
    w=0.02: val fused NDCG@10=0.07932
    w=0.03: val fused NDCG@10=0.07956
    w=0.04: val fused NDCG@10=0.07930
    w=0.05: val fused NDCG@10=0.07893
    w=0.06: val fused NDCG@10=0.07818
    w=0.075: val fused NDCG@10=0.07723
    w=0.1: val fused NDCG@10=0.07536

--- EASE l2=100.0: fit + VAL sweep ---
  EASE l2=100.0: inverted 25612x25612 in 74.9s
    [512/94,762 elapsed 0.3s]
    [10,752/94,762 elapsed 4.7s]
    [20,992/94,762 elapsed 8.7s]
    [31,232/94,762 elapsed 12.1s]
    [41,472/94,762 elapsed 16.3s]
    [51,712/94,762 elapsed 20.7s]
    [61,952/94,762 elapsed 24.8s]
    [72,192/94,762 elapsed 28.2s]
    [82,432/94,762 elapsed 32.7s]
    [92,672/94,762 elapsed 37.2s]
  VAL seq NDCG@10=0.07642  ease=0.05493
    w=0.01: val fused NDCG@10=0.07828
    w=0.02: val fused NDCG@10=0.07913
    w=0.03: val fused NDCG@10=0.07925
    w=0.04: val fused NDCG@10=0.07904
    w=0.05: val fused NDCG@10=0.07868
    w=0.06: val fused NDCG@10=0.07803
    w=0.075: val fused NDCG@10=0.07696
    w=0.1: val fused NDCG@10=0.07482

--- EASE l2=200.0: fit + VAL sweep ---
  EASE l2=200.0: inverted 25612x25612 in 84.4s
    [512/94,762 elapsed 0.2s]
    [10,752/94,762 elapsed 3.6s]
    [20,992/94,762 elapsed 6.9s]
    [31,232/94,762 elapsed 10.1s]
    [41,472/94,762 elapsed 13.3s]
    [51,712/94,762 elapsed 16.7s]
    [61,952/94,762 elapsed 20.0s]
    [72,192/94,762 elapsed 23.3s]
    [82,432/94,762 elapsed 26.5s]
    [92,672/94,762 elapsed 29.8s]
  VAL seq NDCG@10=0.07642  ease=0.05414
    w=0.01: val fused NDCG@10=0.07821
    w=0.02: val fused NDCG@10=0.07885
    w=0.03: val fused NDCG@10=0.07898
    w=0.04: val fused NDCG@10=0.07866
    w=0.05: val fused NDCG@10=0.07816
    w=0.06: val fused NDCG@10=0.07750
    w=0.075: val fused NDCG@10=0.07616
    w=0.1: val fused NDCG@10=0.07405

--- EASE l2=500.0: fit + VAL sweep ---
  EASE l2=500.0: inverted 25612x25612 in 77.0s
    [512/94,762 elapsed 0.2s]
    [10,752/94,762 elapsed 3.6s]
    [20,992/94,762 elapsed 7.0s]
    [31,232/94,762 elapsed 10.2s]
    [41,472/94,762 elapsed 13.5s]
    [51,712/94,762 elapsed 17.9s]
    [61,952/94,762 elapsed 22.1s]
    [72,192/94,762 elapsed 26.5s]
    [82,432/94,762 elapsed 30.7s]
    [92,672/94,762 elapsed 35.2s]
  VAL seq NDCG@10=0.07642  ease=0.05247
    w=0.01: val fused NDCG@10=0.07786
    w=0.02: val fused NDCG@10=0.07837
    w=0.03: val fused NDCG@10=0.07821
    w=0.04: val fused NDCG@10=0.07790
    w=0.05: val fused NDCG@10=0.07728
    w=0.06: val fused NDCG@10=0.07643
    w=0.075: val fused NDCG@10=0.07497
    w=0.1: val fused NDCG@10=0.07242

=== selected on VAL: l2=50.0, w=0.03 (val fused NDCG@10=0.07956) ===
  EASE l2=50.0: inverted 25612x25612 in 70.3s
    [512/94,762 elapsed 0.2s]
    [10,752/94,762 elapsed 3.2s]
    [20,992/94,762 elapsed 6.2s]
    [31,232/94,762 elapsed 9.2s]
    [41,472/94,762 elapsed 12.2s]
    [51,712/94,762 elapsed 15.2s]
    [61,952/94,762 elapsed 18.1s]
    [72,192/94,762 elapsed 21.5s]
    [82,432/94,762 elapsed 25.1s]
    [92,672/94,762 elapsed 28.0s]

TEST seq-only  NDCG@10=0.06709 HR@10=0.11848 MRR=0.06000
TEST ease-only NDCG@10=0.04774 HR@10=0.08379
TEST FUSED (w=0.03) NDCG@10=0.07039 HR@10=0.12353 MRR=0.06268
wrote C:\Users\rayxc\Documents\R\_bestrec_run\results_VG_COLDFUSE_base_seed20260738.fusion.json
[run] results_Video_Games_COLDFUSE_confirm_seed20260738.json
=== COLDFUSE confirm: Video_Games seed 20260738 (ease=yes) ===
  EASE l2=50.0: inverted 25612x25612 in 77.3s
  [val] streaming sweep: 41 systems ...
    [512/94,762 1s]
    [20,992/94,762 12s]
    [41,472/94,762 24s]
    [61,952/94,762 35s]
    [82,432/94,762 47s]
  VAL ref overall 0.07956 tail 0.00479 | selected {'profile': 'exp0.9', 'wt_tail': 0.2, 'wt_mid': 0.0, 'wt_head': 0.0} val tail 0.00862
  [test] reference + selected ...
    [512/94,762 0s]
    [20,992/94,762 8s]
    [41,472/94,762 16s]
    [61,952/94,762 24s]
    [82,432/94,762 31s]
  TEST ref 0.07039 (tail 0.00457) -> sel 0.07038 (tail 0.00772)
wrote C:\Users\rayxc\Documents\R\_bestrec_run\results_Video_Games_COLDFUSE_confirm_seed20260738.json
[run] results_VG_COLDFUSE_base_seed20260739.json
  random seed set to 20260739
=== Video_Games: load splits ===
  n_users=94,762  n_items=25,612  pad_id=25612
  built sequences for 94,762 users
  built timestamp sequences (12 time buckets)
  loading SBERT embeddings from C:\Users\rayxc\Documents\R\cache_5core\sbert_titles_Video_Games.npy...
  TAPE: k-means 25,612 text embeddings into K=512 prototypes (tau=0.05)...
  TAPE: K=512 mean max-assignment weight = 0.513 (1.0 = hard clustering)

=== Build SASRec-SBERT (d=64, layers=4, heads=2) ===
  total params: 11,644,735  device=cuda
  94,762 training examples / 371 batches per epoch
  init_state_sha256 = 1dcc79d0eed671d1dd8bbc8c4d594fb54c94023604ec00dee311e2b6d32922ff
  LR schedule: warmup_cosine (742 warmup + 14098 cosine steps)

=== Train for 40 epochs ===
  epoch   1  loss=9.5416  (12.3s)
  epoch   2  loss=8.7731  (12.0s)
  epoch   3  loss=8.5277  (11.0s)
  epoch   4  loss=8.3976  (10.1s)
  epoch   5  loss=8.3190  (10.1s)
  epoch   6  loss=8.2651  (9.9s)
  epoch   7  loss=8.2220  (10.0s)
  epoch   8  loss=8.1869  (9.9s)
  epoch   9  loss=8.1570  (10.0s)
  evaluating 94,762 users in batches of 512...
    [512/94,762  elapsed 0.1s]
    [5,632/94,762  elapsed 1.3s]
    [10,752/94,762  elapsed 2.4s]
    [15,872/94,762  elapsed 3.6s]
    [20,992/94,762  elapsed 4.9s]
    [26,112/94,762  elapsed 6.4s]
    [31,232/94,762  elapsed 7.8s]
    [36,352/94,762  elapsed 9.4s]
    [41,472/94,762  elapsed 10.7s]
    [46,592/94,762  elapsed 11.9s]
    [51,712/94,762  elapsed 13.0s]
    [56,832/94,762  elapsed 14.1s]
    [61,952/94,762  elapsed 15.3s]
    [67,072/94,762  elapsed 16.4s]
    [72,192/94,762  elapsed 17.7s]
    [77,312/94,762  elapsed 18.8s]
    [82,432/94,762  elapsed 20.0s]
    [87,552/94,762  elapsed 21.2s]
    [92,672/94,762  elapsed 22.6s]
  eval done in 23.0s
  by-popularity NDCG@10: tail=0.0029(n=8,646)  mid=0.0144(n=12,134)  head=0.0898(n=73,982)
  evaluating 94,762 users in batches of 512...
    [512/94,762  elapsed 0.1s]
    [5,632/94,762  elapsed 1.3s]
    [10,752/94,762  elapsed 2.5s]
    [15,872/94,762  elapsed 3.7s]
    [20,992/94,762  elapsed 4.8s]
    [26,112/94,762  elapsed 6.0s]
    [31,232/94,762  elapsed 7.2s]
    [36,352/94,762  elapsed 8.3s]
    [41,472/94,762  elapsed 9.5s]
    [46,592/94,762  elapsed 10.6s]
    [51,712/94,762  elapsed 11.7s]
    [56,832/94,762  elapsed 13.0s]
    [61,952/94,762  elapsed 14.2s]
    [67,072/94,762  elapsed 15.4s]
    [72,192/94,762  elapsed 16.7s]
    [77,312/94,762  elapsed 17.8s]
    [82,432/94,762  elapsed 19.0s]
    [87,552/94,762  elapsed 20.2s]
    [92,672/94,762  elapsed 21.4s]
  eval done in 21.8s
  by-popularity NDCG@10: tail=0.0022(n=10,900)  mid=0.0107(n=13,128)  head=0.0828(n=70,734)
  epoch  10  loss=8.1316  val_NDCG=0.0722  test_NDCG=0.0636  test_HR=0.1141  (10.1s)
  epoch  11  loss=8.1108  (11.7s)
  epoch  12  loss=8.0895  (11.6s)
  epoch  13  loss=8.0710  (10.2s)
  epoch  14  loss=8.0552  (10.0s)
  epoch  15  loss=8.0414  (10.0s)
  epoch  16  loss=8.0264  (10.0s)
  epoch  17  loss=8.0128  (10.0s)
  epoch  18  loss=8.0011  (10.9s)
  epoch  19  loss=7.9887  (12.1s)
  evaluating 94,762 users in batches of 512...
    [512/94,762  elapsed 0.1s]
    [5,632/94,762  elapsed 1.9s]
    [10,752/94,762  elapsed 3.7s]
    [15,872/94,762  elapsed 5.2s]
    [20,992/94,762  elapsed 6.4s]
    [26,112/94,762  elapsed 7.7s]
    [31,232/94,762  elapsed 8.9s]
    [36,352/94,762  elapsed 10.1s]
    [41,472/94,762  elapsed 11.2s]
    [46,592/94,762  elapsed 12.4s]
    [51,712/94,762  elapsed 13.5s]
    [56,832/94,762  elapsed 14.8s]
    [61,952/94,762  elapsed 16.0s]
    [67,072/94,762  elapsed 17.2s]
    [72,192/94,762  elapsed 18.3s]
    [77,312/94,762  elapsed 19.3s]
    [82,432/94,762  elapsed 20.4s]
    [87,552/94,762  elapsed 21.6s]
    [92,672/94,762  elapsed 23.0s]
  eval done in 23.5s
  by-popularity NDCG@10: tail=0.0052(n=8,646)  mid=0.0196(n=12,134)  head=0.0931(n=73,982)
  evaluating 94,762 users in batches of 512...
    [512/94,762  elapsed 0.1s]
    [5,632/94,762  elapsed 1.6s]
    [10,752/94,762  elapsed 2.6s]
    [15,872/94,762  elapsed 3.6s]
    [20,992/94,762  elapsed 4.7s]
    [26,112/94,762  elapsed 5.7s]
    [31,232/94,762  elapsed 6.7s]
    [36,352/94,762  elapsed 7.6s]
    [41,472/94,762  elapsed 8.6s]
    [46,592/94,762  elapsed 9.6s]
    [51,712/94,762  elapsed 10.6s]
    [56,832/94,762  elapsed 11.6s]
    [61,952/94,762  elapsed 12.6s]
    [67,072/94,762  elapsed 13.7s]
    [72,192/94,762  elapsed 14.6s]
    [77,312/94,762  elapsed 15.6s]
    [82,432/94,762  elapsed 16.6s]
    [87,552/94,762  elapsed 17.6s]
    [92,672/94,762  elapsed 18.6s]
  eval done in 19.0s
  by-popularity NDCG@10: tail=0.0040(n=10,900)  mid=0.0142(n=13,128)  head=0.0862(n=70,734)
  epoch  20  loss=7.9776  val_NDCG=0.0757  test_NDCG=0.0668  test_HR=0.1184  (12.1s)
  epoch  21  loss=7.9662  (11.7s)
  epoch  22  loss=7.9570  (9.8s)
  epoch  23  loss=7.9458  (9.6s)
  epoch  24  loss=7.9386  (9.7s)
  epoch  25  loss=7.9277  (9.7s)
  epoch  26  loss=7.9190  (9.5s)
  epoch  27  loss=7.9089  (9.7s)
  epoch  28  loss=7.9004  (9.6s)
  epoch  29  loss=7.8942  (9.7s)
  evaluating 94,762 users in batches of 512...
    [512/94,762  elapsed 0.1s]
    [5,632/94,762  elapsed 1.1s]
    [10,752/94,762  elapsed 2.0s]
    [15,872/94,762  elapsed 3.0s]
    [20,992/94,762  elapsed 4.0s]
    [26,112/94,762  elapsed 4.9s]
    [31,232/94,762  elapsed 5.9s]
    [36,352/94,762  elapsed 6.9s]
    [41,472/94,762  elapsed 7.9s]
    [46,592/94,762  elapsed 8.9s]
    [51,712/94,762  elapsed 9.9s]
    [56,832/94,762  elapsed 11.0s]
    [61,952/94,762  elapsed 11.9s]
    [67,072/94,762  elapsed 12.9s]
    [72,192/94,762  elapsed 13.9s]
    [77,312/94,762  elapsed 14.9s]
    [82,432/94,762  elapsed 16.1s]
    [87,552/94,762  elapsed 17.4s]
    [92,672/94,762  elapsed 18.7s]
  eval done in 19.1s
  by-popularity NDCG@10: tail=0.0068(n=8,646)  mid=0.0213(n=12,134)  head=0.0937(n=73,982)
  evaluating 94,762 users in batches of 512...
    [512/94,762  elapsed 0.1s]
    [5,632/94,762  elapsed 1.3s]
    [10,752/94,762  elapsed 2.3s]
    [15,872/94,762  elapsed 3.5s]
    [20,992/94,762  elapsed 4.4s]
    [26,112/94,762  elapsed 5.5s]
    [31,232/94,762  elapsed 6.5s]
    [36,352/94,762  elapsed 7.6s]
    [41,472/94,762  elapsed 8.7s]
    [46,592/94,762  elapsed 9.7s]
    [51,712/94,762  elapsed 10.7s]
    [56,832/94,762  elapsed 11.7s]
    [61,952/94,762  elapsed 12.6s]
    [67,072/94,762  elapsed 13.7s]
    [72,192/94,762  elapsed 14.6s]
    [77,312/94,762  elapsed 15.7s]
    [82,432/94,762  elapsed 16.7s]
    [87,552/94,762  elapsed 17.7s]
    [92,672/94,762  elapsed 18.7s]
  eval done in 19.1s
  by-popularity NDCG@10: tail=0.0052(n=10,900)  mid=0.0158(n=13,128)  head=0.0865(n=70,734)
  epoch  30  loss=7.8888  val_NDCG=0.0765  test_NDCG=0.0673  test_HR=0.1190  (9.7s)
  epoch  31  loss=7.8797  (11.6s)
  epoch  32  loss=7.8754  (11.7s)
  epoch  33  loss=7.8710  (11.8s)
  epoch  34  loss=7.8673  (9.8s)
  epoch  35  loss=7.8632  (9.6s)
  epoch  36  loss=7.8583  (9.6s)
  epoch  37  loss=7.8560  (9.8s)
  epoch  38  loss=7.8533  (9.6s)
  epoch  39  loss=7.8529  (9.6s)
  evaluating 94,762 users in batches of 512...
    [512/94,762  elapsed 0.1s]
    [5,632/94,762  elapsed 1.2s]
    [10,752/94,762  elapsed 2.3s]
    [15,872/94,762  elapsed 3.3s]
    [20,992/94,762  elapsed 4.3s]
    [26,112/94,762  elapsed 5.5s]
    [31,232/94,762  elapsed 6.6s]
    [36,352/94,762  elapsed 7.6s]
    [41,472/94,762  elapsed 8.6s]
    [46,592/94,762  elapsed 9.6s]
    [51,712/94,762  elapsed 10.7s]
    [56,832/94,762  elapsed 11.7s]
    [61,952/94,762  elapsed 12.7s]
    [67,072/94,762  elapsed 13.7s]
    [72,192/94,762  elapsed 14.7s]
    [77,312/94,762  elapsed 15.8s]
    [82,432/94,762  elapsed 16.9s]
    [87,552/94,762  elapsed 17.9s]
    [92,672/94,762  elapsed 19.0s]
  eval done in 19.4s
  by-popularity NDCG@10: tail=0.0070(n=8,646)  mid=0.0213(n=12,134)  head=0.0939(n=73,982)
  evaluating 94,762 users in batches of 512...
    [512/94,762  elapsed 0.1s]
    [5,632/94,762  elapsed 1.1s]
    [10,752/94,762  elapsed 2.2s]
    [15,872/94,762  elapsed 3.3s]
    [20,992/94,762  elapsed 4.3s]
    [26,112/94,762  elapsed 5.3s]
    [31,232/94,762  elapsed 6.4s]
    [36,352/94,762  elapsed 7.5s]
    [41,472/94,762  elapsed 8.5s]
    [46,592/94,762  elapsed 9.6s]
    [51,712/94,762  elapsed 10.6s]
    [56,832/94,762  elapsed 11.7s]
    [61,952/94,762  elapsed 12.9s]
    [67,072/94,762  elapsed 13.8s]
    [72,192/94,762  elapsed 14.9s]
    [77,312/94,762  elapsed 16.0s]
    [82,432/94,762  elapsed 17.0s]
    [87,552/94,762  elapsed 18.1s]
    [92,672/94,762  elapsed 19.1s]
  eval done in 19.5s
  by-popularity NDCG@10: tail=0.0052(n=10,900)  mid=0.0159(n=13,128)  head=0.0869(n=70,734)
  epoch  40  loss=7.8525  val_NDCG=0.0767  test_NDCG=0.0676  test_HR=0.1191  (9.6s)

=== Best by val NDCG@10 ===
  val_NDCG=0.0767
  test: {'NDCG@10': 0.06763244253109933, 'HR@10': 0.11914058377830776, 'MRR': 0.06050567751706852, 'n_eval': 94762, 'by_popularity': {'tail': {'NDCG@10': 0.005169393500968024, 'HR@10': 0.01018348623853211, 'n': 10900, 'n_hit@10': 111, 'HR@20': 0.018256880733944953, 'n_hit@20': 199, 'HR@50': 0.03605504587155963, 'n_hit@50': 393, 'HR@100': 0.06018348623853211, 'n_hit@100': 656}, 'mid': {'NDCG@10': 0.01586919698229979, 'HR@10': 0.03016453382084095, 'n': 13128, 'n_hit@10': 396, 'HR@20': 0.048979280926264475, 'n_hit@20': 643, 'HR@50': 0.08874162096282755, 'n_hit@50': 1165, 'HR@100': 0.13939670932358317, 'n_hit@100': 1830}, 'head': {'NDCG@10': 0.08686499154561954, 'HR@10': 0.15244436904458958, 'n': 70734, 'n_hit@10': 10783, 'HR@20': 0.21446546215398535, 'n_hit@20': 15170, 'HR@50': 0.3184748494359148, 'n_hit@50': 22527, 'HR@100': 0.4111318460711963, 'n_hit@100': 29081}}}
wrote C:\Users\rayxc\Documents\R\_bestrec_run\results_VG_COLDFUSE_base_seed20260739.users.jsonl.gz (94,762 per-user records, best epoch 40, sha256 1e1fc591f1e7…)

wrote C:\Users\rayxc\Documents\R\_bestrec_run\results_VG_COLDFUSE_base_seed20260739.json
[run] results_VG_COLDFUSE_base_seed20260739.fusion.json
=== fusion eval: Video_Games  ckpt=results_VG_COLDFUSE_base_seed20260739.best.pt ===
  n_users=94,762 n_items=25,612
  ckpt from epoch 40 (val NDCG@10 0.07667)

--- EASE l2=50.0: fit + VAL sweep ---
  EASE l2=50.0: inverted 25612x25612 in 69.8s
    [512/94,762 elapsed 0.3s]
    [10,752/94,762 elapsed 3.3s]
    [20,992/94,762 elapsed 6.3s]
    [31,232/94,762 elapsed 9.1s]
    [41,472/94,762 elapsed 12.1s]
    [51,712/94,762 elapsed 14.9s]
    [61,952/94,762 elapsed 17.9s]
    [72,192/94,762 elapsed 20.8s]
    [82,432/94,762 elapsed 23.7s]
    [92,672/94,762 elapsed 26.6s]
  VAL seq NDCG@10=0.07667  ease=0.05496
    w=0.01: val fused NDCG@10=0.07876
    w=0.02: val fused NDCG@10=0.07953
    w=0.03: val fused NDCG@10=0.07974
    w=0.04: val fused NDCG@10=0.07947
    w=0.05: val fused NDCG@10=0.07910
    w=0.06: val fused NDCG@10=0.07845
    w=0.075: val fused NDCG@10=0.07733
    w=0.1: val fused NDCG@10=0.07529

--- EASE l2=100.0: fit + VAL sweep ---
  EASE l2=100.0: inverted 25612x25612 in 67.9s
    [512/94,762 elapsed 0.2s]
    [10,752/94,762 elapsed 3.1s]
    [20,992/94,762 elapsed 6.0s]
    [31,232/94,762 elapsed 8.9s]
    [41,472/94,762 elapsed 11.9s]
    [51,712/94,762 elapsed 14.8s]
    [61,952/94,762 elapsed 17.7s]
    [72,192/94,762 elapsed 20.8s]
    [82,432/94,762 elapsed 23.7s]
    [92,672/94,762 elapsed 26.6s]
  VAL seq NDCG@10=0.07667  ease=0.05493
    w=0.01: val fused NDCG@10=0.07869
    w=0.02: val fused NDCG@10=0.07936
    w=0.03: val fused NDCG@10=0.07944
    w=0.04: val fused NDCG@10=0.07922
    w=0.05: val fused NDCG@10=0.07870
    w=0.06: val fused NDCG@10=0.07801
    w=0.075: val fused NDCG@10=0.07682
    w=0.1: val fused NDCG@10=0.07489

--- EASE l2=200.0: fit + VAL sweep ---
  EASE l2=200.0: inverted 25612x25612 in 66.5s
    [512/94,762 elapsed 0.2s]
    [10,752/94,762 elapsed 2.9s]
    [20,992/94,762 elapsed 5.7s]
    [31,232/94,762 elapsed 8.6s]
    [41,472/94,762 elapsed 11.4s]
    [51,712/94,762 elapsed 14.2s]
    [61,952/94,762 elapsed 17.0s]
    [72,192/94,762 elapsed 19.8s]
    [82,432/94,762 elapsed 22.6s]
    [92,672/94,762 elapsed 25.4s]
  VAL seq NDCG@10=0.07667  ease=0.05414
    w=0.01: val fused NDCG@10=0.07863
    w=0.02: val fused NDCG@10=0.07901
    w=0.03: val fused NDCG@10=0.07893
    w=0.04: val fused NDCG@10=0.07882
    w=0.05: val fused NDCG@10=0.07810
    w=0.06: val fused NDCG@10=0.07738
    w=0.075: val fused NDCG@10=0.07618
    w=0.1: val fused NDCG@10=0.07417

--- EASE l2=500.0: fit + VAL sweep ---
  EASE l2=500.0: inverted 25612x25612 in 65.7s
    [512/94,762 elapsed 0.2s]
    [10,752/94,762 elapsed 3.0s]
    [20,992/94,762 elapsed 5.7s]
    [31,232/94,762 elapsed 8.4s]
    [41,472/94,762 elapsed 11.1s]
    [51,712/94,762 elapsed 13.8s]
    [61,952/94,762 elapsed 16.5s]
    [72,192/94,762 elapsed 19.2s]
    [82,432/94,762 elapsed 21.8s]
    [92,672/94,762 elapsed 24.5s]
  VAL seq NDCG@10=0.07667  ease=0.05247
    w=0.01: val fused NDCG@10=0.07845
    w=0.02: val fused NDCG@10=0.07867
    w=0.03: val fused NDCG@10=0.07844
    w=0.04: val fused NDCG@10=0.07800
    w=0.05: val fused NDCG@10=0.07728
    w=0.06: val fused NDCG@10=0.07637
    w=0.075: val fused NDCG@10=0.07506
    w=0.1: val fused NDCG@10=0.07265

=== selected on VAL: l2=50.0, w=0.03 (val fused NDCG@10=0.07974) ===
  EASE l2=50.0: inverted 25612x25612 in 66.7s
    [512/94,762 elapsed 0.1s]
    [10,752/94,762 elapsed 2.6s]
    [20,992/94,762 elapsed 5.1s]
    [31,232/94,762 elapsed 7.5s]
    [41,472/94,762 elapsed 10.0s]
    [51,712/94,762 elapsed 12.5s]
    [61,952/94,762 elapsed 14.9s]
    [72,192/94,762 elapsed 17.4s]
    [82,432/94,762 elapsed 20.0s]
    [92,672/94,762 elapsed 22.4s]

TEST seq-only  NDCG@10=0.06763 HR@10=0.11914 MRR=0.06051
TEST ease-only NDCG@10=0.04774 HR@10=0.08379
TEST FUSED (w=0.03) NDCG@10=0.07031 HR@10=0.12337 MRR=0.06271
wrote C:\Users\rayxc\Documents\R\_bestrec_run\results_VG_COLDFUSE_base_seed20260739.fusion.json
[run] results_Video_Games_COLDFUSE_confirm_seed20260739.json
=== COLDFUSE confirm: Video_Games seed 20260739 (ease=yes) ===
  EASE l2=50.0: inverted 25612x25612 in 81.1s
  [val] streaming sweep: 41 systems ...
    [512/94,762 1s]
    [20,992/94,762 15s]
    [41,472/94,762 25s]
    [61,952/94,762 35s]
    [82,432/94,762 46s]
  VAL ref overall 0.07974 tail 0.00591 | selected {'profile': 'exp0.9', 'wt_tail': 0.2, 'wt_mid': 0.0, 'wt_head': 0.0} val tail 0.01012
  [test] reference + selected ...
    [512/94,762 0s]
    [20,992/94,762 7s]
    [41,472/94,762 14s]
    [61,952/94,762 21s]
    [82,432/94,762 28s]
  TEST ref 0.07031 (tail 0.00475) -> sel 0.07036 (tail 0.00802)
wrote C:\Users\rayxc\Documents\R\_bestrec_run\results_Video_Games_COLDFUSE_confirm_seed20260739.json
[run] results_VG_COLDFUSE_base_seed20260740.json
  random seed set to 20260740
=== Video_Games: load splits ===
  n_users=94,762  n_items=25,612  pad_id=25612
  built sequences for 94,762 users
  built timestamp sequences (12 time buckets)
  loading SBERT embeddings from C:\Users\rayxc\Documents\R\cache_5core\sbert_titles_Video_Games.npy...
  TAPE: k-means 25,612 text embeddings into K=512 prototypes (tau=0.05)...
  TAPE: K=512 mean max-assignment weight = 0.504 (1.0 = hard clustering)

=== Build SASRec-SBERT (d=64, layers=4, heads=2) ===
  total params: 11,644,735  device=cuda
  94,762 training examples / 371 batches per epoch
  init_state_sha256 = 2ee9e41fb7a262e8b1deeb12f9e77c915ab871acefc50f0c26d9c68d79aa7bc9
  LR schedule: warmup_cosine (742 warmup + 14098 cosine steps)

=== Train for 40 epochs ===
  epoch   1  loss=9.5362  (11.9s)
  epoch   2  loss=8.7721  (11.5s)
  epoch   3  loss=8.5298  (9.2s)
  epoch   4  loss=8.4021  (9.3s)
  epoch   5  loss=8.3226  (9.3s)
  epoch   6  loss=8.2675  (9.2s)
  epoch   7  loss=8.2238  (10.5s)
  epoch   8  loss=8.1877  (11.6s)
  epoch   9  loss=8.1583  (11.6s)
  evaluating 94,762 users in batches of 512...
    [512/94,762  elapsed 0.1s]
    [5,632/94,762  elapsed 1.0s]
    [10,752/94,762  elapsed 1.9s]
    [15,872/94,762  elapsed 2.8s]
    [20,992/94,762  elapsed 3.7s]
    [26,112/94,762  elapsed 4.6s]
    [31,232/94,762  elapsed 5.5s]
    [36,352/94,762  elapsed 6.4s]
    [41,472/94,762  elapsed 7.4s]
    [46,592/94,762  elapsed 8.3s]
    [51,712/94,762  elapsed 9.2s]
    [56,832/94,762  elapsed 10.1s]
    [61,952/94,762  elapsed 10.9s]
    [67,072/94,762  elapsed 11.8s]
    [72,192/94,762  elapsed 12.8s]
    [77,312/94,762  elapsed 13.6s]
    [82,432/94,762  elapsed 14.5s]
    [87,552/94,762  elapsed 15.4s]
    [92,672/94,762  elapsed 16.3s]
  eval done in 16.7s
  by-popularity NDCG@10: tail=0.0030(n=8,646)  mid=0.0139(n=12,134)  head=0.0905(n=73,982)
  evaluating 94,762 users in batches of 512...
    [512/94,762  elapsed 0.1s]
    [5,632/94,762  elapsed 1.0s]
    [10,752/94,762  elapsed 1.9s]
    [15,872/94,762  elapsed 2.8s]
    [20,992/94,762  elapsed 3.7s]
    [26,112/94,762  elapsed 4.6s]
    [31,232/94,762  elapsed 5.6s]
    [36,352/94,762  elapsed 6.5s]
    [41,472/94,762  elapsed 7.4s]
    [46,592/94,762  elapsed 8.3s]
    [51,712/94,762  elapsed 9.2s]
    [56,832/94,762  elapsed 10.1s]
    [61,952/94,762  elapsed 11.0s]
    [67,072/94,762  elapsed 11.9s]
    [72,192/94,762  elapsed 12.8s]
    [77,312/94,762  elapsed 13.7s]
    [82,432/94,762  elapsed 14.6s]
    [87,552/94,762  elapsed 15.5s]
    [92,672/94,762  elapsed 16.5s]
  eval done in 16.8s
  by-popularity NDCG@10: tail=0.0019(n=10,900)  mid=0.0108(n=13,128)  head=0.0840(n=70,734)
  epoch  10  loss=8.1314  val_NDCG=0.0727  test_NDCG=0.0644  test_HR=0.1149  (9.4s)
  epoch  11  loss=8.1108  (11.3s)
  epoch  12  loss=8.0903  (9.8s)
  epoch  13  loss=8.0717  (9.4s)
  epoch  14  loss=8.0547  (9.3s)
  epoch  15  loss=8.0393  (9.2s)
  epoch  16  loss=8.0284  (9.1s)
  epoch  17  loss=8.0128  (9.3s)
  epoch  18  loss=7.9995  (9.2s)
  epoch  19  loss=7.9870  (9.3s)
  evaluating 94,762 users in batches of 512...
    [512/94,762  elapsed 0.1s]
    [5,632/94,762  elapsed 1.0s]
    [10,752/94,762  elapsed 1.9s]
    [15,872/94,762  elapsed 2.8s]
    [20,992/94,762  elapsed 3.6s]
    [26,112/94,762  elapsed 4.5s]
    [31,232/94,762  elapsed 5.4s]
    [36,352/94,762  elapsed 6.2s]
    [41,472/94,762  elapsed 7.1s]
    [46,592/94,762  elapsed 8.0s]
    [51,712/94,762  elapsed 8.9s]
    [56,832/94,762  elapsed 9.8s]
    [61,952/94,762  elapsed 10.8s]
    [67,072/94,762  elapsed 11.7s]
    [72,192/94,762  elapsed 12.6s]
    [77,312/94,762  elapsed 13.4s]
    [82,432/94,762  elapsed 14.3s]
    [87,552/94,762  elapsed 15.2s]
    [92,672/94,762  elapsed 16.1s]
  eval done in 16.5s
  by-popularity NDCG@10: tail=0.0050(n=8,646)  mid=0.0199(n=12,134)  head=0.0926(n=73,982)
  evaluating 94,762 users in batches of 512...
    [512/94,762  elapsed 0.1s]
    [5,632/94,762  elapsed 1.0s]
    [10,752/94,762  elapsed 1.9s]
    [15,872/94,762  elapsed 2.7s]
    [20,992/94,762  elapsed 3.6s]
    [26,112/94,762  elapsed 4.5s]
    [31,232/94,762  elapsed 5.4s]
    [36,352/94,762  elapsed 6.3s]
    [41,472/94,762  elapsed 7.2s]
    [46,592/94,762  elapsed 8.1s]
    [51,712/94,762  elapsed 9.0s]
    [56,832/94,762  elapsed 9.9s]
    [61,952/94,762  elapsed 10.8s]
    [67,072/94,762  elapsed 11.9s]
    [72,192/94,762  elapsed 12.7s]
    [77,312/94,762  elapsed 13.7s]
    [82,432/94,762  elapsed 14.6s]
    [87,552/94,762  elapsed 15.5s]
    [92,672/94,762  elapsed 16.4s]
  eval done in 16.7s
  by-popularity NDCG@10: tail=0.0042(n=10,900)  mid=0.0148(n=13,128)  head=0.0858(n=70,734)
  epoch  20  loss=7.9776  val_NDCG=0.0753  test_NDCG=0.0666  test_HR=0.1184  (9.2s)
  epoch  21  loss=7.9646  (11.4s)
  epoch  22  loss=7.9564  (9.5s)
  epoch  23  loss=7.9441  (9.3s)
  epoch  24  loss=7.9362  (9.2s)
  epoch  25  loss=7.9260  (9.3s)
  epoch  26  loss=7.9181  (9.4s)
  epoch  27  loss=7.9099  (9.3s)
  epoch  28  loss=7.9020  (9.2s)
  epoch  29  loss=7.8922  (9.3s)
  evaluating 94,762 users in batches of 512...
    [512/94,762  elapsed 0.1s]
    [5,632/94,762  elapsed 1.0s]
    [10,752/94,762  elapsed 1.9s]
    [15,872/94,762  elapsed 2.8s]
    [20,992/94,762  elapsed 3.7s]
    [26,112/94,762  elapsed 4.6s]
    [31,232/94,762  elapsed 5.6s]
    [36,352/94,762  elapsed 6.8s]
    [41,472/94,762  elapsed 7.9s]
    [46,592/94,762  elapsed 9.0s]
    [51,712/94,762  elapsed 10.2s]
    [56,832/94,762  elapsed 11.2s]
    [61,952/94,762  elapsed 12.1s]
    [67,072/94,762  elapsed 13.0s]
    [72,192/94,762  elapsed 13.8s]
    [77,312/94,762  elapsed 14.7s]
    [82,432/94,762  elapsed 15.6s]
    [87,552/94,762  elapsed 16.5s]
    [92,672/94,762  elapsed 17.4s]
  eval done in 17.8s
  by-popularity NDCG@10: tail=0.0055(n=8,646)  mid=0.0211(n=12,134)  head=0.0935(n=73,982)
  evaluating 94,762 users in batches of 512...
    [512/94,762  elapsed 0.1s]
    [5,632/94,762  elapsed 1.0s]
    [10,752/94,762  elapsed 2.1s]
    [15,872/94,762  elapsed 3.0s]
    [20,992/94,762  elapsed 3.9s]
    [26,112/94,762  elapsed 4.8s]
    [31,232/94,762  elapsed 5.7s]
    [36,352/94,762  elapsed 6.6s]
    [41,472/94,762  elapsed 7.6s]
    [46,592/94,762  elapsed 8.5s]
    [51,712/94,762  elapsed 9.4s]
    [56,832/94,762  elapsed 10.3s]
    [61,952/94,762  elapsed 11.1s]
    [67,072/94,762  elapsed 12.0s]
    [72,192/94,762  elapsed 12.9s]
    [77,312/94,762  elapsed 14.0s]
    [82,432/94,762  elapsed 14.9s]
    [87,552/94,762  elapsed 15.8s]
    [92,672/94,762  elapsed 16.8s]
  eval done in 17.1s
  by-popularity NDCG@10: tail=0.0047(n=10,900)  mid=0.0157(n=13,128)  head=0.0864(n=70,734)
  epoch  30  loss=7.8883  val_NDCG=0.0762  test_NDCG=0.0672  test_HR=0.1193  (9.3s)
  epoch  31  loss=7.8810  (11.3s)
  epoch  32  loss=7.8751  (11.7s)
  epoch  33  loss=7.8709  (11.7s)
  epoch  34  loss=7.8654  (9.3s)
  epoch  35  loss=7.8619  (9.3s)
  epoch  36  loss=7.8594  (9.3s)
  epoch  37  loss=7.8571  (9.3s)
  epoch  38  loss=7.8550  (9.3s)
  epoch  39  loss=7.8540  (9.3s)
  evaluating 94,762 users in batches of 512...
    [512/94,762  elapsed 0.1s]
    [5,632/94,762  elapsed 1.0s]
    [10,752/94,762  elapsed 2.0s]
    [15,872/94,762  elapsed 3.0s]
    [20,992/94,762  elapsed 4.0s]
    [26,112/94,762  elapsed 5.0s]
    [31,232/94,762  elapsed 6.0s]
    [36,352/94,762  elapsed 6.9s]
    [41,472/94,762  elapsed 7.9s]
    [46,592/94,762  elapsed 8.8s]
    [51,712/94,762  elapsed 9.7s]
    [56,832/94,762  elapsed 10.7s]
    [61,952/94,762  elapsed 11.6s]
    [67,072/94,762  elapsed 12.5s]
    [72,192/94,762  elapsed 13.5s]
    [77,312/94,762  elapsed 14.5s]
    [82,432/94,762  elapsed 15.4s]
    [87,552/94,762  elapsed 16.4s]
    [92,672/94,762  elapsed 17.4s]
  eval done in 17.8s
  by-popularity NDCG@10: tail=0.0057(n=8,646)  mid=0.0216(n=12,134)  head=0.0935(n=73,982)
  evaluating 94,762 users in batches of 512...
    [512/94,762  elapsed 0.1s]
    [5,632/94,762  elapsed 1.1s]
    [10,752/94,762  elapsed 2.0s]
    [15,872/94,762  elapsed 2.9s]
    [20,992/94,762  elapsed 3.9s]
    [26,112/94,762  elapsed 4.8s]
    [31,232/94,762  elapsed 5.8s]
    [36,352/94,762  elapsed 6.7s]
    [41,472/94,762  elapsed 7.7s]
    [46,592/94,762  elapsed 8.7s]
    [51,712/94,762  elapsed 9.6s]
    [56,832/94,762  elapsed 10.6s]
    [61,952/94,762  elapsed 11.6s]
    [67,072/94,762  elapsed 12.5s]
    [72,192/94,762  elapsed 13.6s]
    [77,312/94,762  elapsed 14.5s]
    [82,432/94,762  elapsed 15.5s]
    [87,552/94,762  elapsed 16.7s]
    [92,672/94,762  elapsed 17.8s]
  eval done in 18.2s
  by-popularity NDCG@10: tail=0.0048(n=10,900)  mid=0.0158(n=13,128)  head=0.0863(n=70,734)
  epoch  40  loss=7.8520  val_NDCG=0.0763  test_NDCG=0.0671  test_HR=0.1188  (9.3s)

=== Best by val NDCG@10 ===
  val_NDCG=0.0763
  test: {'NDCG@10': 0.06714453486773883, 'HR@10': 0.11884510668833499, 'MRR': 0.05987298601182363, 'n_eval': 94762, 'by_popularity': {'tail': {'NDCG@10': 0.004811128942902017, 'HR@10': 0.009357798165137614, 'n': 10900, 'n_hit@10': 102, 'HR@20': 0.0163302752293578, 'n_hit@20': 178, 'HR@50': 0.03458715596330275, 'n_hit@50': 377, 'HR@100': 0.05834862385321101, 'n_hit@100': 636}, 'mid': {'NDCG@10': 0.01583269575961375, 'HR@10': 0.028869591712370506, 'n': 13128, 'n_hit@10': 379, 'HR@20': 0.049055453991468614, 'n_hit@20': 644, 'HR@50': 0.09087446678854356, 'n_hit@50': 1193, 'HR@100': 0.13772090188909203, 'n_hit@100': 1808}, 'head': {'NDCG@10': 0.08627332651520948, 'HR@10': 0.15241609409901885, 'n': 70734, 'n_hit@10': 10781, 'HR@20': 0.2129951649843074, 'n_hit@20': 15066, 'HR@50': 0.3158311420250516, 'n_hit@50': 22340, 'HR@100': 0.40806401447677215, 'n_hit@100': 28864}}}
wrote C:\Users\rayxc\Documents\R\_bestrec_run\results_VG_COLDFUSE_base_seed20260740.users.jsonl.gz (94,762 per-user records, best epoch 40, sha256 169ef260d3e9…)

wrote C:\Users\rayxc\Documents\R\_bestrec_run\results_VG_COLDFUSE_base_seed20260740.json
[run] results_VG_COLDFUSE_base_seed20260740.fusion.json
=== fusion eval: Video_Games  ckpt=results_VG_COLDFUSE_base_seed20260740.best.pt ===
  n_users=94,762 n_items=25,612
  ckpt from epoch 40 (val NDCG@10 0.07627)

--- EASE l2=50.0: fit + VAL sweep ---
  EASE l2=50.0: inverted 25612x25612 in 69.7s
    [512/94,762 elapsed 0.3s]
    [10,752/94,762 elapsed 3.2s]
    [20,992/94,762 elapsed 6.0s]
    [31,232/94,762 elapsed 8.8s]
    [41,472/94,762 elapsed 11.7s]
    [51,712/94,762 elapsed 14.5s]
    [61,952/94,762 elapsed 17.3s]
    [72,192/94,762 elapsed 20.1s]
    [82,432/94,762 elapsed 22.9s]
    [92,672/94,762 elapsed 25.8s]
  VAL seq NDCG@10=0.07627  ease=0.05496
    w=0.01: val fused NDCG@10=0.07833
    w=0.02: val fused NDCG@10=0.07895
    w=0.03: val fused NDCG@10=0.07921
    w=0.04: val fused NDCG@10=0.07886
    w=0.05: val fused NDCG@10=0.07855
    w=0.06: val fused NDCG@10=0.07798
    w=0.075: val fused NDCG@10=0.07666
    w=0.1: val fused NDCG@10=0.07487

--- EASE l2=100.0: fit + VAL sweep ---
  EASE l2=100.0: inverted 25612x25612 in 66.5s
    [512/94,762 elapsed 0.2s]
    [10,752/94,762 elapsed 3.1s]
    [20,992/94,762 elapsed 5.8s]
    [31,232/94,762 elapsed 8.4s]
    [41,472/94,762 elapsed 11.1s]
    [51,712/94,762 elapsed 13.8s]
    [61,952/94,762 elapsed 16.5s]
    [72,192/94,762 elapsed 19.2s]
    [82,432/94,762 elapsed 21.9s]
    [92,672/94,762 elapsed 24.6s]
  VAL seq NDCG@10=0.07627  ease=0.05493
    w=0.01: val fused NDCG@10=0.07824
    w=0.02: val fused NDCG@10=0.07880
    w=0.03: val fused NDCG@10=0.07906
    w=0.04: val fused NDCG@10=0.07869
    w=0.05: val fused NDCG@10=0.07801
    w=0.06: val fused NDCG@10=0.07749
    w=0.075: val fused NDCG@10=0.07633
    w=0.1: val fused NDCG@10=0.07437

--- EASE l2=200.0: fit + VAL sweep ---
  EASE l2=200.0: inverted 25612x25612 in 66.6s
    [512/94,762 elapsed 0.2s]
    [10,752/94,762 elapsed 2.8s]
    [20,992/94,762 elapsed 5.5s]
    [31,232/94,762 elapsed 8.3s]
    [41,472/94,762 elapsed 11.0s]
    [51,712/94,762 elapsed 13.7s]
    [61,952/94,762 elapsed 16.4s]
    [72,192/94,762 elapsed 19.1s]
    [82,432/94,762 elapsed 21.8s]
    [92,672/94,762 elapsed 24.5s]
  VAL seq NDCG@10=0.07627  ease=0.05414
    w=0.01: val fused NDCG@10=0.07809
    w=0.02: val fused NDCG@10=0.07859
    w=0.03: val fused NDCG@10=0.07862
    w=0.04: val fused NDCG@10=0.07828
    w=0.05: val fused NDCG@10=0.07765
    w=0.06: val fused NDCG@10=0.07698
    w=0.075: val fused NDCG@10=0.07569
    w=0.1: val fused NDCG@10=0.07367

--- EASE l2=500.0: fit + VAL sweep ---
  EASE l2=500.0: inverted 25612x25612 in 66.1s
    [512/94,762 elapsed 0.2s]
    [10,752/94,762 elapsed 3.0s]
    [20,992/94,762 elapsed 5.8s]
    [31,232/94,762 elapsed 8.6s]
    [41,472/94,762 elapsed 11.3s]
    [51,712/94,762 elapsed 13.9s]
    [61,952/94,762 elapsed 16.9s]
    [72,192/94,762 elapsed 19.8s]
    [82,432/94,762 elapsed 22.5s]
    [92,672/94,762 elapsed 25.2s]
  VAL seq NDCG@10=0.07627  ease=0.05247
    w=0.01: val fused NDCG@10=0.07782
    w=0.02: val fused NDCG@10=0.07821
    w=0.03: val fused NDCG@10=0.07819
    w=0.04: val fused NDCG@10=0.07763
    w=0.05: val fused NDCG@10=0.07688
    w=0.06: val fused NDCG@10=0.07611
    w=0.075: val fused NDCG@10=0.07471
    w=0.1: val fused NDCG@10=0.07223

=== selected on VAL: l2=50.0, w=0.03 (val fused NDCG@10=0.07921) ===
  EASE l2=50.0: inverted 25612x25612 in 66.5s
    [512/94,762 elapsed 0.1s]
    [10,752/94,762 elapsed 2.6s]
    [20,992/94,762 elapsed 5.1s]
    [31,232/94,762 elapsed 7.6s]
    [41,472/94,762 elapsed 10.0s]
    [51,712/94,762 elapsed 12.5s]
    [61,952/94,762 elapsed 14.9s]
    [72,192/94,762 elapsed 17.4s]
    [82,432/94,762 elapsed 19.8s]
    [92,672/94,762 elapsed 22.4s]

TEST seq-only  NDCG@10=0.06714 HR@10=0.11885 MRR=0.05987
TEST ease-only NDCG@10=0.04774 HR@10=0.08379
TEST FUSED (w=0.03) NDCG@10=0.07020 HR@10=0.12360 MRR=0.06239
wrote C:\Users\rayxc\Documents\R\_bestrec_run\results_VG_COLDFUSE_base_seed20260740.fusion.json
[run] results_Video_Games_COLDFUSE_confirm_seed20260740.json
=== COLDFUSE confirm: Video_Games seed 20260740 (ease=yes) ===
  EASE l2=50.0: inverted 25612x25612 in 83.3s
  [val] streaming sweep: 41 systems ...
    [512/94,762 1s]
    [20,992/94,762 11s]
    [41,472/94,762 21s]
    [61,952/94,762 32s]
    [82,432/94,762 42s]
  VAL ref overall 0.07921 tail 0.00493 | selected {'profile': 'exp0.9', 'wt_tail': 0.2, 'wt_mid': 0.0, 'wt_head': 0.0} val tail 0.00881
  [test] reference + selected ...
    [512/94,762 0s]
    [20,992/94,762 7s]
    [41,472/94,762 14s]
    [61,952/94,762 21s]
    [82,432/94,762 27s]
  TEST ref 0.07020 (tail 0.00445) -> sel 0.07026 (tail 0.00762)
wrote C:\Users\rayxc\Documents\R\_bestrec_run\results_Video_Games_COLDFUSE_confirm_seed20260740.json
[run] results_OFFICE_COLDFUSE_base_seed20260736.json
  random seed set to 20260736
=== Office_Products: load splits ===
  n_users=223,308  n_items=77,551  pad_id=77551
  built sequences for 223,308 users
  built timestamp sequences (12 time buckets)
  loading SBERT embeddings from C:\Users\rayxc\Documents\R\cache_5core\sbert_titles_Office_Products.npy...
  TAPE: k-means 77,551 text embeddings into K=512 prototypes (tau=0.05)...
  TAPE: K=512 mean max-assignment weight = 0.483 (1.0 = hard clustering)

=== Build SASRec-SBERT (d=64, layers=4, heads=2) ===
  total params: 34,913,919  device=cuda
  223,308 training examples / 873 batches per epoch
  init_state_sha256 = 8138c38136f80b147702ab92291897149e20976183874d5291ce99b07d953fd8
  LR schedule: warmup_cosine (873 warmup + 16587 cosine steps)

=== Train for 20 epochs ===
  evaluating 223,308 users in batches of 512...
    [512/223,308  elapsed 0.1s]
    [5,632/223,308  elapsed 1.1s]
    [10,752/223,308  elapsed 2.0s]
    [15,872/223,308  elapsed 3.0s]
    [20,992/223,308  elapsed 4.0s]
    [26,112/223,308  elapsed 4.9s]
    [31,232/223,308  elapsed 5.9s]
    [36,352/223,308  elapsed 6.9s]
    [41,472/223,308  elapsed 8.0s]
    [46,592/223,308  elapsed 9.0s]
    [51,712/223,308  elapsed 10.0s]
    [56,832/223,308  elapsed 11.0s]
    [61,952/223,308  elapsed 11.9s]
    [67,072/223,308  elapsed 12.9s]
    [72,192/223,308  elapsed 13.9s]
    [77,312/223,308  elapsed 14.8s]
    [82,432/223,308  elapsed 16.0s]
    [87,552/223,308  elapsed 17.2s]
    [92,672/223,308  elapsed 18.3s]
    [97,792/223,308  elapsed 19.4s]
    [102,912/223,308  elapsed 20.4s]
    [108,032/223,308  elapsed 21.4s]
    [113,152/223,308  elapsed 22.4s]
    [118,272/223,308  elapsed 23.4s]
    [123,392/223,308  elapsed 24.3s]
    [128,512/223,308  elapsed 25.3s]
    [133,632/223,308  elapsed 26.3s]
    [138,752/223,308  elapsed 27.3s]
    [143,872/223,308  elapsed 28.2s]
    [148,992/223,308  elapsed 29.2s]
    [154,112/223,308  elapsed 30.2s]
    [159,232/223,308  elapsed 31.2s]
    [164,352/223,308  elapsed 32.2s]
    [169,472/223,308  elapsed 33.1s]
    [174,592/223,308  elapsed 34.1s]
    [179,712/223,308  elapsed 35.1s]
    [184,832/223,308  elapsed 36.0s]
    [189,952/223,308  elapsed 37.0s]
    [195,072/223,308  elapsed 38.2s]
    [200,192/223,308  elapsed 39.2s]
    [205,312/223,308  elapsed 40.2s]
    [210,432/223,308  elapsed 41.2s]
    [215,552/223,308  elapsed 42.1s]
    [220,672/223,308  elapsed 43.1s]
  eval done in 43.6s
  by-popularity NDCG@10: tail=0.0000(n=29,887)  mid=0.0000(n=33,352)  head=0.0268(n=160,069)
  evaluating 223,308 users in batches of 512...
    [512/223,308  elapsed 0.1s]
    [5,632/223,308  elapsed 1.1s]
    [10,752/223,308  elapsed 2.1s]
    [15,872/223,308  elapsed 3.1s]
    [20,992/223,308  elapsed 4.1s]
    [26,112/223,308  elapsed 5.1s]
    [31,232/223,308  elapsed 6.1s]
    [36,352/223,308  elapsed 7.0s]
    [41,472/223,308  elapsed 8.0s]
    [46,592/223,308  elapsed 9.0s]
    [51,712/223,308  elapsed 10.0s]
    [56,832/223,308  elapsed 11.0s]
    [61,952/223,308  elapsed 12.1s]
    [67,072/223,308  elapsed 13.1s]
    [72,192/223,308  elapsed 14.2s]
    [77,312/223,308  elapsed 15.2s]
    [82,432/223,308  elapsed 16.2s]
    [87,552/223,308  elapsed 17.3s]
    [92,672/223,308  elapsed 18.3s]
    [97,792/223,308  elapsed 19.3s]
    [102,912/223,308  elapsed 20.2s]
    [108,032/223,308  elapsed 21.2s]
    [113,152/223,308  elapsed 22.2s]
    [118,272/223,308  elapsed 23.3s]
    [123,392/223,308  elapsed 24.5s]
    [128,512/223,308  elapsed 25.6s]
    [133,632/223,308  elapsed 26.7s]
    [138,752/223,308  elapsed 27.7s]
    [143,872/223,308  elapsed 28.8s]
    [148,992/223,308  elapsed 29.8s]
    [154,112/223,308  elapsed 30.9s]
    [159,232/223,308  elapsed 31.9s]
    [164,352/223,308  elapsed 32.9s]
    [169,472/223,308  elapsed 34.0s]
    [174,592/223,308  elapsed 35.0s]
    [179,712/223,308  elapsed 36.1s]
    [184,832/223,308  elapsed 37.1s]
    [189,952/223,308  elapsed 38.2s]
    [195,072/223,308  elapsed 39.3s]
    [200,192/223,308  elapsed 40.3s]
    [205,312/223,308  elapsed 41.3s]
    [210,432/223,308  elapsed 42.4s]
    [215,552/223,308  elapsed 43.4s]
    [220,672/223,308  elapsed 44.5s]
  eval done in 45.0s
  by-popularity NDCG@10: tail=0.0000(n=36,610)  mid=0.0000(n=35,266)  head=0.0250(n=151,432)
  epoch   1  loss=10.5788  val_NDCG=0.0192  test_NDCG=0.0169  test_HR=0.0316  (44.9s)
  evaluating 223,308 users in batches of 512...
    [512/223,308  elapsed 0.1s]
    [5,632/223,308  elapsed 1.1s]
    [10,752/223,308  elapsed 2.1s]
    [15,872/223,308  elapsed 3.0s]
    [20,992/223,308  elapsed 4.0s]
    [26,112/223,308  elapsed 5.0s]
    [31,232/223,308  elapsed 5.9s]
    [36,352/223,308  elapsed 6.9s]
    [41,472/223,308  elapsed 7.9s]
    [46,592/223,308  elapsed 8.8s]
    [51,712/223,308  elapsed 9.8s]
    [56,832/223,308  elapsed 10.8s]
    [61,952/223,308  elapsed 11.7s]
    [67,072/223,308  elapsed 12.7s]
    [72,192/223,308  elapsed 13.7s]
    [77,312/223,308  elapsed 14.6s]
    [82,432/223,308  elapsed 15.6s]
    [87,552/223,308  elapsed 16.6s]
    [92,672/223,308  elapsed 17.5s]
    [97,792/223,308  elapsed 18.5s]
    [102,912/223,308  elapsed 19.5s]
    [108,032/223,308  elapsed 20.4s]
    [113,152/223,308  elapsed 21.4s]
    [118,272/223,308  elapsed 22.4s]
    [123,392/223,308  elapsed 23.4s]
    [128,512/223,308  elapsed 24.4s]
    [133,632/223,308  elapsed 25.4s]
    [138,752/223,308  elapsed 26.4s]
    [143,872/223,308  elapsed 27.3s]
    [148,992/223,308  elapsed 28.3s]
    [154,112/223,308  elapsed 29.2s]
    [159,232/223,308  elapsed 30.2s]
    [164,352/223,308  elapsed 31.2s]
    [169,472/223,308  elapsed 32.2s]
    [174,592/223,308  elapsed 33.1s]
    [179,712/223,308  elapsed 34.1s]
    [184,832/223,308  elapsed 35.1s]
    [189,952/223,308  elapsed 36.1s]
    [195,072/223,308  elapsed 37.1s]
    [200,192/223,308  elapsed 38.1s]
    [205,312/223,308  elapsed 39.0s]
    [210,432/223,308  elapsed 40.0s]
    [215,552/223,308  elapsed 41.0s]
    [220,672/223,308  elapsed 41.9s]
  eval done in 42.4s
  by-popularity NDCG@10: tail=0.0001(n=29,887)  mid=0.0006(n=33,352)  head=0.0387(n=160,069)
  evaluating 223,308 users in batches of 512...
    [512/223,308  elapsed 0.1s]
    [5,632/223,308  elapsed 1.1s]
    [10,752/223,308  elapsed 2.1s]
    [15,872/223,308  elapsed 3.0s]
    [20,992/223,308  elapsed 4.0s]
    [26,112/223,308  elapsed 5.0s]
    [31,232/223,308  elapsed 6.0s]
    [36,352/223,308  elapsed 6.9s]
    [41,472/223,308  elapsed 7.9s]
    [46,592/223,308  elapsed 8.9s]
    [51,712/223,308  elapsed 9.9s]
    [56,832/223,308  elapsed 11.0s]
    [61,952/223,308  elapsed 11.9s]
    [67,072/223,308  elapsed 12.9s]
    [72,192/223,308  elapsed 13.9s]
    [77,312/223,308  elapsed 14.9s]
    [82,432/223,308  elapsed 15.8s]
    [87,552/223,308  elapsed 16.8s]
    [92,672/223,308  elapsed 17.8s]
    [97,792/223,308  elapsed 18.7s]
    [102,912/223,308  elapsed 19.7s]
    [108,032/223,308  elapsed 20.7s]
    [113,152/223,308  elapsed 21.7s]
    [118,272/223,308  elapsed 22.7s]
    [123,392/223,308  elapsed 23.7s]
    [128,512/223,308  elapsed 24.7s]
    [133,632/223,308  elapsed 25.6s]
    [138,752/223,308  elapsed 26.6s]
    [143,872/223,308  elapsed 27.6s]
    [148,992/223,308  elapsed 28.6s]
    [154,112/223,308  elapsed 29.5s]
    [159,232/223,308  elapsed 30.5s]
    [164,352/223,308  elapsed 31.5s]
    [169,472/223,308  elapsed 32.5s]
    [174,592/223,308  elapsed 33.4s]
    [179,712/223,308  elapsed 34.4s]
    [184,832/223,308  elapsed 35.4s]
    [189,952/223,308  elapsed 36.4s]
    [195,072/223,308  elapsed 37.4s]
    [200,192/223,308  elapsed 38.3s]
    [205,312/223,308  elapsed 39.3s]
    [210,432/223,308  elapsed 40.4s]
    [215,552/223,308  elapsed 41.4s]
    [220,672/223,308  elapsed 42.4s]
  eval done in 43.2s
  by-popularity NDCG@10: tail=0.0000(n=36,610)  mid=0.0005(n=35,266)  head=0.0342(n=151,432)
  epoch   2  loss=10.0619  val_NDCG=0.0278  test_NDCG=0.0233  test_HR=0.0414  (44.8s)
  evaluating 223,308 users in batches of 512...
    [512/223,308  elapsed 0.1s]
    [5,632/223,308  elapsed 1.2s]
    [10,752/223,308  elapsed 2.3s]
    [15,872/223,308  elapsed 3.5s]
    [20,992/223,308  elapsed 5.0s]
    [26,112/223,308  elapsed 6.8s]
    [31,232/223,308  elapsed 8.6s]
    [36,352/223,308  elapsed 10.5s]
    [41,472/223,308  elapsed 12.3s]
    [46,592/223,308  elapsed 14.2s]
    [51,712/223,308  elapsed 15.9s]
    [56,832/223,308  elapsed 17.6s]
    [61,952/223,308  elapsed 19.5s]
    [67,072/223,308  elapsed 21.3s]
    [72,192/223,308  elapsed 23.0s]
    [77,312/223,308  elapsed 24.8s]
    [82,432/223,308  elapsed 26.8s]
    [87,552/223,308  elapsed 28.5s]
    [92,672/223,308  elapsed 29.7s]
    [97,792/223,308  elapsed 30.8s]
    [102,912/223,308  elapsed 32.0s]
    [108,032/223,308  elapsed 33.1s]
    [113,152/223,308  elapsed 34.2s]
    [118,272/223,308  elapsed 35.3s]
    [123,392/223,308  elapsed 36.4s]
    [128,512/223,308  elapsed 37.6s]
    [133,632/223,308  elapsed 38.9s]
    [138,752/223,308  elapsed 40.3s]
    [143,872/223,308  elapsed 41.6s]
    [148,992/223,308  elapsed 42.9s]
    [154,112/223,308  elapsed 44.1s]
    [159,232/223,308  elapsed 45.4s]
    [164,352/223,308  elapsed 46.6s]
    [169,472/223,308  elapsed 47.9s]
    [174,592/223,308  elapsed 49.3s]
    [179,712/223,308  elapsed 50.8s]
    [184,832/223,308  elapsed 52.0s]
    [189,952/223,308  elapsed 53.5s]
    [195,072/223,308  elapsed 55.2s]
    [200,192/223,308  elapsed 57.0s]
    [205,312/223,308  elapsed 59.0s]
    [210,432/223,308  elapsed 60.9s]
    [215,552/223,308  elapsed 62.7s]
    [220,672/223,308  elapsed 64.6s]
  eval done in 65.6s
  by-popularity NDCG@10: tail=0.0002(n=29,887)  mid=0.0017(n=33,352)  head=0.0433(n=160,069)
  evaluating 223,308 users in batches of 512...
    [512/223,308  elapsed 0.2s]
    [5,632/223,308  elapsed 2.1s]
    [10,752/223,308  elapsed 3.6s]
    [15,872/223,308  elapsed 4.9s]
    [20,992/223,308  elapsed 6.2s]
    [26,112/223,308  elapsed 7.4s]
    [31,232/223,308  elapsed 8.7s]
    [36,352/223,308  elapsed 10.0s]
    [41,472/223,308  elapsed 11.2s]
    [46,592/223,308  elapsed 12.5s]
    [51,712/223,308  elapsed 13.8s]
    [56,832/223,308  elapsed 15.1s]
    [61,952/223,308  elapsed 16.4s]
    [67,072/223,308  elapsed 18.1s]
    [72,192/223,308  elapsed 20.0s]
    [77,312/223,308  elapsed 21.7s]
    [82,432/223,308  elapsed 23.5s]
    [87,552/223,308  elapsed 25.3s]
    [92,672/223,308  elapsed 27.1s]
    [97,792/223,308  elapsed 29.0s]
    [102,912/223,308  elapsed 30.9s]
    [108,032/223,308  elapsed 32.9s]
    [113,152/223,308  elapsed 35.0s]
    [118,272/223,308  elapsed 36.9s]
    [123,392/223,308  elapsed 38.7s]
    [128,512/223,308  elapsed 40.2s]
    [133,632/223,308  elapsed 41.4s]
    [138,752/223,308  elapsed 42.7s]
    [143,872/223,308  elapsed 43.9s]
    [148,992/223,308  elapsed 45.2s]
    [154,112/223,308  elapsed 46.5s]
    [159,232/223,308  elapsed 47.8s]
    [164,352/223,308  elapsed 49.1s]
    [169,472/223,308  elapsed 50.3s]
    [174,592/223,308  elapsed 51.6s]
    [179,712/223,308  elapsed 52.9s]
    [184,832/223,308  elapsed 54.2s]
    [189,952/223,308  elapsed 55.4s]
    [195,072/223,308  elapsed 56.7s]
    [200,192/223,308  elapsed 58.4s]
    [205,312/223,308  elapsed 60.3s]
    [210,432/223,308  elapsed 62.3s]
    [215,552/223,308  elapsed 64.1s]
    [220,672/223,308  elapsed 66.0s]
  eval done in 67.0s
  by-popularity NDCG@10: tail=0.0000(n=36,610)  mid=0.0010(n=35,266)  head=0.0379(n=151,432)
  epoch   3  loss=9.8663  val_NDCG=0.0313  test_NDCG=0.0259  test_HR=0.0453  (47.5s)
Traceback (most recent call last):
  File "C:\Users\rayxc\Documents\R\_bestrec_run\run_sasrec_sbert.py", line 3030, in <module>
    sys.exit(main())
             ^^^^^^
  File "C:\Users\rayxc\Documents\R\_bestrec_run\run_sasrec_sbert.py", line 2799, in main
    torch.save({"state_dict": {k: v.cpu() for k, v in sd.items()},
  File "C:\Users\rayxc\Documents\R\_bestrec_run\.venv\Lib\site-packages\torch\serialization.py", line 1003, in save
    with _open_zipfile_writer(f) as opened_zipfile:
         ^^^^^^^^^^^^^^^^^^^^^^^
  File "C:\Users\rayxc\Documents\R\_bestrec_run\.venv\Lib\site-packages\torch\serialization.py", line 865, in _open_zipfile_writer
    return container(name_or_buffer)  # type: ignore[arg-type]
           ^^^^^^^^^^^^^^^^^^^^^^^^^
  File "C:\Users\rayxc\Documents\R\_bestrec_run\.venv\Lib\site-packages\torch\serialization.py", line 829, in __init__
    torch._C.PyTorchFileWriter(
RuntimeError: [enforce fail at inline_container.cc:745] . open file failed with error code: 1224
RUN FAILED (exit 1): results_OFFICE_COLDFUSE_base_seed20260736.json
[run] results_OFFICE_COLDFUSE_base_seed20260737.json
  random seed set to 20260737
=== Office_Products: load splits ===
  n_users=223,308  n_items=77,551  pad_id=77551
  built sequences for 223,308 users
  built timestamp sequences (12 time buckets)
  loading SBERT embeddings from C:\Users\rayxc\Documents\R\cache_5core\sbert_titles_Office_Products.npy...
  TAPE: k-means 77,551 text embeddings into K=512 prototypes (tau=0.05)...
  TAPE: K=512 mean max-assignment weight = 0.473 (1.0 = hard clustering)

=== Build SASRec-SBERT (d=64, layers=4, heads=2) ===
  total params: 34,913,919  device=cuda
  223,308 training examples / 873 batches per epoch
  init_state_sha256 = 0a730623751d0ec5540569fc88750f86ea7794a902985b9b14fdafc6aded79ca
  LR schedule: warmup_cosine (873 warmup + 16587 cosine steps)

=== Train for 20 epochs ===
  evaluating 223,308 users in batches of 512...
    [512/223,308  elapsed 0.1s]
    [5,632/223,308  elapsed 1.3s]
    [10,752/223,308  elapsed 2.6s]
    [15,872/223,308  elapsed 3.9s]
    [20,992/223,308  elapsed 5.2s]
    [26,112/223,308  elapsed 6.6s]
    [31,232/223,308  elapsed 7.9s]
    [36,352/223,308  elapsed 9.2s]
    [41,472/223,308  elapsed 10.5s]
    [46,592/223,308  elapsed 11.8s]
    [51,712/223,308  elapsed 13.3s]
    [56,832/223,308  elapsed 15.2s]
    [61,952/223,308  elapsed 16.9s]
    [67,072/223,308  elapsed 18.8s]
    [72,192/223,308  elapsed 20.7s]
    [77,312/223,308  elapsed 22.5s]
    [82,432/223,308  elapsed 24.3s]
    [87,552/223,308  elapsed 26.1s]
    [92,672/223,308  elapsed 28.0s]
    [97,792/223,308  elapsed 30.0s]
    [102,912/223,308  elapsed 31.9s]
    [108,032/223,308  elapsed 33.6s]
    [113,152/223,308  elapsed 35.4s]
    [118,272/223,308  elapsed 37.4s]
    [123,392/223,308  elapsed 39.3s]
    [128,512/223,308  elapsed 41.4s]
    [133,632/223,308  elapsed 43.3s]
    [138,752/223,308  elapsed 45.1s]
    [143,872/223,308  elapsed 46.8s]
    [148,992/223,308  elapsed 48.2s]
    [154,112/223,308  elapsed 49.5s]
    [159,232/223,308  elapsed 50.8s]
    [164,352/223,308  elapsed 52.4s]
    [169,472/223,308  elapsed 54.3s]
    [174,592/223,308  elapsed 56.2s]
    [179,712/223,308  elapsed 58.3s]
    [184,832/223,308  elapsed 60.3s]
    [189,952/223,308  elapsed 62.2s]
    [195,072/223,308  elapsed 64.4s]
    [200,192/223,308  elapsed 65.7s]
    [205,312/223,308  elapsed 67.0s]
    [210,432/223,308  elapsed 68.3s]
    [215,552/223,308  elapsed 69.8s]
    [220,672/223,308  elapsed 71.6s]
  eval done in 72.6s
  by-popularity NDCG@10: tail=0.0000(n=29,887)  mid=0.0001(n=33,352)  head=0.0263(n=160,069)
  evaluating 223,308 users in batches of 512...
    [512/223,308  elapsed 0.2s]
    [5,632/223,308  elapsed 2.1s]
    [10,752/223,308  elapsed 4.1s]
    [15,872/223,308  elapsed 6.0s]
    [20,992/223,308  elapsed 7.9s]
    [26,112/223,308  elapsed 9.5s]
    [31,232/223,308  elapsed 10.8s]
    [36,352/223,308  elapsed 12.2s]
    [41,472/223,308  elapsed 13.4s]
    [46,592/223,308  elapsed 14.7s]
    [51,712/223,308  elapsed 16.0s]
    [56,832/223,308  elapsed 17.3s]
    [61,952/223,308  elapsed 18.6s]
    [67,072/223,308  elapsed 19.9s]
    [72,192/223,308  elapsed 21.1s]
    [77,312/223,308  elapsed 22.4s]
    [82,432/223,308  elapsed 23.6s]
    [87,552/223,308  elapsed 25.0s]
    [92,672/223,308  elapsed 26.3s]
    [97,792/223,308  elapsed 27.7s]
    [102,912/223,308  elapsed 29.4s]
    [108,032/223,308  elapsed 31.4s]
    [113,152/223,308  elapsed 33.4s]
    [118,272/223,308  elapsed 35.2s]
    [123,392/223,308  elapsed 37.0s]
    [128,512/223,308  elapsed 39.1s]
    [133,632/223,308  elapsed 40.8s]
    [138,752/223,308  elapsed 42.7s]
    [143,872/223,308  elapsed 44.6s]
    [148,992/223,308  elapsed 46.3s]
    [154,112/223,308  elapsed 48.2s]
    [159,232/223,308  elapsed 50.1s]
    [164,352/223,308  elapsed 52.0s]
    [169,472/223,308  elapsed 53.9s]
    [174,592/223,308  elapsed 55.2s]
    [179,712/223,308  elapsed 56.5s]
    [184,832/223,308  elapsed 57.7s]
    [189,952/223,308  elapsed 59.0s]
    [195,072/223,308  elapsed 60.3s]
    [200,192/223,308  elapsed 61.5s]
    [205,312/223,308  elapsed 62.9s]
    [210,432/223,308  elapsed 64.2s]
    [215,552/223,308  elapsed 65.6s]
    [220,672/223,308  elapsed 67.5s]
  eval done in 68.3s
  by-popularity NDCG@10: tail=0.0000(n=36,610)  mid=0.0001(n=35,266)  head=0.0241(n=151,432)
  epoch   1  loss=10.5788  val_NDCG=0.0188  test_NDCG=0.0164  test_HR=0.0304  (46.8s)
  evaluating 223,308 users in batches of 512...
    [512/223,308  elapsed 0.1s]
    [5,632/223,308  elapsed 2.0s]
    [10,752/223,308  elapsed 3.8s]
    [15,872/223,308  elapsed 5.7s]
    [20,992/223,308  elapsed 7.3s]
    [26,112/223,308  elapsed 8.4s]
    [31,232/223,308  elapsed 9.8s]
    [36,352/223,308  elapsed 11.1s]
    [41,472/223,308  elapsed 12.3s]
    [46,592/223,308  elapsed 13.5s]
    [51,712/223,308  elapsed 14.7s]
    [56,832/223,308  elapsed 16.1s]
    [61,952/223,308  elapsed 17.4s]
    [67,072/223,308  elapsed 18.7s]
    [72,192/223,308  elapsed 20.0s]
    [77,312/223,308  elapsed 21.2s]
    [82,432/223,308  elapsed 22.4s]
    [87,552/223,308  elapsed 23.7s]
    [92,672/223,308  elapsed 25.1s]
    [97,792/223,308  elapsed 26.9s]
    [102,912/223,308  elapsed 28.8s]
    [108,032/223,308  elapsed 30.8s]
    [113,152/223,308  elapsed 32.8s]
    [118,272/223,308  elapsed 34.7s]
    [123,392/223,308  elapsed 36.6s]
    [128,512/223,308  elapsed 38.5s]
    [133,632/223,308  elapsed 39.9s]
    [138,752/223,308  elapsed 41.3s]
    [143,872/223,308  elapsed 42.5s]
    [148,992/223,308  elapsed 43.6s]
    [154,112/223,308  elapsed 44.9s]
    [159,232/223,308  elapsed 46.2s]
    [164,352/223,308  elapsed 47.5s]
    [169,472/223,308  elapsed 48.6s]
    [174,592/223,308  elapsed 49.8s]
    [179,712/223,308  elapsed 51.0s]
    [184,832/223,308  elapsed 52.3s]
    [189,952/223,308  elapsed 53.5s]
    [195,072/223,308  elapsed 54.7s]
    [200,192/223,308  elapsed 55.9s]
    [205,312/223,308  elapsed 57.0s]
    [210,432/223,308  elapsed 58.3s]
    [215,552/223,308  elapsed 59.5s]
    [220,672/223,308  elapsed 60.7s]
  eval done in 61.4s
  by-popularity NDCG@10: tail=0.0000(n=29,887)  mid=0.0007(n=33,352)  head=0.0383(n=160,069)
  evaluating 223,308 users in batches of 512...
    [512/223,308  elapsed 0.1s]
    [5,632/223,308  elapsed 1.3s]
    [10,752/223,308  elapsed 2.5s]
    [15,872/223,308  elapsed 3.7s]
    [20,992/223,308  elapsed 5.0s]
    [26,112/223,308  elapsed 6.2s]
    [31,232/223,308  elapsed 7.4s]
    [36,352/223,308  elapsed 8.6s]
    [41,472/223,308  elapsed 9.8s]
    [46,592/223,308  elapsed 11.0s]
    [51,712/223,308  elapsed 12.2s]
    [56,832/223,308  elapsed 13.5s]
    [61,952/223,308  elapsed 14.9s]
    [67,072/223,308  elapsed 16.0s]
    [72,192/223,308  elapsed 17.3s]
    [77,312/223,308  elapsed 18.5s]
    [82,432/223,308  elapsed 19.8s]
    [87,552/223,308  elapsed 21.0s]
    [92,672/223,308  elapsed 22.2s]
    [97,792/223,308  elapsed 23.4s]
    [102,912/223,308  elapsed 24.6s]
    [108,032/223,308  elapsed 25.9s]
    [113,152/223,308  elapsed 27.2s]
    [118,272/223,308  elapsed 28.4s]
    [123,392/223,308  elapsed 29.6s]
    [128,512/223,308  elapsed 30.8s]
    [133,632/223,308  elapsed 32.1s]
    [138,752/223,308  elapsed 33.3s]
    [143,872/223,308  elapsed 34.6s]
    [148,992/223,308  elapsed 36.7s]
    [154,112/223,308  elapsed 38.0s]
    [159,232/223,308  elapsed 39.3s]
    [164,352/223,308  elapsed 40.5s]
    [169,472/223,308  elapsed 41.8s]
    [174,592/223,308  elapsed 43.0s]
    [179,712/223,308  elapsed 44.5s]
    [184,832/223,308  elapsed 45.8s]
    [189,952/223,308  elapsed 47.2s]
    [195,072/223,308  elapsed 48.5s]
    [200,192/223,308  elapsed 49.7s]
    [205,312/223,308  elapsed 50.9s]
    [210,432/223,308  elapsed 52.2s]
    [215,552/223,308  elapsed 53.6s]
    [220,672/223,308  elapsed 55.0s]
  eval done in 55.6s
  by-popularity NDCG@10: tail=0.0000(n=36,610)  mid=0.0004(n=35,266)  head=0.0341(n=151,432)
  epoch   2  loss=10.0619  val_NDCG=0.0276  test_NDCG=0.0232  test_HR=0.0412  (50.5s)
  evaluating 223,308 users in batches of 512...
    [512/223,308  elapsed 0.1s]
    [5,632/223,308  elapsed 1.1s]
    [10,752/223,308  elapsed 2.2s]
    [15,872/223,308  elapsed 3.2s]
    [20,992/223,308  elapsed 4.3s]
    [26,112/223,308  elapsed 5.3s]
    [31,232/223,308  elapsed 6.4s]
    [36,352/223,308  elapsed 7.4s]
    [41,472/223,308  elapsed 8.5s]
    [46,592/223,308  elapsed 9.5s]
    [51,712/223,308  elapsed 10.5s]
    [56,832/223,308  elapsed 11.6s]
    [61,952/223,308  elapsed 12.6s]
    [67,072/223,308  elapsed 13.6s]
    [72,192/223,308  elapsed 14.7s]
    [77,312/223,308  elapsed 15.7s]
    [82,432/223,308  elapsed 16.7s]
    [87,552/223,308  elapsed 17.7s]
    [92,672/223,308  elapsed 18.7s]
    [97,792/223,308  elapsed 19.8s]
    [102,912/223,308  elapsed 20.8s]
    [108,032/223,308  elapsed 21.8s]
    [113,152/223,308  elapsed 22.8s]
    [118,272/223,308  elapsed 23.8s]
    [123,392/223,308  elapsed 24.9s]
    [128,512/223,308  elapsed 25.9s]
    [133,632/223,308  elapsed 27.0s]
    [138,752/223,308  elapsed 28.1s]
    [143,872/223,308  elapsed 29.2s]
    [148,992/223,308  elapsed 30.5s]
    [154,112/223,308  elapsed 32.1s]
    [159,232/223,308  elapsed 33.5s]
    [164,352/223,308  elapsed 34.8s]
    [169,472/223,308  elapsed 36.2s]
    [174,592/223,308  elapsed 37.5s]
    [179,712/223,308  elapsed 38.9s]
    [184,832/223,308  elapsed 40.3s]
    [189,952/223,308  elapsed 41.7s]
    [195,072/223,308  elapsed 42.9s]
    [200,192/223,308  elapsed 43.9s]
    [205,312/223,308  elapsed 45.0s]
    [210,432/223,308  elapsed 46.0s]
    [215,552/223,308  elapsed 47.0s]
    [220,672/223,308  elapsed 48.0s]
  eval done in 48.5s
  by-popularity NDCG@10: tail=0.0002(n=29,887)  mid=0.0016(n=33,352)  head=0.0429(n=160,069)
  evaluating 223,308 users in batches of 512...
    [512/223,308  elapsed 0.1s]
    [5,632/223,308  elapsed 1.2s]
    [10,752/223,308  elapsed 2.2s]
    [15,872/223,308  elapsed 3.2s]
    [20,992/223,308  elapsed 4.2s]
    [26,112/223,308  elapsed 5.2s]
    [31,232/223,308  elapsed 6.3s]
    [36,352/223,308  elapsed 7.3s]
    [41,472/223,308  elapsed 8.3s]
    [46,592/223,308  elapsed 9.3s]
    [51,712/223,308  elapsed 10.3s]
    [56,832/223,308  elapsed 11.4s]
    [61,952/223,308  elapsed 12.4s]
    [67,072/223,308  elapsed 13.4s]
    [72,192/223,308  elapsed 14.5s]
    [77,312/223,308  elapsed 15.5s]
    [82,432/223,308  elapsed 16.5s]
    [87,552/223,308  elapsed 17.5s]
    [92,672/223,308  elapsed 18.5s]
    [97,792/223,308  elapsed 19.6s]
    [102,912/223,308  elapsed 20.6s]
    [108,032/223,308  elapsed 21.6s]
    [113,152/223,308  elapsed 22.6s]
    [118,272/223,308  elapsed 23.7s]
    [123,392/223,308  elapsed 24.7s]
    [128,512/223,308  elapsed 25.7s]
    [133,632/223,308  elapsed 26.7s]
    [138,752/223,308  elapsed 27.8s]
    [143,872/223,308  elapsed 28.8s]
    [148,992/223,308  elapsed 29.8s]
    [154,112/223,308  elapsed 30.8s]
    [159,232/223,308  elapsed 31.8s]
    [164,352/223,308  elapsed 32.9s]
    [169,472/223,308  elapsed 33.9s]
    [174,592/223,308  elapsed 34.9s]
    [179,712/223,308  elapsed 35.9s]
    [184,832/223,308  elapsed 37.0s]
    [189,952/223,308  elapsed 38.0s]
    [195,072/223,308  elapsed 39.0s]
    [200,192/223,308  elapsed 40.0s]
    [205,312/223,308  elapsed 41.1s]
    [210,432/223,308  elapsed 42.1s]
    [215,552/223,308  elapsed 43.1s]
    [220,672/223,308  elapsed 44.1s]
  eval done in 44.7s
  by-popularity NDCG@10: tail=0.0001(n=36,610)  mid=0.0010(n=35,266)  head=0.0379(n=151,432)
  epoch   3  loss=9.8676  val_NDCG=0.0310  test_NDCG=0.0259  test_HR=0.0450  (44.1s)
  evaluating 223,308 users in batches of 512...
    [512/223,308  elapsed 0.1s]
    [5,632/223,308  elapsed 1.1s]
    [10,752/223,308  elapsed 2.1s]
    [15,872/223,308  elapsed 3.1s]
    [20,992/223,308  elapsed 4.1s]
    [26,112/223,308  elapsed 5.1s]
    [31,232/223,308  elapsed 6.1s]
    [36,352/223,308  elapsed 7.2s]
    [41,472/223,308  elapsed 8.2s]
    [46,592/223,308  elapsed 9.2s]
    [51,712/223,308  elapsed 10.2s]
    [56,832/223,308  elapsed 11.2s]
    [61,952/223,308  elapsed 12.2s]
    [67,072/223,308  elapsed 13.2s]
    [72,192/223,308  elapsed 14.2s]
    [77,312/223,308  elapsed 15.3s]
    [82,432/223,308  elapsed 16.3s]
    [87,552/223,308  elapsed 17.3s]
    [92,672/223,308  elapsed 18.3s]
    [97,792/223,308  elapsed 19.4s]
    [102,912/223,308  elapsed 20.4s]
    [108,032/223,308  elapsed 21.4s]
    [113,152/223,308  elapsed 22.4s]
    [118,272/223,308  elapsed 23.4s]
    [123,392/223,308  elapsed 24.4s]
    [128,512/223,308  elapsed 25.4s]
    [133,632/223,308  elapsed 26.5s]
    [138,752/223,308  elapsed 27.5s]
    [143,872/223,308  elapsed 28.5s]
    [148,992/223,308  elapsed 29.5s]
    [154,112/223,308  elapsed 30.5s]
    [159,232/223,308  elapsed 31.5s]
    [164,352/223,308  elapsed 32.5s]
    [169,472/223,308  elapsed 33.5s]
    [174,592/223,308  elapsed 34.5s]
    [179,712/223,308  elapsed 35.6s]
    [184,832/223,308  elapsed 36.6s]
    [189,952/223,308  elapsed 37.6s]
    [195,072/223,308  elapsed 38.6s]
    [200,192/223,308  elapsed 39.7s]
    [205,312/223,308  elapsed 40.8s]
    [210,432/223,308  elapsed 42.3s]
    [215,552/223,308  elapsed 43.7s]
    [220,672/223,308  elapsed 45.1s]
  eval done in 45.8s
  by-popularity NDCG@10: tail=0.0003(n=29,887)  mid=0.0031(n=33,352)  head=0.0458(n=160,069)
  evaluating 223,308 users in batches of 512...
    [512/223,308  elapsed 0.1s]
    [5,632/223,308  elapsed 1.6s]
    [10,752/223,308  elapsed 2.9s]
    [15,872/223,308  elapsed 4.5s]
    [20,992/223,308  elapsed 6.0s]
    [26,112/223,308  elapsed 7.3s]
    [31,232/223,308  elapsed 8.4s]
    [36,352/223,308  elapsed 9.4s]
    [41,472/223,308  elapsed 10.5s]
    [46,592/223,308  elapsed 11.5s]
    [51,712/223,308  elapsed 12.5s]
    [56,832/223,308  elapsed 13.6s]
    [61,952/223,308  elapsed 14.6s]
    [67,072/223,308  elapsed 15.6s]
    [72,192/223,308  elapsed 16.7s]
    [77,312/223,308  elapsed 17.7s]
    [82,432/223,308  elapsed 18.7s]
    [87,552/223,308  elapsed 19.8s]
    [92,672/223,308  elapsed 20.8s]
    [97,792/223,308  elapsed 21.8s]
    [102,912/223,308  elapsed 22.8s]
    [108,032/223,308  elapsed 23.8s]
    [113,152/223,308  elapsed 24.9s]
    [118,272/223,308  elapsed 25.9s]
    [123,392/223,308  elapsed 26.9s]
    [128,512/223,308  elapsed 27.9s]
    [133,632/223,308  elapsed 29.0s]
    [138,752/223,308  elapsed 30.0s]
    [143,872/223,308  elapsed 31.1s]
    [148,992/223,308  elapsed 32.6s]
    [154,112/223,308  elapsed 33.9s]
    [159,232/223,308  elapsed 35.3s]
    [164,352/223,308  elapsed 36.8s]
    [169,472/223,308  elapsed 38.2s]
    [174,592/223,308  elapsed 39.6s]
    [179,712/223,308  elapsed 41.0s]
    [184,832/223,308  elapsed 42.5s]
    [189,952/223,308  elapsed 43.8s]
    [195,072/223,308  elapsed 44.9s]
    [200,192/223,308  elapsed 46.0s]
    [205,312/223,308  elapsed 47.0s]
    [210,432/223,308  elapsed 48.0s]
    [215,552/223,308  elapsed 49.1s]
    [220,672/223,308  elapsed 50.1s]
  eval done in 50.7s
  by-popularity NDCG@10: tail=0.0001(n=36,610)  mid=0.0018(n=35,266)  head=0.0403(n=151,432)
  epoch   4  loss=9.7524  val_NDCG=0.0334  test_NDCG=0.0276  test_HR=0.0477  (44.4s)
  evaluating 223,308 users in batches of 512...
    [512/223,308  elapsed 0.1s]
    [5,632/223,308  elapsed 1.4s]
    [10,752/223,308  elapsed 2.7s]
    [15,872/223,308  elapsed 4.1s]
    [20,992/223,308  elapsed 5.6s]
    [26,112/223,308  elapsed 6.8s]
    [31,232/223,308  elapsed 8.1s]
    [36,352/223,308  elapsed 9.5s]
    [41,472/223,308  elapsed 10.8s]
    [46,592/223,308  elapsed 12.2s]
    [51,712/223,308  elapsed 13.5s]
    [56,832/223,308  elapsed 14.9s]
    [61,952/223,308  elapsed 16.3s]
    [67,072/223,308  elapsed 17.7s]
    [72,192/223,308  elapsed 19.0s]
    [77,312/223,308  elapsed 20.3s]
    [82,432/223,308  elapsed 21.3s]
    [87,552/223,308  elapsed 22.3s]
    [92,672/223,308  elapsed 23.3s]
    [97,792/223,308  elapsed 24.3s]
    [102,912/223,308  elapsed 25.4s]
    [108,032/223,308  elapsed 26.4s]
    [113,152/223,308  elapsed 27.4s]
    [118,272/223,308  elapsed 28.4s]
    [123,392/223,308  elapsed 29.4s]
    [128,512/223,308  elapsed 30.4s]
    [133,632/223,308  elapsed 31.5s]
    [138,752/223,308  elapsed 32.7s]
    [143,872/223,308  elapsed 34.0s]
    [148,992/223,308  elapsed 35.4s]
    [154,112/223,308  elapsed 36.7s]
    [159,232/223,308  elapsed 38.3s]
    [164,352/223,308  elapsed 39.7s]
    [169,472/223,308  elapsed 41.1s]
    [174,592/223,308  elapsed 42.5s]
    [179,712/223,308  elapsed 43.9s]
    [184,832/223,308  elapsed 45.2s]
    [189,952/223,308  elapsed 46.3s]
    [195,072/223,308  elapsed 47.3s]
    [200,192/223,308  elapsed 48.3s]
    [205,312/223,308  elapsed 49.3s]
    [210,432/223,308  elapsed 50.3s]
    [215,552/223,308  elapsed 51.4s]
    [220,672/223,308  elapsed 52.4s]
  eval done in 52.9s
  by-popularity NDCG@10: tail=0.0004(n=29,887)  mid=0.0038(n=33,352)  head=0.0477(n=160,069)
  evaluating 223,308 users in batches of 512...
    [512/223,308  elapsed 0.1s]
    [5,632/223,308  elapsed 1.2s]
    [10,752/223,308  elapsed 2.2s]
    [15,872/223,308  elapsed 3.2s]
    [20,992/223,308  elapsed 4.2s]
    [26,112/223,308  elapsed 5.2s]
    [31,232/223,308  elapsed 6.3s]
    [36,352/223,308  elapsed 7.3s]
    [41,472/223,308  elapsed 8.3s]
    [46,592/223,308  elapsed 9.3s]
    [51,712/223,308  elapsed 10.4s]
    [56,832/223,308  elapsed 11.4s]
    [61,952/223,308  elapsed 12.4s]
    [67,072/223,308  elapsed 13.5s]
    [72,192/223,308  elapsed 14.5s]
    [77,312/223,308  elapsed 15.5s]
    [82,432/223,308  elapsed 16.5s]
    [87,552/223,308  elapsed 17.5s]
    [92,672/223,308  elapsed 18.6s]
    [97,792/223,308  elapsed 19.6s]
    [102,912/223,308  elapsed 20.6s]
    [108,032/223,308  elapsed 21.6s]
    [113,152/223,308  elapsed 22.7s]
    [118,272/223,308  elapsed 24.0s]
    [123,392/223,308  elapsed 25.4s]
    [128,512/223,308  elapsed 26.8s]
    [133,632/223,308  elapsed 28.1s]
    [138,752/223,308  elapsed 29.5s]
    [143,872/223,308  elapsed 30.9s]
    [148,992/223,308  elapsed 32.3s]
    [154,112/223,308  elapsed 33.7s]
    [159,232/223,308  elapsed 35.1s]
    [164,352/223,308  elapsed 36.3s]
    [169,472/223,308  elapsed 37.3s]
    [174,592/223,308  elapsed 38.4s]
    [179,712/223,308  elapsed 39.4s]
    [184,832/223,308  elapsed 40.4s]
    [189,952/223,308  elapsed 41.4s]
    [195,072/223,308  elapsed 42.4s]
    [200,192/223,308  elapsed 43.5s]
    [205,312/223,308  elapsed 44.5s]
    [210,432/223,308  elapsed 45.5s]
    [215,552/223,308  elapsed 46.5s]
    [220,672/223,308  elapsed 47.5s]
  eval done in 48.0s
  by-popularity NDCG@10: tail=0.0002(n=36,610)  mid=0.0025(n=35,266)  head=0.0415(n=151,432)
  epoch   5  loss=9.6684  val_NDCG=0.0348  test_NDCG=0.0286  test_HR=0.0492  (45.0s)
  evaluating 223,308 users in batches of 512...
    [512/223,308  elapsed 0.1s]
    [5,632/223,308  elapsed 1.5s]
    [10,752/223,308  elapsed 2.9s]
    [15,872/223,308  elapsed 4.3s]
    [20,992/223,308  elapsed 5.7s]
    [26,112/223,308  elapsed 6.9s]
    [31,232/223,308  elapsed 8.2s]
    [36,352/223,308  elapsed 9.6s]
    [41,472/223,308  elapsed 11.0s]
    [46,592/223,308  elapsed 12.5s]
    [51,712/223,308  elapsed 14.0s]
    [56,832/223,308  elapsed 15.5s]
    [61,952/223,308  elapsed 17.0s]
    [67,072/223,308  elapsed 18.4s]
    [72,192/223,308  elapsed 19.9s]
    [77,312/223,308  elapsed 20.9s]
    [82,432/223,308  elapsed 21.9s]
    [87,552/223,308  elapsed 22.9s]
    [92,672/223,308  elapsed 23.9s]
    [97,792/223,308  elapsed 25.0s]
    [102,912/223,308  elapsed 26.0s]
    [108,032/223,308  elapsed 27.0s]
    [113,152/223,308  elapsed 28.0s]
    [118,272/223,308  elapsed 29.1s]
    [123,392/223,308  elapsed 30.0s]
    [128,512/223,308  elapsed 31.0s]
    [133,632/223,308  elapsed 32.1s]
    [138,752/223,308  elapsed 33.1s]
    [143,872/223,308  elapsed 34.1s]
    [148,992/223,308  elapsed 35.1s]
    [154,112/223,308  elapsed 36.1s]
    [159,232/223,308  elapsed 37.1s]
    [164,352/223,308  elapsed 38.1s]
    [169,472/223,308  elapsed 39.1s]
    [174,592/223,308  elapsed 40.1s]
    [179,712/223,308  elapsed 41.1s]
    [184,832/223,308  elapsed 42.2s]
    [189,952/223,308  elapsed 43.2s]
    [195,072/223,308  elapsed 44.2s]
    [200,192/223,308  elapsed 45.2s]
    [205,312/223,308  elapsed 46.2s]
    [210,432/223,308  elapsed 47.2s]
    [215,552/223,308  elapsed 48.2s]
    [220,672/223,308  elapsed 49.3s]
  eval done in 49.8s
  by-popularity NDCG@10: tail=0.0007(n=29,887)  mid=0.0050(n=33,352)  head=0.0487(n=160,069)
  evaluating 223,308 users in batches of 512...
    [512/223,308  elapsed 0.1s]
    [5,632/223,308  elapsed 1.1s]
    [10,752/223,308  elapsed 2.1s]
    [15,872/223,308  elapsed 3.1s]
    [20,992/223,308  elapsed 4.2s]
    [26,112/223,308  elapsed 5.2s]
    [31,232/223,308  elapsed 6.2s]
    [36,352/223,308  elapsed 7.3s]
    [41,472/223,308  elapsed 8.3s]
    [46,592/223,308  elapsed 9.3s]
    [51,712/223,308  elapsed 10.3s]
    [56,832/223,308  elapsed 11.4s]
    [61,952/223,308  elapsed 12.4s]
    [67,072/223,308  elapsed 13.5s]
    [72,192/223,308  elapsed 14.5s]
    [77,312/223,308  elapsed 15.5s]
    [82,432/223,308  elapsed 16.5s]
    [87,552/223,308  elapsed 17.6s]
    [92,672/223,308  elapsed 18.6s]
    [97,792/223,308  elapsed 19.6s]
    [102,912/223,308  elapsed 20.7s]
    [108,032/223,308  elapsed 21.7s]
    [113,152/223,308  elapsed 22.7s]
    [118,272/223,308  elapsed 23.7s]
    [123,392/223,308  elapsed 24.7s]
    [128,512/223,308  elapsed 25.7s]
    [133,632/223,308  elapsed 26.7s]
    [138,752/223,308  elapsed 27.7s]
    [143,872/223,308  elapsed 28.8s]
    [148,992/223,308  elapsed 29.8s]
    [154,112/223,308  elapsed 30.8s]
    [159,232/223,308  elapsed 31.8s]
    [164,352/223,308  elapsed 32.9s]
    [169,472/223,308  elapsed 33.9s]
    [174,592/223,308  elapsed 34.9s]
    [179,712/223,308  elapsed 36.0s]
    [184,832/223,308  elapsed 37.0s]
    [189,952/223,308  elapsed 38.0s]
    [195,072/223,308  elapsed 39.0s]
    [200,192/223,308  elapsed 40.0s]
    [205,312/223,308  elapsed 41.0s]
    [210,432/223,308  elapsed 42.0s]
    [215,552/223,308  elapsed 43.1s]
    [220,672/223,308  elapsed 44.1s]
  eval done in 44.6s
  by-popularity NDCG@10: tail=0.0003(n=36,610)  mid=0.0033(n=35,266)  head=0.0423(n=151,432)
  epoch   6  loss=9.5991  val_NDCG=0.0358  test_NDCG=0.0293  test_HR=0.0501  (43.6s)
  evaluating 223,308 users in batches of 512...
    [512/223,308  elapsed 0.1s]
    [5,632/223,308  elapsed 1.1s]
    [10,752/223,308  elapsed 2.1s]
    [15,872/223,308  elapsed 3.1s]
    [20,992/223,308  elapsed 4.1s]
    [26,112/223,308  elapsed 5.2s]
    [31,232/223,308  elapsed 6.2s]
    [36,352/223,308  elapsed 7.2s]
    [41,472/223,308  elapsed 8.2s]
    [46,592/223,308  elapsed 9.2s]
    [51,712/223,308  elapsed 10.2s]
    [56,832/223,308  elapsed 11.2s]
    [61,952/223,308  elapsed 12.3s]
    [67,072/223,308  elapsed 13.3s]
    [72,192/223,308  elapsed 14.3s]
    [77,312/223,308  elapsed 15.3s]
    [82,432/223,308  elapsed 16.3s]
    [87,552/223,308  elapsed 17.3s]
    [92,672/223,308  elapsed 18.4s]
    [97,792/223,308  elapsed 19.4s]
    [102,912/223,308  elapsed 20.4s]
    [108,032/223,308  elapsed 21.4s]
    [113,152/223,308  elapsed 22.4s]
    [118,272/223,308  elapsed 23.4s]
    [123,392/223,308  elapsed 24.4s]
    [128,512/223,308  elapsed 25.5s]
    [133,632/223,308  elapsed 26.5s]
    [138,752/223,308  elapsed 27.5s]
    [143,872/223,308  elapsed 28.5s]
    [148,992/223,308  elapsed 29.6s]
    [154,112/223,308  elapsed 30.6s]
    [159,232/223,308  elapsed 31.6s]
    [164,352/223,308  elapsed 32.6s]
    [169,472/223,308  elapsed 33.6s]
    [174,592/223,308  elapsed 34.7s]
    [179,712/223,308  elapsed 35.7s]
    [184,832/223,308  elapsed 36.7s]
    [189,952/223,308  elapsed 37.7s]
    [195,072/223,308  elapsed 38.7s]
    [200,192/223,308  elapsed 39.7s]
    [205,312/223,308  elapsed 40.8s]
    [210,432/223,308  elapsed 41.8s]
    [215,552/223,308  elapsed 42.8s]
    [220,672/223,308  elapsed 43.8s]
  eval done in 44.3s
  by-popularity NDCG@10: tail=0.0009(n=29,887)  mid=0.0055(n=33,352)  head=0.0490(n=160,069)
  evaluating 223,308 users in batches of 512...
    [512/223,308  elapsed 0.1s]
    [5,632/223,308  elapsed 1.1s]
    [10,752/223,308  elapsed 2.1s]
    [15,872/223,308  elapsed 3.2s]
    [20,992/223,308  elapsed 4.2s]
    [26,112/223,308  elapsed 5.2s]
    [31,232/223,308  elapsed 6.2s]
    [36,352/223,308  elapsed 7.3s]
    [41,472/223,308  elapsed 8.3s]
    [46,592/223,308  elapsed 9.4s]
    [51,712/223,308  elapsed 10.4s]
    [56,832/223,308  elapsed 11.4s]
    [61,952/223,308  elapsed 12.4s]
    [67,072/223,308  elapsed 13.4s]
    [72,192/223,308  elapsed 14.4s]
    [77,312/223,308  elapsed 15.4s]
    [82,432/223,308  elapsed 16.3s]
    [87,552/223,308  elapsed 17.3s]
    [92,672/223,308  elapsed 18.3s]
    [97,792/223,308  elapsed 19.3s]
    [102,912/223,308  elapsed 20.3s]
    [108,032/223,308  elapsed 21.3s]
    [113,152/223,308  elapsed 22.3s]
    [118,272/223,308  elapsed 23.3s]
    [123,392/223,308  elapsed 24.3s]
    [128,512/223,308  elapsed 25.2s]
    [133,632/223,308  elapsed 26.2s]
    [138,752/223,308  elapsed 27.2s]
    [143,872/223,308  elapsed 28.2s]
    [148,992/223,308  elapsed 29.2s]
    [154,112/223,308  elapsed 30.2s]
    [159,232/223,308  elapsed 31.2s]
    [164,352/223,308  elapsed 32.2s]
    [169,472/223,308  elapsed 33.2s]
    [174,592/223,308  elapsed 34.2s]
    [179,712/223,308  elapsed 35.2s]
    [184,832/223,308  elapsed 36.1s]
    [189,952/223,308  elapsed 37.1s]
    [195,072/223,308  elapsed 38.1s]
    [200,192/223,308  elapsed 39.1s]
    [205,312/223,308  elapsed 40.1s]
    [210,432/223,308  elapsed 41.1s]
    [215,552/223,308  elapsed 42.1s]
    [220,672/223,308  elapsed 43.1s]
  eval done in 43.6s
  by-popularity NDCG@10: tail=0.0003(n=36,610)  mid=0.0034(n=35,266)  head=0.0429(n=151,432)
  epoch   7  loss=9.5403  val_NDCG=0.0361  test_NDCG=0.0297  test_HR=0.0504  (44.2s)
  evaluating 223,308 users in batches of 512...
    [512/223,308  elapsed 0.1s]
    [5,632/223,308  elapsed 1.1s]
    [10,752/223,308  elapsed 2.1s]
    [15,872/223,308  elapsed 3.0s]
    [20,992/223,308  elapsed 4.0s]
    [26,112/223,308  elapsed 5.0s]
    [31,232/223,308  elapsed 6.0s]
    [36,352/223,308  elapsed 7.0s]
    [41,472/223,308  elapsed 7.9s]
    [46,592/223,308  elapsed 8.9s]
    [51,712/223,308  elapsed 9.9s]
    [56,832/223,308  elapsed 10.9s]
    [61,952/223,308  elapsed 11.9s]
    [67,072/223,308  elapsed 12.8s]
    [72,192/223,308  elapsed 13.8s]
    [77,312/223,308  elapsed 14.8s]
    [82,432/223,308  elapsed 15.8s]
    [87,552/223,308  elapsed 16.7s]
    [92,672/223,308  elapsed 17.7s]
    [97,792/223,308  elapsed 18.7s]
    [102,912/223,308  elapsed 19.7s]
    [108,032/223,308  elapsed 20.7s]
    [113,152/223,308  elapsed 21.6s]
    [118,272/223,308  elapsed 22.6s]
    [123,392/223,308  elapsed 23.6s]
    [128,512/223,308  elapsed 24.6s]
    [133,632/223,308  elapsed 25.6s]
    [138,752/223,308  elapsed 26.6s]
    [143,872/223,308  elapsed 27.5s]
    [148,992/223,308  elapsed 28.5s]
    [154,112/223,308  elapsed 29.5s]
    [159,232/223,308  elapsed 30.5s]
    [164,352/223,308  elapsed 31.4s]
    [169,472/223,308  elapsed 32.4s]
    [174,592/223,308  elapsed 33.4s]
    [179,712/223,308  elapsed 34.4s]
    [184,832/223,308  elapsed 35.4s]
    [189,952/223,308  elapsed 36.3s]
    [195,072/223,308  elapsed 37.3s]
    [200,192/223,308  elapsed 38.3s]
    [205,312/223,308  elapsed 39.3s]
    [210,432/223,308  elapsed 40.3s]
    [215,552/223,308  elapsed 41.2s]
    [220,672/223,308  elapsed 42.2s]
  eval done in 42.7s
  by-popularity NDCG@10: tail=0.0010(n=29,887)  mid=0.0063(n=33,352)  head=0.0493(n=160,069)
  evaluating 223,308 users in batches of 512...
    [512/223,308  elapsed 0.1s]
    [5,632/223,308  elapsed 1.1s]
    [10,752/223,308  elapsed 2.1s]
    [15,872/223,308  elapsed 3.1s]
    [20,992/223,308  elapsed 4.1s]
    [26,112/223,308  elapsed 5.1s]
    [31,232/223,308  elapsed 6.0s]
    [36,352/223,308  elapsed 7.0s]
    [41,472/223,308  elapsed 8.0s]
    [46,592/223,308  elapsed 9.0s]
    [51,712/223,308  elapsed 10.0s]
    [56,832/223,308  elapsed 11.0s]
    [61,952/223,308  elapsed 12.0s]
    [67,072/223,308  elapsed 13.0s]
    [72,192/223,308  elapsed 14.0s]
    [77,312/223,308  elapsed 15.0s]
    [82,432/223,308  elapsed 16.0s]
    [87,552/223,308  elapsed 16.9s]
    [92,672/223,308  elapsed 17.9s]
    [97,792/223,308  elapsed 18.9s]
    [102,912/223,308  elapsed 19.9s]
    [108,032/223,308  elapsed 20.9s]
    [113,152/223,308  elapsed 21.9s]
    [118,272/223,308  elapsed 22.9s]
    [123,392/223,308  elapsed 23.9s]
    [128,512/223,308  elapsed 24.8s]
    [133,632/223,308  elapsed 25.8s]
    [138,752/223,308  elapsed 26.8s]
    [143,872/223,308  elapsed 27.8s]
    [148,992/223,308  elapsed 28.8s]
    [154,112/223,308  elapsed 29.8s]
    [159,232/223,308  elapsed 30.8s]
    [164,352/223,308  elapsed 31.7s]
    [169,472/223,308  elapsed 32.8s]
    [174,592/223,308  elapsed 33.7s]
    [179,712/223,308  elapsed 34.7s]
    [184,832/223,308  elapsed 35.7s]
    [189,952/223,308  elapsed 36.7s]
    [195,072/223,308  elapsed 37.7s]
    [200,192/223,308  elapsed 38.7s]
    [205,312/223,308  elapsed 39.7s]
    [210,432/223,308  elapsed 40.7s]
    [215,552/223,308  elapsed 41.7s]
    [220,672/223,308  elapsed 42.6s]
  eval done in 43.1s
  by-popularity NDCG@10: tail=0.0004(n=36,610)  mid=0.0038(n=35,266)  head=0.0426(n=151,432)
  epoch   8  loss=9.4870  val_NDCG=0.0364  test_NDCG=0.0295  test_HR=0.0504  (42.4s)
  evaluating 223,308 users in batches of 512...
    [512/223,308  elapsed 0.1s]
    [5,632/223,308  elapsed 1.5s]
    [10,752/223,308  elapsed 2.8s]
    [15,872/223,308  elapsed 4.1s]
    [20,992/223,308  elapsed 5.3s]
    [26,112/223,308  elapsed 6.3s]
    [31,232/223,308  elapsed 7.3s]
    [36,352/223,308  elapsed 8.3s]
    [41,472/223,308  elapsed 9.3s]
    [46,592/223,308  elapsed 10.3s]
    [51,712/223,308  elapsed 11.3s]
    [56,832/223,308  elapsed 12.2s]
    [61,952/223,308  elapsed 13.2s]
    [67,072/223,308  elapsed 14.2s]
    [72,192/223,308  elapsed 15.2s]
    [77,312/223,308  elapsed 16.2s]
    [82,432/223,308  elapsed 17.2s]
    [87,552/223,308  elapsed 18.2s]
    [92,672/223,308  elapsed 19.1s]
    [97,792/223,308  elapsed 20.1s]
    [102,912/223,308  elapsed 21.1s]
    [108,032/223,308  elapsed 22.1s]
    [113,152/223,308  elapsed 23.1s]
    [118,272/223,308  elapsed 24.1s]
    [123,392/223,308  elapsed 25.1s]
    [128,512/223,308  elapsed 26.0s]
    [133,632/223,308  elapsed 27.0s]
    [138,752/223,308  elapsed 28.0s]
    [143,872/223,308  elapsed 29.0s]
    [148,992/223,308  elapsed 30.0s]
    [154,112/223,308  elapsed 31.0s]
    [159,232/223,308  elapsed 31.9s]
    [164,352/223,308  elapsed 32.9s]
    [169,472/223,308  elapsed 33.9s]
    [174,592/223,308  elapsed 34.9s]
    [179,712/223,308  elapsed 35.9s]
    [184,832/223,308  elapsed 36.9s]
    [189,952/223,308  elapsed 37.9s]
    [195,072/223,308  elapsed 38.9s]
    [200,192/223,308  elapsed 39.8s]
    [205,312/223,308  elapsed 40.8s]
    [210,432/223,308  elapsed 41.8s]
    [215,552/223,308  elapsed 42.8s]
    [220,672/223,308  elapsed 43.8s]
  eval done in 44.3s
  by-popularity NDCG@10: tail=0.0013(n=29,887)  mid=0.0071(n=33,352)  head=0.0497(n=160,069)
  evaluating 223,308 users in batches of 512...
    [512/223,308  elapsed 0.1s]
    [5,632/223,308  elapsed 1.1s]
    [10,752/223,308  elapsed 2.1s]
    [15,872/223,308  elapsed 3.1s]
    [20,992/223,308  elapsed 4.1s]
    [26,112/223,308  elapsed 5.1s]
    [31,232/223,308  elapsed 6.0s]
    [36,352/223,308  elapsed 7.0s]
    [41,472/223,308  elapsed 8.0s]
    [46,592/223,308  elapsed 9.0s]
    [51,712/223,308  elapsed 10.0s]
    [56,832/223,308  elapsed 11.0s]
    [61,952/223,308  elapsed 12.0s]
    [67,072/223,308  elapsed 13.0s]
    [72,192/223,308  elapsed 13.9s]
    [77,312/223,308  elapsed 14.9s]
    [82,432/223,308  elapsed 15.9s]
    [87,552/223,308  elapsed 16.9s]
    [92,672/223,308  elapsed 17.9s]
    [97,792/223,308  elapsed 18.9s]
    [102,912/223,308  elapsed 19.9s]
    [108,032/223,308  elapsed 20.9s]
    [113,152/223,308  elapsed 21.9s]
    [118,272/223,308  elapsed 22.9s]
    [123,392/223,308  elapsed 23.9s]
    [128,512/223,308  elapsed 24.9s]
    [133,632/223,308  elapsed 25.8s]
    [138,752/223,308  elapsed 26.8s]
    [143,872/223,308  elapsed 27.8s]
    [148,992/223,308  elapsed 28.8s]
    [154,112/223,308  elapsed 29.8s]
    [159,232/223,308  elapsed 30.8s]
    [164,352/223,308  elapsed 31.8s]
    [169,472/223,308  elapsed 32.8s]
    [174,592/223,308  elapsed 33.7s]
    [179,712/223,308  elapsed 34.7s]
    [184,832/223,308  elapsed 35.7s]
    [189,952/223,308  elapsed 36.7s]
    [195,072/223,308  elapsed 37.7s]
    [200,192/223,308  elapsed 38.7s]
    [205,312/223,308  elapsed 39.7s]
    [210,432/223,308  elapsed 40.7s]
    [215,552/223,308  elapsed 41.7s]
    [220,672/223,308  elapsed 42.6s]
  eval done in 43.2s
  by-popularity NDCG@10: tail=0.0005(n=36,610)  mid=0.0044(n=35,266)  head=0.0432(n=151,432)
  epoch   9  loss=9.4414  val_NDCG=0.0369  test_NDCG=0.0301  test_HR=0.0511  (43.9s)
  evaluating 223,308 users in batches of 512...
    [512/223,308  elapsed 0.1s]
    [5,632/223,308  elapsed 1.1s]
    [10,752/223,308  elapsed 2.1s]
    [15,872/223,308  elapsed 3.1s]
    [20,992/223,308  elapsed 4.0s]
    [26,112/223,308  elapsed 5.0s]
    [31,232/223,308  elapsed 6.0s]
    [36,352/223,308  elapsed 7.0s]
    [41,472/223,308  elapsed 7.9s]
    [46,592/223,308  elapsed 8.9s]
    [51,712/223,308  elapsed 9.9s]
    [56,832/223,308  elapsed 10.9s]
    [61,952/223,308  elapsed 11.8s]
    [67,072/223,308  elapsed 12.8s]
    [72,192/223,308  elapsed 13.8s]
    [77,312/223,308  elapsed 14.8s]
    [82,432/223,308  elapsed 15.8s]
    [87,552/223,308  elapsed 16.8s]
    [92,672/223,308  elapsed 17.7s]
    [97,792/223,308  elapsed 18.7s]
    [102,912/223,308  elapsed 19.7s]
    [108,032/223,308  elapsed 20.7s]
    [113,152/223,308  elapsed 21.7s]
    [118,272/223,308  elapsed 22.7s]
    [123,392/223,308  elapsed 23.6s]
    [128,512/223,308  elapsed 24.6s]
    [133,632/223,308  elapsed 25.6s]
    [138,752/223,308  elapsed 26.6s]
    [143,872/223,308  elapsed 27.6s]
    [148,992/223,308  elapsed 28.6s]
    [154,112/223,308  elapsed 29.6s]
    [159,232/223,308  elapsed 30.5s]
    [164,352/223,308  elapsed 31.5s]
    [169,472/223,308  elapsed 32.5s]
    [174,592/223,308  elapsed 33.5s]
    [179,712/223,308  elapsed 34.5s]
    [184,832/223,308  elapsed 35.5s]
    [189,952/223,308  elapsed 36.4s]
    [195,072/223,308  elapsed 37.4s]
    [200,192/223,308  elapsed 38.4s]
    [205,312/223,308  elapsed 39.4s]
    [210,432/223,308  elapsed 40.4s]
    [215,552/223,308  elapsed 41.3s]
    [220,672/223,308  elapsed 42.3s]
  eval done in 42.8s
  by-popularity NDCG@10: tail=0.0013(n=29,887)  mid=0.0072(n=33,352)  head=0.0500(n=160,069)
  evaluating 223,308 users in batches of 512...
    [512/223,308  elapsed 0.1s]
    [5,632/223,308  elapsed 1.1s]
    [10,752/223,308  elapsed 2.1s]
    [15,872/223,308  elapsed 3.1s]
    [20,992/223,308  elapsed 4.1s]
    [26,112/223,308  elapsed 5.1s]
    [31,232/223,308  elapsed 6.1s]
    [36,352/223,308  elapsed 7.1s]
    [41,472/223,308  elapsed 8.0s]
    [46,592/223,308  elapsed 9.0s]
    [51,712/223,308  elapsed 10.0s]
    [56,832/223,308  elapsed 11.0s]
    [61,952/223,308  elapsed 12.0s]
    [67,072/223,308  elapsed 13.0s]
    [72,192/223,308  elapsed 14.0s]
    [77,312/223,308  elapsed 14.9s]
    [82,432/223,308  elapsed 15.9s]
    [87,552/223,308  elapsed 16.9s]
    [92,672/223,308  elapsed 17.9s]
    [97,792/223,308  elapsed 18.9s]
    [102,912/223,308  elapsed 19.9s]
    [108,032/223,308  elapsed 20.9s]
    [113,152/223,308  elapsed 21.8s]
    [118,272/223,308  elapsed 22.8s]
    [123,392/223,308  elapsed 23.8s]
    [128,512/223,308  elapsed 24.8s]
    [133,632/223,308  elapsed 25.8s]
    [138,752/223,308  elapsed 26.8s]
    [143,872/223,308  elapsed 27.8s]
    [148,992/223,308  elapsed 28.8s]
    [154,112/223,308  elapsed 29.7s]
    [159,232/223,308  elapsed 30.7s]
    [164,352/223,308  elapsed 31.7s]
    [169,472/223,308  elapsed 32.7s]
    [174,592/223,308  elapsed 33.7s]
    [179,712/223,308  elapsed 34.7s]
    [184,832/223,308  elapsed 35.7s]
    [189,952/223,308  elapsed 36.7s]
    [195,072/223,308  elapsed 37.7s]
    [200,192/223,308  elapsed 38.7s]
    [205,312/223,308  elapsed 39.7s]
    [210,432/223,308  elapsed 40.7s]
    [215,552/223,308  elapsed 41.7s]
    [220,672/223,308  elapsed 42.7s]
  eval done in 43.2s
  by-popularity NDCG@10: tail=0.0005(n=36,610)  mid=0.0047(n=35,266)  head=0.0434(n=151,432)
  epoch  10  loss=9.3956  val_NDCG=0.0371  test_NDCG=0.0302  test_HR=0.0513  (42.4s)
  evaluating 223,308 users in batches of 512...
    [512/223,308  elapsed 0.1s]
    [5,632/223,308  elapsed 1.1s]
    [10,752/223,308  elapsed 2.1s]
    [15,872/223,308  elapsed 3.1s]
    [20,992/223,308  elapsed 4.0s]
    [26,112/223,308  elapsed 5.0s]
    [31,232/223,308  elapsed 6.0s]
    [36,352/223,308  elapsed 6.9s]
    [41,472/223,308  elapsed 7.9s]
    [46,592/223,308  elapsed 8.9s]
    [51,712/223,308  elapsed 9.9s]
    [56,832/223,308  elapsed 10.9s]
    [61,952/223,308  elapsed 11.9s]
    [67,072/223,308  elapsed 12.8s]
    [72,192/223,308  elapsed 13.8s]
    [77,312/223,308  elapsed 14.8s]
    [82,432/223,308  elapsed 15.8s]
    [87,552/223,308  elapsed 16.7s]
    [92,672/223,308  elapsed 17.7s]
    [97,792/223,308  elapsed 18.7s]
    [102,912/223,308  elapsed 19.7s]
    [108,032/223,308  elapsed 20.7s]
    [113,152/223,308  elapsed 21.6s]
    [118,272/223,308  elapsed 22.6s]
    [123,392/223,308  elapsed 23.6s]
    [128,512/223,308  elapsed 24.6s]
    [133,632/223,308  elapsed 25.6s]
    [138,752/223,308  elapsed 26.6s]
    [143,872/223,308  elapsed 27.5s]
    [148,992/223,308  elapsed 28.5s]
    [154,112/223,308  elapsed 29.5s]
    [159,232/223,308  elapsed 30.5s]
    [164,352/223,308  elapsed 31.5s]
    [169,472/223,308  elapsed 32.4s]
    [174,592/223,308  elapsed 33.4s]
    [179,712/223,308  elapsed 34.4s]
    [184,832/223,308  elapsed 35.4s]
    [189,952/223,308  elapsed 36.4s]
    [195,072/223,308  elapsed 37.4s]
    [200,192/223,308  elapsed 38.4s]
    [205,312/223,308  elapsed 39.3s]
    [210,432/223,308  elapsed 40.3s]
    [215,552/223,308  elapsed 41.3s]
    [220,672/223,308  elapsed 42.3s]
  eval done in 42.8s
  by-popularity NDCG@10: tail=0.0014(n=29,887)  mid=0.0077(n=33,352)  head=0.0498(n=160,069)
  evaluating 223,308 users in batches of 512...
    [512/223,308  elapsed 0.1s]
    [5,632/223,308  elapsed 1.1s]
    [10,752/223,308  elapsed 2.1s]
    [15,872/223,308  elapsed 3.1s]
    [20,992/223,308  elapsed 4.1s]
    [26,112/223,308  elapsed 5.1s]
    [31,232/223,308  elapsed 6.1s]
    [36,352/223,308  elapsed 7.1s]
    [41,472/223,308  elapsed 8.0s]
    [46,592/223,308  elapsed 9.0s]
    [51,712/223,308  elapsed 10.0s]
    [56,832/223,308  elapsed 11.0s]
    [61,952/223,308  elapsed 12.0s]
    [67,072/223,308  elapsed 13.0s]
    [72,192/223,308  elapsed 13.9s]
    [77,312/223,308  elapsed 14.9s]
    [82,432/223,308  elapsed 15.9s]
    [87,552/223,308  elapsed 16.9s]
    [92,672/223,308  elapsed 17.8s]
    [97,792/223,308  elapsed 18.8s]
    [102,912/223,308  elapsed 19.8s]
    [108,032/223,308  elapsed 20.8s]
    [113,152/223,308  elapsed 21.7s]
    [118,272/223,308  elapsed 22.7s]
    [123,392/223,308  elapsed 23.7s]
    [128,512/223,308  elapsed 24.6s]
    [133,632/223,308  elapsed 25.6s]
    [138,752/223,308  elapsed 26.6s]
    [143,872/223,308  elapsed 27.6s]
    [148,992/223,308  elapsed 28.5s]
    [154,112/223,308  elapsed 29.5s]
    [159,232/223,308  elapsed 30.5s]
    [164,352/223,308  elapsed 31.5s]
    [169,472/223,308  elapsed 32.4s]
    [174,592/223,308  elapsed 33.4s]
    [179,712/223,308  elapsed 34.4s]
    [184,832/223,308  elapsed 35.4s]
    [189,952/223,308  elapsed 36.3s]
    [195,072/223,308  elapsed 37.3s]
    [200,192/223,308  elapsed 38.3s]
    [205,312/223,308  elapsed 39.3s]
    [210,432/223,308  elapsed 40.3s]
    [215,552/223,308  elapsed 41.2s]
    [220,672/223,308  elapsed 42.2s]
  eval done in 42.7s
  by-popularity NDCG@10: tail=0.0006(n=36,610)  mid=0.0048(n=35,266)  head=0.0432(n=151,432)
  epoch  11  loss=9.3545  val_NDCG=0.0371  test_NDCG=0.0301  test_HR=0.0507  (42.5s)
  evaluating 223,308 users in batches of 512...
    [512/223,308  elapsed 0.1s]
    [5,632/223,308  elapsed 1.1s]
    [10,752/223,308  elapsed 2.0s]
    [15,872/223,308  elapsed 3.0s]
    [20,992/223,308  elapsed 4.0s]
    [26,112/223,308  elapsed 4.9s]
    [31,232/223,308  elapsed 5.9s]
    [36,352/223,308  elapsed 6.9s]
    [41,472/223,308  elapsed 7.8s]
    [46,592/223,308  elapsed 8.8s]
    [51,712/223,308  elapsed 9.8s]
    [56,832/223,308  elapsed 10.7s]
    [61,952/223,308  elapsed 11.7s]
    [67,072/223,308  elapsed 12.7s]
    [72,192/223,308  elapsed 13.7s]
    [77,312/223,308  elapsed 14.6s]
    [82,432/223,308  elapsed 15.6s]
    [87,552/223,308  elapsed 16.6s]
    [92,672/223,308  elapsed 17.5s]
    [97,792/223,308  elapsed 18.5s]
    [102,912/223,308  elapsed 19.5s]
    [108,032/223,308  elapsed 20.4s]
    [113,152/223,308  elapsed 21.4s]
    [118,272/223,308  elapsed 22.4s]
    [123,392/223,308  elapsed 23.3s]
    [128,512/223,308  elapsed 24.3s]
    [133,632/223,308  elapsed 25.3s]
    [138,752/223,308  elapsed 26.2s]
    [143,872/223,308  elapsed 27.2s]
    [148,992/223,308  elapsed 28.2s]
    [154,112/223,308  elapsed 29.2s]
    [159,232/223,308  elapsed 30.1s]
    [164,352/223,308  elapsed 31.1s]
    [169,472/223,308  elapsed 32.1s]
    [174,592/223,308  elapsed 33.0s]
    [179,712/223,308  elapsed 34.0s]
    [184,832/223,308  elapsed 35.0s]
    [189,952/223,308  elapsed 35.9s]
    [195,072/223,308  elapsed 36.9s]
    [200,192/223,308  elapsed 37.9s]
    [205,312/223,308  elapsed 38.8s]
    [210,432/223,308  elapsed 39.8s]
    [215,552/223,308  elapsed 40.8s]
    [220,672/223,308  elapsed 41.7s]
  eval done in 42.2s
  by-popularity NDCG@10: tail=0.0015(n=29,887)  mid=0.0083(n=33,352)  head=0.0499(n=160,069)
  evaluating 223,308 users in batches of 512...
    [512/223,308  elapsed 0.1s]
    [5,632/223,308  elapsed 1.1s]
    [10,752/223,308  elapsed 2.1s]
    [15,872/223,308  elapsed 3.0s]
    [20,992/223,308  elapsed 4.0s]
    [26,112/223,308  elapsed 5.0s]
    [31,232/223,308  elapsed 6.0s]
    [36,352/223,308  elapsed 6.9s]
    [41,472/223,308  elapsed 7.9s]
    [46,592/223,308  elapsed 8.9s]
    [51,712/223,308  elapsed 9.9s]
    [56,832/223,308  elapsed 10.8s]
    [61,952/223,308  elapsed 11.8s]
    [67,072/223,308  elapsed 12.8s]
    [72,192/223,308  elapsed 13.8s]
    [77,312/223,308  elapsed 14.7s]
    [82,432/223,308  elapsed 15.7s]
    [87,552/223,308  elapsed 16.7s]
    [92,672/223,308  elapsed 17.7s]
    [97,792/223,308  elapsed 18.6s]
    [102,912/223,308  elapsed 19.6s]
    [108,032/223,308  elapsed 20.6s]
    [113,152/223,308  elapsed 21.6s]
    [118,272/223,308  elapsed 22.5s]
    [123,392/223,308  elapsed 23.5s]
    [128,512/223,308  elapsed 24.5s]
    [133,632/223,308  elapsed 25.5s]
    [138,752/223,308  elapsed 26.4s]
    [143,872/223,308  elapsed 27.4s]
    [148,992/223,308  elapsed 28.4s]
    [154,112/223,308  elapsed 29.4s]
    [159,232/223,308  elapsed 30.4s]
    [164,352/223,308  elapsed 31.4s]
    [169,472/223,308  elapsed 32.3s]
    [174,592/223,308  elapsed 33.3s]
    [179,712/223,308  elapsed 34.3s]
    [184,832/223,308  elapsed 35.3s]
    [189,952/223,308  elapsed 36.2s]
    [195,072/223,308  elapsed 37.2s]
    [200,192/223,308  elapsed 38.2s]
    [205,312/223,308  elapsed 39.2s]
    [210,432/223,308  elapsed 40.1s]
    [215,552/223,308  elapsed 41.1s]
    [220,672/223,308  elapsed 42.1s]
  eval done in 42.6s
  by-popularity NDCG@10: tail=0.0007(n=36,610)  mid=0.0053(n=35,266)  head=0.0432(n=151,432)
  epoch  12  loss=9.3159  val_NDCG=0.0372  test_NDCG=0.0302  test_HR=0.0510  (41.4s)
  evaluating 223,308 users in batches of 512...
    [512/223,308  elapsed 0.1s]
    [5,632/223,308  elapsed 1.1s]
    [10,752/223,308  elapsed 2.0s]
    [15,872/223,308  elapsed 3.0s]
    [20,992/223,308  elapsed 4.0s]
    [26,112/223,308  elapsed 4.9s]
    [31,232/223,308  elapsed 5.9s]
    [36,352/223,308  elapsed 6.9s]
    [41,472/223,308  elapsed 7.9s]
    [46,592/223,308  elapsed 8.8s]
    [51,712/223,308  elapsed 9.8s]
    [56,832/223,308  elapsed 10.8s]
    [61,952/223,308  elapsed 11.7s]
    [67,072/223,308  elapsed 12.7s]
    [72,192/223,308  elapsed 13.7s]
    [77,312/223,308  elapsed 14.7s]
    [82,432/223,308  elapsed 15.7s]
    [87,552/223,308  elapsed 16.6s]
    [92,672/223,308  elapsed 17.6s]
    [97,792/223,308  elapsed 18.6s]
    [102,912/223,308  elapsed 19.5s]
    [108,032/223,308  elapsed 20.5s]
    [113,152/223,308  elapsed 21.5s]
    [118,272/223,308  elapsed 22.5s]
    [123,392/223,308  elapsed 23.4s]
    [128,512/223,308  elapsed 24.4s]
    [133,632/223,308  elapsed 25.4s]
    [138,752/223,308  elapsed 26.4s]
    [143,872/223,308  elapsed 27.3s]
    [148,992/223,308  elapsed 28.3s]
    [154,112/223,308  elapsed 29.3s]
    [159,232/223,308  elapsed 30.2s]
    [164,352/223,308  elapsed 31.2s]
    [169,472/223,308  elapsed 32.2s]
    [174,592/223,308  elapsed 33.1s]
    [179,712/223,308  elapsed 34.1s]
    [184,832/223,308  elapsed 35.1s]
    [189,952/223,308  elapsed 36.0s]
    [195,072/223,308  elapsed 37.0s]
    [200,192/223,308  elapsed 38.0s]
    [205,312/223,308  elapsed 39.0s]
    [210,432/223,308  elapsed 39.9s]
    [215,552/223,308  elapsed 40.9s]
    [220,672/223,308  elapsed 41.9s]
  eval done in 42.4s
  by-popularity NDCG@10: tail=0.0017(n=29,887)  mid=0.0084(n=33,352)  head=0.0502(n=160,069)
  evaluating 223,308 users in batches of 512...
    [512/223,308  elapsed 0.1s]
    [5,632/223,308  elapsed 1.1s]
    [10,752/223,308  elapsed 2.1s]
    [15,872/223,308  elapsed 3.0s]
    [20,992/223,308  elapsed 4.0s]
    [26,112/223,308  elapsed 5.0s]
    [31,232/223,308  elapsed 6.0s]
    [36,352/223,308  elapsed 7.0s]
    [41,472/223,308  elapsed 7.9s]
    [46,592/223,308  elapsed 8.9s]
    [51,712/223,308  elapsed 9.9s]
    [56,832/223,308  elapsed 10.9s]
    [61,952/223,308  elapsed 11.9s]
    [67,072/223,308  elapsed 12.8s]
    [72,192/223,308  elapsed 13.8s]
    [77,312/223,308  elapsed 14.8s]
    [82,432/223,308  elapsed 15.8s]
    [87,552/223,308  elapsed 16.7s]
    [92,672/223,308  elapsed 17.7s]
    [97,792/223,308  elapsed 18.7s]
    [102,912/223,308  elapsed 19.7s]
    [108,032/223,308  elapsed 20.6s]
    [113,152/223,308  elapsed 21.6s]
    [118,272/223,308  elapsed 22.6s]
    [123,392/223,308  elapsed 23.6s]
    [128,512/223,308  elapsed 24.6s]
    [133,632/223,308  elapsed 25.6s]
    [138,752/223,308  elapsed 26.6s]
    [143,872/223,308  elapsed 27.5s]
    [148,992/223,308  elapsed 28.5s]
    [154,112/223,308  elapsed 29.5s]
    [159,232/223,308  elapsed 30.5s]
    [164,352/223,308  elapsed 31.4s]
    [169,472/223,308  elapsed 32.4s]
    [174,592/223,308  elapsed 33.4s]
    [179,712/223,308  elapsed 34.4s]
    [184,832/223,308  elapsed 35.4s]
    [189,952/223,308  elapsed 36.3s]
    [195,072/223,308  elapsed 37.3s]
    [200,192/223,308  elapsed 38.3s]
    [205,312/223,308  elapsed 39.3s]
    [210,432/223,308  elapsed 40.3s]
    [215,552/223,308  elapsed 41.2s]
    [220,672/223,308  elapsed 42.2s]
  eval done in 42.7s
  by-popularity NDCG@10: tail=0.0008(n=36,610)  mid=0.0054(n=35,266)  head=0.0433(n=151,432)
  epoch  13  loss=9.2789  val_NDCG=0.0375  test_NDCG=0.0303  test_HR=0.0512  (42.2s)
  evaluating 223,308 users in batches of 512...
    [512/223,308  elapsed 0.1s]
    [5,632/223,308  elapsed 1.5s]
    [10,752/223,308  elapsed 2.8s]
    [15,872/223,308  elapsed 4.1s]
    [20,992/223,308  elapsed 5.3s]
    [26,112/223,308  elapsed 6.6s]
    [31,232/223,308  elapsed 7.9s]
    [36,352/223,308  elapsed 9.1s]
    [41,472/223,308  elapsed 10.1s]
    [46,592/223,308  elapsed 11.0s]
    [51,712/223,308  elapsed 12.0s]
    [56,832/223,308  elapsed 12.9s]
    [61,952/223,308  elapsed 13.9s]
    [67,072/223,308  elapsed 14.9s]
    [72,192/223,308  elapsed 15.8s]
    [77,312/223,308  elapsed 16.8s]
    [82,432/223,308  elapsed 17.8s]
    [87,552/223,308  elapsed 18.7s]
    [92,672/223,308  elapsed 19.7s]
    [97,792/223,308  elapsed 20.6s]
    [102,912/223,308  elapsed 21.6s]
    [108,032/223,308  elapsed 22.5s]
    [113,152/223,308  elapsed 23.5s]
    [118,272/223,308  elapsed 24.5s]
    [123,392/223,308  elapsed 25.4s]
    [128,512/223,308  elapsed 26.4s]
    [133,632/223,308  elapsed 27.4s]
    [138,752/223,308  elapsed 28.3s]
    [143,872/223,308  elapsed 29.3s]
    [148,992/223,308  elapsed 30.2s]
    [154,112/223,308  elapsed 31.2s]
    [159,232/223,308  elapsed 32.2s]
    [164,352/223,308  elapsed 33.1s]
    [169,472/223,308  elapsed 34.1s]
    [174,592/223,308  elapsed 35.1s]
    [179,712/223,308  elapsed 36.0s]
    [184,832/223,308  elapsed 37.0s]
    [189,952/223,308  elapsed 38.0s]
    [195,072/223,308  elapsed 38.9s]
    [200,192/223,308  elapsed 39.9s]
    [205,312/223,308  elapsed 40.9s]
    [210,432/223,308  elapsed 41.8s]
    [215,552/223,308  elapsed 42.8s]
    [220,672/223,308  elapsed 43.8s]
  eval done in 44.3s
  by-popularity NDCG@10: tail=0.0018(n=29,887)  mid=0.0086(n=33,352)  head=0.0501(n=160,069)
  evaluating 223,308 users in batches of 512...
    [512/223,308  elapsed 0.1s]
    [5,632/223,308  elapsed 1.1s]
    [10,752/223,308  elapsed 2.0s]
    [15,872/223,308  elapsed 3.0s]
    [20,992/223,308  elapsed 4.0s]
    [26,112/223,308  elapsed 4.9s]
    [31,232/223,308  elapsed 5.9s]
    [36,352/223,308  elapsed 6.9s]
    [41,472/223,308  elapsed 7.8s]
    [46,592/223,308  elapsed 8.8s]
    [51,712/223,308  elapsed 9.8s]
    [56,832/223,308  elapsed 10.8s]
    [61,952/223,308  elapsed 11.8s]
    [67,072/223,308  elapsed 12.7s]
    [72,192/223,308  elapsed 13.7s]
    [77,312/223,308  elapsed 14.7s]
    [82,432/223,308  elapsed 15.7s]
    [87,552/223,308  elapsed 16.6s]
    [92,672/223,308  elapsed 17.6s]
    [97,792/223,308  elapsed 18.6s]
    [102,912/223,308  elapsed 19.5s]
    [108,032/223,308  elapsed 20.5s]
    [113,152/223,308  elapsed 21.5s]
    [118,272/223,308  elapsed 22.5s]
    [123,392/223,308  elapsed 23.4s]
    [128,512/223,308  elapsed 24.4s]
    [133,632/223,308  elapsed 25.4s]
    [138,752/223,308  elapsed 26.4s]
    [143,872/223,308  elapsed 27.4s]
    [148,992/223,308  elapsed 28.3s]
    [154,112/223,308  elapsed 29.3s]
    [159,232/223,308  elapsed 30.3s]
    [164,352/223,308  elapsed 31.3s]
    [169,472/223,308  elapsed 32.2s]
    [174,592/223,308  elapsed 33.2s]
    [179,712/223,308  elapsed 34.2s]
    [184,832/223,308  elapsed 35.2s]
    [189,952/223,308  elapsed 36.1s]
    [195,072/223,308  elapsed 37.1s]
    [200,192/223,308  elapsed 38.1s]
    [205,312/223,308  elapsed 39.1s]
    [210,432/223,308  elapsed 40.0s]
    [215,552/223,308  elapsed 41.0s]
    [220,672/223,308  elapsed 42.0s]
  eval done in 42.5s
  by-popularity NDCG@10: tail=0.0008(n=36,610)  mid=0.0056(n=35,266)  head=0.0434(n=151,432)
  epoch  14  loss=9.2446  val_NDCG=0.0375  test_NDCG=0.0304  test_HR=0.0511  (43.5s)
  evaluating 223,308 users in batches of 512...
    [512/223,308  elapsed 0.1s]
    [5,632/223,308  elapsed 1.4s]
    [10,752/223,308  elapsed 2.6s]
    [15,872/223,308  elapsed 3.8s]
    [20,992/223,308  elapsed 5.1s]
    [26,112/223,308  elapsed 6.4s]
    [31,232/223,308  elapsed 7.6s]
    [36,352/223,308  elapsed 8.8s]
    [41,472/223,308  elapsed 10.1s]
    [46,592/223,308  elapsed 11.3s]
    [51,712/223,308  elapsed 12.6s]
    [56,832/223,308  elapsed 13.9s]
    [61,952/223,308  elapsed 15.2s]
    [67,072/223,308  elapsed 16.2s]
    [72,192/223,308  elapsed 17.3s]
    [77,312/223,308  elapsed 18.6s]
    [82,432/223,308  elapsed 19.9s]
    [87,552/223,308  elapsed 21.1s]
    [92,672/223,308  elapsed 22.3s]
    [97,792/223,308  elapsed 23.6s]
    [102,912/223,308  elapsed 24.8s]
    [108,032/223,308  elapsed 26.1s]
    [113,152/223,308  elapsed 27.5s]
    [118,272/223,308  elapsed 28.8s]
    [123,392/223,308  elapsed 29.9s]
    [128,512/223,308  elapsed 30.9s]
    [133,632/223,308  elapsed 31.8s]
    [138,752/223,308  elapsed 32.8s]
    [143,872/223,308  elapsed 33.7s]
    [148,992/223,308  elapsed 34.7s]
    [154,112/223,308  elapsed 35.7s]
    [159,232/223,308  elapsed 36.7s]
    [164,352/223,308  elapsed 37.6s]
    [169,472/223,308  elapsed 38.6s]
    [174,592/223,308  elapsed 39.6s]
    [179,712/223,308  elapsed 40.5s]
    [184,832/223,308  elapsed 41.5s]
    [189,952/223,308  elapsed 42.5s]
    [195,072/223,308  elapsed 43.4s]
    [200,192/223,308  elapsed 44.4s]
    [205,312/223,308  elapsed 45.4s]
    [210,432/223,308  elapsed 46.4s]
    [215,552/223,308  elapsed 47.3s]
    [220,672/223,308  elapsed 48.3s]
  eval done in 48.8s
  by-popularity NDCG@10: tail=0.0019(n=29,887)  mid=0.0088(n=33,352)  head=0.0502(n=160,069)
  evaluating 223,308 users in batches of 512...
    [512/223,308  elapsed 0.1s]
    [5,632/223,308  elapsed 1.1s]
    [10,752/223,308  elapsed 2.0s]
    [15,872/223,308  elapsed 3.0s]
    [20,992/223,308  elapsed 4.0s]
    [26,112/223,308  elapsed 5.0s]
    [31,232/223,308  elapsed 5.9s]
    [36,352/223,308  elapsed 6.9s]
    [41,472/223,308  elapsed 7.9s]
    [46,592/223,308  elapsed 8.8s]
    [51,712/223,308  elapsed 9.8s]
    [56,832/223,308  elapsed 10.8s]
    [61,952/223,308  elapsed 11.7s]
    [67,072/223,308  elapsed 12.7s]
    [72,192/223,308  elapsed 13.7s]
    [77,312/223,308  elapsed 14.7s]
    [82,432/223,308  elapsed 15.6s]
    [87,552/223,308  elapsed 16.6s]
    [92,672/223,308  elapsed 17.6s]
    [97,792/223,308  elapsed 18.6s]
    [102,912/223,308  elapsed 19.5s]
    [108,032/223,308  elapsed 20.5s]
    [113,152/223,308  elapsed 21.5s]
    [118,272/223,308  elapsed 22.5s]
    [123,392/223,308  elapsed 23.4s]
    [128,512/223,308  elapsed 24.4s]
    [133,632/223,308  elapsed 25.4s]
    [138,752/223,308  elapsed 26.3s]
    [143,872/223,308  elapsed 27.3s]
    [148,992/223,308  elapsed 28.3s]
    [154,112/223,308  elapsed 29.3s]
    [159,232/223,308  elapsed 30.2s]
    [164,352/223,308  elapsed 31.2s]
    [169,472/223,308  elapsed 32.2s]
    [174,592/223,308  elapsed 33.1s]
    [179,712/223,308  elapsed 34.1s]
    [184,832/223,308  elapsed 35.1s]
    [189,952/223,308  elapsed 36.1s]
    [195,072/223,308  elapsed 37.0s]
    [200,192/223,308  elapsed 38.0s]
    [205,312/223,308  elapsed 39.0s]
    [210,432/223,308  elapsed 39.9s]
    [215,552/223,308  elapsed 40.9s]
    [220,672/223,308  elapsed 41.9s]
  eval done in 42.4s
  by-popularity NDCG@10: tail=0.0008(n=36,610)  mid=0.0058(n=35,266)  head=0.0434(n=151,432)
  epoch  15  loss=9.2151  val_NDCG=0.0375  test_NDCG=0.0305  test_HR=0.0512  (42.6s)
  evaluating 223,308 users in batches of 512...
    [512/223,308  elapsed 0.1s]
    [5,632/223,308  elapsed 1.1s]
    [10,752/223,308  elapsed 2.0s]
    [15,872/223,308  elapsed 3.0s]
    [20,992/223,308  elapsed 4.0s]
    [26,112/223,308  elapsed 4.9s]
    [31,232/223,308  elapsed 5.9s]
    [36,352/223,308  elapsed 6.9s]
    [41,472/223,308  elapsed 7.9s]
    [46,592/223,308  elapsed 8.8s]
    [51,712/223,308  elapsed 9.8s]
    [56,832/223,308  elapsed 10.7s]
    [61,952/223,308  elapsed 11.7s]
    [67,072/223,308  elapsed 12.7s]
    [72,192/223,308  elapsed 13.6s]
    [77,312/223,308  elapsed 14.6s]
    [82,432/223,308  elapsed 15.6s]
    [87,552/223,308  elapsed 16.5s]
    [92,672/223,308  elapsed 17.5s]
    [97,792/223,308  elapsed 18.5s]
    [102,912/223,308  elapsed 19.5s]
    [108,032/223,308  elapsed 20.5s]
    [113,152/223,308  elapsed 21.4s]
    [118,272/223,308  elapsed 22.4s]
    [123,392/223,308  elapsed 23.4s]
    [128,512/223,308  elapsed 24.3s]
    [133,632/223,308  elapsed 25.3s]
    [138,752/223,308  elapsed 26.3s]
    [143,872/223,308  elapsed 27.2s]
    [148,992/223,308  elapsed 28.2s]
    [154,112/223,308  elapsed 29.2s]
    [159,232/223,308  elapsed 30.1s]
    [164,352/223,308  elapsed 31.1s]
    [169,472/223,308  elapsed 32.1s]
    [174,592/223,308  elapsed 33.0s]
    [179,712/223,308  elapsed 34.0s]
    [184,832/223,308  elapsed 35.0s]
    [189,952/223,308  elapsed 36.0s]
    [195,072/223,308  elapsed 36.9s]
    [200,192/223,308  elapsed 37.9s]
    [205,312/223,308  elapsed 38.9s]
    [210,432/223,308  elapsed 39.9s]
    [215,552/223,308  elapsed 40.8s]
    [220,672/223,308  elapsed 41.8s]
  eval done in 42.3s
  by-popularity NDCG@10: tail=0.0019(n=29,887)  mid=0.0088(n=33,352)  head=0.0501(n=160,069)
  evaluating 223,308 users in batches of 512...
    [512/223,308  elapsed 0.1s]
    [5,632/223,308  elapsed 1.1s]
    [10,752/223,308  elapsed 2.1s]
    [15,872/223,308  elapsed 3.0s]
    [20,992/223,308  elapsed 4.0s]
    [26,112/223,308  elapsed 5.0s]
    [31,232/223,308  elapsed 6.0s]
    [36,352/223,308  elapsed 6.9s]
    [41,472/223,308  elapsed 7.9s]
    [46,592/223,308  elapsed 8.9s]
    [51,712/223,308  elapsed 9.9s]
    [56,832/223,308  elapsed 10.8s]
    [61,952/223,308  elapsed 11.8s]
    [67,072/223,308  elapsed 12.7s]
    [72,192/223,308  elapsed 13.7s]
    [77,312/223,308  elapsed 14.7s]
    [82,432/223,308  elapsed 15.7s]
    [87,552/223,308  elapsed 16.6s]
    [92,672/223,308  elapsed 17.6s]
    [97,792/223,308  elapsed 18.6s]
    [102,912/223,308  elapsed 19.6s]
    [108,032/223,308  elapsed 20.5s]
    [113,152/223,308  elapsed 21.5s]
    [118,272/223,308  elapsed 22.5s]
    [123,392/223,308  elapsed 23.5s]
    [128,512/223,308  elapsed 24.4s]
    [133,632/223,308  elapsed 25.4s]
    [138,752/223,308  elapsed 26.4s]
    [143,872/223,308  elapsed 27.3s]
    [148,992/223,308  elapsed 28.3s]
    [154,112/223,308  elapsed 29.3s]
    [159,232/223,308  elapsed 30.3s]
    [164,352/223,308  elapsed 31.2s]
    [169,472/223,308  elapsed 32.2s]
    [174,592/223,308  elapsed 33.2s]
    [179,712/223,308  elapsed 34.2s]
    [184,832/223,308  elapsed 35.1s]
    [189,952/223,308  elapsed 36.1s]
    [195,072/223,308  elapsed 37.1s]
    [200,192/223,308  elapsed 38.1s]
    [205,312/223,308  elapsed 39.0s]
    [210,432/223,308  elapsed 40.0s]
    [215,552/223,308  elapsed 41.0s]
    [220,672/223,308  elapsed 42.0s]
  eval done in 42.5s
  by-popularity NDCG@10: tail=0.0009(n=36,610)  mid=0.0058(n=35,266)  head=0.0434(n=151,432)
  epoch  16  loss=9.1882  val_NDCG=0.0375  test_NDCG=0.0305  test_HR=0.0512  (42.1s)
  evaluating 223,308 users in batches of 512...
    [512/223,308  elapsed 0.1s]
    [5,632/223,308  elapsed 1.0s]
    [10,752/223,308  elapsed 2.0s]
    [15,872/223,308  elapsed 3.0s]
    [20,992/223,308  elapsed 3.9s]
    [26,112/223,308  elapsed 4.9s]
    [31,232/223,308  elapsed 5.9s]
    [36,352/223,308  elapsed 6.8s]
    [41,472/223,308  elapsed 7.8s]
    [46,592/223,308  elapsed 8.8s]
    [51,712/223,308  elapsed 9.7s]
    [56,832/223,308  elapsed 10.7s]
    [61,952/223,308  elapsed 11.7s]
    [67,072/223,308  elapsed 12.6s]
    [72,192/223,308  elapsed 13.6s]
    [77,312/223,308  elapsed 14.6s]
    [82,432/223,308  elapsed 15.5s]
    [87,552/223,308  elapsed 16.5s]
    [92,672/223,308  elapsed 17.5s]
    [97,792/223,308  elapsed 18.4s]
    [102,912/223,308  elapsed 19.4s]
    [108,032/223,308  elapsed 20.4s]
    [113,152/223,308  elapsed 21.3s]
    [118,272/223,308  elapsed 22.3s]
    [123,392/223,308  elapsed 23.3s]
    [128,512/223,308  elapsed 24.2s]
    [133,632/223,308  elapsed 25.2s]
    [138,752/223,308  elapsed 26.2s]
    [143,872/223,308  elapsed 27.1s]
    [148,992/223,308  elapsed 28.1s]
    [154,112/223,308  elapsed 29.1s]
    [159,232/223,308  elapsed 30.0s]
    [164,352/223,308  elapsed 31.0s]
    [169,472/223,308  elapsed 32.0s]
    [174,592/223,308  elapsed 32.9s]
    [179,712/223,308  elapsed 33.9s]
    [184,832/223,308  elapsed 34.9s]
    [189,952/223,308  elapsed 35.8s]
    [195,072/223,308  elapsed 36.8s]
    [200,192/223,308  elapsed 37.7s]
    [205,312/223,308  elapsed 38.7s]
    [210,432/223,308  elapsed 39.7s]
    [215,552/223,308  elapsed 40.6s]
    [220,672/223,308  elapsed 41.6s]
  eval done in 42.1s
  by-popularity NDCG@10: tail=0.0019(n=29,887)  mid=0.0090(n=33,352)  head=0.0503(n=160,069)
  evaluating 223,308 users in batches of 512...
    [512/223,308  elapsed 0.1s]
    [5,632/223,308  elapsed 1.1s]
    [10,752/223,308  elapsed 2.1s]
    [15,872/223,308  elapsed 3.0s]
    [20,992/223,308  elapsed 4.0s]
    [26,112/223,308  elapsed 5.0s]
    [31,232/223,308  elapsed 6.0s]
    [36,352/223,308  elapsed 6.9s]
    [41,472/223,308  elapsed 7.9s]
    [46,592/223,308  elapsed 8.9s]
    [51,712/223,308  elapsed 9.9s]
    [56,832/223,308  elapsed 10.9s]
    [61,952/223,308  elapsed 11.8s]
    [67,072/223,308  elapsed 12.8s]
    [72,192/223,308  elapsed 13.8s]
    [77,312/223,308  elapsed 14.8s]
    [82,432/223,308  elapsed 15.7s]
    [87,552/223,308  elapsed 16.7s]
    [92,672/223,308  elapsed 17.7s]
    [97,792/223,308  elapsed 18.6s]
    [102,912/223,308  elapsed 19.6s]
    [108,032/223,308  elapsed 20.6s]
    [113,152/223,308  elapsed 21.6s]
    [118,272/223,308  elapsed 22.5s]
    [123,392/223,308  elapsed 23.5s]
    [128,512/223,308  elapsed 24.5s]
    [133,632/223,308  elapsed 25.5s]
    [138,752/223,308  elapsed 26.4s]
    [143,872/223,308  elapsed 27.4s]
    [148,992/223,308  elapsed 28.4s]
    [154,112/223,308  elapsed 29.4s]
    [159,232/223,308  elapsed 30.3s]
    [164,352/223,308  elapsed 31.3s]
    [169,472/223,308  elapsed 32.3s]
    [174,592/223,308  elapsed 33.2s]
    [179,712/223,308  elapsed 34.2s]
    [184,832/223,308  elapsed 35.2s]
    [189,952/223,308  elapsed 36.2s]
    [195,072/223,308  elapsed 37.2s]
    [200,192/223,308  elapsed 38.1s]
    [205,312/223,308  elapsed 39.1s]
    [210,432/223,308  elapsed 40.1s]
    [215,552/223,308  elapsed 41.0s]
    [220,672/223,308  elapsed 42.0s]
  eval done in 42.5s
  by-popularity NDCG@10: tail=0.0009(n=36,610)  mid=0.0059(n=35,266)  head=0.0433(n=151,432)
  epoch  17  loss=9.1672  val_NDCG=0.0377  test_NDCG=0.0305  test_HR=0.0512  (41.4s)
  evaluating 223,308 users in batches of 512...
    [512/223,308  elapsed 0.1s]
    [5,632/223,308  elapsed 1.0s]
    [10,752/223,308  elapsed 2.0s]
    [15,872/223,308  elapsed 3.0s]
    [20,992/223,308  elapsed 4.0s]
    [26,112/223,308  elapsed 5.0s]
    [31,232/223,308  elapsed 5.9s]
    [36,352/223,308  elapsed 6.9s]
    [41,472/223,308  elapsed 7.9s]
    [46,592/223,308  elapsed 8.8s]
    [51,712/223,308  elapsed 9.8s]
    [56,832/223,308  elapsed 10.7s]
    [61,952/223,308  elapsed 11.7s]
    [67,072/223,308  elapsed 12.7s]
    [72,192/223,308  elapsed 13.6s]
    [77,312/223,308  elapsed 14.6s]
    [82,432/223,308  elapsed 15.5s]
    [87,552/223,308  elapsed 16.5s]
    [92,672/223,308  elapsed 17.5s]
    [97,792/223,308  elapsed 18.5s]
    [102,912/223,308  elapsed 19.4s]
    [108,032/223,308  elapsed 20.4s]
    [113,152/223,308  elapsed 21.4s]
    [118,272/223,308  elapsed 22.3s]
    [123,392/223,308  elapsed 23.3s]
    [128,512/223,308  elapsed 24.2s]
    [133,632/223,308  elapsed 25.2s]
    [138,752/223,308  elapsed 26.2s]
    [143,872/223,308  elapsed 27.1s]
    [148,992/223,308  elapsed 28.1s]
    [154,112/223,308  elapsed 29.1s]
    [159,232/223,308  elapsed 30.0s]
    [164,352/223,308  elapsed 31.0s]
    [169,472/223,308  elapsed 32.0s]
    [174,592/223,308  elapsed 32.9s]
    [179,712/223,308  elapsed 33.9s]
    [184,832/223,308  elapsed 34.9s]
    [189,952/223,308  elapsed 35.8s]
    [195,072/223,308  elapsed 36.8s]
    [200,192/223,308  elapsed 37.8s]
    [205,312/223,308  elapsed 38.7s]
    [210,432/223,308  elapsed 39.7s]
    [215,552/223,308  elapsed 40.7s]
    [220,672/223,308  elapsed 41.6s]
  eval done in 42.1s
  by-popularity NDCG@10: tail=0.0019(n=29,887)  mid=0.0090(n=33,352)  head=0.0503(n=160,069)
  evaluating 223,308 users in batches of 512...
    [512/223,308  elapsed 0.1s]
    [5,632/223,308  elapsed 1.1s]
    [10,752/223,308  elapsed 2.1s]
    [15,872/223,308  elapsed 3.0s]
    [20,992/223,308  elapsed 4.0s]
    [26,112/223,308  elapsed 5.0s]
    [31,232/223,308  elapsed 5.9s]
    [36,352/223,308  elapsed 6.9s]
    [41,472/223,308  elapsed 7.9s]
    [46,592/223,308  elapsed 8.9s]
    [51,712/223,308  elapsed 9.8s]
    [56,832/223,308  elapsed 10.8s]
    [61,952/223,308  elapsed 11.8s]
    [67,072/223,308  elapsed 12.7s]
    [72,192/223,308  elapsed 13.7s]
    [77,312/223,308  elapsed 14.7s]
    [82,432/223,308  elapsed 15.6s]
    [87,552/223,308  elapsed 16.6s]
    [92,672/223,308  elapsed 17.6s]
    [97,792/223,308  elapsed 18.5s]
    [102,912/223,308  elapsed 19.5s]
    [108,032/223,308  elapsed 20.5s]
    [113,152/223,308  elapsed 21.5s]
    [118,272/223,308  elapsed 22.4s]
    [123,392/223,308  elapsed 23.4s]
    [128,512/223,308  elapsed 24.4s]
    [133,632/223,308  elapsed 25.4s]
    [138,752/223,308  elapsed 26.3s]
    [143,872/223,308  elapsed 27.3s]
    [148,992/223,308  elapsed 28.3s]
    [154,112/223,308  elapsed 29.2s]
    [159,232/223,308  elapsed 30.2s]
    [164,352/223,308  elapsed 31.2s]
    [169,472/223,308  elapsed 32.2s]
    [174,592/223,308  elapsed 33.1s]
    [179,712/223,308  elapsed 34.1s]
    [184,832/223,308  elapsed 35.1s]
    [189,952/223,308  elapsed 36.0s]
    [195,072/223,308  elapsed 37.0s]
    [200,192/223,308  elapsed 38.0s]
    [205,312/223,308  elapsed 39.0s]
    [210,432/223,308  elapsed 39.9s]
    [215,552/223,308  elapsed 40.9s]
    [220,672/223,308  elapsed 41.9s]
  eval done in 42.4s
  by-popularity NDCG@10: tail=0.0009(n=36,610)  mid=0.0059(n=35,266)  head=0.0432(n=151,432)
  epoch  18  loss=9.1505  val_NDCG=0.0376  test_NDCG=0.0304  test_HR=0.0510  (43.3s)
  evaluating 223,308 users in batches of 512...
    [512/223,308  elapsed 0.1s]
    [5,632/223,308  elapsed 1.1s]
    [10,752/223,308  elapsed 2.0s]
    [15,872/223,308  elapsed 3.0s]
    [20,992/223,308  elapsed 4.0s]
    [26,112/223,308  elapsed 4.9s]
    [31,232/223,308  elapsed 5.9s]
    [36,352/223,308  elapsed 6.8s]
    [41,472/223,308  elapsed 7.8s]
    [46,592/223,308  elapsed 8.8s]
    [51,712/223,308  elapsed 9.8s]
    [56,832/223,308  elapsed 10.7s]
    [61,952/223,308  elapsed 11.7s]
    [67,072/223,308  elapsed 12.7s]
    [72,192/223,308  elapsed 13.6s]
    [77,312/223,308  elapsed 14.6s]
    [82,432/223,308  elapsed 15.6s]
    [87,552/223,308  elapsed 16.5s]
    [92,672/223,308  elapsed 17.5s]
    [97,792/223,308  elapsed 18.5s]
    [102,912/223,308  elapsed 19.4s]
    [108,032/223,308  elapsed 20.4s]
    [113,152/223,308  elapsed 21.4s]
    [118,272/223,308  elapsed 22.3s]
    [123,392/223,308  elapsed 23.3s]
    [128,512/223,308  elapsed 24.3s]
    [133,632/223,308  elapsed 25.2s]
    [138,752/223,308  elapsed 26.2s]
    [143,872/223,308  elapsed 27.2s]
    [148,992/223,308  elapsed 28.1s]
    [154,112/223,308  elapsed 29.1s]
    [159,232/223,308  elapsed 30.1s]
    [164,352/223,308  elapsed 31.0s]
    [169,472/223,308  elapsed 32.0s]
    [174,592/223,308  elapsed 32.9s]
    [179,712/223,308  elapsed 33.9s]
    [184,832/223,308  elapsed 34.9s]
    [189,952/223,308  elapsed 35.9s]
    [195,072/223,308  elapsed 36.8s]
    [200,192/223,308  elapsed 37.8s]
    [205,312/223,308  elapsed 38.8s]
    [210,432/223,308  elapsed 39.8s]
    [215,552/223,308  elapsed 40.7s]
    [220,672/223,308  elapsed 41.7s]
  eval done in 42.2s
  by-popularity NDCG@10: tail=0.0019(n=29,887)  mid=0.0090(n=33,352)  head=0.0502(n=160,069)
  evaluating 223,308 users in batches of 512...
    [512/223,308  elapsed 0.1s]
    [5,632/223,308  elapsed 1.1s]
    [10,752/223,308  elapsed 2.1s]
    [15,872/223,308  elapsed 3.0s]
    [20,992/223,308  elapsed 4.0s]
    [26,112/223,308  elapsed 5.0s]
    [31,232/223,308  elapsed 6.0s]
    [36,352/223,308  elapsed 6.9s]
    [41,472/223,308  elapsed 7.9s]
    [46,592/223,308  elapsed 8.9s]
    [51,712/223,308  elapsed 9.8s]
    [56,832/223,308  elapsed 10.8s]
    [61,952/223,308  elapsed 11.8s]
    [67,072/223,308  elapsed 12.7s]
    [72,192/223,308  elapsed 13.7s]
    [77,312/223,308  elapsed 14.7s]
    [82,432/223,308  elapsed 15.7s]
    [87,552/223,308  elapsed 16.7s]
    [92,672/223,308  elapsed 17.6s]
    [97,792/223,308  elapsed 18.6s]
    [102,912/223,308  elapsed 19.6s]
    [108,032/223,308  elapsed 20.6s]
    [113,152/223,308  elapsed 21.5s]
    [118,272/223,308  elapsed 22.5s]
    [123,392/223,308  elapsed 23.5s]
    [128,512/223,308  elapsed 24.4s]
    [133,632/223,308  elapsed 25.4s]
    [138,752/223,308  elapsed 26.4s]
    [143,872/223,308  elapsed 27.4s]
    [148,992/223,308  elapsed 28.3s]
    [154,112/223,308  elapsed 29.3s]
    [159,232/223,308  elapsed 30.3s]
    [164,352/223,308  elapsed 31.3s]
    [169,472/223,308  elapsed 32.3s]
    [174,592/223,308  elapsed 33.2s]
    [179,712/223,308  elapsed 34.2s]
    [184,832/223,308  elapsed 35.2s]
    [189,952/223,308  elapsed 36.2s]
    [195,072/223,308  elapsed 37.2s]
    [200,192/223,308  elapsed 38.1s]
    [205,312/223,308  elapsed 39.1s]
    [210,432/223,308  elapsed 40.1s]
    [215,552/223,308  elapsed 41.1s]
    [220,672/223,308  elapsed 42.0s]
  eval done in 42.5s
  by-popularity NDCG@10: tail=0.0009(n=36,610)  mid=0.0060(n=35,266)  head=0.0433(n=151,432)
  epoch  19  loss=9.1392  val_NDCG=0.0376  test_NDCG=0.0305  test_HR=0.0512  (41.4s)
  evaluating 223,308 users in batches of 512...
    [512/223,308  elapsed 0.1s]
    [5,632/223,308  elapsed 1.1s]
    [10,752/223,308  elapsed 2.0s]
    [15,872/223,308  elapsed 3.0s]
    [20,992/223,308  elapsed 4.0s]
    [26,112/223,308  elapsed 4.9s]
    [31,232/223,308  elapsed 5.9s]
    [36,352/223,308  elapsed 6.9s]
    [41,472/223,308  elapsed 7.9s]
    [46,592/223,308  elapsed 8.8s]
    [51,712/223,308  elapsed 9.8s]
    [56,832/223,308  elapsed 10.8s]
    [61,952/223,308  elapsed 11.7s]
    [67,072/223,308  elapsed 12.7s]
    [72,192/223,308  elapsed 13.7s]
    [77,312/223,308  elapsed 14.6s]
    [82,432/223,308  elapsed 15.6s]
    [87,552/223,308  elapsed 16.6s]
    [92,672/223,308  elapsed 17.5s]
    [97,792/223,308  elapsed 18.5s]
    [102,912/223,308  elapsed 19.5s]
    [108,032/223,308  elapsed 20.4s]
    [113,152/223,308  elapsed 21.4s]
    [118,272/223,308  elapsed 22.3s]
    [123,392/223,308  elapsed 23.3s]
    [128,512/223,308  elapsed 24.3s]
    [133,632/223,308  elapsed 25.2s]
    [138,752/223,308  elapsed 26.2s]
    [143,872/223,308  elapsed 27.1s]
    [148,992/223,308  elapsed 28.1s]
    [154,112/223,308  elapsed 29.1s]
    [159,232/223,308  elapsed 30.0s]
    [164,352/223,308  elapsed 31.0s]
    [169,472/223,308  elapsed 32.0s]
    [174,592/223,308  elapsed 32.9s]
    [179,712/223,308  elapsed 33.9s]
    [184,832/223,308  elapsed 34.9s]
    [189,952/223,308  elapsed 35.8s]
    [195,072/223,308  elapsed 36.8s]
    [200,192/223,308  elapsed 37.8s]
    [205,312/223,308  elapsed 38.7s]
    [210,432/223,308  elapsed 39.7s]
    [215,552/223,308  elapsed 40.7s]
    [220,672/223,308  elapsed 41.6s]
  eval done in 42.1s
  by-popularity NDCG@10: tail=0.0019(n=29,887)  mid=0.0091(n=33,352)  head=0.0502(n=160,069)
  evaluating 223,308 users in batches of 512...
    [512/223,308  elapsed 0.1s]
    [5,632/223,308  elapsed 1.1s]
    [10,752/223,308  elapsed 2.0s]
    [15,872/223,308  elapsed 3.0s]
    [20,992/223,308  elapsed 4.0s]
    [26,112/223,308  elapsed 5.0s]
    [31,232/223,308  elapsed 5.9s]
    [36,352/223,308  elapsed 6.9s]
    [41,472/223,308  elapsed 7.9s]
    [46,592/223,308  elapsed 8.9s]
    [51,712/223,308  elapsed 9.8s]
    [56,832/223,308  elapsed 10.8s]
    [61,952/223,308  elapsed 11.8s]
    [67,072/223,308  elapsed 12.7s]
    [72,192/223,308  elapsed 13.7s]
    [77,312/223,308  elapsed 14.7s]
    [82,432/223,308  elapsed 15.7s]
    [87,552/223,308  elapsed 16.6s]
    [92,672/223,308  elapsed 17.6s]
    [97,792/223,308  elapsed 18.6s]
    [102,912/223,308  elapsed 19.6s]
    [108,032/223,308  elapsed 20.5s]
    [113,152/223,308  elapsed 21.5s]
    [118,272/223,308  elapsed 22.5s]
    [123,392/223,308  elapsed 23.5s]
    [128,512/223,308  elapsed 24.4s]
    [133,632/223,308  elapsed 25.4s]
    [138,752/223,308  elapsed 26.4s]
    [143,872/223,308  elapsed 27.4s]
    [148,992/223,308  elapsed 28.3s]
    [154,112/223,308  elapsed 29.3s]
    [159,232/223,308  elapsed 30.3s]
    [164,352/223,308  elapsed 31.3s]
    [169,472/223,308  elapsed 32.2s]
    [174,592/223,308  elapsed 33.2s]
    [179,712/223,308  elapsed 34.2s]
    [184,832/223,308  elapsed 35.2s]
    [189,952/223,308  elapsed 36.1s]
    [195,072/223,308  elapsed 37.1s]
    [200,192/223,308  elapsed 38.1s]
    [205,312/223,308  elapsed 39.0s]
    [210,432/223,308  elapsed 40.0s]
    [215,552/223,308  elapsed 41.0s]
    [220,672/223,308  elapsed 41.9s]
  eval done in 42.4s
  by-popularity NDCG@10: tail=0.0009(n=36,610)  mid=0.0059(n=35,266)  head=0.0433(n=151,432)
  epoch  20  loss=9.1330  val_NDCG=0.0376  test_NDCG=0.0305  test_HR=0.0512  (41.5s)

=== Best by val NDCG@10 ===
  val_NDCG=0.0377
  test: {'NDCG@10': 0.030474121292240756, 'HR@10': 0.05119386676697655, 'MRR': 0.02784440192363497, 'n_eval': 223308, 'by_popularity': {'tail': {'NDCG@10': 0.0009269721026536037, 'HR@10': 0.0018027861240098335, 'n': 36610, 'n_hit@10': 66, 'HR@20': 0.00292269871619776, 'n_hit@20': 107, 'HR@50': 0.006118546845124283, 'n_hit@50': 224, 'HR@100': 0.01111718109806064, 'n_hit@100': 407}, 'mid': {'NDCG@10': 0.00586702779504578, 'HR@10': 0.010037996937560256, 'n': 35266, 'n_hit@10': 354, 'HR@20': 0.015595757953836557, 'n_hit@20': 550, 'HR@50': 0.028639482787954404, 'n_hit@50': 1010, 'HR@100': 0.0433278511881132, 'n_hit@100': 1528}, 'head': {'NDCG@10': 0.04334798474978516, 'HR@10': 0.07271910824660574, 'n': 151432, 'n_hit@10': 11012, 'HR@20': 0.09918643351471287, 'n_hit@20': 15020, 'HR@50': 0.14675894130698927, 'n_hit@50': 22224, 'HR@100': 0.19394183527920122, 'n_hit@100': 29369}}}
wrote C:\Users\rayxc\Documents\R\_bestrec_run\results_OFFICE_COLDFUSE_base_seed20260737.users.jsonl.gz (223,308 per-user records, best epoch 17, sha256 dc03b8cbe516…)
wrote C:\Users\rayxc\Documents\R\_bestrec_run\results_OFFICE_COLDFUSE_base_seed20260737.final.users.jsonl.gz (223,308 FINAL-epoch per-user records)

wrote C:\Users\rayxc\Documents\R\_bestrec_run\results_OFFICE_COLDFUSE_base_seed20260737.json
[run] results_Office_Products_COLDFUSE_confirm_seed20260737.json
=== COLDFUSE confirm: Office_Products seed 20260737 (ease=no) ===
  [val] streaming sweep: 41 systems ...
    [512/223,308 1s]
    [20,992/223,308 16s]
    [41,472/223,308 31s]
    [61,952/223,308 44s]
    [82,432/223,308 58s]
    [102,912/223,308 71s]
    [123,392/223,308 84s]
    [143,872/223,308 97s]
    [164,352/223,308 110s]
    [184,832/223,308 123s]
    [205,312/223,308 136s]
  VAL ref overall 0.03765 tail 0.00184 | selected {'profile': 'exp0.9', 'wt_tail': 0.2, 'wt_mid': 0.0, 'wt_head': 0.0} val tail 0.00356
  [test] reference + selected ...
    [512/223,308 0s]
    [20,992/223,308 5s]
    [41,472/223,308 10s]
    [61,952/223,308 15s]
    [82,432/223,308 20s]
    [102,912/223,308 24s]
    [123,392/223,308 29s]
    [143,872/223,308 34s]
    [164,352/223,308 39s]
    [184,832/223,308 44s]
    [205,312/223,308 49s]
  TEST ref 0.03047 (tail 0.00088) -> sel 0.03047 (tail 0.00207)
wrote C:\Users\rayxc\Documents\R\_bestrec_run\results_Office_Products_COLDFUSE_confirm_seed20260737.json
[run] results_OFFICE_COLDFUSE_base_seed20260738.json
  random seed set to 20260738
=== Office_Products: load splits ===
  n_users=223,308  n_items=77,551  pad_id=77551
  built sequences for 223,308 users
  built timestamp sequences (12 time buckets)
  loading SBERT embeddings from C:\Users\rayxc\Documents\R\cache_5core\sbert_titles_Office_Products.npy...
  TAPE: k-means 77,551 text embeddings into K=512 prototypes (tau=0.05)...
  TAPE: K=512 mean max-assignment weight = 0.473 (1.0 = hard clustering)

=== Build SASRec-SBERT (d=64, layers=4, heads=2) ===
  total params: 34,913,919  device=cuda
  223,308 training examples / 873 batches per epoch
  init_state_sha256 = 8ad341601c9e1fd1c90e03859fedd13c3f31daada71652a344214087fff9d6da
  LR schedule: warmup_cosine (873 warmup + 16587 cosine steps)

=== Train for 20 epochs ===
  evaluating 223,308 users in batches of 512...
    [512/223,308  elapsed 0.1s]
    [5,632/223,308  elapsed 1.1s]
    [10,752/223,308  elapsed 2.0s]
    [15,872/223,308  elapsed 3.0s]
    [20,992/223,308  elapsed 3.9s]
    [26,112/223,308  elapsed 4.9s]
    [31,232/223,308  elapsed 5.8s]
    [36,352/223,308  elapsed 6.8s]
    [41,472/223,308  elapsed 7.7s]
    [46,592/223,308  elapsed 8.7s]
    [51,712/223,308  elapsed 9.6s]
    [56,832/223,308  elapsed 10.6s]
    [61,952/223,308  elapsed 11.5s]
    [67,072/223,308  elapsed 12.5s]
    [72,192/223,308  elapsed 13.4s]
    [77,312/223,308  elapsed 14.4s]
    [82,432/223,308  elapsed 15.4s]
    [87,552/223,308  elapsed 16.3s]
    [92,672/223,308  elapsed 17.3s]
    [97,792/223,308  elapsed 18.3s]
    [102,912/223,308  elapsed 19.2s]
    [108,032/223,308  elapsed 20.2s]
    [113,152/223,308  elapsed 21.1s]
    [118,272/223,308  elapsed 22.1s]
    [123,392/223,308  elapsed 23.0s]
    [128,512/223,308  elapsed 24.0s]
    [133,632/223,308  elapsed 24.9s]
    [138,752/223,308  elapsed 25.9s]
    [143,872/223,308  elapsed 26.8s]
    [148,992/223,308  elapsed 27.8s]
    [154,112/223,308  elapsed 28.8s]
    [159,232/223,308  elapsed 29.7s]
    [164,352/223,308  elapsed 30.7s]
    [169,472/223,308  elapsed 31.6s]
    [174,592/223,308  elapsed 32.6s]
    [179,712/223,308  elapsed 33.6s]
    [184,832/223,308  elapsed 34.5s]
    [189,952/223,308  elapsed 35.5s]
    [195,072/223,308  elapsed 36.6s]
    [200,192/223,308  elapsed 37.5s]
    [205,312/223,308  elapsed 38.5s]
    [210,432/223,308  elapsed 39.5s]
    [215,552/223,308  elapsed 40.4s]
    [220,672/223,308  elapsed 41.4s]
  eval done in 41.9s
  by-popularity NDCG@10: tail=0.0000(n=29,887)  mid=0.0001(n=33,352)  head=0.0264(n=160,069)
  evaluating 223,308 users in batches of 512...
    [512/223,308  elapsed 0.1s]
    [5,632/223,308  elapsed 1.1s]
    [10,752/223,308  elapsed 2.0s]
    [15,872/223,308  elapsed 3.0s]
    [20,992/223,308  elapsed 3.9s]
    [26,112/223,308  elapsed 4.9s]
    [31,232/223,308  elapsed 5.9s]
    [36,352/223,308  elapsed 6.8s]
    [41,472/223,308  elapsed 7.8s]
    [46,592/223,308  elapsed 8.7s]
    [51,712/223,308  elapsed 9.7s]
    [56,832/223,308  elapsed 10.7s]
    [61,952/223,308  elapsed 11.6s]
    [67,072/223,308  elapsed 12.6s]
    [72,192/223,308  elapsed 13.6s]
    [77,312/223,308  elapsed 14.5s]
    [82,432/223,308  elapsed 15.5s]
    [87,552/223,308  elapsed 16.5s]
    [92,672/223,308  elapsed 17.4s]
    [97,792/223,308  elapsed 18.4s]
    [102,912/223,308  elapsed 19.4s]
    [108,032/223,308  elapsed 20.3s]
    [113,152/223,308  elapsed 21.3s]
    [118,272/223,308  elapsed 22.2s]
    [123,392/223,308  elapsed 23.2s]
    [128,512/223,308  elapsed 24.2s]
    [133,632/223,308  elapsed 25.2s]
    [138,752/223,308  elapsed 26.1s]
    [143,872/223,308  elapsed 27.1s]
    [148,992/223,308  elapsed 28.1s]
    [154,112/223,308  elapsed 29.0s]
    [159,232/223,308  elapsed 30.0s]
    [164,352/223,308  elapsed 31.0s]
    [169,472/223,308  elapsed 31.9s]
    [174,592/223,308  elapsed 32.9s]
    [179,712/223,308  elapsed 33.8s]
    [184,832/223,308  elapsed 34.8s]
    [189,952/223,308  elapsed 35.8s]
    [195,072/223,308  elapsed 36.7s]
    [200,192/223,308  elapsed 37.7s]
    [205,312/223,308  elapsed 38.7s]
    [210,432/223,308  elapsed 39.6s]
    [215,552/223,308  elapsed 40.6s]
    [220,672/223,308  elapsed 41.5s]
  eval done in 42.0s
  by-popularity NDCG@10: tail=0.0000(n=36,610)  mid=0.0000(n=35,266)  head=0.0241(n=151,432)
  epoch   1  loss=10.5781  val_NDCG=0.0189  test_NDCG=0.0163  test_HR=0.0301  (43.0s)
  evaluating 223,308 users in batches of 512...
    [512/223,308  elapsed 0.2s]
    [5,632/223,308  elapsed 1.4s]
    [10,752/223,308  elapsed 2.7s]
    [15,872/223,308  elapsed 3.8s]
    [20,992/223,308  elapsed 4.8s]
    [26,112/223,308  elapsed 6.0s]
    [31,232/223,308  elapsed 7.2s]
    [36,352/223,308  elapsed 8.5s]
    [41,472/223,308  elapsed 9.6s]
    [46,592/223,308  elapsed 10.7s]
    [51,712/223,308  elapsed 12.0s]
    [56,832/223,308  elapsed 13.2s]
    [61,952/223,308  elapsed 14.4s]
    [67,072/223,308  elapsed 15.7s]
    [72,192/223,308  elapsed 17.0s]
    [77,312/223,308  elapsed 18.0s]
    [82,432/223,308  elapsed 19.3s]
    [87,552/223,308  elapsed 20.5s]
    [92,672/223,308  elapsed 21.7s]
    [97,792/223,308  elapsed 22.9s]
    [102,912/223,308  elapsed 24.2s]
    [108,032/223,308  elapsed 25.4s]
    [113,152/223,308  elapsed 26.7s]
    [118,272/223,308  elapsed 28.0s]
    [123,392/223,308  elapsed 29.1s]
    [128,512/223,308  elapsed 30.3s]
    [133,632/223,308  elapsed 31.4s]
    [138,752/223,308  elapsed 32.4s]
    [143,872/223,308  elapsed 33.4s]
    [148,992/223,308  elapsed 34.3s]
    [154,112/223,308  elapsed 35.3s]
    [159,232/223,308  elapsed 36.2s]
    [164,352/223,308  elapsed 37.2s]
    [169,472/223,308  elapsed 38.1s]
    [174,592/223,308  elapsed 39.1s]
    [179,712/223,308  elapsed 40.1s]
    [184,832/223,308  elapsed 41.0s]
    [189,952/223,308  elapsed 42.0s]
    [195,072/223,308  elapsed 42.9s]
    [200,192/223,308  elapsed 43.9s]
    [205,312/223,308  elapsed 44.8s]
    [210,432/223,308  elapsed 45.8s]
    [215,552/223,308  elapsed 46.7s]
    [220,672/223,308  elapsed 47.7s]
  eval done in 48.2s
  by-popularity NDCG@10: tail=0.0000(n=29,887)  mid=0.0006(n=33,352)  head=0.0379(n=160,069)
  evaluating 223,308 users in batches of 512...
    [512/223,308  elapsed 0.1s]
    [5,632/223,308  elapsed 1.1s]
    [10,752/223,308  elapsed 2.0s]
    [15,872/223,308  elapsed 3.0s]
    [20,992/223,308  elapsed 4.0s]
    [26,112/223,308  elapsed 4.9s]
    [31,232/223,308  elapsed 5.9s]
    [36,352/223,308  elapsed 6.8s]
    [41,472/223,308  elapsed 7.8s]
    [46,592/223,308  elapsed 8.8s]
    [51,712/223,308  elapsed 9.7s]
    [56,832/223,308  elapsed 10.7s]
    [61,952/223,308  elapsed 11.7s]
    [67,072/223,308  elapsed 12.6s]
    [72,192/223,308  elapsed 13.6s]
    [77,312/223,308  elapsed 14.6s]
    [82,432/223,308  elapsed 15.5s]
    [87,552/223,308  elapsed 16.5s]
    [92,672/223,308  elapsed 17.6s]
    [97,792/223,308  elapsed 18.5s]
    [102,912/223,308  elapsed 19.5s]
    [108,032/223,308  elapsed 20.5s]
    [113,152/223,308  elapsed 21.5s]
    [118,272/223,308  elapsed 22.5s]
    [123,392/223,308  elapsed 23.4s]
    [128,512/223,308  elapsed 24.4s]
    [133,632/223,308  elapsed 25.4s]
    [138,752/223,308  elapsed 26.3s]
    [143,872/223,308  elapsed 27.3s]
    [148,992/223,308  elapsed 28.3s]
    [154,112/223,308  elapsed 29.3s]
    [159,232/223,308  elapsed 30.3s]
    [164,352/223,308  elapsed 31.3s]
    [169,472/223,308  elapsed 32.3s]
    [174,592/223,308  elapsed 33.3s]
    [179,712/223,308  elapsed 34.3s]
    [184,832/223,308  elapsed 35.3s]
    [189,952/223,308  elapsed 36.4s]
    [195,072/223,308  elapsed 37.5s]
    [200,192/223,308  elapsed 38.6s]
    [205,312/223,308  elapsed 39.6s]
    [210,432/223,308  elapsed 40.6s]
    [215,552/223,308  elapsed 41.5s]
    [220,672/223,308  elapsed 42.5s]
  eval done in 43.1s
  by-popularity NDCG@10: tail=0.0000(n=36,610)  mid=0.0003(n=35,266)  head=0.0339(n=151,432)
  epoch   2  loss=10.0637  val_NDCG=0.0273  test_NDCG=0.0230  test_HR=0.0409  (43.6s)
  evaluating 223,308 users in batches of 512...
    [512/223,308  elapsed 0.1s]
    [5,632/223,308  elapsed 1.0s]
    [10,752/223,308  elapsed 2.0s]
    [15,872/223,308  elapsed 3.0s]
    [20,992/223,308  elapsed 3.9s]
    [26,112/223,308  elapsed 4.9s]
    [31,232/223,308  elapsed 5.9s]
    [36,352/223,308  elapsed 6.8s]
    [41,472/223,308  elapsed 7.8s]
    [46,592/223,308  elapsed 8.8s]
    [51,712/223,308  elapsed 9.7s]
    [56,832/223,308  elapsed 10.7s]
    [61,952/223,308  elapsed 11.7s]
    [67,072/223,308  elapsed 12.6s]
    [72,192/223,308  elapsed 13.6s]
    [77,312/223,308  elapsed 14.5s]
    [82,432/223,308  elapsed 15.5s]
    [87,552/223,308  elapsed 16.5s]
    [92,672/223,308  elapsed 17.6s]
    [97,792/223,308  elapsed 18.6s]
    [102,912/223,308  elapsed 19.6s]
    [108,032/223,308  elapsed 20.5s]
    [113,152/223,308  elapsed 21.5s]
    [118,272/223,308  elapsed 22.5s]
    [123,392/223,308  elapsed 23.5s]
    [128,512/223,308  elapsed 24.4s]
    [133,632/223,308  elapsed 25.4s]
    [138,752/223,308  elapsed 26.4s]
    [143,872/223,308  elapsed 27.3s]
    [148,992/223,308  elapsed 28.3s]
    [154,112/223,308  elapsed 29.3s]
    [159,232/223,308  elapsed 30.3s]
    [164,352/223,308  elapsed 31.3s]
    [169,472/223,308  elapsed 32.2s]
    [174,592/223,308  elapsed 33.2s]
    [179,712/223,308  elapsed 34.2s]
    [184,832/223,308  elapsed 35.2s]
    [189,952/223,308  elapsed 36.2s]
    [195,072/223,308  elapsed 37.2s]
    [200,192/223,308  elapsed 38.1s]
    [205,312/223,308  elapsed 39.1s]
    [210,432/223,308  elapsed 40.1s]
    [215,552/223,308  elapsed 41.1s]
    [220,672/223,308  elapsed 42.1s]
  eval done in 42.6s
  by-popularity NDCG@10: tail=0.0001(n=29,887)  mid=0.0018(n=33,352)  head=0.0433(n=160,069)
  evaluating 223,308 users in batches of 512...
    [512/223,308  elapsed 0.1s]
    [5,632/223,308  elapsed 1.1s]
    [10,752/223,308  elapsed 2.1s]
    [15,872/223,308  elapsed 3.1s]
    [20,992/223,308  elapsed 4.2s]
    [26,112/223,308  elapsed 5.2s]
    [31,232/223,308  elapsed 6.2s]
    [36,352/223,308  elapsed 7.2s]
    [41,472/223,308  elapsed 8.2s]
    [46,592/223,308  elapsed 9.2s]
    [51,712/223,308  elapsed 10.3s]
    [56,832/223,308  elapsed 11.3s]
    [61,952/223,308  elapsed 12.3s]
    [67,072/223,308  elapsed 13.3s]
    [72,192/223,308  elapsed 14.2s]
    [77,312/223,308  elapsed 15.2s]
    [82,432/223,308  elapsed 16.3s]
    [87,552/223,308  elapsed 17.3s]
    [92,672/223,308  elapsed 18.3s]
    [97,792/223,308  elapsed 19.3s]
    [102,912/223,308  elapsed 20.4s]
    [108,032/223,308  elapsed 21.4s]
    [113,152/223,308  elapsed 22.4s]
    [118,272/223,308  elapsed 23.3s]
    [123,392/223,308  elapsed 24.3s]
    [128,512/223,308  elapsed 25.4s]
    [133,632/223,308  elapsed 26.4s]
    [138,752/223,308  elapsed 27.4s]
    [143,872/223,308  elapsed 28.4s]
    [148,992/223,308  elapsed 29.4s]
    [154,112/223,308  elapsed 30.5s]
    [159,232/223,308  elapsed 31.6s]
    [164,352/223,308  elapsed 32.6s]
    [169,472/223,308  elapsed 33.7s]
    [174,592/223,308  elapsed 34.9s]
    [179,712/223,308  elapsed 35.9s]
    [184,832/223,308  elapsed 36.9s]
    [189,952/223,308  elapsed 37.9s]
    [195,072/223,308  elapsed 38.9s]
    [200,192/223,308  elapsed 40.0s]
    [205,312/223,308  elapsed 40.9s]
    [210,432/223,308  elapsed 41.9s]
    [215,552/223,308  elapsed 42.9s]
    [220,672/223,308  elapsed 43.9s]
  eval done in 44.4s
  by-popularity NDCG@10: tail=0.0000(n=36,610)  mid=0.0010(n=35,266)  head=0.0381(n=151,432)
  epoch   3  loss=9.8694  val_NDCG=0.0313  test_NDCG=0.0260  test_HR=0.0451  (42.4s)
  evaluating 223,308 users in batches of 512...
    [512/223,308  elapsed 0.1s]
    [5,632/223,308  elapsed 1.1s]
    [10,752/223,308  elapsed 2.1s]
    [15,872/223,308  elapsed 3.1s]
    [20,992/223,308  elapsed 4.0s]
    [26,112/223,308  elapsed 5.0s]
    [31,232/223,308  elapsed 6.0s]
    [36,352/223,308  elapsed 7.2s]
    [41,472/223,308  elapsed 8.2s]
    [46,592/223,308  elapsed 9.2s]
    [51,712/223,308  elapsed 10.2s]
    [56,832/223,308  elapsed 11.2s]
    [61,952/223,308  elapsed 12.2s]
    [67,072/223,308  elapsed 13.2s]
    [72,192/223,308  elapsed 14.1s]
    [77,312/223,308  elapsed 15.1s]
    [82,432/223,308  elapsed 16.1s]
    [87,552/223,308  elapsed 17.0s]
    [92,672/223,308  elapsed 18.0s]
    [97,792/223,308  elapsed 19.0s]
    [102,912/223,308  elapsed 20.0s]
    [108,032/223,308  elapsed 21.0s]
    [113,152/223,308  elapsed 22.0s]
    [118,272/223,308  elapsed 22.9s]
    [123,392/223,308  elapsed 23.9s]
    [128,512/223,308  elapsed 24.9s]
    [133,632/223,308  elapsed 25.9s]
    [138,752/223,308  elapsed 26.8s]
    [143,872/223,308  elapsed 27.8s]
    [148,992/223,308  elapsed 28.7s]
    [154,112/223,308  elapsed 29.7s]
    [159,232/223,308  elapsed 30.7s]
    [164,352/223,308  elapsed 31.7s]
    [169,472/223,308  elapsed 32.6s]
    [174,592/223,308  elapsed 33.6s]
    [179,712/223,308  elapsed 34.6s]
    [184,832/223,308  elapsed 35.6s]
    [189,952/223,308  elapsed 36.7s]
    [195,072/223,308  elapsed 37.8s]
    [200,192/223,308  elapsed 38.7s]
    [205,312/223,308  elapsed 39.7s]
    [210,432/223,308  elapsed 40.7s]
    [215,552/223,308  elapsed 41.7s]
    [220,672/223,308  elapsed 42.7s]
  eval done in 43.2s
  by-popularity NDCG@10: tail=0.0004(n=29,887)  mid=0.0029(n=33,352)  head=0.0459(n=160,069)
  evaluating 223,308 users in batches of 512...
    [512/223,308  elapsed 0.1s]
    [5,632/223,308  elapsed 1.1s]
    [10,752/223,308  elapsed 2.1s]
    [15,872/223,308  elapsed 3.1s]
    [20,992/223,308  elapsed 4.1s]
    [26,112/223,308  elapsed 5.1s]
    [31,232/223,308  elapsed 6.1s]
    [36,352/223,308  elapsed 7.1s]
    [41,472/223,308  elapsed 8.1s]
    [46,592/223,308  elapsed 9.1s]
    [51,712/223,308  elapsed 10.1s]
    [56,832/223,308  elapsed 11.1s]
    [61,952/223,308  elapsed 12.1s]
    [67,072/223,308  elapsed 13.0s]
    [72,192/223,308  elapsed 14.0s]
    [77,312/223,308  elapsed 15.0s]
    [82,432/223,308  elapsed 16.0s]
    [87,552/223,308  elapsed 16.9s]
    [92,672/223,308  elapsed 18.0s]
    [97,792/223,308  elapsed 19.0s]
    [102,912/223,308  elapsed 19.9s]
    [108,032/223,308  elapsed 20.9s]
    [113,152/223,308  elapsed 21.9s]
    [118,272/223,308  elapsed 23.0s]
    [123,392/223,308  elapsed 24.0s]
    [128,512/223,308  elapsed 25.0s]
    [133,632/223,308  elapsed 26.0s]
    [138,752/223,308  elapsed 27.0s]
    [143,872/223,308  elapsed 27.9s]
    [148,992/223,308  elapsed 28.9s]
    [154,112/223,308  elapsed 29.9s]
    [159,232/223,308  elapsed 30.9s]
    [164,352/223,308  elapsed 31.9s]
    [169,472/223,308  elapsed 33.0s]
    [174,592/223,308  elapsed 34.0s]
    [179,712/223,308  elapsed 34.9s]
    [184,832/223,308  elapsed 35.9s]
    [189,952/223,308  elapsed 36.9s]
    [195,072/223,308  elapsed 37.9s]
    [200,192/223,308  elapsed 38.9s]
    [205,312/223,308  elapsed 39.8s]
    [210,432/223,308  elapsed 40.9s]
    [215,552/223,308  elapsed 41.8s]
    [220,672/223,308  elapsed 42.8s]
  eval done in 43.3s
  by-popularity NDCG@10: tail=0.0001(n=36,610)  mid=0.0018(n=35,266)  head=0.0406(n=151,432)
  epoch   4  loss=9.7538  val_NDCG=0.0334  test_NDCG=0.0278  test_HR=0.0482  (42.7s)
  evaluating 223,308 users in batches of 512...
    [512/223,308  elapsed 0.1s]
    [5,632/223,308  elapsed 1.1s]
    [10,752/223,308  elapsed 2.0s]
    [15,872/223,308  elapsed 3.0s]
    [20,992/223,308  elapsed 3.9s]
    [26,112/223,308  elapsed 4.9s]
    [31,232/223,308  elapsed 5.9s]
    [36,352/223,308  elapsed 6.8s]
    [41,472/223,308  elapsed 7.8s]
    [46,592/223,308  elapsed 8.7s]
    [51,712/223,308  elapsed 9.7s]
    [56,832/223,308  elapsed 10.6s]
    [61,952/223,308  elapsed 11.6s]
    [67,072/223,308  elapsed 12.5s]
    [72,192/223,308  elapsed 13.6s]
    [77,312/223,308  elapsed 14.5s]
    [82,432/223,308  elapsed 15.5s]
    [87,552/223,308  elapsed 16.5s]
    [92,672/223,308  elapsed 17.4s]
    [97,792/223,308  elapsed 18.4s]
    [102,912/223,308  elapsed 19.3s]
    [108,032/223,308  elapsed 20.3s]
    [113,152/223,308  elapsed 21.3s]
    [118,272/223,308  elapsed 22.2s]
    [123,392/223,308  elapsed 23.2s]
    [128,512/223,308  elapsed 24.2s]
    [133,632/223,308  elapsed 25.1s]
    [138,752/223,308  elapsed 26.1s]
    [143,872/223,308  elapsed 27.2s]
    [148,992/223,308  elapsed 28.2s]
    [154,112/223,308  elapsed 29.1s]
    [159,232/223,308  elapsed 30.1s]
    [164,352/223,308  elapsed 31.1s]
    [169,472/223,308  elapsed 32.1s]
    [174,592/223,308  elapsed 33.0s]
    [179,712/223,308  elapsed 34.0s]
    [184,832/223,308  elapsed 34.9s]
    [189,952/223,308  elapsed 35.9s]
    [195,072/223,308  elapsed 36.9s]
    [200,192/223,308  elapsed 38.0s]
    [205,312/223,308  elapsed 39.1s]
    [210,432/223,308  elapsed 40.2s]
    [215,552/223,308  elapsed 41.2s]
    [220,672/223,308  elapsed 42.2s]
  eval done in 42.7s
  by-popularity NDCG@10: tail=0.0005(n=29,887)  mid=0.0040(n=33,352)  head=0.0472(n=160,069)
  evaluating 223,308 users in batches of 512...
    [512/223,308  elapsed 0.1s]
    [5,632/223,308  elapsed 1.1s]
    [10,752/223,308  elapsed 2.0s]
    [15,872/223,308  elapsed 3.0s]
    [20,992/223,308  elapsed 4.0s]
    [26,112/223,308  elapsed 5.0s]
    [31,232/223,308  elapsed 5.9s]
    [36,352/223,308  elapsed 6.9s]
    [41,472/223,308  elapsed 7.9s]
    [46,592/223,308  elapsed 8.9s]
    [51,712/223,308  elapsed 9.8s]
    [56,832/223,308  elapsed 10.8s]
    [61,952/223,308  elapsed 11.8s]
    [67,072/223,308  elapsed 12.8s]
    [72,192/223,308  elapsed 13.9s]
    [77,312/223,308  elapsed 14.8s]
    [82,432/223,308  elapsed 15.8s]
    [87,552/223,308  elapsed 16.8s]
    [92,672/223,308  elapsed 17.7s]
    [97,792/223,308  elapsed 18.7s]
    [102,912/223,308  elapsed 19.7s]
    [108,032/223,308  elapsed 20.6s]
    [113,152/223,308  elapsed 21.6s]
    [118,272/223,308  elapsed 22.6s]
    [123,392/223,308  elapsed 23.6s]
    [128,512/223,308  elapsed 24.6s]
    [133,632/223,308  elapsed 25.5s]
    [138,752/223,308  elapsed 26.5s]
    [143,872/223,308  elapsed 27.5s]
    [148,992/223,308  elapsed 28.4s]
    [154,112/223,308  elapsed 29.4s]
    [159,232/223,308  elapsed 30.4s]
    [164,352/223,308  elapsed 31.3s]
    [169,472/223,308  elapsed 32.3s]
    [174,592/223,308  elapsed 33.3s]
    [179,712/223,308  elapsed 34.3s]
    [184,832/223,308  elapsed 35.2s]
    [189,952/223,308  elapsed 36.2s]
    [195,072/223,308  elapsed 37.2s]
    [200,192/223,308  elapsed 38.2s]
    [205,312/223,308  elapsed 39.1s]
    [210,432/223,308  elapsed 40.1s]
    [215,552/223,308  elapsed 41.0s]
    [220,672/223,308  elapsed 42.0s]
  eval done in 42.5s
  by-popularity NDCG@10: tail=0.0002(n=36,610)  mid=0.0023(n=35,266)  head=0.0412(n=151,432)
  epoch   5  loss=9.6695  val_NDCG=0.0345  test_NDCG=0.0283  test_HR=0.0487  (42.2s)
  evaluating 223,308 users in batches of 512...
    [512/223,308  elapsed 0.1s]
    [5,632/223,308  elapsed 1.3s]
    [10,752/223,308  elapsed 2.4s]
    [15,872/223,308  elapsed 3.5s]
    [20,992/223,308  elapsed 4.6s]
    [26,112/223,308  elapsed 5.8s]
    [31,232/223,308  elapsed 6.9s]
    [36,352/223,308  elapsed 8.0s]
    [41,472/223,308  elapsed 9.1s]
    [46,592/223,308  elapsed 10.2s]
    [51,712/223,308  elapsed 11.3s]
    [56,832/223,308  elapsed 12.4s]
    [61,952/223,308  elapsed 13.4s]
    [67,072/223,308  elapsed 14.5s]
    [72,192/223,308  elapsed 15.9s]
    [77,312/223,308  elapsed 17.1s]
    [82,432/223,308  elapsed 18.2s]
    [87,552/223,308  elapsed 19.3s]
    [92,672/223,308  elapsed 20.6s]
    [97,792/223,308  elapsed 21.7s]
    [102,912/223,308  elapsed 22.8s]
    [108,032/223,308  elapsed 23.9s]
    [113,152/223,308  elapsed 25.0s]
    [118,272/223,308  elapsed 26.1s]
    [123,392/223,308  elapsed 27.1s]
    [128,512/223,308  elapsed 28.3s]
    [133,632/223,308  elapsed 29.5s]
    [138,752/223,308  elapsed 30.5s]
    [143,872/223,308  elapsed 31.7s]
    [148,992/223,308  elapsed 32.8s]
    [154,112/223,308  elapsed 34.0s]
    [159,232/223,308  elapsed 35.2s]
    [164,352/223,308  elapsed 36.3s]
    [169,472/223,308  elapsed 37.3s]
    [174,592/223,308  elapsed 38.5s]
    [179,712/223,308  elapsed 39.6s]
    [184,832/223,308  elapsed 40.7s]
    [189,952/223,308  elapsed 41.8s]
    [195,072/223,308  elapsed 42.8s]
    [200,192/223,308  elapsed 43.9s]
    [205,312/223,308  elapsed 45.0s]
    [210,432/223,308  elapsed 46.2s]
    [215,552/223,308  elapsed 47.4s]
    [220,672/223,308  elapsed 48.6s]
  eval done in 49.1s
  by-popularity NDCG@10: tail=0.0006(n=29,887)  mid=0.0047(n=33,352)  head=0.0481(n=160,069)
  evaluating 223,308 users in batches of 512...
    [512/223,308  elapsed 0.1s]
    [5,632/223,308  elapsed 1.2s]
    [10,752/223,308  elapsed 2.3s]
    [15,872/223,308  elapsed 3.4s]
    [20,992/223,308  elapsed 4.5s]
    [26,112/223,308  elapsed 5.6s]
    [31,232/223,308  elapsed 6.7s]
    [36,352/223,308  elapsed 7.7s]
    [41,472/223,308  elapsed 8.9s]
    [46,592/223,308  elapsed 10.0s]
    [51,712/223,308  elapsed 11.0s]
    [56,832/223,308  elapsed 12.3s]
    [61,952/223,308  elapsed 13.4s]
    [67,072/223,308  elapsed 14.5s]
    [72,192/223,308  elapsed 15.6s]
    [77,312/223,308  elapsed 16.7s]
    [82,432/223,308  elapsed 17.7s]
    [87,552/223,308  elapsed 18.9s]
    [92,672/223,308  elapsed 19.9s]
    [97,792/223,308  elapsed 21.0s]
    [102,912/223,308  elapsed 22.1s]
    [108,032/223,308  elapsed 23.2s]
    [113,152/223,308  elapsed 24.2s]
    [118,272/223,308  elapsed 25.3s]
    [123,392/223,308  elapsed 26.6s]
    [128,512/223,308  elapsed 27.8s]
    [133,632/223,308  elapsed 28.9s]
    [138,752/223,308  elapsed 29.9s]
    [143,872/223,308  elapsed 31.0s]
    [148,992/223,308  elapsed 32.1s]
    [154,112/223,308  elapsed 33.2s]
    [159,232/223,308  elapsed 34.3s]
    [164,352/223,308  elapsed 35.6s]
    [169,472/223,308  elapsed 36.8s]
    [174,592/223,308  elapsed 37.9s]
    [179,712/223,308  elapsed 39.0s]
    [184,832/223,308  elapsed 40.1s]
    [189,952/223,308  elapsed 41.1s]
    [195,072/223,308  elapsed 42.2s]
    [200,192/223,308  elapsed 43.3s]
    [205,312/223,308  elapsed 44.4s]
    [210,432/223,308  elapsed 45.5s]
    [215,552/223,308  elapsed 46.6s]
    [220,672/223,308  elapsed 47.7s]
  eval done in 48.3s
  by-popularity NDCG@10: tail=0.0003(n=36,610)  mid=0.0028(n=35,266)  head=0.0420(n=151,432)
  epoch   6  loss=9.6000  val_NDCG=0.0352  test_NDCG=0.0290  test_HR=0.0496  (43.9s)
  evaluating 223,308 users in batches of 512...
    [512/223,308  elapsed 0.1s]
    [5,632/223,308  elapsed 1.2s]
    [10,752/223,308  elapsed 2.3s]
    [15,872/223,308  elapsed 3.4s]
    [20,992/223,308  elapsed 4.5s]
    [26,112/223,308  elapsed 5.6s]
    [31,232/223,308  elapsed 6.7s]
    [36,352/223,308  elapsed 7.8s]
    [41,472/223,308  elapsed 8.9s]
    [46,592/223,308  elapsed 10.0s]
    [51,712/223,308  elapsed 11.1s]
    [56,832/223,308  elapsed 12.2s]
    [61,952/223,308  elapsed 13.3s]
    [67,072/223,308  elapsed 14.6s]
    [72,192/223,308  elapsed 15.7s]
    [77,312/223,308  elapsed 16.8s]
    [82,432/223,308  elapsed 17.9s]
    [87,552/223,308  elapsed 19.0s]
    [92,672/223,308  elapsed 20.0s]
    [97,792/223,308  elapsed 21.2s]
    [102,912/223,308  elapsed 22.3s]
    [108,032/223,308  elapsed 23.3s]
    [113,152/223,308  elapsed 24.5s]
    [118,272/223,308  elapsed 25.6s]
    [123,392/223,308  elapsed 26.7s]
    [128,512/223,308  elapsed 28.0s]
    [133,632/223,308  elapsed 29.0s]
    [138,752/223,308  elapsed 30.1s]
    [143,872/223,308  elapsed 31.2s]
    [148,992/223,308  elapsed 32.3s]
    [154,112/223,308  elapsed 33.4s]
    [159,232/223,308  elapsed 34.5s]
    [164,352/223,308  elapsed 35.6s]
    [169,472/223,308  elapsed 36.6s]
    [174,592/223,308  elapsed 37.7s]
    [179,712/223,308  elapsed 38.8s]
    [184,832/223,308  elapsed 39.9s]
    [189,952/223,308  elapsed 41.0s]
    [195,072/223,308  elapsed 42.3s]
    [200,192/223,308  elapsed 43.4s]
    [205,312/223,308  elapsed 44.7s]
    [210,432/223,308  elapsed 45.9s]
    [215,552/223,308  elapsed 46.9s]
    [220,672/223,308  elapsed 48.0s]
  eval done in 48.6s
  by-popularity NDCG@10: tail=0.0008(n=29,887)  mid=0.0057(n=33,352)  head=0.0488(n=160,069)
  evaluating 223,308 users in batches of 512...
    [512/223,308  elapsed 0.1s]
    [5,632/223,308  elapsed 1.2s]
    [10,752/223,308  elapsed 2.3s]
    [15,872/223,308  elapsed 3.4s]
    [20,992/223,308  elapsed 4.5s]
    [26,112/223,308  elapsed 5.7s]
    [31,232/223,308  elapsed 6.8s]
    [36,352/223,308  elapsed 7.9s]
    [41,472/223,308  elapsed 9.1s]
    [46,592/223,308  elapsed 10.3s]
    [51,712/223,308  elapsed 11.4s]
    [56,832/223,308  elapsed 12.5s]
    [61,952/223,308  elapsed 13.6s]
    [67,072/223,308  elapsed 14.7s]
    [72,192/223,308  elapsed 15.9s]
    [77,312/223,308  elapsed 17.0s]
    [82,432/223,308  elapsed 18.1s]
    [87,552/223,308  elapsed 19.2s]
    [92,672/223,308  elapsed 20.3s]
    [97,792/223,308  elapsed 21.6s]
    [102,912/223,308  elapsed 23.1s]
    [108,032/223,308  elapsed 24.6s]
    [113,152/223,308  elapsed 26.1s]
    [118,272/223,308  elapsed 27.3s]
    [123,392/223,308  elapsed 28.4s]
    [128,512/223,308  elapsed 29.6s]
    [133,632/223,308  elapsed 30.7s]
    [138,752/223,308  elapsed 31.8s]
    [143,872/223,308  elapsed 32.9s]
    [148,992/223,308  elapsed 34.0s]
    [154,112/223,308  elapsed 35.2s]
    [159,232/223,308  elapsed 36.3s]
    [164,352/223,308  elapsed 37.6s]
    [169,472/223,308  elapsed 38.8s]
    [174,592/223,308  elapsed 40.0s]
    [179,712/223,308  elapsed 41.1s]
    [184,832/223,308  elapsed 42.2s]
    [189,952/223,308  elapsed 43.5s]
    [195,072/223,308  elapsed 44.6s]
    [200,192/223,308  elapsed 45.8s]
    [205,312/223,308  elapsed 47.3s]
    [210,432/223,308  elapsed 48.6s]
    [215,552/223,308  elapsed 50.0s]
    [220,672/223,308  elapsed 51.5s]
  eval done in 52.2s
  by-popularity NDCG@10: tail=0.0004(n=36,610)  mid=0.0034(n=35,266)  head=0.0425(n=151,432)
  epoch   7  loss=9.5403  val_NDCG=0.0359  test_NDCG=0.0294  test_HR=0.0502  (43.8s)
  evaluating 223,308 users in batches of 512...
    [512/223,308  elapsed 0.1s]
    [5,632/223,308  elapsed 1.2s]
    [10,752/223,308  elapsed 2.7s]
    [15,872/223,308  elapsed 4.2s]
    [20,992/223,308  elapsed 5.6s]
    [26,112/223,308  elapsed 7.1s]
    [31,232/223,308  elapsed 8.5s]
    [36,352/223,308  elapsed 10.0s]
    [41,472/223,308  elapsed 11.4s]
    [46,592/223,308  elapsed 12.7s]
    [51,712/223,308  elapsed 14.0s]
    [56,832/223,308  elapsed 15.4s]
    [61,952/223,308  elapsed 16.8s]
    [67,072/223,308  elapsed 18.1s]
    [72,192/223,308  elapsed 19.5s]
    [77,312/223,308  elapsed 20.8s]
    [82,432/223,308  elapsed 22.1s]
    [87,552/223,308  elapsed 23.5s]
    [92,672/223,308  elapsed 24.8s]
    [97,792/223,308  elapsed 25.9s]
    [102,912/223,308  elapsed 27.1s]
    [108,032/223,308  elapsed 28.2s]
    [113,152/223,308  elapsed 29.3s]
    [118,272/223,308  elapsed 30.5s]
    [123,392/223,308  elapsed 31.6s]
    [128,512/223,308  elapsed 32.7s]
    [133,632/223,308  elapsed 33.9s]
    [138,752/223,308  elapsed 35.0s]
    [143,872/223,308  elapsed 36.2s]
    [148,992/223,308  elapsed 37.3s]
    [154,112/223,308  elapsed 38.6s]
    [159,232/223,308  elapsed 39.9s]
    [164,352/223,308  elapsed 41.0s]
    [169,472/223,308  elapsed 42.1s]
    [174,592/223,308  elapsed 43.2s]
    [179,712/223,308  elapsed 44.3s]
    [184,832/223,308  elapsed 45.4s]
    [189,952/223,308  elapsed 46.5s]
    [195,072/223,308  elapsed 47.7s]
    [200,192/223,308  elapsed 48.9s]
    [205,312/223,308  elapsed 50.0s]
    [210,432/223,308  elapsed 51.1s]
    [215,552/223,308  elapsed 52.2s]
    [220,672/223,308  elapsed 53.3s]
  eval done in 53.9s
  by-popularity NDCG@10: tail=0.0011(n=29,887)  mid=0.0063(n=33,352)  head=0.0494(n=160,069)
  evaluating 223,308 users in batches of 512...
    [512/223,308  elapsed 0.1s]
    [5,632/223,308  elapsed 1.3s]
    [10,752/223,308  elapsed 2.5s]
    [15,872/223,308  elapsed 3.6s]
    [20,992/223,308  elapsed 4.8s]
    [26,112/223,308  elapsed 5.9s]
    [31,232/223,308  elapsed 7.2s]
    [36,352/223,308  elapsed 8.4s]
    [41,472/223,308  elapsed 9.5s]
    [46,592/223,308  elapsed 10.6s]
    [51,712/223,308  elapsed 11.7s]
    [56,832/223,308  elapsed 12.9s]
    [61,952/223,308  elapsed 14.0s]
    [67,072/223,308  elapsed 15.1s]
    [72,192/223,308  elapsed 16.3s]
    [77,312/223,308  elapsed 17.4s]
    [82,432/223,308  elapsed 18.5s]
    [87,552/223,308  elapsed 19.6s]
    [92,672/223,308  elapsed 20.7s]
    [97,792/223,308  elapsed 22.0s]
    [102,912/223,308  elapsed 23.1s]
    [108,032/223,308  elapsed 24.3s]
    [113,152/223,308  elapsed 25.3s]
    [118,272/223,308  elapsed 26.5s]
    [123,392/223,308  elapsed 27.6s]
    [128,512/223,308  elapsed 28.7s]
    [133,632/223,308  elapsed 29.8s]
    [138,752/223,308  elapsed 30.9s]
    [143,872/223,308  elapsed 32.1s]
    [148,992/223,308  elapsed 33.2s]
    [154,112/223,308  elapsed 34.4s]
    [159,232/223,308  elapsed 35.7s]
    [164,352/223,308  elapsed 36.9s]
    [169,472/223,308  elapsed 38.0s]
    [174,592/223,308  elapsed 39.1s]
    [179,712/223,308  elapsed 40.2s]
    [184,832/223,308  elapsed 41.3s]
    [189,952/223,308  elapsed 42.5s]
    [195,072/223,308  elapsed 43.7s]
    [200,192/223,308  elapsed 44.8s]
    [205,312/223,308  elapsed 45.9s]
    [210,432/223,308  elapsed 47.1s]
    [215,552/223,308  elapsed 48.2s]
    [220,672/223,308  elapsed 49.5s]
  eval done in 50.1s
  by-popularity NDCG@10: tail=0.0005(n=36,610)  mid=0.0039(n=35,266)  head=0.0432(n=151,432)
  epoch   8  loss=9.4885  val_NDCG=0.0365  test_NDCG=0.0300  test_HR=0.0510  (46.2s)
  evaluating 223,308 users in batches of 512...
    [512/223,308  elapsed 0.1s]
    [5,632/223,308  elapsed 1.2s]
    [10,752/223,308  elapsed 2.3s]
    [15,872/223,308  elapsed 3.5s]
    [20,992/223,308  elapsed 4.6s]
    [26,112/223,308  elapsed 5.7s]
    [31,232/223,308  elapsed 6.8s]
    [36,352/223,308  elapsed 7.9s]
    [41,472/223,308  elapsed 9.0s]
    [46,592/223,308  elapsed 10.1s]
    [51,712/223,308  elapsed 11.5s]
    [56,832/223,308  elapsed 12.6s]
    [61,952/223,308  elapsed 13.7s]
    [67,072/223,308  elapsed 14.8s]
    [72,192/223,308  elapsed 15.9s]
    [77,312/223,308  elapsed 17.0s]
    [82,432/223,308  elapsed 18.1s]
    [87,552/223,308  elapsed 19.1s]
    [92,672/223,308  elapsed 20.3s]
    [97,792/223,308  elapsed 21.4s]
    [102,912/223,308  elapsed 22.5s]
    [108,032/223,308  elapsed 23.6s]
    [113,152/223,308  elapsed 25.0s]
    [118,272/223,308  elapsed 26.1s]
    [123,392/223,308  elapsed 27.2s]
    [128,512/223,308  elapsed 28.4s]
    [133,632/223,308  elapsed 29.5s]
    [138,752/223,308  elapsed 30.6s]
    [143,872/223,308  elapsed 31.7s]
    [148,992/223,308  elapsed 32.8s]
    [154,112/223,308  elapsed 34.0s]
    [159,232/223,308  elapsed 35.1s]
    [164,352/223,308  elapsed 36.2s]
    [169,472/223,308  elapsed 37.3s]
    [174,592/223,308  elapsed 38.5s]
    [179,712/223,308  elapsed 39.7s]
    [184,832/223,308  elapsed 40.8s]
    [189,952/223,308  elapsed 41.9s]
    [195,072/223,308  elapsed 43.1s]
    [200,192/223,308  elapsed 44.2s]
    [205,312/223,308  elapsed 45.3s]
    [210,432/223,308  elapsed 46.4s]
    [215,552/223,308  elapsed 47.5s]
    [220,672/223,308  elapsed 48.5s]
  eval done in 49.1s
  by-popularity NDCG@10: tail=0.0012(n=29,887)  mid=0.0069(n=33,352)  head=0.0494(n=160,069)
  evaluating 223,308 users in batches of 512...
    [512/223,308  elapsed 0.1s]
    [5,632/223,308  elapsed 1.2s]
    [10,752/223,308  elapsed 2.4s]
    [15,872/223,308  elapsed 3.7s]
    [20,992/223,308  elapsed 4.8s]
    [26,112/223,308  elapsed 5.9s]
    [31,232/223,308  elapsed 7.0s]
    [36,352/223,308  elapsed 8.2s]
    [41,472/223,308  elapsed 9.3s]
    [46,592/223,308  elapsed 10.4s]
    [51,712/223,308  elapsed 11.5s]
    [56,832/223,308  elapsed 12.6s]
    [61,952/223,308  elapsed 13.8s]
    [67,072/223,308  elapsed 14.9s]
    [72,192/223,308  elapsed 16.0s]
    [77,312/223,308  elapsed 17.4s]
    [82,432/223,308  elapsed 18.5s]
    [87,552/223,308  elapsed 19.6s]
    [92,672/223,308  elapsed 20.7s]
    [97,792/223,308  elapsed 21.8s]
    [102,912/223,308  elapsed 22.9s]
    [108,032/223,308  elapsed 24.0s]
    [113,152/223,308  elapsed 25.1s]
    [118,272/223,308  elapsed 26.5s]
    [123,392/223,308  elapsed 27.8s]
    [128,512/223,308  elapsed 28.9s]
    [133,632/223,308  elapsed 30.4s]
    [138,752/223,308  elapsed 31.9s]
    [143,872/223,308  elapsed 33.3s]
    [148,992/223,308  elapsed 34.7s]
    [154,112/223,308  elapsed 36.0s]
    [159,232/223,308  elapsed 37.1s]
    [164,352/223,308  elapsed 38.3s]
    [169,472/223,308  elapsed 39.3s]
    [174,592/223,308  elapsed 40.5s]
    [179,712/223,308  elapsed 41.7s]
    [184,832/223,308  elapsed 42.9s]
    [189,952/223,308  elapsed 44.0s]
    [195,072/223,308  elapsed 45.2s]
    [200,192/223,308  elapsed 46.3s]
    [205,312/223,308  elapsed 47.4s]
    [210,432/223,308  elapsed 48.5s]
    [215,552/223,308  elapsed 49.5s]
    [220,672/223,308  elapsed 50.6s]
  eval done in 51.2s
  by-popularity NDCG@10: tail=0.0005(n=36,610)  mid=0.0042(n=35,266)  head=0.0430(n=151,432)
  epoch   9  loss=9.4390  val_NDCG=0.0366  test_NDCG=0.0299  test_HR=0.0509  (44.0s)
  evaluating 223,308 users in batches of 512...
    [512/223,308  elapsed 0.1s]
    [5,632/223,308  elapsed 1.1s]
    [10,752/223,308  elapsed 2.1s]
    [15,872/223,308  elapsed 3.3s]
    [20,992/223,308  elapsed 4.3s]
    [26,112/223,308  elapsed 5.3s]
    [31,232/223,308  elapsed 6.4s]
    [36,352/223,308  elapsed 7.4s]
    [41,472/223,308  elapsed 8.4s]
    [46,592/223,308  elapsed 9.4s]
    [51,712/223,308  elapsed 10.4s]
    [56,832/223,308  elapsed 11.5s]
    [61,952/223,308  elapsed 12.5s]
    [67,072/223,308  elapsed 13.5s]
    [72,192/223,308  elapsed 14.5s]
    [77,312/223,308  elapsed 15.5s]
    [82,432/223,308  elapsed 16.5s]
    [87,552/223,308  elapsed 17.7s]
    [92,672/223,308  elapsed 18.7s]
    [97,792/223,308  elapsed 19.7s]
    [102,912/223,308  elapsed 20.7s]
    [108,032/223,308  elapsed 21.7s]
    [113,152/223,308  elapsed 22.8s]
    [118,272/223,308  elapsed 23.7s]
    [123,392/223,308  elapsed 24.7s]
    [128,512/223,308  elapsed 25.7s]
    [133,632/223,308  elapsed 26.7s]
    [138,752/223,308  elapsed 27.7s]
    [143,872/223,308  elapsed 28.7s]
    [148,992/223,308  elapsed 29.7s]
    [154,112/223,308  elapsed 30.9s]
    [159,232/223,308  elapsed 32.0s]
    [164,352/223,308  elapsed 33.0s]
    [169,472/223,308  elapsed 34.3s]
    [174,592/223,308  elapsed 35.3s]
    [179,712/223,308  elapsed 36.4s]
    [184,832/223,308  elapsed 37.4s]
    [189,952/223,308  elapsed 38.4s]
    [195,072/223,308  elapsed 39.4s]
    [200,192/223,308  elapsed 40.4s]
    [205,312/223,308  elapsed 41.5s]
    [210,432/223,308  elapsed 42.5s]
    [215,552/223,308  elapsed 43.5s]
    [220,672/223,308  elapsed 44.5s]
  eval done in 45.2s
  by-popularity NDCG@10: tail=0.0014(n=29,887)  mid=0.0071(n=33,352)  head=0.0497(n=160,069)
  evaluating 223,308 users in batches of 512...
    [512/223,308  elapsed 0.1s]
    [5,632/223,308  elapsed 1.1s]
    [10,752/223,308  elapsed 2.1s]
    [15,872/223,308  elapsed 3.1s]
    [20,992/223,308  elapsed 4.2s]
    [26,112/223,308  elapsed 5.2s]
    [31,232/223,308  elapsed 6.2s]
    [36,352/223,308  elapsed 7.2s]
    [41,472/223,308  elapsed 8.2s]
    [46,592/223,308  elapsed 9.2s]
    [51,712/223,308  elapsed 10.2s]
    [56,832/223,308  elapsed 11.2s]
    [61,952/223,308  elapsed 12.2s]
    [67,072/223,308  elapsed 13.3s]
    [72,192/223,308  elapsed 14.4s]
    [77,312/223,308  elapsed 15.5s]
    [82,432/223,308  elapsed 16.5s]
    [87,552/223,308  elapsed 17.6s]
    [92,672/223,308  elapsed 18.6s]
    [97,792/223,308  elapsed 19.6s]
    [102,912/223,308  elapsed 20.6s]
    [108,032/223,308  elapsed 21.6s]
    [113,152/223,308  elapsed 22.6s]
    [118,272/223,308  elapsed 23.7s]
    [123,392/223,308  elapsed 24.7s]
    [128,512/223,308  elapsed 25.7s]
    [133,632/223,308  elapsed 26.7s]
    [138,752/223,308  elapsed 27.9s]
    [143,872/223,308  elapsed 29.0s]
    [148,992/223,308  elapsed 30.0s]
    [154,112/223,308  elapsed 31.0s]
    [159,232/223,308  elapsed 32.0s]
    [164,352/223,308  elapsed 33.0s]
    [169,472/223,308  elapsed 34.0s]
    [174,592/223,308  elapsed 35.0s]
    [179,712/223,308  elapsed 36.0s]
    [184,832/223,308  elapsed 37.0s]
    [189,952/223,308  elapsed 38.0s]
    [195,072/223,308  elapsed 39.0s]
    [200,192/223,308  elapsed 40.0s]
    [205,312/223,308  elapsed 41.1s]
    [210,432/223,308  elapsed 42.2s]
    [215,552/223,308  elapsed 43.2s]
    [220,672/223,308  elapsed 44.3s]
  eval done in 44.8s
  by-popularity NDCG@10: tail=0.0006(n=36,610)  mid=0.0046(n=35,266)  head=0.0431(n=151,432)
  epoch  10  loss=9.3955  val_NDCG=0.0368  test_NDCG=0.0301  test_HR=0.0509  (43.2s)
  evaluating 223,308 users in batches of 512...
    [512/223,308  elapsed 0.1s]
    [5,632/223,308  elapsed 1.1s]
    [10,752/223,308  elapsed 2.0s]
    [15,872/223,308  elapsed 3.0s]
    [20,992/223,308  elapsed 3.9s]
    [26,112/223,308  elapsed 4.9s]
    [31,232/223,308  elapsed 5.8s]
    [36,352/223,308  elapsed 6.8s]
    [41,472/223,308  elapsed 7.8s]
    [46,592/223,308  elapsed 8.7s]
    [51,712/223,308  elapsed 9.8s]
    [56,832/223,308  elapsed 10.7s]
    [61,952/223,308  elapsed 11.6s]
    [67,072/223,308  elapsed 12.6s]
    [72,192/223,308  elapsed 13.6s]
    [77,312/223,308  elapsed 14.5s]
    [82,432/223,308  elapsed 15.5s]
    [87,552/223,308  elapsed 16.5s]
    [92,672/223,308  elapsed 17.4s]
    [97,792/223,308  elapsed 18.4s]
    [102,912/223,308  elapsed 19.4s]
    [108,032/223,308  elapsed 20.4s]
    [113,152/223,308  elapsed 21.3s]
    [118,272/223,308  elapsed 22.3s]
    [123,392/223,308  elapsed 23.3s]
    [128,512/223,308  elapsed 24.4s]
    [133,632/223,308  elapsed 25.4s]
    [138,752/223,308  elapsed 26.3s]
    [143,872/223,308  elapsed 27.3s]
    [148,992/223,308  elapsed 28.3s]
    [154,112/223,308  elapsed 29.2s]
    [159,232/223,308  elapsed 30.2s]
    [164,352/223,308  elapsed 31.2s]
    [169,472/223,308  elapsed 32.1s]
    [174,592/223,308  elapsed 33.1s]
    [179,712/223,308  elapsed 34.1s]
    [184,832/223,308  elapsed 35.1s]
    [189,952/223,308  elapsed 36.1s]
    [195,072/223,308  elapsed 37.0s]
    [200,192/223,308  elapsed 38.0s]
    [205,312/223,308  elapsed 38.9s]
    [210,432/223,308  elapsed 39.9s]
    [215,552/223,308  elapsed 40.9s]
    [220,672/223,308  elapsed 41.8s]
  eval done in 42.3s
  by-popularity NDCG@10: tail=0.0015(n=29,887)  mid=0.0076(n=33,352)  head=0.0498(n=160,069)
  evaluating 223,308 users in batches of 512...
    [512/223,308  elapsed 0.1s]
    [5,632/223,308  elapsed 1.1s]
    [10,752/223,308  elapsed 2.0s]
    [15,872/223,308  elapsed 3.0s]
    [20,992/223,308  elapsed 4.0s]
    [26,112/223,308  elapsed 5.0s]
    [31,232/223,308  elapsed 6.3s]
    [36,352/223,308  elapsed 7.4s]
    [41,472/223,308  elapsed 8.3s]
    [46,592/223,308  elapsed 9.4s]
    [51,712/223,308  elapsed 10.4s]
    [56,832/223,308  elapsed 11.3s]
    [61,952/223,308  elapsed 12.3s]
    [67,072/223,308  elapsed 13.3s]
    [72,192/223,308  elapsed 14.2s]
    [77,312/223,308  elapsed 15.2s]
    [82,432/223,308  elapsed 16.2s]
    [87,552/223,308  elapsed 17.1s]
    [92,672/223,308  elapsed 18.1s]
    [97,792/223,308  elapsed 19.0s]
    [102,912/223,308  elapsed 20.1s]
    [108,032/223,308  elapsed 21.1s]
    [113,152/223,308  elapsed 22.0s]
    [118,272/223,308  elapsed 23.0s]
    [123,392/223,308  elapsed 23.9s]
    [128,512/223,308  elapsed 24.9s]
    [133,632/223,308  elapsed 25.9s]
    [138,752/223,308  elapsed 26.8s]
    [143,872/223,308  elapsed 27.8s]
    [148,992/223,308  elapsed 28.7s]
    [154,112/223,308  elapsed 29.7s]
    [159,232/223,308  elapsed 30.8s]
    [164,352/223,308  elapsed 31.7s]
    [169,472/223,308  elapsed 32.7s]
    [174,592/223,308  elapsed 33.7s]
    [179,712/223,308  elapsed 34.6s]
    [184,832/223,308  elapsed 35.6s]
    [189,952/223,308  elapsed 36.6s]
    [195,072/223,308  elapsed 37.6s]
    [200,192/223,308  elapsed 38.6s]
    [205,312/223,308  elapsed 39.5s]
    [210,432/223,308  elapsed 40.5s]
    [215,552/223,308  elapsed 41.5s]
    [220,672/223,308  elapsed 42.5s]
  eval done in 43.0s
  by-popularity NDCG@10: tail=0.0007(n=36,610)  mid=0.0050(n=35,266)  head=0.0430(n=151,432)
  epoch  11  loss=9.3541  val_NDCG=0.0370  test_NDCG=0.0301  test_HR=0.0506  (42.4s)
  evaluating 223,308 users in batches of 512...
    [512/223,308  elapsed 0.1s]
    [5,632/223,308  elapsed 1.3s]
    [10,752/223,308  elapsed 2.6s]
    [15,872/223,308  elapsed 3.8s]
    [20,992/223,308  elapsed 5.0s]
    [26,112/223,308  elapsed 6.4s]
    [31,232/223,308  elapsed 7.7s]
    [36,352/223,308  elapsed 8.9s]
    [41,472/223,308  elapsed 10.2s]
    [46,592/223,308  elapsed 11.4s]
    [51,712/223,308  elapsed 12.6s]
    [56,832/223,308  elapsed 13.9s]
    [61,952/223,308  elapsed 15.1s]
    [67,072/223,308  elapsed 16.4s]
    [72,192/223,308  elapsed 17.6s]
    [77,312/223,308  elapsed 18.8s]
    [82,432/223,308  elapsed 20.1s]
    [87,552/223,308  elapsed 21.3s]
    [92,672/223,308  elapsed 22.6s]
    [97,792/223,308  elapsed 23.8s]
    [102,912/223,308  elapsed 25.0s]
    [108,032/223,308  elapsed 26.2s]
    [113,152/223,308  elapsed 27.4s]
    [118,272/223,308  elapsed 28.6s]
    [123,392/223,308  elapsed 29.8s]
    [128,512/223,308  elapsed 30.9s]
    [133,632/223,308  elapsed 32.1s]
    [138,752/223,308  elapsed 33.2s]
    [143,872/223,308  elapsed 34.3s]
    [148,992/223,308  elapsed 35.4s]
    [154,112/223,308  elapsed 36.4s]
    [159,232/223,308  elapsed 37.4s]
    [164,352/223,308  elapsed 38.4s]
    [169,472/223,308  elapsed 39.4s]
    [174,592/223,308  elapsed 40.4s]
    [179,712/223,308  elapsed 41.4s]
    [184,832/223,308  elapsed 42.4s]
    [189,952/223,308  elapsed 43.4s]
    [195,072/223,308  elapsed 44.4s]
    [200,192/223,308  elapsed 45.3s]
    [205,312/223,308  elapsed 46.3s]
    [210,432/223,308  elapsed 47.3s]
    [215,552/223,308  elapsed 48.3s]
    [220,672/223,308  elapsed 49.3s]
  eval done in 49.9s
  by-popularity NDCG@10: tail=0.0015(n=29,887)  mid=0.0078(n=33,352)  head=0.0503(n=160,069)
  evaluating 223,308 users in batches of 512...
    [512/223,308  elapsed 0.1s]
    [5,632/223,308  elapsed 1.2s]
    [10,752/223,308  elapsed 2.2s]
    [15,872/223,308  elapsed 3.3s]
    [20,992/223,308  elapsed 4.4s]
    [26,112/223,308  elapsed 5.5s]
    [31,232/223,308  elapsed 6.5s]
    [36,352/223,308  elapsed 7.6s]
    [41,472/223,308  elapsed 8.7s]
    [46,592/223,308  elapsed 9.7s]
    [51,712/223,308  elapsed 10.7s]
    [56,832/223,308  elapsed 11.8s]
    [61,952/223,308  elapsed 13.0s]
    [67,072/223,308  elapsed 14.0s]
    [72,192/223,308  elapsed 15.0s]
    [77,312/223,308  elapsed 16.1s]
    [82,432/223,308  elapsed 17.1s]
    [87,552/223,308  elapsed 18.1s]
    [92,672/223,308  elapsed 19.2s]
    [97,792/223,308  elapsed 20.3s]
    [102,912/223,308  elapsed 21.3s]
    [108,032/223,308  elapsed 22.3s]
    [113,152/223,308  elapsed 23.4s]
    [118,272/223,308  elapsed 24.4s]
    [123,392/223,308  elapsed 25.4s]
    [128,512/223,308  elapsed 26.4s]
    [133,632/223,308  elapsed 27.4s]
    [138,752/223,308  elapsed 28.7s]
    [143,872/223,308  elapsed 29.7s]
    [148,992/223,308  elapsed 30.8s]
    [154,112/223,308  elapsed 31.8s]
    [159,232/223,308  elapsed 32.9s]
    [164,352/223,308  elapsed 33.9s]
    [169,472/223,308  elapsed 35.0s]
    [174,592/223,308  elapsed 36.0s]
    [179,712/223,308  elapsed 37.0s]
    [184,832/223,308  elapsed 38.0s]
    [189,952/223,308  elapsed 39.0s]
    [195,072/223,308  elapsed 40.0s]
    [200,192/223,308  elapsed 41.0s]
    [205,312/223,308  elapsed 42.0s]
    [210,432/223,308  elapsed 43.0s]
    [215,552/223,308  elapsed 44.2s]
    [220,672/223,308  elapsed 45.2s]
  eval done in 45.7s
  by-popularity NDCG@10: tail=0.0008(n=36,610)  mid=0.0052(n=35,266)  head=0.0434(n=151,432)
  epoch  12  loss=9.3154  val_NDCG=0.0374  test_NDCG=0.0304  test_HR=0.0512  (43.8s)
  evaluating 223,308 users in batches of 512...
    [512/223,308  elapsed 0.1s]
    [5,632/223,308  elapsed 1.2s]
    [10,752/223,308  elapsed 2.2s]
    [15,872/223,308  elapsed 3.2s]
    [20,992/223,308  elapsed 4.2s]
    [26,112/223,308  elapsed 5.2s]
    [31,232/223,308  elapsed 6.2s]
    [36,352/223,308  elapsed 7.2s]
    [41,472/223,308  elapsed 8.2s]
    [46,592/223,308  elapsed 9.2s]
    [51,712/223,308  elapsed 10.2s]
    [56,832/223,308  elapsed 11.2s]
    [61,952/223,308  elapsed 12.2s]
    [67,072/223,308  elapsed 13.2s]
    [72,192/223,308  elapsed 14.2s]
    [77,312/223,308  elapsed 15.2s]
    [82,432/223,308  elapsed 16.2s]
    [87,552/223,308  elapsed 17.4s]
    [92,672/223,308  elapsed 18.5s]
    [97,792/223,308  elapsed 19.4s]
    [102,912/223,308  elapsed 20.5s]
    [108,032/223,308  elapsed 21.5s]
    [113,152/223,308  elapsed 22.4s]
    [118,272/223,308  elapsed 23.5s]
    [123,392/223,308  elapsed 24.4s]
    [128,512/223,308  elapsed 25.5s]
    [133,632/223,308  elapsed 26.5s]
    [138,752/223,308  elapsed 27.5s]
    [143,872/223,308  elapsed 28.5s]
    [148,992/223,308  elapsed 29.5s]
    [154,112/223,308  elapsed 30.5s]
    [159,232/223,308  elapsed 31.4s]
    [164,352/223,308  elapsed 32.4s]
    [169,472/223,308  elapsed 33.4s]
    [174,592/223,308  elapsed 34.4s]
    [179,712/223,308  elapsed 35.5s]
    [184,832/223,308  elapsed 36.5s]
    [189,952/223,308  elapsed 37.5s]
    [195,072/223,308  elapsed 38.5s]
    [200,192/223,308  elapsed 39.5s]
    [205,312/223,308  elapsed 40.5s]
    [210,432/223,308  elapsed 41.5s]
    [215,552/223,308  elapsed 42.5s]
    [220,672/223,308  elapsed 43.5s]
  eval done in 44.0s
  by-popularity NDCG@10: tail=0.0016(n=29,887)  mid=0.0081(n=33,352)  head=0.0504(n=160,069)
  evaluating 223,308 users in batches of 512...
    [512/223,308  elapsed 0.1s]
    [5,632/223,308  elapsed 1.2s]
    [10,752/223,308  elapsed 2.2s]
    [15,872/223,308  elapsed 3.2s]
    [20,992/223,308  elapsed 4.2s]
    [26,112/223,308  elapsed 5.2s]
    [31,232/223,308  elapsed 6.3s]
    [36,352/223,308  elapsed 7.3s]
    [41,472/223,308  elapsed 8.3s]
    [46,592/223,308  elapsed 9.3s]
    [51,712/223,308  elapsed 10.5s]
    [56,832/223,308  elapsed 11.5s]
    [61,952/223,308  elapsed 12.5s]
    [67,072/223,308  elapsed 13.5s]
    [72,192/223,308  elapsed 14.5s]
    [77,312/223,308  elapsed 15.5s]
    [82,432/223,308  elapsed 16.5s]
    [87,552/223,308  elapsed 17.6s]
    [92,672/223,308  elapsed 18.6s]
    [97,792/223,308  elapsed 19.6s]
    [102,912/223,308  elapsed 20.6s]
    [108,032/223,308  elapsed 21.6s]
    [113,152/223,308  elapsed 22.6s]
    [118,272/223,308  elapsed 23.6s]
    [123,392/223,308  elapsed 24.6s]
    [128,512/223,308  elapsed 25.6s]
    [133,632/223,308  elapsed 26.6s]
    [138,752/223,308  elapsed 27.6s]
    [143,872/223,308  elapsed 28.7s]
    [148,992/223,308  elapsed 29.8s]
    [154,112/223,308  elapsed 30.8s]
    [159,232/223,308  elapsed 31.8s]
    [164,352/223,308  elapsed 32.8s]
    [169,472/223,308  elapsed 33.9s]
    [174,592/223,308  elapsed 34.9s]
    [179,712/223,308  elapsed 35.9s]
    [184,832/223,308  elapsed 36.9s]
    [189,952/223,308  elapsed 37.9s]
    [195,072/223,308  elapsed 38.8s]
    [200,192/223,308  elapsed 39.8s]
    [205,312/223,308  elapsed 40.8s]
    [210,432/223,308  elapsed 41.7s]
    [215,552/223,308  elapsed 42.7s]
    [220,672/223,308  elapsed 43.7s]
  eval done in 44.2s
  by-popularity NDCG@10: tail=0.0008(n=36,610)  mid=0.0054(n=35,266)  head=0.0434(n=151,432)
  epoch  13  loss=9.2769  val_NDCG=0.0375  test_NDCG=0.0304  test_HR=0.0512  (42.4s)
  evaluating 223,308 users in batches of 512...
    [512/223,308  elapsed 0.1s]
    [5,632/223,308  elapsed 1.1s]
    [10,752/223,308  elapsed 2.1s]
    [15,872/223,308  elapsed 3.1s]
    [20,992/223,308  elapsed 4.1s]
    [26,112/223,308  elapsed 5.0s]
    [31,232/223,308  elapsed 6.0s]
    [36,352/223,308  elapsed 7.0s]
    [41,472/223,308  elapsed 8.0s]
    [46,592/223,308  elapsed 9.0s]
    [51,712/223,308  elapsed 10.0s]
    [56,832/223,308  elapsed 11.0s]
    [61,952/223,308  elapsed 12.0s]
    [67,072/223,308  elapsed 13.0s]
    [72,192/223,308  elapsed 13.9s]
    [77,312/223,308  elapsed 15.0s]
    [82,432/223,308  elapsed 16.0s]
    [87,552/223,308  elapsed 17.0s]
    [92,672/223,308  elapsed 18.1s]
    [97,792/223,308  elapsed 19.2s]
    [102,912/223,308  elapsed 20.2s]
    [108,032/223,308  elapsed 21.2s]
    [113,152/223,308  elapsed 22.3s]
    [118,272/223,308  elapsed 23.3s]
    [123,392/223,308  elapsed 24.2s]
    [128,512/223,308  elapsed 25.2s]
    [133,632/223,308  elapsed 26.2s]
    [138,752/223,308  elapsed 27.1s]
    [143,872/223,308  elapsed 28.1s]
    [148,992/223,308  elapsed 29.1s]
    [154,112/223,308  elapsed 30.1s]
    [159,232/223,308  elapsed 31.0s]
    [164,352/223,308  elapsed 32.0s]
    [169,472/223,308  elapsed 33.0s]
    [174,592/223,308  elapsed 33.9s]
    [179,712/223,308  elapsed 34.9s]
    [184,832/223,308  elapsed 35.9s]
    [189,952/223,308  elapsed 36.9s]
    [195,072/223,308  elapsed 37.9s]
    [200,192/223,308  elapsed 38.9s]
    [205,312/223,308  elapsed 39.8s]
    [210,432/223,308  elapsed 40.8s]
    [215,552/223,308  elapsed 41.8s]
    [220,672/223,308  elapsed 42.8s]
  eval done in 43.4s
  by-popularity NDCG@10: tail=0.0016(n=29,887)  mid=0.0082(n=33,352)  head=0.0503(n=160,069)
  evaluating 223,308 users in batches of 512...
    [512/223,308  elapsed 0.1s]
    [5,632/223,308  elapsed 1.1s]
    [10,752/223,308  elapsed 2.1s]
    [15,872/223,308  elapsed 3.1s]
    [20,992/223,308  elapsed 4.1s]
    [26,112/223,308  elapsed 5.0s]
    [31,232/223,308  elapsed 6.0s]
    [36,352/223,308  elapsed 7.0s]
    [41,472/223,308  elapsed 8.0s]
    [46,592/223,308  elapsed 8.9s]
    [51,712/223,308  elapsed 9.9s]
    [56,832/223,308  elapsed 10.9s]
    [61,952/223,308  elapsed 11.9s]
    [67,072/223,308  elapsed 12.9s]
    [72,192/223,308  elapsed 13.9s]
    [77,312/223,308  elapsed 15.0s]
    [82,432/223,308  elapsed 16.1s]
    [87,552/223,308  elapsed 17.0s]
    [92,672/223,308  elapsed 18.2s]
    [97,792/223,308  elapsed 19.3s]
    [102,912/223,308  elapsed 20.3s]
    [108,032/223,308  elapsed 21.2s]
    [113,152/223,308  elapsed 22.2s]
    [118,272/223,308  elapsed 23.2s]
    [123,392/223,308  elapsed 24.2s]
    [128,512/223,308  elapsed 25.2s]
    [133,632/223,308  elapsed 26.1s]
    [138,752/223,308  elapsed 27.1s]
    [143,872/223,308  elapsed 28.1s]
    [148,992/223,308  elapsed 29.1s]
    [154,112/223,308  elapsed 30.0s]
    [159,232/223,308  elapsed 31.0s]
    [164,352/223,308  elapsed 32.0s]
    [169,472/223,308  elapsed 32.9s]
    [174,592/223,308  elapsed 33.9s]
    [179,712/223,308  elapsed 34.9s]
    [184,832/223,308  elapsed 35.9s]
    [189,952/223,308  elapsed 36.9s]
    [195,072/223,308  elapsed 37.9s]
    [200,192/223,308  elapsed 39.0s]
    [205,312/223,308  elapsed 39.9s]
    [210,432/223,308  elapsed 40.9s]
    [215,552/223,308  elapsed 41.9s]
    [220,672/223,308  elapsed 42.9s]
  eval done in 43.4s
  by-popularity NDCG@10: tail=0.0009(n=36,610)  mid=0.0055(n=35,266)  head=0.0434(n=151,432)
  epoch  14  loss=9.2440  val_NDCG=0.0375  test_NDCG=0.0305  test_HR=0.0513  (42.2s)
  evaluating 223,308 users in batches of 512...
    [512/223,308  elapsed 0.1s]
    [5,632/223,308  elapsed 1.1s]
    [10,752/223,308  elapsed 2.0s]
    [15,872/223,308  elapsed 3.0s]
    [20,992/223,308  elapsed 4.1s]
    [26,112/223,308  elapsed 5.0s]
    [31,232/223,308  elapsed 6.0s]
    [36,352/223,308  elapsed 7.0s]
    [41,472/223,308  elapsed 7.9s]
    [46,592/223,308  elapsed 8.9s]
    [51,712/223,308  elapsed 9.9s]
    [56,832/223,308  elapsed 10.9s]
    [61,952/223,308  elapsed 11.9s]
    [67,072/223,308  elapsed 12.8s]
    [72,192/223,308  elapsed 13.8s]
    [77,312/223,308  elapsed 14.7s]
    [82,432/223,308  elapsed 15.7s]
    [87,552/223,308  elapsed 16.7s]
    [92,672/223,308  elapsed 17.7s]
    [97,792/223,308  elapsed 18.7s]
    [102,912/223,308  elapsed 19.6s]
    [108,032/223,308  elapsed 20.6s]
    [113,152/223,308  elapsed 21.5s]
    [118,272/223,308  elapsed 22.5s]
    [123,392/223,308  elapsed 23.7s]
    [128,512/223,308  elapsed 24.7s]
    [133,632/223,308  elapsed 25.7s]
    [138,752/223,308  elapsed 26.7s]
    [143,872/223,308  elapsed 27.7s]
    [148,992/223,308  elapsed 28.6s]
    [154,112/223,308  elapsed 29.6s]
    [159,232/223,308  elapsed 30.6s]
    [164,352/223,308  elapsed 31.6s]
    [169,472/223,308  elapsed 32.5s]
    [174,592/223,308  elapsed 33.5s]
    [179,712/223,308  elapsed 34.4s]
    [184,832/223,308  elapsed 35.4s]
    [189,952/223,308  elapsed 36.4s]
    [195,072/223,308  elapsed 37.3s]
    [200,192/223,308  elapsed 38.3s]
    [205,312/223,308  elapsed 39.3s]
    [210,432/223,308  elapsed 40.2s]
    [215,552/223,308  elapsed 41.2s]
    [220,672/223,308  elapsed 42.1s]
  eval done in 42.6s
  by-popularity NDCG@10: tail=0.0017(n=29,887)  mid=0.0085(n=33,352)  head=0.0504(n=160,069)
  evaluating 223,308 users in batches of 512...
    [512/223,308  elapsed 0.2s]
    [5,632/223,308  elapsed 1.3s]
    [10,752/223,308  elapsed 2.2s]
    [15,872/223,308  elapsed 3.2s]
    [20,992/223,308  elapsed 4.2s]
    [26,112/223,308  elapsed 5.2s]
    [31,232/223,308  elapsed 6.1s]
    [36,352/223,308  elapsed 7.1s]
    [41,472/223,308  elapsed 8.1s]
    [46,592/223,308  elapsed 9.0s]
    [51,712/223,308  elapsed 10.0s]
    [56,832/223,308  elapsed 11.0s]
    [61,952/223,308  elapsed 12.0s]
    [67,072/223,308  elapsed 13.0s]
    [72,192/223,308  elapsed 13.9s]
    [77,312/223,308  elapsed 14.9s]
    [82,432/223,308  elapsed 15.9s]
    [87,552/223,308  elapsed 16.9s]
    [92,672/223,308  elapsed 17.8s]
    [97,792/223,308  elapsed 18.8s]
    [102,912/223,308  elapsed 19.8s]
    [108,032/223,308  elapsed 20.8s]
    [113,152/223,308  elapsed 21.8s]
    [118,272/223,308  elapsed 22.8s]
    [123,392/223,308  elapsed 23.8s]
    [128,512/223,308  elapsed 24.7s]
    [133,632/223,308  elapsed 25.7s]
    [138,752/223,308  elapsed 26.7s]
    [143,872/223,308  elapsed 27.7s]
    [148,992/223,308  elapsed 28.6s]
    [154,112/223,308  elapsed 29.6s]
    [159,232/223,308  elapsed 30.6s]
    [164,352/223,308  elapsed 31.6s]
    [169,472/223,308  elapsed 32.6s]
    [174,592/223,308  elapsed 33.5s]
    [179,712/223,308  elapsed 34.5s]
    [184,832/223,308  elapsed 35.5s]
    [189,952/223,308  elapsed 36.5s]
    [195,072/223,308  elapsed 37.5s]
    [200,192/223,308  elapsed 38.5s]
    [205,312/223,308  elapsed 39.5s]
    [210,432/223,308  elapsed 40.4s]
    [215,552/223,308  elapsed 41.4s]
    [220,672/223,308  elapsed 42.6s]
  eval done in 43.1s
  by-popularity NDCG@10: tail=0.0010(n=36,610)  mid=0.0058(n=35,266)  head=0.0432(n=151,432)
  epoch  15  loss=9.2140  val_NDCG=0.0376  test_NDCG=0.0304  test_HR=0.0512  (42.2s)
  evaluating 223,308 users in batches of 512...
    [512/223,308  elapsed 0.1s]
    [5,632/223,308  elapsed 1.2s]
    [10,752/223,308  elapsed 2.3s]
    [15,872/223,308  elapsed 3.3s]
    [20,992/223,308  elapsed 4.2s]
    [26,112/223,308  elapsed 5.2s]
    [31,232/223,308  elapsed 6.2s]
    [36,352/223,308  elapsed 7.2s]
    [41,472/223,308  elapsed 8.1s]
    [46,592/223,308  elapsed 9.1s]
    [51,712/223,308  elapsed 10.1s]
    [56,832/223,308  elapsed 11.1s]
    [61,952/223,308  elapsed 12.0s]
    [67,072/223,308  elapsed 13.0s]
    [72,192/223,308  elapsed 14.0s]
    [77,312/223,308  elapsed 14.9s]
    [82,432/223,308  elapsed 15.9s]
    [87,552/223,308  elapsed 17.2s]
    [92,672/223,308  elapsed 18.1s]
    [97,792/223,308  elapsed 19.1s]
    [102,912/223,308  elapsed 20.1s]
    [108,032/223,308  elapsed 21.1s]
    [113,152/223,308  elapsed 22.0s]
    [118,272/223,308  elapsed 23.0s]
    [123,392/223,308  elapsed 24.0s]
    [128,512/223,308  elapsed 25.0s]
    [133,632/223,308  elapsed 25.9s]
    [138,752/223,308  elapsed 26.9s]
    [143,872/223,308  elapsed 27.9s]
    [148,992/223,308  elapsed 28.9s]
    [154,112/223,308  elapsed 29.8s]
    [159,232/223,308  elapsed 30.8s]
    [164,352/223,308  elapsed 31.8s]
    [169,472/223,308  elapsed 32.8s]
    [174,592/223,308  elapsed 33.7s]
    [179,712/223,308  elapsed 34.7s]
    [184,832/223,308  elapsed 35.6s]
    [189,952/223,308  elapsed 36.6s]
    [195,072/223,308  elapsed 37.6s]
    [200,192/223,308  elapsed 38.5s]
    [205,312/223,308  elapsed 39.6s]
    [210,432/223,308  elapsed 40.6s]
    [215,552/223,308  elapsed 41.6s]
    [220,672/223,308  elapsed 42.6s]
  eval done in 43.1s
  by-popularity NDCG@10: tail=0.0018(n=29,887)  mid=0.0086(n=33,352)  head=0.0504(n=160,069)
  evaluating 223,308 users in batches of 512...
    [512/223,308  elapsed 0.1s]
    [5,632/223,308  elapsed 1.1s]
    [10,752/223,308  elapsed 2.1s]
    [15,872/223,308  elapsed 3.0s]
    [20,992/223,308  elapsed 4.0s]
    [26,112/223,308  elapsed 5.0s]
    [31,232/223,308  elapsed 6.0s]
    [36,352/223,308  elapsed 7.1s]
    [41,472/223,308  elapsed 8.0s]
    [46,592/223,308  elapsed 9.0s]
    [51,712/223,308  elapsed 10.0s]
    [56,832/223,308  elapsed 11.0s]
    [61,952/223,308  elapsed 11.9s]
    [67,072/223,308  elapsed 12.9s]
    [72,192/223,308  elapsed 13.9s]
    [77,312/223,308  elapsed 14.8s]
    [82,432/223,308  elapsed 15.8s]
    [87,552/223,308  elapsed 16.8s]
    [92,672/223,308  elapsed 17.7s]
    [97,792/223,308  elapsed 18.7s]
    [102,912/223,308  elapsed 19.7s]
    [108,032/223,308  elapsed 20.8s]
    [113,152/223,308  elapsed 22.1s]
    [118,272/223,308  elapsed 23.3s]
    [123,392/223,308  elapsed 24.5s]
    [128,512/223,308  elapsed 25.5s]
    [133,632/223,308  elapsed 26.5s]
    [138,752/223,308  elapsed 27.4s]
    [143,872/223,308  elapsed 28.4s]
    [148,992/223,308  elapsed 29.5s]
    [154,112/223,308  elapsed 30.6s]
    [159,232/223,308  elapsed 31.8s]
    [164,352/223,308  elapsed 32.7s]
    [169,472/223,308  elapsed 33.7s]
    [174,592/223,308  elapsed 34.7s]
    [179,712/223,308  elapsed 35.7s]
    [184,832/223,308  elapsed 36.7s]
    [189,952/223,308  elapsed 37.7s]
    [195,072/223,308  elapsed 38.6s]
    [200,192/223,308  elapsed 39.6s]
    [205,312/223,308  elapsed 40.6s]
    [210,432/223,308  elapsed 41.5s]
    [215,552/223,308  elapsed 42.5s]
    [220,672/223,308  elapsed 43.5s]
  eval done in 44.0s
  by-popularity NDCG@10: tail=0.0009(n=36,610)  mid=0.0059(n=35,266)  head=0.0431(n=151,432)
  epoch  16  loss=9.1874  val_NDCG=0.0376  test_NDCG=0.0303  test_HR=0.0508  (42.1s)
  evaluating 223,308 users in batches of 512...
    [512/223,308  elapsed 0.1s]
    [5,632/223,308  elapsed 1.1s]
    [10,752/223,308  elapsed 2.1s]
    [15,872/223,308  elapsed 3.0s]
    [20,992/223,308  elapsed 4.0s]
    [26,112/223,308  elapsed 5.0s]
    [31,232/223,308  elapsed 6.0s]
    [36,352/223,308  elapsed 6.9s]
    [41,472/223,308  elapsed 7.9s]
    [46,592/223,308  elapsed 8.8s]
    [51,712/223,308  elapsed 9.8s]
    [56,832/223,308  elapsed 10.8s]
    [61,952/223,308  elapsed 11.8s]
    [67,072/223,308  elapsed 12.7s]
    [72,192/223,308  elapsed 13.7s]
    [77,312/223,308  elapsed 14.7s]
    [82,432/223,308  elapsed 15.6s]
    [87,552/223,308  elapsed 16.6s]
    [92,672/223,308  elapsed 17.6s]
    [97,792/223,308  elapsed 18.5s]
    [102,912/223,308  elapsed 19.5s]
    [108,032/223,308  elapsed 20.7s]
    [113,152/223,308  elapsed 21.7s]
    [118,272/223,308  elapsed 22.7s]
    [123,392/223,308  elapsed 23.6s]
    [128,512/223,308  elapsed 24.6s]
    [133,632/223,308  elapsed 25.6s]
    [138,752/223,308  elapsed 26.5s]
    [143,872/223,308  elapsed 27.5s]
    [148,992/223,308  elapsed 28.4s]
    [154,112/223,308  elapsed 29.4s]
    [159,232/223,308  elapsed 30.4s]
    [164,352/223,308  elapsed 31.3s]
    [169,472/223,308  elapsed 32.3s]
    [174,592/223,308  elapsed 33.3s]
    [179,712/223,308  elapsed 34.2s]
    [184,832/223,308  elapsed 35.2s]
    [189,952/223,308  elapsed 36.2s]
    [195,072/223,308  elapsed 37.1s]
    [200,192/223,308  elapsed 38.1s]
    [205,312/223,308  elapsed 39.0s]
    [210,432/223,308  elapsed 40.0s]
    [215,552/223,308  elapsed 41.0s]
    [220,672/223,308  elapsed 41.9s]
  eval done in 42.4s
  by-popularity NDCG@10: tail=0.0018(n=29,887)  mid=0.0086(n=33,352)  head=0.0504(n=160,069)
  evaluating 223,308 users in batches of 512...
    [512/223,308  elapsed 0.1s]
    [5,632/223,308  elapsed 1.1s]
    [10,752/223,308  elapsed 2.1s]
    [15,872/223,308  elapsed 3.1s]
    [20,992/223,308  elapsed 4.1s]
    [26,112/223,308  elapsed 5.0s]
    [31,232/223,308  elapsed 6.0s]
    [36,352/223,308  elapsed 7.0s]
    [41,472/223,308  elapsed 8.0s]
    [46,592/223,308  elapsed 8.9s]
    [51,712/223,308  elapsed 10.0s]
    [56,832/223,308  elapsed 10.9s]
    [61,952/223,308  elapsed 11.9s]
    [67,072/223,308  elapsed 12.9s]
    [72,192/223,308  elapsed 13.8s]
    [77,312/223,308  elapsed 14.8s]
    [82,432/223,308  elapsed 15.8s]
    [87,552/223,308  elapsed 16.7s]
    [92,672/223,308  elapsed 17.7s]
    [97,792/223,308  elapsed 18.7s]
    [102,912/223,308  elapsed 19.6s]
    [108,032/223,308  elapsed 20.6s]
    [113,152/223,308  elapsed 21.6s]
    [118,272/223,308  elapsed 22.6s]
    [123,392/223,308  elapsed 23.6s]
    [128,512/223,308  elapsed 24.5s]
    [133,632/223,308  elapsed 25.5s]
    [138,752/223,308  elapsed 26.4s]
    [143,872/223,308  elapsed 27.6s]
    [148,992/223,308  elapsed 28.6s]
    [154,112/223,308  elapsed 29.6s]
    [159,232/223,308  elapsed 30.6s]
    [164,352/223,308  elapsed 31.5s]
    [169,472/223,308  elapsed 32.5s]
    [174,592/223,308  elapsed 33.5s]
    [179,712/223,308  elapsed 34.4s]
    [184,832/223,308  elapsed 35.4s]
    [189,952/223,308  elapsed 36.4s]
    [195,072/223,308  elapsed 37.4s]
    [200,192/223,308  elapsed 38.4s]
    [205,312/223,308  elapsed 39.3s]
    [210,432/223,308  elapsed 40.3s]
    [215,552/223,308  elapsed 41.3s]
    [220,672/223,308  elapsed 42.3s]
  eval done in 42.8s
  by-popularity NDCG@10: tail=0.0010(n=36,610)  mid=0.0060(n=35,266)  head=0.0431(n=151,432)
  epoch  17  loss=9.1657  val_NDCG=0.0377  test_NDCG=0.0303  test_HR=0.0508  (42.3s)
  evaluating 223,308 users in batches of 512...
    [512/223,308  elapsed 0.1s]
    [5,632/223,308  elapsed 1.1s]
    [10,752/223,308  elapsed 2.1s]
    [15,872/223,308  elapsed 3.1s]
    [20,992/223,308  elapsed 4.0s]
    [26,112/223,308  elapsed 5.0s]
    [31,232/223,308  elapsed 5.9s]
    [36,352/223,308  elapsed 6.9s]
    [41,472/223,308  elapsed 7.8s]
    [46,592/223,308  elapsed 8.8s]
    [51,712/223,308  elapsed 9.7s]
    [56,832/223,308  elapsed 10.7s]
    [61,952/223,308  elapsed 11.7s]
    [67,072/223,308  elapsed 12.6s]
    [72,192/223,308  elapsed 13.6s]
    [77,312/223,308  elapsed 14.5s]
    [82,432/223,308  elapsed 15.5s]
    [87,552/223,308  elapsed 16.6s]
    [92,672/223,308  elapsed 17.6s]
    [97,792/223,308  elapsed 18.6s]
    [102,912/223,308  elapsed 19.6s]
    [108,032/223,308  elapsed 20.5s]
    [113,152/223,308  elapsed 21.5s]
    [118,272/223,308  elapsed 22.5s]
    [123,392/223,308  elapsed 23.4s]
    [128,512/223,308  elapsed 24.4s]
    [133,632/223,308  elapsed 25.3s]
    [138,752/223,308  elapsed 26.3s]
    [143,872/223,308  elapsed 27.3s]
    [148,992/223,308  elapsed 28.3s]
    [154,112/223,308  elapsed 29.2s]
    [159,232/223,308  elapsed 30.2s]
    [164,352/223,308  elapsed 31.2s]
    [169,472/223,308  elapsed 32.1s]
    [174,592/223,308  elapsed 33.1s]
    [179,712/223,308  elapsed 34.0s]
    [184,832/223,308  elapsed 35.0s]
    [189,952/223,308  elapsed 36.0s]
    [195,072/223,308  elapsed 37.0s]
    [200,192/223,308  elapsed 37.9s]
    [205,312/223,308  elapsed 38.9s]
    [210,432/223,308  elapsed 39.8s]
    [215,552/223,308  elapsed 40.8s]
    [220,672/223,308  elapsed 42.0s]
  eval done in 42.5s
  by-popularity NDCG@10: tail=0.0018(n=29,887)  mid=0.0087(n=33,352)  head=0.0504(n=160,069)
  evaluating 223,308 users in batches of 512...
    [512/223,308  elapsed 0.1s]
    [5,632/223,308  elapsed 1.1s]
    [10,752/223,308  elapsed 2.0s]
    [15,872/223,308  elapsed 3.0s]
    [20,992/223,308  elapsed 4.0s]
    [26,112/223,308  elapsed 5.0s]
    [31,232/223,308  elapsed 6.0s]
    [36,352/223,308  elapsed 6.9s]
    [41,472/223,308  elapsed 7.9s]
    [46,592/223,308  elapsed 8.9s]
    [51,712/223,308  elapsed 9.8s]
    [56,832/223,308  elapsed 10.8s]
    [61,952/223,308  elapsed 11.7s]
    [67,072/223,308  elapsed 12.7s]
    [72,192/223,308  elapsed 13.7s]
    [77,312/223,308  elapsed 14.6s]
    [82,432/223,308  elapsed 15.7s]
    [87,552/223,308  elapsed 16.6s]
    [92,672/223,308  elapsed 17.6s]
    [97,792/223,308  elapsed 18.6s]
    [102,912/223,308  elapsed 19.6s]
    [108,032/223,308  elapsed 20.6s]
    [113,152/223,308  elapsed 21.5s]
    [118,272/223,308  elapsed 22.5s]
    [123,392/223,308  elapsed 23.5s]
    [128,512/223,308  elapsed 24.6s]
    [133,632/223,308  elapsed 25.6s]
    [138,752/223,308  elapsed 26.6s]
    [143,872/223,308  elapsed 27.6s]
    [148,992/223,308  elapsed 28.5s]
    [154,112/223,308  elapsed 29.5s]
    [159,232/223,308  elapsed 30.5s]
    [164,352/223,308  elapsed 31.4s]
    [169,472/223,308  elapsed 32.4s]
    [174,592/223,308  elapsed 33.5s]
    [179,712/223,308  elapsed 34.6s]
    [184,832/223,308  elapsed 35.6s]
    [189,952/223,308  elapsed 36.7s]
    [195,072/223,308  elapsed 37.7s]
    [200,192/223,308  elapsed 38.6s]
    [205,312/223,308  elapsed 39.6s]
    [210,432/223,308  elapsed 40.5s]
    [215,552/223,308  elapsed 41.5s]
    [220,672/223,308  elapsed 42.5s]
  eval done in 43.0s
  by-popularity NDCG@10: tail=0.0010(n=36,610)  mid=0.0060(n=35,266)  head=0.0431(n=151,432)
  epoch  18  loss=9.1495  val_NDCG=0.0377  test_NDCG=0.0303  test_HR=0.0509  (42.2s)
  evaluating 223,308 users in batches of 512...
    [512/223,308  elapsed 0.1s]
    [5,632/223,308  elapsed 1.2s]
    [10,752/223,308  elapsed 2.2s]
    [15,872/223,308  elapsed 3.1s]
    [20,992/223,308  elapsed 4.2s]
    [26,112/223,308  elapsed 5.3s]
    [31,232/223,308  elapsed 6.4s]
    [36,352/223,308  elapsed 7.5s]
    [41,472/223,308  elapsed 8.5s]
    [46,592/223,308  elapsed 9.5s]
    [51,712/223,308  elapsed 10.5s]
    [56,832/223,308  elapsed 11.6s]
    [61,952/223,308  elapsed 12.6s]
    [67,072/223,308  elapsed 13.6s]
    [72,192/223,308  elapsed 14.6s]
    [77,312/223,308  elapsed 15.6s]
    [82,432/223,308  elapsed 16.5s]
    [87,552/223,308  elapsed 17.5s]
    [92,672/223,308  elapsed 18.5s]
    [97,792/223,308  elapsed 19.5s]
    [102,912/223,308  elapsed 20.4s]
    [108,032/223,308  elapsed 21.5s]
    [113,152/223,308  elapsed 22.4s]
    [118,272/223,308  elapsed 23.5s]
    [123,392/223,308  elapsed 24.7s]
    [128,512/223,308  elapsed 25.8s]
    [133,632/223,308  elapsed 26.8s]
    [138,752/223,308  elapsed 27.8s]
    [143,872/223,308  elapsed 28.7s]
    [148,992/223,308  elapsed 29.7s]
    [154,112/223,308  elapsed 30.7s]
    [159,232/223,308  elapsed 31.6s]
    [164,352/223,308  elapsed 32.6s]
    [169,472/223,308  elapsed 33.5s]
    [174,592/223,308  elapsed 34.5s]
    [179,712/223,308  elapsed 35.5s]
    [184,832/223,308  elapsed 36.4s]
    [189,952/223,308  elapsed 37.4s]
    [195,072/223,308  elapsed 38.3s]
    [200,192/223,308  elapsed 39.3s]
    [205,312/223,308  elapsed 40.3s]
    [210,432/223,308  elapsed 41.2s]
    [215,552/223,308  elapsed 42.2s]
    [220,672/223,308  elapsed 43.2s]
  eval done in 43.7s
  by-popularity NDCG@10: tail=0.0018(n=29,887)  mid=0.0087(n=33,352)  head=0.0505(n=160,069)
  evaluating 223,308 users in batches of 512...
    [512/223,308  elapsed 0.1s]
    [5,632/223,308  elapsed 1.1s]
    [10,752/223,308  elapsed 2.0s]
    [15,872/223,308  elapsed 3.0s]
    [20,992/223,308  elapsed 3.9s]
    [26,112/223,308  elapsed 5.0s]
    [31,232/223,308  elapsed 6.0s]
    [36,352/223,308  elapsed 7.0s]
    [41,472/223,308  elapsed 8.0s]
    [46,592/223,308  elapsed 9.0s]
    [51,712/223,308  elapsed 10.0s]
    [56,832/223,308  elapsed 10.9s]
    [61,952/223,308  elapsed 11.9s]
    [67,072/223,308  elapsed 12.9s]
    [72,192/223,308  elapsed 13.8s]
    [77,312/223,308  elapsed 14.8s]
    [82,432/223,308  elapsed 15.8s]
    [87,552/223,308  elapsed 16.8s]
    [92,672/223,308  elapsed 17.7s]
    [97,792/223,308  elapsed 18.7s]
    [102,912/223,308  elapsed 19.7s]
    [108,032/223,308  elapsed 20.6s]
    [113,152/223,308  elapsed 21.6s]
    [118,272/223,308  elapsed 22.6s]
    [123,392/223,308  elapsed 23.6s]
    [128,512/223,308  elapsed 24.5s]
    [133,632/223,308  elapsed 25.5s]
    [138,752/223,308  elapsed 26.5s]
    [143,872/223,308  elapsed 27.4s]
    [148,992/223,308  elapsed 28.4s]
    [154,112/223,308  elapsed 29.4s]
    [159,232/223,308  elapsed 30.4s]
    [164,352/223,308  elapsed 31.4s]
    [169,472/223,308  elapsed 32.4s]
    [174,592/223,308  elapsed 33.4s]
    [179,712/223,308  elapsed 34.3s]
    [184,832/223,308  elapsed 35.3s]
    [189,952/223,308  elapsed 36.3s]
    [195,072/223,308  elapsed 37.3s]
    [200,192/223,308  elapsed 38.2s]
    [205,312/223,308  elapsed 39.2s]
    [210,432/223,308  elapsed 40.2s]
    [215,552/223,308  elapsed 41.1s]
    [220,672/223,308  elapsed 42.1s]
  eval done in 42.6s
  by-popularity NDCG@10: tail=0.0010(n=36,610)  mid=0.0060(n=35,266)  head=0.0431(n=151,432)
  epoch  19  loss=9.1380  val_NDCG=0.0377  test_NDCG=0.0303  test_HR=0.0509  (42.5s)
  evaluating 223,308 users in batches of 512...
    [512/223,308  elapsed 0.1s]
    [5,632/223,308  elapsed 1.1s]
    [10,752/223,308  elapsed 2.1s]
    [15,872/223,308  elapsed 3.0s]
    [20,992/223,308  elapsed 4.0s]
    [26,112/223,308  elapsed 5.0s]
    [31,232/223,308  elapsed 5.9s]
    [36,352/223,308  elapsed 6.9s]
    [41,472/223,308  elapsed 7.8s]
    [46,592/223,308  elapsed 8.8s]
    [51,712/223,308  elapsed 9.7s]
    [56,832/223,308  elapsed 10.7s]
    [61,952/223,308  elapsed 11.6s]
    [67,072/223,308  elapsed 12.6s]
    [72,192/223,308  elapsed 13.6s]
    [77,312/223,308  elapsed 14.5s]
    [82,432/223,308  elapsed 15.5s]
    [87,552/223,308  elapsed 16.4s]
    [92,672/223,308  elapsed 17.4s]
    [97,792/223,308  elapsed 18.4s]
    [102,912/223,308  elapsed 19.4s]
    [108,032/223,308  elapsed 20.3s]
    [113,152/223,308  elapsed 21.3s]
    [118,272/223,308  elapsed 22.2s]
    [123,392/223,308  elapsed 23.2s]
    [128,512/223,308  elapsed 24.2s]
    [133,632/223,308  elapsed 25.4s]
    [138,752/223,308  elapsed 26.4s]
    [143,872/223,308  elapsed 27.3s]
    [148,992/223,308  elapsed 28.3s]
    [154,112/223,308  elapsed 29.3s]
    [159,232/223,308  elapsed 30.2s]
    [164,352/223,308  elapsed 31.2s]
    [169,472/223,308  elapsed 32.2s]
    [174,592/223,308  elapsed 33.1s]
    [179,712/223,308  elapsed 34.1s]
    [184,832/223,308  elapsed 35.1s]
    [189,952/223,308  elapsed 36.0s]
    [195,072/223,308  elapsed 37.0s]
    [200,192/223,308  elapsed 38.0s]
    [205,312/223,308  elapsed 38.9s]
    [210,432/223,308  elapsed 39.9s]
    [215,552/223,308  elapsed 40.9s]
    [220,672/223,308  elapsed 41.8s]
  eval done in 42.3s
  by-popularity NDCG@10: tail=0.0018(n=29,887)  mid=0.0087(n=33,352)  head=0.0505(n=160,069)
  evaluating 223,308 users in batches of 512...
    [512/223,308  elapsed 0.1s]
    [5,632/223,308  elapsed 1.1s]
    [10,752/223,308  elapsed 2.1s]
    [15,872/223,308  elapsed 3.0s]
    [20,992/223,308  elapsed 4.0s]
    [26,112/223,308  elapsed 5.0s]
    [31,232/223,308  elapsed 5.9s]
    [36,352/223,308  elapsed 6.9s]
    [41,472/223,308  elapsed 7.8s]
    [46,592/223,308  elapsed 8.8s]
    [51,712/223,308  elapsed 9.9s]
    [56,832/223,308  elapsed 10.9s]
    [61,952/223,308  elapsed 11.8s]
    [67,072/223,308  elapsed 12.8s]
    [72,192/223,308  elapsed 13.8s]
    [77,312/223,308  elapsed 14.8s]
    [82,432/223,308  elapsed 15.7s]
    [87,552/223,308  elapsed 16.7s]
    [92,672/223,308  elapsed 17.7s]
    [97,792/223,308  elapsed 18.6s]
    [102,912/223,308  elapsed 19.6s]
    [108,032/223,308  elapsed 20.6s]
    [113,152/223,308  elapsed 21.6s]
    [118,272/223,308  elapsed 22.5s]
    [123,392/223,308  elapsed 23.5s]
    [128,512/223,308  elapsed 24.5s]
    [133,632/223,308  elapsed 25.5s]
    [138,752/223,308  elapsed 26.4s]
    [143,872/223,308  elapsed 27.4s]
    [148,992/223,308  elapsed 28.4s]
    [154,112/223,308  elapsed 29.3s]
    [159,232/223,308  elapsed 30.4s]
    [164,352/223,308  elapsed 31.4s]
    [169,472/223,308  elapsed 32.3s]
    [174,592/223,308  elapsed 33.3s]
    [179,712/223,308  elapsed 34.3s]
    [184,832/223,308  elapsed 35.2s]
    [189,952/223,308  elapsed 36.2s]
    [195,072/223,308  elapsed 37.2s]
    [200,192/223,308  elapsed 38.2s]
    [205,312/223,308  elapsed 39.4s]
    [210,432/223,308  elapsed 40.4s]
    [215,552/223,308  elapsed 41.3s]
    [220,672/223,308  elapsed 42.3s]
  eval done in 42.8s
  by-popularity NDCG@10: tail=0.0010(n=36,610)  mid=0.0060(n=35,266)  head=0.0431(n=151,432)
  epoch  20  loss=9.1329  val_NDCG=0.0377  test_NDCG=0.0303  test_HR=0.0508  (42.3s)

=== Best by val NDCG@10 ===
  val_NDCG=0.0377
  test: {'NDCG@10': 0.030303115099108827, 'HR@10': 0.05083561717448547, 'MRR': 0.027739417647012342, 'n_eval': 223308, 'by_popularity': {'tail': {'NDCG@10': 0.000974722189182632, 'HR@10': 0.0020213056541928433, 'n': 36610, 'n_hit@10': 74, 'HR@20': 0.0033597377765637805, 'n_hit@20': 123, 'HR@50': 0.006937995083310571, 'n_hit@50': 254, 'HR@100': 0.011718109806063916, 'n_hit@100': 429}, 'mid': {'NDCG@10': 0.006003798977025433, 'HR@10': 0.010463335790846708, 'n': 35266, 'n_hit@10': 369, 'HR@20': 0.016134520501332728, 'n_hit@20': 569, 'HR@50': 0.028497703170192252, 'n_hit@50': 1005, 'HR@100': 0.04321442749390347, 'n_hit@100': 1524}, 'head': {'NDCG@10': 0.04305241608432854, 'HR@10': 0.07203893496751017, 'n': 151432, 'n_hit@10': 10909, 'HR@20': 0.09866474721327065, 'n_hit@20': 14941, 'HR@50': 0.14599952453906703, 'n_hit@50': 22109, 'HR@100': 0.19333430186486344, 'n_hit@100': 29277}}}
wrote C:\Users\rayxc\Documents\R\_bestrec_run\results_OFFICE_COLDFUSE_base_seed20260738.users.jsonl.gz (223,308 per-user records, best epoch 20, sha256 8c19d316dd26…)

wrote C:\Users\rayxc\Documents\R\_bestrec_run\results_OFFICE_COLDFUSE_base_seed20260738.json
[run] results_Office_Products_COLDFUSE_confirm_seed20260738.json
=== COLDFUSE confirm: Office_Products seed 20260738 (ease=no) ===
  [val] streaming sweep: 41 systems ...
    [512/223,308 1s]
    [20,992/223,308 14s]
    [41,472/223,308 27s]
    [61,952/223,308 41s]
    [82,432/223,308 54s]
    [102,912/223,308 68s]
    [123,392/223,308 82s]
    [143,872/223,308 95s]
    [164,352/223,308 109s]
    [184,832/223,308 122s]
    [205,312/223,308 135s]
  VAL ref overall 0.03772 tail 0.00175 | selected {'profile': 'exp0.9', 'wt_tail': 0.2, 'wt_mid': 0.0, 'wt_head': 0.0} val tail 0.00355
  [test] reference + selected ...
    [512/223,308 0s]
    [20,992/223,308 5s]
    [41,472/223,308 10s]
    [61,952/223,308 15s]
    [82,432/223,308 20s]
    [102,912/223,308 25s]
    [123,392/223,308 30s]
    [143,872/223,308 35s]
    [164,352/223,308 41s]
    [184,832/223,308 45s]
    [205,312/223,308 50s]
  TEST ref 0.03030 (tail 0.00093) -> sel 0.03029 (tail 0.00216)
wrote C:\Users\rayxc\Documents\R\_bestrec_run\results_Office_Products_COLDFUSE_confirm_seed20260738.json
[run] results_OFFICE_COLDFUSE_base_seed20260739.json
  random seed set to 20260739
=== Office_Products: load splits ===
  n_users=223,308  n_items=77,551  pad_id=77551
  built sequences for 223,308 users
  built timestamp sequences (12 time buckets)
  loading SBERT embeddings from C:\Users\rayxc\Documents\R\cache_5core\sbert_titles_Office_Products.npy...
  TAPE: k-means 77,551 text embeddings into K=512 prototypes (tau=0.05)...
  TAPE: K=512 mean max-assignment weight = 0.474 (1.0 = hard clustering)

=== Build SASRec-SBERT (d=64, layers=4, heads=2) ===
  total params: 34,913,919  device=cuda
  223,308 training examples / 873 batches per epoch
  init_state_sha256 = 509c13e20349189df21978f05fc5d80cab1ee773250beeb906f4733e5d32129e
  LR schedule: warmup_cosine (873 warmup + 16587 cosine steps)

=== Train for 20 epochs ===
  evaluating 223,308 users in batches of 512...
    [512/223,308  elapsed 0.1s]
    [5,632/223,308  elapsed 1.1s]
    [10,752/223,308  elapsed 2.1s]
    [15,872/223,308  elapsed 3.0s]
    [20,992/223,308  elapsed 4.2s]
    [26,112/223,308  elapsed 5.4s]
    [31,232/223,308  elapsed 6.4s]
    [36,352/223,308  elapsed 7.3s]
    [41,472/223,308  elapsed 8.3s]
    [46,592/223,308  elapsed 9.3s]
    [51,712/223,308  elapsed 10.2s]
    [56,832/223,308  elapsed 11.2s]
    [61,952/223,308  elapsed 12.1s]
    [67,072/223,308  elapsed 13.1s]
    [72,192/223,308  elapsed 14.1s]
    [77,312/223,308  elapsed 15.0s]
    [82,432/223,308  elapsed 16.0s]
    [87,552/223,308  elapsed 17.0s]
    [92,672/223,308  elapsed 17.9s]
    [97,792/223,308  elapsed 18.9s]
    [102,912/223,308  elapsed 19.8s]
    [108,032/223,308  elapsed 20.8s]
    [113,152/223,308  elapsed 21.8s]
    [118,272/223,308  elapsed 22.7s]
    [123,392/223,308  elapsed 23.7s]
    [128,512/223,308  elapsed 24.7s]
    [133,632/223,308  elapsed 25.6s]
    [138,752/223,308  elapsed 26.6s]
    [143,872/223,308  elapsed 27.6s]
    [148,992/223,308  elapsed 28.5s]
    [154,112/223,308  elapsed 29.5s]
    [159,232/223,308  elapsed 30.4s]
    [164,352/223,308  elapsed 31.4s]
    [169,472/223,308  elapsed 32.4s]
    [174,592/223,308  elapsed 33.3s]
    [179,712/223,308  elapsed 34.3s]
    [184,832/223,308  elapsed 35.3s]
    [189,952/223,308  elapsed 36.3s]
    [195,072/223,308  elapsed 37.5s]
    [200,192/223,308  elapsed 38.4s]
    [205,312/223,308  elapsed 39.4s]
    [210,432/223,308  elapsed 40.4s]
    [215,552/223,308  elapsed 41.3s]
    [220,672/223,308  elapsed 42.3s]
  eval done in 42.8s
  by-popularity NDCG@10: tail=0.0000(n=29,887)  mid=0.0003(n=33,352)  head=0.0261(n=160,069)
  evaluating 223,308 users in batches of 512...
    [512/223,308  elapsed 0.1s]
    [5,632/223,308  elapsed 1.1s]
    [10,752/223,308  elapsed 2.1s]
    [15,872/223,308  elapsed 3.0s]
    [20,992/223,308  elapsed 4.0s]
    [26,112/223,308  elapsed 5.0s]
    [31,232/223,308  elapsed 5.9s]
    [36,352/223,308  elapsed 6.9s]
    [41,472/223,308  elapsed 7.9s]
    [46,592/223,308  elapsed 8.9s]
    [51,712/223,308  elapsed 9.9s]
    [56,832/223,308  elapsed 10.8s]
    [61,952/223,308  elapsed 11.8s]
    [67,072/223,308  elapsed 12.7s]
    [72,192/223,308  elapsed 13.7s]
    [77,312/223,308  elapsed 14.7s]
    [82,432/223,308  elapsed 15.7s]
    [87,552/223,308  elapsed 16.7s]
    [92,672/223,308  elapsed 17.6s]
    [97,792/223,308  elapsed 18.6s]
    [102,912/223,308  elapsed 19.6s]
    [108,032/223,308  elapsed 20.6s]
    [113,152/223,308  elapsed 21.6s]
    [118,272/223,308  elapsed 22.6s]
    [123,392/223,308  elapsed 23.5s]
    [128,512/223,308  elapsed 24.5s]
    [133,632/223,308  elapsed 25.5s]
    [138,752/223,308  elapsed 26.5s]
    [143,872/223,308  elapsed 27.5s]
    [148,992/223,308  elapsed 28.4s]
    [154,112/223,308  elapsed 29.4s]
    [159,232/223,308  elapsed 30.4s]
    [164,352/223,308  elapsed 31.5s]
    [169,472/223,308  elapsed 32.5s]
    [174,592/223,308  elapsed 33.6s]
    [179,712/223,308  elapsed 34.6s]
    [184,832/223,308  elapsed 35.6s]
    [189,952/223,308  elapsed 36.5s]
    [195,072/223,308  elapsed 37.5s]
    [200,192/223,308  elapsed 38.5s]
    [205,312/223,308  elapsed 39.5s]
    [210,432/223,308  elapsed 40.4s]
    [215,552/223,308  elapsed 41.4s]
    [220,672/223,308  elapsed 42.4s]
  eval done in 42.9s
  by-popularity NDCG@10: tail=0.0000(n=36,610)  mid=0.0002(n=35,266)  head=0.0240(n=151,432)
  epoch   1  loss=10.5804  val_NDCG=0.0187  test_NDCG=0.0163  test_HR=0.0302  (42.4s)
  evaluating 223,308 users in batches of 512...
    [512/223,308  elapsed 0.1s]
    [5,632/223,308  elapsed 1.1s]
    [10,752/223,308  elapsed 2.0s]
    [15,872/223,308  elapsed 3.0s]
    [20,992/223,308  elapsed 4.1s]
    [26,112/223,308  elapsed 5.2s]
    [31,232/223,308  elapsed 6.2s]
    [36,352/223,308  elapsed 7.2s]
    [41,472/223,308  elapsed 8.2s]
    [46,592/223,308  elapsed 9.2s]
    [51,712/223,308  elapsed 10.2s]
    [56,832/223,308  elapsed 11.3s]
    [61,952/223,308  elapsed 12.3s]
    [67,072/223,308  elapsed 13.3s]
    [72,192/223,308  elapsed 14.2s]
    [77,312/223,308  elapsed 15.2s]
    [82,432/223,308  elapsed 16.2s]
    [87,552/223,308  elapsed 17.1s]
    [92,672/223,308  elapsed 18.1s]
    [97,792/223,308  elapsed 19.1s]
    [102,912/223,308  elapsed 20.0s]
    [108,032/223,308  elapsed 21.0s]
    [113,152/223,308  elapsed 22.0s]
    [118,272/223,308  elapsed 22.9s]
    [123,392/223,308  elapsed 23.9s]
    [128,512/223,308  elapsed 24.9s]
    [133,632/223,308  elapsed 25.8s]
    [138,752/223,308  elapsed 26.8s]
    [143,872/223,308  elapsed 27.8s]
    [148,992/223,308  elapsed 28.8s]
    [154,112/223,308  elapsed 29.7s]
    [159,232/223,308  elapsed 30.7s]
    [164,352/223,308  elapsed 31.7s]
    [169,472/223,308  elapsed 32.6s]
    [174,592/223,308  elapsed 33.6s]
    [179,712/223,308  elapsed 34.6s]
    [184,832/223,308  elapsed 35.6s]
    [189,952/223,308  elapsed 36.6s]
    [195,072/223,308  elapsed 37.5s]
    [200,192/223,308  elapsed 38.5s]
    [205,312/223,308  elapsed 39.5s]
    [210,432/223,308  elapsed 40.5s]
    [215,552/223,308  elapsed 41.5s]
    [220,672/223,308  elapsed 42.6s]
  eval done in 43.2s
  by-popularity NDCG@10: tail=0.0000(n=29,887)  mid=0.0007(n=33,352)  head=0.0385(n=160,069)
  evaluating 223,308 users in batches of 512...
    [512/223,308  elapsed 0.1s]
    [5,632/223,308  elapsed 1.1s]
    [10,752/223,308  elapsed 2.1s]
    [15,872/223,308  elapsed 3.1s]
    [20,992/223,308  elapsed 4.0s]
    [26,112/223,308  elapsed 5.0s]
    [31,232/223,308  elapsed 6.0s]
    [36,352/223,308  elapsed 7.0s]
    [41,472/223,308  elapsed 7.9s]
    [46,592/223,308  elapsed 8.9s]
    [51,712/223,308  elapsed 9.9s]
    [56,832/223,308  elapsed 10.8s]
    [61,952/223,308  elapsed 11.8s]
    [67,072/223,308  elapsed 12.8s]
    [72,192/223,308  elapsed 13.8s]
    [77,312/223,308  elapsed 14.8s]
    [82,432/223,308  elapsed 15.8s]
    [87,552/223,308  elapsed 16.7s]
    [92,672/223,308  elapsed 17.7s]
    [97,792/223,308  elapsed 18.7s]
    [102,912/223,308  elapsed 19.6s]
    [108,032/223,308  elapsed 20.6s]
    [113,152/223,308  elapsed 21.6s]
    [118,272/223,308  elapsed 22.5s]
    [123,392/223,308  elapsed 23.5s]
    [128,512/223,308  elapsed 24.5s]
    [133,632/223,308  elapsed 25.5s]
    [138,752/223,308  elapsed 26.5s]
    [143,872/223,308  elapsed 27.5s]
    [148,992/223,308  elapsed 28.5s]
    [154,112/223,308  elapsed 29.4s]
    [159,232/223,308  elapsed 30.4s]
    [164,352/223,308  elapsed 31.5s]
    [169,472/223,308  elapsed 32.5s]
    [174,592/223,308  elapsed 33.5s]
    [179,712/223,308  elapsed 34.5s]
    [184,832/223,308  elapsed 35.4s]
    [189,952/223,308  elapsed 36.5s]
    [195,072/223,308  elapsed 37.4s]
    [200,192/223,308  elapsed 38.4s]
    [205,312/223,308  elapsed 39.4s]
    [210,432/223,308  elapsed 40.4s]
    [215,552/223,308  elapsed 41.3s]
    [220,672/223,308  elapsed 42.3s]
  eval done in 42.8s
  by-popularity NDCG@10: tail=0.0000(n=36,610)  mid=0.0005(n=35,266)  head=0.0340(n=151,432)
  epoch   2  loss=10.0610  val_NDCG=0.0277  test_NDCG=0.0231  test_HR=0.0410  (42.8s)
  evaluating 223,308 users in batches of 512...
    [512/223,308  elapsed 0.1s]
    [5,632/223,308  elapsed 1.0s]
    [10,752/223,308  elapsed 2.0s]
    [15,872/223,308  elapsed 3.0s]
    [20,992/223,308  elapsed 4.0s]
    [26,112/223,308  elapsed 4.9s]
    [31,232/223,308  elapsed 5.9s]
    [36,352/223,308  elapsed 6.9s]
    [41,472/223,308  elapsed 7.8s]
    [46,592/223,308  elapsed 8.8s]
    [51,712/223,308  elapsed 9.8s]
    [56,832/223,308  elapsed 10.7s]
    [61,952/223,308  elapsed 11.7s]
    [67,072/223,308  elapsed 12.7s]
    [72,192/223,308  elapsed 13.7s]
    [77,312/223,308  elapsed 14.6s]
    [82,432/223,308  elapsed 15.6s]
    [87,552/223,308  elapsed 16.6s]
    [92,672/223,308  elapsed 17.5s]
    [97,792/223,308  elapsed 18.5s]
    [102,912/223,308  elapsed 19.5s]
    [108,032/223,308  elapsed 20.5s]
    [113,152/223,308  elapsed 21.4s]
    [118,272/223,308  elapsed 22.4s]
    [123,392/223,308  elapsed 23.3s]
    [128,512/223,308  elapsed 24.3s]
    [133,632/223,308  elapsed 25.2s]
    [138,752/223,308  elapsed 26.2s]
    [143,872/223,308  elapsed 27.2s]
    [148,992/223,308  elapsed 28.1s]
    [154,112/223,308  elapsed 29.1s]
    [159,232/223,308  elapsed 30.0s]
    [164,352/223,308  elapsed 31.0s]
    [169,472/223,308  elapsed 32.1s]
    [174,592/223,308  elapsed 33.0s]
    [179,712/223,308  elapsed 34.0s]
    [184,832/223,308  elapsed 34.9s]
    [189,952/223,308  elapsed 35.9s]
    [195,072/223,308  elapsed 36.9s]
    [200,192/223,308  elapsed 37.8s]
    [205,312/223,308  elapsed 38.8s]
    [210,432/223,308  elapsed 39.8s]
    [215,552/223,308  elapsed 40.8s]
    [220,672/223,308  elapsed 41.8s]
  eval done in 42.3s
  by-popularity NDCG@10: tail=0.0001(n=29,887)  mid=0.0018(n=33,352)  head=0.0430(n=160,069)
  evaluating 223,308 users in batches of 512...
    [512/223,308  elapsed 0.1s]
    [5,632/223,308  elapsed 1.1s]
    [10,752/223,308  elapsed 2.1s]
    [15,872/223,308  elapsed 3.1s]
    [20,992/223,308  elapsed 4.0s]
    [26,112/223,308  elapsed 5.1s]
    [31,232/223,308  elapsed 6.2s]
    [36,352/223,308  elapsed 7.2s]
    [41,472/223,308  elapsed 8.2s]
    [46,592/223,308  elapsed 9.2s]
    [51,712/223,308  elapsed 10.1s]
    [56,832/223,308  elapsed 11.1s]
    [61,952/223,308  elapsed 12.0s]
    [67,072/223,308  elapsed 13.0s]
    [72,192/223,308  elapsed 14.0s]
    [77,312/223,308  elapsed 14.9s]
    [82,432/223,308  elapsed 15.9s]
    [87,552/223,308  elapsed 16.8s]
    [92,672/223,308  elapsed 17.8s]
    [97,792/223,308  elapsed 18.8s]
    [102,912/223,308  elapsed 19.8s]
    [108,032/223,308  elapsed 20.8s]
    [113,152/223,308  elapsed 21.8s]
    [118,272/223,308  elapsed 22.7s]
    [123,392/223,308  elapsed 23.7s]
    [128,512/223,308  elapsed 24.7s]
    [133,632/223,308  elapsed 25.6s]
    [138,752/223,308  elapsed 26.6s]
    [143,872/223,308  elapsed 27.6s]
    [148,992/223,308  elapsed 28.5s]
    [154,112/223,308  elapsed 29.5s]
    [159,232/223,308  elapsed 30.5s]
    [164,352/223,308  elapsed 31.5s]
    [169,472/223,308  elapsed 32.4s]
    [174,592/223,308  elapsed 33.4s]
    [179,712/223,308  elapsed 34.4s]
    [184,832/223,308  elapsed 35.3s]
    [189,952/223,308  elapsed 36.3s]
    [195,072/223,308  elapsed 37.4s]
    [200,192/223,308  elapsed 38.3s]
    [205,312/223,308  elapsed 39.3s]
    [210,432/223,308  elapsed 40.3s]
    [215,552/223,308  elapsed 41.3s]
    [220,672/223,308  elapsed 42.2s]
  eval done in 42.7s
  by-popularity NDCG@10: tail=0.0001(n=36,610)  mid=0.0011(n=35,266)  head=0.0378(n=151,432)
  epoch   3  loss=9.8654  val_NDCG=0.0312  test_NDCG=0.0258  test_HR=0.0450  (42.1s)
  evaluating 223,308 users in batches of 512...
    [512/223,308  elapsed 0.1s]
    [5,632/223,308  elapsed 1.1s]
    [10,752/223,308  elapsed 2.1s]
    [15,872/223,308  elapsed 3.0s]
    [20,992/223,308  elapsed 4.0s]
    [26,112/223,308  elapsed 5.0s]
    [31,232/223,308  elapsed 5.9s]
    [36,352/223,308  elapsed 6.9s]
    [41,472/223,308  elapsed 7.9s]
    [46,592/223,308  elapsed 8.8s]
    [51,712/223,308  elapsed 9.8s]
    [56,832/223,308  elapsed 10.8s]
    [61,952/223,308  elapsed 11.7s]
    [67,072/223,308  elapsed 12.7s]
    [72,192/223,308  elapsed 13.7s]
    [77,312/223,308  elapsed 14.6s]
    [82,432/223,308  elapsed 15.6s]
    [87,552/223,308  elapsed 16.5s]
    [92,672/223,308  elapsed 17.5s]
    [97,792/223,308  elapsed 18.5s]
    [102,912/223,308  elapsed 19.4s]
    [108,032/223,308  elapsed 20.4s]
    [113,152/223,308  elapsed 21.3s]
    [118,272/223,308  elapsed 22.3s]
    [123,392/223,308  elapsed 23.3s]
    [128,512/223,308  elapsed 24.3s]
    [133,632/223,308  elapsed 25.3s]
    [138,752/223,308  elapsed 26.2s]
    [143,872/223,308  elapsed 27.2s]
    [148,992/223,308  elapsed 28.1s]
    [154,112/223,308  elapsed 29.1s]
    [159,232/223,308  elapsed 30.1s]
    [164,352/223,308  elapsed 31.1s]
    [169,472/223,308  elapsed 32.1s]
    [174,592/223,308  elapsed 33.2s]
    [179,712/223,308  elapsed 34.2s]
    [184,832/223,308  elapsed 35.3s]
    [189,952/223,308  elapsed 36.4s]
    [195,072/223,308  elapsed 37.4s]
    [200,192/223,308  elapsed 38.3s]
    [205,312/223,308  elapsed 39.3s]
    [210,432/223,308  elapsed 40.3s]
    [215,552/223,308  elapsed 41.3s]
    [220,672/223,308  elapsed 42.2s]
  eval done in 42.7s
  by-popularity NDCG@10: tail=0.0004(n=29,887)  mid=0.0033(n=33,352)  head=0.0461(n=160,069)
  evaluating 223,308 users in batches of 512...
    [512/223,308  elapsed 0.1s]
    [5,632/223,308  elapsed 1.1s]
    [10,752/223,308  elapsed 2.1s]
    [15,872/223,308  elapsed 3.0s]
    [20,992/223,308  elapsed 4.0s]
    [26,112/223,308  elapsed 5.0s]
    [31,232/223,308  elapsed 5.9s]
    [36,352/223,308  elapsed 6.9s]
    [41,472/223,308  elapsed 7.9s]
    [46,592/223,308  elapsed 8.9s]
    [51,712/223,308  elapsed 9.9s]
    [56,832/223,308  elapsed 10.9s]
    [61,952/223,308  elapsed 11.9s]
    [67,072/223,308  elapsed 12.9s]
    [72,192/223,308  elapsed 13.9s]
    [77,312/223,308  elapsed 14.8s]
    [82,432/223,308  elapsed 15.8s]
    [87,552/223,308  elapsed 16.8s]
    [92,672/223,308  elapsed 17.7s]
    [97,792/223,308  elapsed 18.7s]
    [102,912/223,308  elapsed 19.6s]
    [108,032/223,308  elapsed 20.6s]
    [113,152/223,308  elapsed 21.6s]
    [118,272/223,308  elapsed 22.6s]
    [123,392/223,308  elapsed 23.6s]
    [128,512/223,308  elapsed 24.7s]
    [133,632/223,308  elapsed 25.6s]
    [138,752/223,308  elapsed 26.6s]
    [143,872/223,308  elapsed 27.7s]
    [148,992/223,308  elapsed 28.8s]
    [154,112/223,308  elapsed 29.8s]
    [159,232/223,308  elapsed 30.8s]
    [164,352/223,308  elapsed 31.7s]
    [169,472/223,308  elapsed 32.7s]
    [174,592/223,308  elapsed 33.7s]
    [179,712/223,308  elapsed 34.7s]
    [184,832/223,308  elapsed 35.6s]
    [189,952/223,308  elapsed 36.6s]
    [195,072/223,308  elapsed 37.6s]
    [200,192/223,308  elapsed 38.6s]
    [205,312/223,308  elapsed 39.6s]
    [210,432/223,308  elapsed 40.6s]
    [215,552/223,308  elapsed 41.6s]
    [220,672/223,308  elapsed 42.6s]
  eval done in 43.1s
  by-popularity NDCG@10: tail=0.0002(n=36,610)  mid=0.0020(n=35,266)  head=0.0403(n=151,432)
  epoch   4  loss=9.7507  val_NDCG=0.0336  test_NDCG=0.0276  test_HR=0.0478  (42.5s)
  evaluating 223,308 users in batches of 512...
    [512/223,308  elapsed 0.1s]
    [5,632/223,308  elapsed 1.1s]
    [10,752/223,308  elapsed 2.1s]
    [15,872/223,308  elapsed 3.1s]
    [20,992/223,308  elapsed 4.0s]
    [26,112/223,308  elapsed 5.0s]
    [31,232/223,308  elapsed 6.0s]
    [36,352/223,308  elapsed 7.0s]
    [41,472/223,308  elapsed 7.9s]
    [46,592/223,308  elapsed 8.9s]
    [51,712/223,308  elapsed 9.9s]
    [56,832/223,308  elapsed 10.8s]
    [61,952/223,308  elapsed 11.8s]
    [67,072/223,308  elapsed 12.8s]
    [72,192/223,308  elapsed 13.8s]
    [77,312/223,308  elapsed 14.9s]
    [82,432/223,308  elapsed 16.0s]
    [87,552/223,308  elapsed 16.9s]
    [92,672/223,308  elapsed 17.9s]
    [97,792/223,308  elapsed 18.9s]
    [102,912/223,308  elapsed 19.8s]
    [108,032/223,308  elapsed 20.8s]
    [113,152/223,308  elapsed 21.8s]
    [118,272/223,308  elapsed 22.8s]
    [123,392/223,308  elapsed 23.7s]
    [128,512/223,308  elapsed 24.7s]
    [133,632/223,308  elapsed 25.7s]
    [138,752/223,308  elapsed 26.6s]
    [143,872/223,308  elapsed 27.6s]
    [148,992/223,308  elapsed 28.6s]
    [154,112/223,308  elapsed 29.6s]
    [159,232/223,308  elapsed 30.5s]
    [164,352/223,308  elapsed 31.5s]
    [169,472/223,308  elapsed 32.5s]
    [174,592/223,308  elapsed 33.5s]
    [179,712/223,308  elapsed 34.5s]
    [184,832/223,308  elapsed 35.4s]
    [189,952/223,308  elapsed 36.4s]
    [195,072/223,308  elapsed 37.4s]
    [200,192/223,308  elapsed 38.4s]
    [205,312/223,308  elapsed 39.3s]
    [210,432/223,308  elapsed 40.3s]
    [215,552/223,308  elapsed 41.3s]
    [220,672/223,308  elapsed 42.3s]
  eval done in 42.8s
  by-popularity NDCG@10: tail=0.0006(n=29,887)  mid=0.0041(n=33,352)  head=0.0476(n=160,069)
  evaluating 223,308 users in batches of 512...
    [512/223,308  elapsed 0.1s]
    [5,632/223,308  elapsed 1.1s]
    [10,752/223,308  elapsed 2.1s]
    [15,872/223,308  elapsed 3.1s]
    [20,992/223,308  elapsed 4.1s]
    [26,112/223,308  elapsed 5.1s]
    [31,232/223,308  elapsed 6.0s]
    [36,352/223,308  elapsed 7.1s]
    [41,472/223,308  elapsed 8.1s]
    [46,592/223,308  elapsed 9.2s]
    [51,712/223,308  elapsed 10.1s]
    [56,832/223,308  elapsed 11.1s]
    [61,952/223,308  elapsed 12.1s]
    [67,072/223,308  elapsed 13.1s]
    [72,192/223,308  elapsed 14.0s]
    [77,312/223,308  elapsed 15.0s]
    [82,432/223,308  elapsed 16.0s]
    [87,552/223,308  elapsed 16.9s]
    [92,672/223,308  elapsed 17.9s]
    [97,792/223,308  elapsed 18.9s]
    [102,912/223,308  elapsed 19.9s]
    [108,032/223,308  elapsed 20.9s]
    [113,152/223,308  elapsed 21.9s]
    [118,272/223,308  elapsed 22.9s]
    [123,392/223,308  elapsed 23.9s]
    [128,512/223,308  elapsed 24.9s]
    [133,632/223,308  elapsed 25.9s]
    [138,752/223,308  elapsed 26.9s]
    [143,872/223,308  elapsed 27.9s]
    [148,992/223,308  elapsed 28.9s]
    [154,112/223,308  elapsed 29.9s]
    [159,232/223,308  elapsed 30.9s]
    [164,352/223,308  elapsed 31.8s]
    [169,472/223,308  elapsed 32.8s]
    [174,592/223,308  elapsed 33.8s]
    [179,712/223,308  elapsed 34.8s]
    [184,832/223,308  elapsed 35.8s]
    [189,952/223,308  elapsed 36.7s]
    [195,072/223,308  elapsed 37.7s]
    [200,192/223,308  elapsed 38.7s]
    [205,312/223,308  elapsed 39.6s]
    [210,432/223,308  elapsed 40.6s]
    [215,552/223,308  elapsed 41.6s]
    [220,672/223,308  elapsed 42.5s]
  eval done in 43.1s
  by-popularity NDCG@10: tail=0.0002(n=36,610)  mid=0.0025(n=35,266)  head=0.0416(n=151,432)
  epoch   5  loss=9.6668  val_NDCG=0.0348  test_NDCG=0.0287  test_HR=0.0491  (42.1s)
  evaluating 223,308 users in batches of 512...
    [512/223,308  elapsed 0.1s]
    [5,632/223,308  elapsed 1.1s]
    [10,752/223,308  elapsed 2.0s]
    [15,872/223,308  elapsed 3.0s]
    [20,992/223,308  elapsed 4.0s]
    [26,112/223,308  elapsed 4.9s]
    [31,232/223,308  elapsed 6.0s]
    [36,352/223,308  elapsed 6.9s]
    [41,472/223,308  elapsed 7.9s]
    [46,592/223,308  elapsed 8.9s]
    [51,712/223,308  elapsed 9.9s]
    [56,832/223,308  elapsed 10.9s]
    [61,952/223,308  elapsed 11.8s]
    [67,072/223,308  elapsed 12.9s]
    [72,192/223,308  elapsed 13.9s]
    [77,312/223,308  elapsed 14.8s]
    [82,432/223,308  elapsed 15.8s]
    [87,552/223,308  elapsed 16.8s]
    [92,672/223,308  elapsed 17.8s]
    [97,792/223,308  elapsed 18.8s]
    [102,912/223,308  elapsed 19.8s]
    [108,032/223,308  elapsed 20.8s]
    [113,152/223,308  elapsed 21.7s]
    [118,272/223,308  elapsed 22.7s]
    [123,392/223,308  elapsed 23.7s]
    [128,512/223,308  elapsed 24.7s]
    [133,632/223,308  elapsed 25.7s]
    [138,752/223,308  elapsed 26.6s]
    [143,872/223,308  elapsed 27.6s]
    [148,992/223,308  elapsed 28.6s]
    [154,112/223,308  elapsed 29.6s]
    [159,232/223,308  elapsed 30.9s]
    [164,352/223,308  elapsed 31.8s]
    [169,472/223,308  elapsed 32.8s]
    [174,592/223,308  elapsed 33.7s]
    [179,712/223,308  elapsed 34.8s]
    [184,832/223,308  elapsed 35.8s]
    [189,952/223,308  elapsed 36.7s]
    [195,072/223,308  elapsed 37.7s]
    [200,192/223,308  elapsed 38.7s]
    [205,312/223,308  elapsed 39.7s]
    [210,432/223,308  elapsed 40.6s]
    [215,552/223,308  elapsed 41.6s]
    [220,672/223,308  elapsed 42.6s]
  eval done in 43.1s
  by-popularity NDCG@10: tail=0.0008(n=29,887)  mid=0.0049(n=33,352)  head=0.0485(n=160,069)
  evaluating 223,308 users in batches of 512...
    [512/223,308  elapsed 0.1s]
    [5,632/223,308  elapsed 1.1s]
    [10,752/223,308  elapsed 2.1s]
    [15,872/223,308  elapsed 3.0s]
    [20,992/223,308  elapsed 4.0s]
    [26,112/223,308  elapsed 5.0s]
    [31,232/223,308  elapsed 6.0s]
    [36,352/223,308  elapsed 7.0s]
    [41,472/223,308  elapsed 7.9s]
    [46,592/223,308  elapsed 8.9s]
    [51,712/223,308  elapsed 9.9s]
    [56,832/223,308  elapsed 10.9s]
    [61,952/223,308  elapsed 11.9s]
    [67,072/223,308  elapsed 12.8s]
    [72,192/223,308  elapsed 13.8s]
    [77,312/223,308  elapsed 14.8s]
    [82,432/223,308  elapsed 15.8s]
    [87,552/223,308  elapsed 16.8s]
    [92,672/223,308  elapsed 17.8s]
    [97,792/223,308  elapsed 18.7s]
    [102,912/223,308  elapsed 19.7s]
    [108,032/223,308  elapsed 20.7s]
    [113,152/223,308  elapsed 21.7s]
    [118,272/223,308  elapsed 22.7s]
    [123,392/223,308  elapsed 23.6s]
    [128,512/223,308  elapsed 24.6s]
    [133,632/223,308  elapsed 25.6s]
    [138,752/223,308  elapsed 26.7s]
    [143,872/223,308  elapsed 27.7s]
    [148,992/223,308  elapsed 28.7s]
    [154,112/223,308  elapsed 29.7s]
    [159,232/223,308  elapsed 30.7s]
    [164,352/223,308  elapsed 31.7s]
    [169,472/223,308  elapsed 32.6s]
    [174,592/223,308  elapsed 33.6s]
    [179,712/223,308  elapsed 34.6s]
    [184,832/223,308  elapsed 35.7s]
    [189,952/223,308  elapsed 36.8s]
    [195,072/223,308  elapsed 37.9s]
    [200,192/223,308  elapsed 39.1s]
    [205,312/223,308  elapsed 40.3s]
    [210,432/223,308  elapsed 41.4s]
    [215,552/223,308  elapsed 42.4s]
    [220,672/223,308  elapsed 43.3s]
  eval done in 43.9s
  by-popularity NDCG@10: tail=0.0003(n=36,610)  mid=0.0031(n=35,266)  head=0.0422(n=151,432)
  epoch   6  loss=9.5993  val_NDCG=0.0356  test_NDCG=0.0292  test_HR=0.0500  (42.2s)
  evaluating 223,308 users in batches of 512...
    [512/223,308  elapsed 0.1s]
    [5,632/223,308  elapsed 1.1s]
    [10,752/223,308  elapsed 2.0s]
    [15,872/223,308  elapsed 3.0s]
    [20,992/223,308  elapsed 4.0s]
    [26,112/223,308  elapsed 4.9s]
    [31,232/223,308  elapsed 5.9s]
    [36,352/223,308  elapsed 6.9s]
    [41,472/223,308  elapsed 7.9s]
    [46,592/223,308  elapsed 8.8s]
    [51,712/223,308  elapsed 9.8s]
    [56,832/223,308  elapsed 10.8s]
    [61,952/223,308  elapsed 11.7s]
    [67,072/223,308  elapsed 12.7s]
    [72,192/223,308  elapsed 13.7s]
    [77,312/223,308  elapsed 14.7s]
    [82,432/223,308  elapsed 15.6s]
    [87,552/223,308  elapsed 16.6s]
    [92,672/223,308  elapsed 17.6s]
    [97,792/223,308  elapsed 18.5s]
    [102,912/223,308  elapsed 19.5s]
    [108,032/223,308  elapsed 20.5s]
    [113,152/223,308  elapsed 21.5s]
    [118,272/223,308  elapsed 22.4s]
    [123,392/223,308  elapsed 23.4s]
    [128,512/223,308  elapsed 24.4s]
    [133,632/223,308  elapsed 25.4s]
    [138,752/223,308  elapsed 26.3s]
    [143,872/223,308  elapsed 27.3s]
    [148,992/223,308  elapsed 28.3s]
    [154,112/223,308  elapsed 29.3s]
    [159,232/223,308  elapsed 30.3s]
    [164,352/223,308  elapsed 31.3s]
    [169,472/223,308  elapsed 32.4s]
    [174,592/223,308  elapsed 33.5s]
    [179,712/223,308  elapsed 34.5s]
    [184,832/223,308  elapsed 35.4s]
    [189,952/223,308  elapsed 36.4s]
    [195,072/223,308  elapsed 37.4s]
    [200,192/223,308  elapsed 38.3s]
    [205,312/223,308  elapsed 39.3s]
    [210,432/223,308  elapsed 40.3s]
    [215,552/223,308  elapsed 41.3s]
    [220,672/223,308  elapsed 42.3s]
  eval done in 42.8s
  by-popularity NDCG@10: tail=0.0010(n=29,887)  mid=0.0059(n=33,352)  head=0.0491(n=160,069)
  evaluating 223,308 users in batches of 512...
    [512/223,308  elapsed 0.1s]
    [5,632/223,308  elapsed 1.1s]
    [10,752/223,308  elapsed 2.1s]
    [15,872/223,308  elapsed 3.0s]
    [20,992/223,308  elapsed 4.0s]
    [26,112/223,308  elapsed 5.0s]
    [31,232/223,308  elapsed 6.0s]
    [36,352/223,308  elapsed 7.0s]
    [41,472/223,308  elapsed 8.0s]
    [46,592/223,308  elapsed 9.0s]
    [51,712/223,308  elapsed 9.9s]
    [56,832/223,308  elapsed 10.9s]
    [61,952/223,308  elapsed 11.9s]
    [67,072/223,308  elapsed 12.9s]
    [72,192/223,308  elapsed 13.8s]
    [77,312/223,308  elapsed 14.8s]
    [82,432/223,308  elapsed 15.8s]
    [87,552/223,308  elapsed 16.8s]
    [92,672/223,308  elapsed 17.7s]
    [97,792/223,308  elapsed 18.7s]
    [102,912/223,308  elapsed 19.7s]
    [108,032/223,308  elapsed 20.6s]
    [113,152/223,308  elapsed 21.6s]
    [118,272/223,308  elapsed 22.6s]
    [123,392/223,308  elapsed 23.5s]
    [128,512/223,308  elapsed 24.5s]
    [133,632/223,308  elapsed 25.5s]
    [138,752/223,308  elapsed 26.4s]
    [143,872/223,308  elapsed 27.4s]
    [148,992/223,308  elapsed 28.4s]
    [154,112/223,308  elapsed 29.5s]
    [159,232/223,308  elapsed 30.6s]
    [164,352/223,308  elapsed 31.6s]
    [169,472/223,308  elapsed 32.6s]
    [174,592/223,308  elapsed 33.6s]
    [179,712/223,308  elapsed 34.5s]
    [184,832/223,308  elapsed 35.5s]
    [189,952/223,308  elapsed 36.5s]
    [195,072/223,308  elapsed 37.4s]
    [200,192/223,308  elapsed 38.4s]
    [205,312/223,308  elapsed 39.4s]
    [210,432/223,308  elapsed 40.4s]
    [215,552/223,308  elapsed 41.4s]
    [220,672/223,308  elapsed 42.4s]
  eval done in 42.9s
  by-popularity NDCG@10: tail=0.0004(n=36,610)  mid=0.0039(n=35,266)  head=0.0426(n=151,432)
  epoch   7  loss=9.5401  val_NDCG=0.0362  test_NDCG=0.0296  test_HR=0.0508  (42.3s)
  evaluating 223,308 users in batches of 512...
    [512/223,308  elapsed 0.1s]
    [5,632/223,308  elapsed 1.1s]
    [10,752/223,308  elapsed 2.0s]
    [15,872/223,308  elapsed 3.0s]
    [20,992/223,308  elapsed 3.9s]
    [26,112/223,308  elapsed 4.9s]
    [31,232/223,308  elapsed 5.9s]
    [36,352/223,308  elapsed 6.9s]
    [41,472/223,308  elapsed 7.9s]
    [46,592/223,308  elapsed 8.8s]
    [51,712/223,308  elapsed 9.8s]
    [56,832/223,308  elapsed 10.7s]
    [61,952/223,308  elapsed 11.7s]
    [67,072/223,308  elapsed 12.7s]
    [72,192/223,308  elapsed 13.7s]
    [77,312/223,308  elapsed 14.6s]
    [82,432/223,308  elapsed 15.6s]
    [87,552/223,308  elapsed 16.6s]
    [92,672/223,308  elapsed 17.6s]
    [97,792/223,308  elapsed 18.5s]
    [102,912/223,308  elapsed 19.5s]
    [108,032/223,308  elapsed 20.5s]
    [113,152/223,308  elapsed 21.4s]
    [118,272/223,308  elapsed 22.4s]
    [123,392/223,308  elapsed 23.4s]
    [128,512/223,308  elapsed 24.4s]
    [133,632/223,308  elapsed 25.4s]
    [138,752/223,308  elapsed 26.4s]
    [143,872/223,308  elapsed 27.3s]
    [148,992/223,308  elapsed 28.3s]
    [154,112/223,308  elapsed 29.3s]
    [159,232/223,308  elapsed 30.2s]
    [164,352/223,308  elapsed 31.2s]
    [169,472/223,308  elapsed 32.2s]
    [174,592/223,308  elapsed 33.3s]
    [179,712/223,308  elapsed 34.2s]
    [184,832/223,308  elapsed 35.2s]
    [189,952/223,308  elapsed 36.2s]
    [195,072/223,308  elapsed 37.2s]
    [200,192/223,308  elapsed 38.2s]
    [205,312/223,308  elapsed 39.1s]
    [210,432/223,308  elapsed 40.1s]
    [215,552/223,308  elapsed 41.0s]
    [220,672/223,308  elapsed 42.0s]
  eval done in 42.5s
  by-popularity NDCG@10: tail=0.0011(n=29,887)  mid=0.0065(n=33,352)  head=0.0494(n=160,069)
  evaluating 223,308 users in batches of 512...
    [512/223,308  elapsed 0.1s]
    [5,632/223,308  elapsed 1.1s]
    [10,752/223,308  elapsed 2.1s]
    [15,872/223,308  elapsed 3.2s]
    [20,992/223,308  elapsed 4.2s]
    [26,112/223,308  elapsed 5.2s]
    [31,232/223,308  elapsed 6.2s]
    [36,352/223,308  elapsed 7.1s]
    [41,472/223,308  elapsed 8.1s]
    [46,592/223,308  elapsed 9.1s]
    [51,712/223,308  elapsed 10.1s]
    [56,832/223,308  elapsed 11.1s]
    [61,952/223,308  elapsed 12.1s]
    [67,072/223,308  elapsed 13.1s]
    [72,192/223,308  elapsed 14.1s]
    [77,312/223,308  elapsed 15.1s]
    [82,432/223,308  elapsed 16.1s]
    [87,552/223,308  elapsed 17.1s]
    [92,672/223,308  elapsed 18.1s]
    [97,792/223,308  elapsed 19.1s]
    [102,912/223,308  elapsed 20.1s]
    [108,032/223,308  elapsed 21.1s]
    [113,152/223,308  elapsed 22.0s]
    [118,272/223,308  elapsed 23.0s]
    [123,392/223,308  elapsed 24.0s]
    [128,512/223,308  elapsed 25.0s]
    [133,632/223,308  elapsed 26.0s]
    [138,752/223,308  elapsed 26.9s]
    [143,872/223,308  elapsed 28.0s]
    [148,992/223,308  elapsed 29.0s]
    [154,112/223,308  elapsed 29.9s]
    [159,232/223,308  elapsed 30.9s]
    [164,352/223,308  elapsed 31.9s]
    [169,472/223,308  elapsed 32.9s]
    [174,592/223,308  elapsed 33.9s]
    [179,712/223,308  elapsed 34.9s]
    [184,832/223,308  elapsed 35.9s]
    [189,952/223,308  elapsed 37.0s]
    [195,072/223,308  elapsed 37.9s]
    [200,192/223,308  elapsed 38.9s]
    [205,312/223,308  elapsed 39.9s]
    [210,432/223,308  elapsed 40.8s]
    [215,552/223,308  elapsed 41.8s]
    [220,672/223,308  elapsed 42.8s]
  eval done in 43.3s
  by-popularity NDCG@10: tail=0.0005(n=36,610)  mid=0.0041(n=35,266)  head=0.0428(n=151,432)
  epoch   8  loss=9.4886  val_NDCG=0.0365  test_NDCG=0.0297  test_HR=0.0504  (42.1s)
  evaluating 223,308 users in batches of 512...
    [512/223,308  elapsed 0.1s]
    [5,632/223,308  elapsed 1.2s]
    [10,752/223,308  elapsed 2.3s]
    [15,872/223,308  elapsed 3.3s]
    [20,992/223,308  elapsed 4.3s]
    [26,112/223,308  elapsed 5.3s]
    [31,232/223,308  elapsed 6.2s]
    [36,352/223,308  elapsed 7.2s]
    [41,472/223,308  elapsed 8.2s]
    [46,592/223,308  elapsed 9.2s]
    [51,712/223,308  elapsed 10.2s]
    [56,832/223,308  elapsed 11.2s]
    [61,952/223,308  elapsed 12.1s]
    [67,072/223,308  elapsed 13.1s]
    [72,192/223,308  elapsed 14.0s]
    [77,312/223,308  elapsed 15.0s]
    [82,432/223,308  elapsed 16.0s]
    [87,552/223,308  elapsed 16.9s]
    [92,672/223,308  elapsed 17.9s]
    [97,792/223,308  elapsed 18.8s]
    [102,912/223,308  elapsed 19.8s]
    [108,032/223,308  elapsed 20.9s]
    [113,152/223,308  elapsed 21.9s]
    [118,272/223,308  elapsed 22.9s]
    [123,392/223,308  elapsed 23.9s]
    [128,512/223,308  elapsed 24.9s]
    [133,632/223,308  elapsed 25.9s]
    [138,752/223,308  elapsed 26.9s]
    [143,872/223,308  elapsed 27.9s]
    [148,992/223,308  elapsed 28.9s]
    [154,112/223,308  elapsed 29.9s]
    [159,232/223,308  elapsed 30.8s]
    [164,352/223,308  elapsed 31.9s]
    [169,472/223,308  elapsed 32.8s]
    [174,592/223,308  elapsed 33.8s]
    [179,712/223,308  elapsed 34.8s]
    [184,832/223,308  elapsed 35.8s]
    [189,952/223,308  elapsed 36.8s]
    [195,072/223,308  elapsed 37.8s]
    [200,192/223,308  elapsed 38.8s]
    [205,312/223,308  elapsed 39.8s]
    [210,432/223,308  elapsed 40.8s]
    [215,552/223,308  elapsed 41.7s]
    [220,672/223,308  elapsed 42.7s]
  eval done in 43.2s
  by-popularity NDCG@10: tail=0.0013(n=29,887)  mid=0.0070(n=33,352)  head=0.0499(n=160,069)
  evaluating 223,308 users in batches of 512...
    [512/223,308  elapsed 0.1s]
    [5,632/223,308  elapsed 1.1s]
    [10,752/223,308  elapsed 2.1s]
    [15,872/223,308  elapsed 3.0s]
    [20,992/223,308  elapsed 4.0s]
    [26,112/223,308  elapsed 5.0s]
    [31,232/223,308  elapsed 6.0s]
    [36,352/223,308  elapsed 6.9s]
    [41,472/223,308  elapsed 7.9s]
    [46,592/223,308  elapsed 8.9s]
    [51,712/223,308  elapsed 9.9s]
    [56,832/223,308  elapsed 10.9s]
    [61,952/223,308  elapsed 11.8s]
    [67,072/223,308  elapsed 12.8s]
    [72,192/223,308  elapsed 13.8s]
    [77,312/223,308  elapsed 14.8s]
    [82,432/223,308  elapsed 15.8s]
    [87,552/223,308  elapsed 16.7s]
    [92,672/223,308  elapsed 17.7s]
    [97,792/223,308  elapsed 18.7s]
    [102,912/223,308  elapsed 19.6s]
    [108,032/223,308  elapsed 20.6s]
    [113,152/223,308  elapsed 21.6s]
    [118,272/223,308  elapsed 22.6s]
    [123,392/223,308  elapsed 23.6s]
    [128,512/223,308  elapsed 24.6s]
    [133,632/223,308  elapsed 25.5s]
    [138,752/223,308  elapsed 26.5s]
    [143,872/223,308  elapsed 27.5s]
    [148,992/223,308  elapsed 28.5s]
    [154,112/223,308  elapsed 29.4s]
    [159,232/223,308  elapsed 30.4s]
    [164,352/223,308  elapsed 31.4s]
    [169,472/223,308  elapsed 32.4s]
    [174,592/223,308  elapsed 33.5s]
    [179,712/223,308  elapsed 34.4s]
    [184,832/223,308  elapsed 35.4s]
    [189,952/223,308  elapsed 36.4s]
    [195,072/223,308  elapsed 37.4s]
    [200,192/223,308  elapsed 38.3s]
    [205,312/223,308  elapsed 39.3s]
    [210,432/223,308  elapsed 40.3s]
    [215,552/223,308  elapsed 41.2s]
    [220,672/223,308  elapsed 42.3s]
  eval done in 43.0s
  by-popularity NDCG@10: tail=0.0006(n=36,610)  mid=0.0043(n=35,266)  head=0.0432(n=151,432)
  epoch   9  loss=9.4397  val_NDCG=0.0370  test_NDCG=0.0301  test_HR=0.0513  (42.4s)
  evaluating 223,308 users in batches of 512...
    [512/223,308  elapsed 0.1s]
    [5,632/223,308  elapsed 1.1s]
    [10,752/223,308  elapsed 2.1s]
    [15,872/223,308  elapsed 3.1s]
    [20,992/223,308  elapsed 4.2s]
    [26,112/223,308  elapsed 5.2s]
    [31,232/223,308  elapsed 6.2s]
    [36,352/223,308  elapsed 7.2s]
    [41,472/223,308  elapsed 8.2s]
    [46,592/223,308  elapsed 9.2s]
    [51,712/223,308  elapsed 10.2s]
    [56,832/223,308  elapsed 11.2s]
    [61,952/223,308  elapsed 12.2s]
    [67,072/223,308  elapsed 13.2s]
    [72,192/223,308  elapsed 14.2s]
    [77,312/223,308  elapsed 15.2s]
    [82,432/223,308  elapsed 16.2s]
    [87,552/223,308  elapsed 17.2s]
    [92,672/223,308  elapsed 18.2s]
    [97,792/223,308  elapsed 19.2s]
    [102,912/223,308  elapsed 20.2s]
    [108,032/223,308  elapsed 21.2s]
    [113,152/223,308  elapsed 22.2s]
    [118,272/223,308  elapsed 23.2s]
    [123,392/223,308  elapsed 24.2s]
    [128,512/223,308  elapsed 25.2s]
    [133,632/223,308  elapsed 26.2s]
    [138,752/223,308  elapsed 27.2s]
    [143,872/223,308  elapsed 28.2s]
    [148,992/223,308  elapsed 29.2s]
    [154,112/223,308  elapsed 30.2s]
    [159,232/223,308  elapsed 31.2s]
    [164,352/223,308  elapsed 32.2s]
    [169,472/223,308  elapsed 33.2s]
    [174,592/223,308  elapsed 34.2s]
    [179,712/223,308  elapsed 35.2s]
    [184,832/223,308  elapsed 36.3s]
    [189,952/223,308  elapsed 37.3s]
    [195,072/223,308  elapsed 38.3s]
    [200,192/223,308  elapsed 39.3s]
    [205,312/223,308  elapsed 40.3s]
    [210,432/223,308  elapsed 41.3s]
    [215,552/223,308  elapsed 42.3s]
    [220,672/223,308  elapsed 43.3s]
  eval done in 43.8s
  by-popularity NDCG@10: tail=0.0014(n=29,887)  mid=0.0072(n=33,352)  head=0.0499(n=160,069)
  evaluating 223,308 users in batches of 512...
    [512/223,308  elapsed 0.1s]
    [5,632/223,308  elapsed 1.1s]
    [10,752/223,308  elapsed 2.1s]
    [15,872/223,308  elapsed 3.2s]
    [20,992/223,308  elapsed 4.2s]
    [26,112/223,308  elapsed 5.2s]
    [31,232/223,308  elapsed 6.3s]
    [36,352/223,308  elapsed 7.3s]
    [41,472/223,308  elapsed 8.3s]
    [46,592/223,308  elapsed 9.4s]
    [51,712/223,308  elapsed 10.4s]
    [56,832/223,308  elapsed 11.4s]
    [61,952/223,308  elapsed 12.5s]
    [67,072/223,308  elapsed 13.6s]
    [72,192/223,308  elapsed 14.7s]
    [77,312/223,308  elapsed 15.7s]
    [82,432/223,308  elapsed 16.8s]
    [87,552/223,308  elapsed 17.8s]
    [92,672/223,308  elapsed 18.9s]
    [97,792/223,308  elapsed 19.9s]
    [102,912/223,308  elapsed 20.9s]
    [108,032/223,308  elapsed 22.1s]
    [113,152/223,308  elapsed 23.2s]
    [118,272/223,308  elapsed 24.3s]
    [123,392/223,308  elapsed 25.5s]
    [128,512/223,308  elapsed 26.5s]
    [133,632/223,308  elapsed 27.5s]
    [138,752/223,308  elapsed 28.5s]
    [143,872/223,308  elapsed 29.5s]
    [148,992/223,308  elapsed 30.5s]
    [154,112/223,308  elapsed 31.4s]
    [159,232/223,308  elapsed 32.4s]
    [164,352/223,308  elapsed 33.4s]
    [169,472/223,308  elapsed 34.4s]
    [174,592/223,308  elapsed 35.4s]
    [179,712/223,308  elapsed 36.4s]
    [184,832/223,308  elapsed 37.3s]
    [189,952/223,308  elapsed 38.3s]
    [195,072/223,308  elapsed 39.3s]
    [200,192/223,308  elapsed 40.3s]
    [205,312/223,308  elapsed 41.3s]
    [210,432/223,308  elapsed 42.3s]
    [215,552/223,308  elapsed 43.3s]
    [220,672/223,308  elapsed 44.4s]
  eval done in 44.9s
  by-popularity NDCG@10: tail=0.0006(n=36,610)  mid=0.0047(n=35,266)  head=0.0435(n=151,432)
  epoch  10  loss=9.3968  val_NDCG=0.0370  test_NDCG=0.0303  test_HR=0.0514  (43.0s)
  evaluating 223,308 users in batches of 512...
    [512/223,308  elapsed 0.1s]
    [5,632/223,308  elapsed 1.2s]
    [10,752/223,308  elapsed 2.2s]
    [15,872/223,308  elapsed 3.2s]
    [20,992/223,308  elapsed 4.2s]
    [26,112/223,308  elapsed 5.2s]
    [31,232/223,308  elapsed 6.1s]
    [36,352/223,308  elapsed 7.1s]
    [41,472/223,308  elapsed 8.1s]
    [46,592/223,308  elapsed 9.1s]
    [51,712/223,308  elapsed 10.1s]
    [56,832/223,308  elapsed 11.2s]
    [61,952/223,308  elapsed 12.2s]
    [67,072/223,308  elapsed 13.2s]
    [72,192/223,308  elapsed 14.2s]
    [77,312/223,308  elapsed 15.3s]
    [82,432/223,308  elapsed 16.3s]
    [87,552/223,308  elapsed 17.3s]
    [92,672/223,308  elapsed 18.3s]
    [97,792/223,308  elapsed 19.3s]
    [102,912/223,308  elapsed 20.3s]
    [108,032/223,308  elapsed 21.2s]
    [113,152/223,308  elapsed 22.2s]
    [118,272/223,308  elapsed 23.2s]
    [123,392/223,308  elapsed 24.2s]
    [128,512/223,308  elapsed 25.3s]
    [133,632/223,308  elapsed 26.8s]
    [138,752/223,308  elapsed 28.0s]
    [143,872/223,308  elapsed 29.1s]
    [148,992/223,308  elapsed 30.3s]
    [154,112/223,308  elapsed 31.4s]
    [159,232/223,308  elapsed 32.4s]
    [164,352/223,308  elapsed 33.5s]
    [169,472/223,308  elapsed 34.6s]
    [174,592/223,308  elapsed 35.7s]
    [179,712/223,308  elapsed 36.8s]
    [184,832/223,308  elapsed 37.9s]
    [189,952/223,308  elapsed 39.0s]
    [195,072/223,308  elapsed 40.2s]
    [200,192/223,308  elapsed 41.7s]
    [205,312/223,308  elapsed 43.1s]
    [210,432/223,308  elapsed 44.6s]
    [215,552/223,308  elapsed 46.1s]
    [220,672/223,308  elapsed 47.3s]
  eval done in 47.9s
  by-popularity NDCG@10: tail=0.0016(n=29,887)  mid=0.0077(n=33,352)  head=0.0500(n=160,069)
  evaluating 223,308 users in batches of 512...
    [512/223,308  elapsed 0.1s]
    [5,632/223,308  elapsed 1.3s]
    [10,752/223,308  elapsed 2.4s]
    [15,872/223,308  elapsed 3.7s]
    [20,992/223,308  elapsed 4.7s]
    [26,112/223,308  elapsed 5.8s]
    [31,232/223,308  elapsed 6.8s]
    [36,352/223,308  elapsed 7.9s]
    [41,472/223,308  elapsed 9.0s]
    [46,592/223,308  elapsed 10.2s]
    [51,712/223,308  elapsed 11.3s]
    [56,832/223,308  elapsed 12.4s]
    [61,952/223,308  elapsed 13.5s]
    [67,072/223,308  elapsed 14.6s]
    [72,192/223,308  elapsed 15.6s]
    [77,312/223,308  elapsed 16.9s]
    [82,432/223,308  elapsed 17.9s]
    [87,552/223,308  elapsed 19.0s]
    [92,672/223,308  elapsed 20.1s]
    [97,792/223,308  elapsed 21.2s]
    [102,912/223,308  elapsed 22.3s]
    [108,032/223,308  elapsed 23.5s]
    [113,152/223,308  elapsed 24.5s]
    [118,272/223,308  elapsed 25.6s]
    [123,392/223,308  elapsed 26.8s]
    [128,512/223,308  elapsed 27.8s]
    [133,632/223,308  elapsed 28.9s]
    [138,752/223,308  elapsed 30.0s]
    [143,872/223,308  elapsed 31.3s]
    [148,992/223,308  elapsed 32.4s]
    [154,112/223,308  elapsed 33.6s]
    [159,232/223,308  elapsed 34.6s]
    [164,352/223,308  elapsed 35.7s]
    [169,472/223,308  elapsed 36.7s]
    [174,592/223,308  elapsed 37.8s]
    [179,712/223,308  elapsed 38.9s]
    [184,832/223,308  elapsed 40.0s]
    [189,952/223,308  elapsed 41.1s]
    [195,072/223,308  elapsed 42.2s]
    [200,192/223,308  elapsed 43.3s]
    [205,312/223,308  elapsed 44.5s]
    [210,432/223,308  elapsed 45.6s]
    [215,552/223,308  elapsed 46.7s]
    [220,672/223,308  elapsed 47.7s]
  eval done in 48.3s
  by-popularity NDCG@10: tail=0.0008(n=36,610)  mid=0.0050(n=35,266)  head=0.0433(n=151,432)
  epoch  11  loss=9.3547  val_NDCG=0.0372  test_NDCG=0.0303  test_HR=0.0513  (42.2s)
  evaluating 223,308 users in batches of 512...
    [512/223,308  elapsed 0.1s]
    [5,632/223,308  elapsed 1.2s]
    [10,752/223,308  elapsed 2.4s]
    [15,872/223,308  elapsed 3.4s]
    [20,992/223,308  elapsed 4.5s]
    [26,112/223,308  elapsed 5.5s]
    [31,232/223,308  elapsed 6.6s]
    [36,352/223,308  elapsed 7.7s]
    [41,472/223,308  elapsed 8.9s]
    [46,592/223,308  elapsed 10.1s]
    [51,712/223,308  elapsed 11.1s]
    [56,832/223,308  elapsed 12.3s]
    [61,952/223,308  elapsed 13.3s]
    [67,072/223,308  elapsed 14.4s]
    [72,192/223,308  elapsed 15.5s]
    [77,312/223,308  elapsed 16.6s]
    [82,432/223,308  elapsed 17.7s]
    [87,552/223,308  elapsed 18.8s]
    [92,672/223,308  elapsed 19.9s]
    [97,792/223,308  elapsed 21.0s]
    [102,912/223,308  elapsed 22.3s]
    [108,032/223,308  elapsed 23.4s]
    [113,152/223,308  elapsed 24.5s]
    [118,272/223,308  elapsed 25.6s]
    [123,392/223,308  elapsed 26.6s]
    [128,512/223,308  elapsed 27.7s]
    [133,632/223,308  elapsed 28.8s]
    [138,752/223,308  elapsed 29.9s]
    [143,872/223,308  elapsed 30.9s]
    [148,992/223,308  elapsed 32.1s]
    [154,112/223,308  elapsed 33.2s]
    [159,232/223,308  elapsed 34.3s]
    [164,352/223,308  elapsed 35.4s]
    [169,472/223,308  elapsed 36.6s]
    [174,592/223,308  elapsed 37.6s]
    [179,712/223,308  elapsed 38.7s]
    [184,832/223,308  elapsed 39.8s]
    [189,952/223,308  elapsed 40.9s]
    [195,072/223,308  elapsed 42.0s]
    [200,192/223,308  elapsed 43.2s]
    [205,312/223,308  elapsed 44.2s]
    [210,432/223,308  elapsed 45.3s]
    [215,552/223,308  elapsed 46.4s]
    [220,672/223,308  elapsed 47.4s]
  eval done in 48.0s
  by-popularity NDCG@10: tail=0.0017(n=29,887)  mid=0.0081(n=33,352)  head=0.0502(n=160,069)
  evaluating 223,308 users in batches of 512...
    [512/223,308  elapsed 0.1s]
    [5,632/223,308  elapsed 1.3s]
    [10,752/223,308  elapsed 2.5s]
    [15,872/223,308  elapsed 3.7s]
    [20,992/223,308  elapsed 4.8s]
    [26,112/223,308  elapsed 5.9s]
    [31,232/223,308  elapsed 7.0s]
    [36,352/223,308  elapsed 8.1s]
    [41,472/223,308  elapsed 9.1s]
    [46,592/223,308  elapsed 10.2s]
    [51,712/223,308  elapsed 11.3s]
    [56,832/223,308  elapsed 12.5s]
    [61,952/223,308  elapsed 13.6s]
    [67,072/223,308  elapsed 14.8s]
    [72,192/223,308  elapsed 16.0s]
    [77,312/223,308  elapsed 17.1s]
    [82,432/223,308  elapsed 18.2s]
    [87,552/223,308  elapsed 19.2s]
    [92,672/223,308  elapsed 20.3s]
    [97,792/223,308  elapsed 21.4s]
    [102,912/223,308  elapsed 22.5s]
    [108,032/223,308  elapsed 23.6s]
    [113,152/223,308  elapsed 24.8s]
    [118,272/223,308  elapsed 25.8s]
    [123,392/223,308  elapsed 26.9s]
    [128,512/223,308  elapsed 28.0s]
    [133,632/223,308  elapsed 29.0s]
    [138,752/223,308  elapsed 30.2s]
    [143,872/223,308  elapsed 31.3s]
    [148,992/223,308  elapsed 32.5s]
    [154,112/223,308  elapsed 33.5s]
    [159,232/223,308  elapsed 34.7s]
    [164,352/223,308  elapsed 35.8s]
    [169,472/223,308  elapsed 36.9s]
    [174,592/223,308  elapsed 38.0s]
    [179,712/223,308  elapsed 39.1s]
    [184,832/223,308  elapsed 40.1s]
    [189,952/223,308  elapsed 41.2s]
    [195,072/223,308  elapsed 42.4s]
    [200,192/223,308  elapsed 43.6s]
    [205,312/223,308  elapsed 44.8s]
    [210,432/223,308  elapsed 45.8s]
    [215,552/223,308  elapsed 46.9s]
    [220,672/223,308  elapsed 48.0s]
  eval done in 48.5s
  by-popularity NDCG@10: tail=0.0008(n=36,610)  mid=0.0053(n=35,266)  head=0.0434(n=151,432)
  epoch  12  loss=9.3148  val_NDCG=0.0374  test_NDCG=0.0304  test_HR=0.0514  (43.5s)
  evaluating 223,308 users in batches of 512...
    [512/223,308  elapsed 0.1s]
    [5,632/223,308  elapsed 1.3s]
    [10,752/223,308  elapsed 2.5s]
    [15,872/223,308  elapsed 3.7s]
    [20,992/223,308  elapsed 4.7s]
    [26,112/223,308  elapsed 5.8s]
    [31,232/223,308  elapsed 6.8s]
    [36,352/223,308  elapsed 7.9s]
    [41,472/223,308  elapsed 9.0s]
    [46,592/223,308  elapsed 10.1s]
    [51,712/223,308  elapsed 11.2s]
    [56,832/223,308  elapsed 12.3s]
    [61,952/223,308  elapsed 13.5s]
    [67,072/223,308  elapsed 14.5s]
    [72,192/223,308  elapsed 15.8s]
    [77,312/223,308  elapsed 16.8s]
    [82,432/223,308  elapsed 17.8s]
    [87,552/223,308  elapsed 18.9s]
    [92,672/223,308  elapsed 20.0s]
    [97,792/223,308  elapsed 21.1s]
    [102,912/223,308  elapsed 22.2s]
    [108,032/223,308  elapsed 23.3s]
    [113,152/223,308  elapsed 24.4s]
    [118,272/223,308  elapsed 25.4s]
    [123,392/223,308  elapsed 26.5s]
    [128,512/223,308  elapsed 27.6s]
    [133,632/223,308  elapsed 28.6s]
    [138,752/223,308  elapsed 29.9s]
    [143,872/223,308  elapsed 31.0s]
    [148,992/223,308  elapsed 32.1s]
    [154,112/223,308  elapsed 33.3s]
    [159,232/223,308  elapsed 34.4s]
    [164,352/223,308  elapsed 35.5s]
    [169,472/223,308  elapsed 36.6s]
    [174,592/223,308  elapsed 37.6s]
    [179,712/223,308  elapsed 38.7s]
    [184,832/223,308  elapsed 39.8s]
    [189,952/223,308  elapsed 40.9s]
    [195,072/223,308  elapsed 42.0s]
    [200,192/223,308  elapsed 43.1s]
    [205,312/223,308  elapsed 44.3s]
    [210,432/223,308  elapsed 45.3s]
    [215,552/223,308  elapsed 46.4s]
    [220,672/223,308  elapsed 47.5s]
  eval done in 48.0s
  by-popularity NDCG@10: tail=0.0017(n=29,887)  mid=0.0082(n=33,352)  head=0.0503(n=160,069)
  evaluating 223,308 users in batches of 512...
    [512/223,308  elapsed 0.1s]
    [5,632/223,308  elapsed 1.2s]
    [10,752/223,308  elapsed 2.3s]
    [15,872/223,308  elapsed 3.4s]
    [20,992/223,308  elapsed 4.5s]
    [26,112/223,308  elapsed 5.6s]
    [31,232/223,308  elapsed 6.7s]
    [36,352/223,308  elapsed 7.8s]
    [41,472/223,308  elapsed 9.0s]
    [46,592/223,308  elapsed 10.1s]
    [51,712/223,308  elapsed 11.2s]
    [56,832/223,308  elapsed 12.4s]
    [61,952/223,308  elapsed 13.5s]
    [67,072/223,308  elapsed 14.7s]
    [72,192/223,308  elapsed 15.9s]
    [77,312/223,308  elapsed 17.3s]
    [82,432/223,308  elapsed 18.7s]
    [87,552/223,308  elapsed 20.3s]
    [92,672/223,308  elapsed 21.6s]
    [97,792/223,308  elapsed 23.0s]
    [102,912/223,308  elapsed 24.1s]
    [108,032/223,308  elapsed 25.2s]
    [113,152/223,308  elapsed 26.3s]
    [118,272/223,308  elapsed 27.4s]
    [123,392/223,308  elapsed 28.4s]
    [128,512/223,308  elapsed 29.5s]
    [133,632/223,308  elapsed 30.6s]
    [138,752/223,308  elapsed 31.7s]
    [143,872/223,308  elapsed 32.8s]
    [148,992/223,308  elapsed 33.8s]
    [154,112/223,308  elapsed 34.9s]
    [159,232/223,308  elapsed 36.0s]
    [164,352/223,308  elapsed 37.3s]
    [169,472/223,308  elapsed 38.3s]
    [174,592/223,308  elapsed 39.4s]
    [179,712/223,308  elapsed 40.5s]
    [184,832/223,308  elapsed 41.6s]
    [189,952/223,308  elapsed 42.7s]
    [195,072/223,308  elapsed 43.9s]
    [200,192/223,308  elapsed 45.1s]
    [205,312/223,308  elapsed 46.2s]
    [210,432/223,308  elapsed 47.3s]
    [215,552/223,308  elapsed 48.4s]
    [220,672/223,308  elapsed 49.4s]
  eval done in 50.0s
  by-popularity NDCG@10: tail=0.0008(n=36,610)  mid=0.0054(n=35,266)  head=0.0433(n=151,432)
  epoch  13  loss=9.2778  val_NDCG=0.0375  test_NDCG=0.0304  test_HR=0.0515  (43.5s)
  evaluating 223,308 users in batches of 512...
    [512/223,308  elapsed 0.1s]
    [5,632/223,308  elapsed 1.1s]
    [10,752/223,308  elapsed 2.1s]
    [15,872/223,308  elapsed 3.1s]
    [20,992/223,308  elapsed 4.0s]
    [26,112/223,308  elapsed 5.0s]
    [31,232/223,308  elapsed 6.0s]
    [36,352/223,308  elapsed 7.0s]
    [41,472/223,308  elapsed 8.0s]
    [46,592/223,308  elapsed 9.0s]
    [51,712/223,308  elapsed 9.9s]
    [56,832/223,308  elapsed 10.9s]
    [61,952/223,308  elapsed 11.9s]
    [67,072/223,308  elapsed 12.9s]
    [72,192/223,308  elapsed 13.9s]
    [77,312/223,308  elapsed 14.9s]
    [82,432/223,308  elapsed 15.9s]
    [87,552/223,308  elapsed 16.8s]
    [92,672/223,308  elapsed 17.8s]
    [97,792/223,308  elapsed 18.8s]
    [102,912/223,308  elapsed 19.8s]
    [108,032/223,308  elapsed 20.7s]
    [113,152/223,308  elapsed 21.7s]
    [118,272/223,308  elapsed 22.7s]
    [123,392/223,308  elapsed 23.7s]
    [128,512/223,308  elapsed 24.7s]
    [133,632/223,308  elapsed 25.7s]
    [138,752/223,308  elapsed 26.7s]
    [143,872/223,308  elapsed 27.7s]
    [148,992/223,308  elapsed 28.7s]
    [154,112/223,308  elapsed 29.6s]
    [159,232/223,308  elapsed 30.6s]
    [164,352/223,308  elapsed 31.6s]
    [169,472/223,308  elapsed 32.6s]
    [174,592/223,308  elapsed 33.6s]
    [179,712/223,308  elapsed 34.6s]
    [184,832/223,308  elapsed 35.6s]
    [189,952/223,308  elapsed 36.5s]
    [195,072/223,308  elapsed 37.5s]
    [200,192/223,308  elapsed 38.5s]
    [205,312/223,308  elapsed 39.5s]
    [210,432/223,308  elapsed 40.5s]
    [215,552/223,308  elapsed 41.5s]
    [220,672/223,308  elapsed 42.5s]
  eval done in 43.0s
  by-popularity NDCG@10: tail=0.0018(n=29,887)  mid=0.0085(n=33,352)  head=0.0503(n=160,069)
  evaluating 223,308 users in batches of 512...
    [512/223,308  elapsed 0.1s]
    [5,632/223,308  elapsed 1.1s]
    [10,752/223,308  elapsed 2.1s]
    [15,872/223,308  elapsed 3.1s]
    [20,992/223,308  elapsed 4.1s]
    [26,112/223,308  elapsed 5.1s]
    [31,232/223,308  elapsed 6.1s]
    [36,352/223,308  elapsed 7.1s]
    [41,472/223,308  elapsed 8.1s]
    [46,592/223,308  elapsed 9.1s]
    [51,712/223,308  elapsed 10.1s]
    [56,832/223,308  elapsed 11.0s]
    [61,952/223,308  elapsed 12.0s]
    [67,072/223,308  elapsed 13.0s]
    [72,192/223,308  elapsed 14.0s]
    [77,312/223,308  elapsed 15.0s]
    [82,432/223,308  elapsed 16.0s]
    [87,552/223,308  elapsed 17.0s]
    [92,672/223,308  elapsed 18.0s]
    [97,792/223,308  elapsed 19.0s]
    [102,912/223,308  elapsed 20.0s]
    [108,032/223,308  elapsed 21.0s]
    [113,152/223,308  elapsed 22.0s]
    [118,272/223,308  elapsed 23.0s]
    [123,392/223,308  elapsed 24.0s]
    [128,512/223,308  elapsed 25.0s]
    [133,632/223,308  elapsed 25.9s]
    [138,752/223,308  elapsed 27.0s]
    [143,872/223,308  elapsed 28.0s]
    [148,992/223,308  elapsed 29.0s]
    [154,112/223,308  elapsed 29.9s]
    [159,232/223,308  elapsed 30.9s]
    [164,352/223,308  elapsed 31.9s]
    [169,472/223,308  elapsed 32.9s]
    [174,592/223,308  elapsed 33.9s]
    [179,712/223,308  elapsed 34.9s]
    [184,832/223,308  elapsed 35.9s]
    [189,952/223,308  elapsed 36.9s]
    [195,072/223,308  elapsed 37.9s]
    [200,192/223,308  elapsed 38.9s]
    [205,312/223,308  elapsed 39.9s]
    [210,432/223,308  elapsed 40.9s]
    [215,552/223,308  elapsed 41.8s]
    [220,672/223,308  elapsed 42.8s]
  eval done in 43.3s
  by-popularity NDCG@10: tail=0.0009(n=36,610)  mid=0.0056(n=35,266)  head=0.0431(n=151,432)
  epoch  14  loss=9.2450  val_NDCG=0.0375  test_NDCG=0.0303  test_HR=0.0511  (43.3s)
  evaluating 223,308 users in batches of 512...
    [512/223,308  elapsed 0.1s]
    [5,632/223,308  elapsed 1.1s]
    [10,752/223,308  elapsed 2.1s]
    [15,872/223,308  elapsed 3.1s]
    [20,992/223,308  elapsed 4.1s]
    [26,112/223,308  elapsed 5.0s]
    [31,232/223,308  elapsed 6.1s]
    [36,352/223,308  elapsed 7.0s]
    [41,472/223,308  elapsed 8.0s]
    [46,592/223,308  elapsed 9.0s]
    [51,712/223,308  elapsed 10.0s]
    [56,832/223,308  elapsed 11.0s]
    [61,952/223,308  elapsed 12.0s]
    [67,072/223,308  elapsed 12.9s]
    [72,192/223,308  elapsed 13.9s]
    [77,312/223,308  elapsed 14.9s]
    [82,432/223,308  elapsed 15.9s]
    [87,552/223,308  elapsed 16.9s]
    [92,672/223,308  elapsed 17.9s]
    [97,792/223,308  elapsed 18.8s]
    [102,912/223,308  elapsed 19.8s]
    [108,032/223,308  elapsed 20.8s]
    [113,152/223,308  elapsed 21.8s]
    [118,272/223,308  elapsed 22.8s]
    [123,392/223,308  elapsed 23.8s]
    [128,512/223,308  elapsed 24.7s]
    [133,632/223,308  elapsed 25.7s]
    [138,752/223,308  elapsed 26.7s]
    [143,872/223,308  elapsed 27.7s]
    [148,992/223,308  elapsed 28.7s]
    [154,112/223,308  elapsed 29.7s]
    [159,232/223,308  elapsed 30.7s]
    [164,352/223,308  elapsed 31.7s]
    [169,472/223,308  elapsed 32.7s]
    [174,592/223,308  elapsed 33.6s]
    [179,712/223,308  elapsed 34.6s]
    [184,832/223,308  elapsed 35.6s]
    [189,952/223,308  elapsed 36.6s]
    [195,072/223,308  elapsed 37.6s]
    [200,192/223,308  elapsed 38.6s]
    [205,312/223,308  elapsed 39.6s]
    [210,432/223,308  elapsed 40.5s]
    [215,552/223,308  elapsed 41.5s]
    [220,672/223,308  elapsed 42.5s]
  eval done in 43.0s
  by-popularity NDCG@10: tail=0.0018(n=29,887)  mid=0.0085(n=33,352)  head=0.0504(n=160,069)
  evaluating 223,308 users in batches of 512...
    [512/223,308  elapsed 0.1s]
    [5,632/223,308  elapsed 1.1s]
    [10,752/223,308  elapsed 2.1s]
    [15,872/223,308  elapsed 3.1s]
    [20,992/223,308  elapsed 4.1s]
    [26,112/223,308  elapsed 5.1s]
    [31,232/223,308  elapsed 6.1s]
    [36,352/223,308  elapsed 7.1s]
    [41,472/223,308  elapsed 8.0s]
    [46,592/223,308  elapsed 9.0s]
    [51,712/223,308  elapsed 10.0s]
    [56,832/223,308  elapsed 11.0s]
    [61,952/223,308  elapsed 12.0s]
    [67,072/223,308  elapsed 13.0s]
    [72,192/223,308  elapsed 14.0s]
    [77,312/223,308  elapsed 15.0s]
    [82,432/223,308  elapsed 16.0s]
    [87,552/223,308  elapsed 17.0s]
    [92,672/223,308  elapsed 18.0s]
    [97,792/223,308  elapsed 19.0s]
    [102,912/223,308  elapsed 20.0s]
    [108,032/223,308  elapsed 21.0s]
    [113,152/223,308  elapsed 22.0s]
    [118,272/223,308  elapsed 23.0s]
    [123,392/223,308  elapsed 23.9s]
    [128,512/223,308  elapsed 24.9s]
    [133,632/223,308  elapsed 25.9s]
    [138,752/223,308  elapsed 26.9s]
    [143,872/223,308  elapsed 27.9s]
    [148,992/223,308  elapsed 28.9s]
    [154,112/223,308  elapsed 29.9s]
    [159,232/223,308  elapsed 30.9s]
    [164,352/223,308  elapsed 31.9s]
    [169,472/223,308  elapsed 32.9s]
    [174,592/223,308  elapsed 33.9s]
    [179,712/223,308  elapsed 34.9s]
    [184,832/223,308  elapsed 35.8s]
    [189,952/223,308  elapsed 36.8s]
    [195,072/223,308  elapsed 37.8s]
    [200,192/223,308  elapsed 38.8s]
    [205,312/223,308  elapsed 39.8s]
    [210,432/223,308  elapsed 40.8s]
    [215,552/223,308  elapsed 41.8s]
    [220,672/223,308  elapsed 42.8s]
  eval done in 43.3s
  by-popularity NDCG@10: tail=0.0009(n=36,610)  mid=0.0057(n=35,266)  head=0.0432(n=151,432)
  epoch  15  loss=9.2131  val_NDCG=0.0376  test_NDCG=0.0304  test_HR=0.0511  (42.2s)
  evaluating 223,308 users in batches of 512...
    [512/223,308  elapsed 0.1s]
    [5,632/223,308  elapsed 1.1s]
    [10,752/223,308  elapsed 2.1s]
    [15,872/223,308  elapsed 3.1s]
    [20,992/223,308  elapsed 4.1s]
    [26,112/223,308  elapsed 5.1s]
    [31,232/223,308  elapsed 6.1s]
    [36,352/223,308  elapsed 7.0s]
    [41,472/223,308  elapsed 8.0s]
    [46,592/223,308  elapsed 9.0s]
    [51,712/223,308  elapsed 10.0s]
    [56,832/223,308  elapsed 11.0s]
    [61,952/223,308  elapsed 11.9s]
    [67,072/223,308  elapsed 12.9s]
    [72,192/223,308  elapsed 13.9s]
    [77,312/223,308  elapsed 14.9s]
    [82,432/223,308  elapsed 15.9s]
    [87,552/223,308  elapsed 16.9s]
    [92,672/223,308  elapsed 17.9s]
    [97,792/223,308  elapsed 18.8s]
    [102,912/223,308  elapsed 19.8s]
    [108,032/223,308  elapsed 20.8s]
    [113,152/223,308  elapsed 21.8s]
    [118,272/223,308  elapsed 22.8s]
    [123,392/223,308  elapsed 23.8s]
    [128,512/223,308  elapsed 24.7s]
    [133,632/223,308  elapsed 25.7s]
    [138,752/223,308  elapsed 26.7s]
    [143,872/223,308  elapsed 27.7s]
    [148,992/223,308  elapsed 28.6s]
    [154,112/223,308  elapsed 29.6s]
    [159,232/223,308  elapsed 30.6s]
    [164,352/223,308  elapsed 31.6s]
    [169,472/223,308  elapsed 32.6s]
    [174,592/223,308  elapsed 33.6s]
    [179,712/223,308  elapsed 34.6s]
    [184,832/223,308  elapsed 35.5s]
    [189,952/223,308  elapsed 36.5s]
    [195,072/223,308  elapsed 37.5s]
    [200,192/223,308  elapsed 38.5s]
    [205,312/223,308  elapsed 39.5s]
    [210,432/223,308  elapsed 40.5s]
    [215,552/223,308  elapsed 41.4s]
    [220,672/223,308  elapsed 42.4s]
  eval done in 43.0s
  by-popularity NDCG@10: tail=0.0018(n=29,887)  mid=0.0088(n=33,352)  head=0.0503(n=160,069)
  evaluating 223,308 users in batches of 512...
    [512/223,308  elapsed 0.1s]
    [5,632/223,308  elapsed 1.1s]
    [10,752/223,308  elapsed 2.1s]
    [15,872/223,308  elapsed 3.1s]
    [20,992/223,308  elapsed 4.1s]
    [26,112/223,308  elapsed 5.1s]
    [31,232/223,308  elapsed 6.1s]
    [36,352/223,308  elapsed 7.1s]
    [41,472/223,308  elapsed 8.1s]
    [46,592/223,308  elapsed 9.1s]
    [51,712/223,308  elapsed 10.1s]
    [56,832/223,308  elapsed 11.1s]
    [61,952/223,308  elapsed 12.1s]
    [67,072/223,308  elapsed 13.1s]
    [72,192/223,308  elapsed 14.1s]
    [77,312/223,308  elapsed 15.1s]
    [82,432/223,308  elapsed 16.0s]
    [87,552/223,308  elapsed 17.0s]
    [92,672/223,308  elapsed 18.0s]
    [97,792/223,308  elapsed 19.0s]
    [102,912/223,308  elapsed 20.0s]
    [108,032/223,308  elapsed 21.0s]
    [113,152/223,308  elapsed 22.0s]
    [118,272/223,308  elapsed 23.0s]
    [123,392/223,308  elapsed 24.0s]
    [128,512/223,308  elapsed 25.0s]
    [133,632/223,308  elapsed 26.0s]
    [138,752/223,308  elapsed 26.9s]
    [143,872/223,308  elapsed 27.9s]
    [148,992/223,308  elapsed 28.9s]
    [154,112/223,308  elapsed 29.9s]
    [159,232/223,308  elapsed 30.9s]
    [164,352/223,308  elapsed 31.9s]
    [169,472/223,308  elapsed 32.9s]
    [174,592/223,308  elapsed 33.9s]
    [179,712/223,308  elapsed 34.9s]
    [184,832/223,308  elapsed 35.9s]
    [189,952/223,308  elapsed 36.9s]
    [195,072/223,308  elapsed 37.9s]
    [200,192/223,308  elapsed 38.9s]
    [205,312/223,308  elapsed 39.9s]
    [210,432/223,308  elapsed 40.8s]
    [215,552/223,308  elapsed 41.8s]
    [220,672/223,308  elapsed 42.8s]
  eval done in 43.3s
  by-popularity NDCG@10: tail=0.0010(n=36,610)  mid=0.0059(n=35,266)  head=0.0431(n=151,432)
  epoch  16  loss=9.1882  val_NDCG=0.0376  test_NDCG=0.0303  test_HR=0.0512  (42.2s)
  evaluating 223,308 users in batches of 512...
    [512/223,308  elapsed 0.1s]
    [5,632/223,308  elapsed 1.1s]
    [10,752/223,308  elapsed 2.1s]
    [15,872/223,308  elapsed 3.1s]
    [20,992/223,308  elapsed 4.0s]
    [26,112/223,308  elapsed 5.0s]
    [31,232/223,308  elapsed 6.0s]
    [36,352/223,308  elapsed 7.0s]
    [41,472/223,308  elapsed 8.0s]
    [46,592/223,308  elapsed 9.0s]
    [51,712/223,308  elapsed 9.9s]
    [56,832/223,308  elapsed 10.9s]
    [61,952/223,308  elapsed 11.9s]
    [67,072/223,308  elapsed 12.9s]
    [72,192/223,308  elapsed 13.9s]
    [77,312/223,308  elapsed 14.9s]
    [82,432/223,308  elapsed 15.9s]
    [87,552/223,308  elapsed 16.8s]
    [92,672/223,308  elapsed 17.8s]
    [97,792/223,308  elapsed 18.8s]
    [102,912/223,308  elapsed 19.8s]
    [108,032/223,308  elapsed 20.7s]
    [113,152/223,308  elapsed 21.7s]
    [118,272/223,308  elapsed 22.7s]
    [123,392/223,308  elapsed 23.7s]
    [128,512/223,308  elapsed 24.7s]
    [133,632/223,308  elapsed 25.6s]
    [138,752/223,308  elapsed 26.6s]
    [143,872/223,308  elapsed 27.7s]
    [148,992/223,308  elapsed 28.7s]
    [154,112/223,308  elapsed 29.7s]
    [159,232/223,308  elapsed 30.7s]
    [164,352/223,308  elapsed 31.7s]
    [169,472/223,308  elapsed 32.7s]
    [174,592/223,308  elapsed 33.7s]
    [179,712/223,308  elapsed 34.7s]
    [184,832/223,308  elapsed 35.7s]
    [189,952/223,308  elapsed 36.6s]
    [195,072/223,308  elapsed 37.6s]
    [200,192/223,308  elapsed 38.6s]
    [205,312/223,308  elapsed 39.6s]
    [210,432/223,308  elapsed 40.6s]
    [215,552/223,308  elapsed 41.6s]
    [220,672/223,308  elapsed 42.6s]
  eval done in 43.1s
  by-popularity NDCG@10: tail=0.0019(n=29,887)  mid=0.0087(n=33,352)  head=0.0503(n=160,069)
  evaluating 223,308 users in batches of 512...
    [512/223,308  elapsed 0.1s]
    [5,632/223,308  elapsed 1.1s]
    [10,752/223,308  elapsed 2.1s]
    [15,872/223,308  elapsed 3.1s]
    [20,992/223,308  elapsed 4.1s]
    [26,112/223,308  elapsed 5.1s]
    [31,232/223,308  elapsed 6.1s]
    [36,352/223,308  elapsed 7.1s]
    [41,472/223,308  elapsed 8.1s]
    [46,592/223,308  elapsed 9.1s]
    [51,712/223,308  elapsed 10.1s]
    [56,832/223,308  elapsed 11.1s]
    [61,952/223,308  elapsed 12.1s]
    [67,072/223,308  elapsed 13.1s]
    [72,192/223,308  elapsed 14.1s]
    [77,312/223,308  elapsed 15.0s]
    [82,432/223,308  elapsed 16.0s]
    [87,552/223,308  elapsed 17.0s]
    [92,672/223,308  elapsed 18.0s]
    [97,792/223,308  elapsed 19.0s]
    [102,912/223,308  elapsed 20.0s]
    [108,032/223,308  elapsed 21.0s]
    [113,152/223,308  elapsed 22.0s]
    [118,272/223,308  elapsed 23.0s]
    [123,392/223,308  elapsed 24.0s]
    [128,512/223,308  elapsed 25.0s]
    [133,632/223,308  elapsed 26.0s]
    [138,752/223,308  elapsed 27.0s]
    [143,872/223,308  elapsed 28.0s]
    [148,992/223,308  elapsed 29.0s]
    [154,112/223,308  elapsed 30.0s]
    [159,232/223,308  elapsed 31.0s]
    [164,352/223,308  elapsed 32.0s]
    [169,472/223,308  elapsed 33.0s]
    [174,592/223,308  elapsed 34.0s]
    [179,712/223,308  elapsed 35.0s]
    [184,832/223,308  elapsed 36.0s]
    [189,952/223,308  elapsed 37.0s]
    [195,072/223,308  elapsed 37.9s]
    [200,192/223,308  elapsed 38.9s]
    [205,312/223,308  elapsed 39.9s]
    [210,432/223,308  elapsed 40.9s]
    [215,552/223,308  elapsed 41.9s]
    [220,672/223,308  elapsed 42.9s]
  eval done in 43.4s
  by-popularity NDCG@10: tail=0.0010(n=36,610)  mid=0.0059(n=35,266)  head=0.0431(n=151,432)
  epoch  17  loss=9.1649  val_NDCG=0.0376  test_NDCG=0.0303  test_HR=0.0512  (42.1s)
  evaluating 223,308 users in batches of 512...
    [512/223,308  elapsed 0.1s]
    [5,632/223,308  elapsed 1.1s]
    [10,752/223,308  elapsed 2.1s]
    [15,872/223,308  elapsed 3.1s]
    [20,992/223,308  elapsed 4.1s]
    [26,112/223,308  elapsed 5.1s]
    [31,232/223,308  elapsed 6.1s]
    [36,352/223,308  elapsed 7.1s]
    [41,472/223,308  elapsed 8.1s]
    [46,592/223,308  elapsed 9.1s]
    [51,712/223,308  elapsed 10.1s]
    [56,832/223,308  elapsed 11.1s]
    [61,952/223,308  elapsed 12.1s]
    [67,072/223,308  elapsed 13.1s]
    [72,192/223,308  elapsed 14.1s]
    [77,312/223,308  elapsed 15.1s]
    [82,432/223,308  elapsed 16.1s]
    [87,552/223,308  elapsed 17.1s]
    [92,672/223,308  elapsed 18.1s]
    [97,792/223,308  elapsed 19.1s]
    [102,912/223,308  elapsed 20.1s]
    [108,032/223,308  elapsed 21.1s]
    [113,152/223,308  elapsed 22.1s]
    [118,272/223,308  elapsed 23.1s]
    [123,392/223,308  elapsed 24.1s]
    [128,512/223,308  elapsed 25.1s]
    [133,632/223,308  elapsed 26.1s]
    [138,752/223,308  elapsed 27.1s]
    [143,872/223,308  elapsed 28.1s]
    [148,992/223,308  elapsed 29.1s]
    [154,112/223,308  elapsed 30.1s]
    [159,232/223,308  elapsed 31.1s]
    [164,352/223,308  elapsed 32.1s]
    [169,472/223,308  elapsed 33.2s]
    [174,592/223,308  elapsed 34.2s]
    [179,712/223,308  elapsed 35.2s]
    [184,832/223,308  elapsed 36.1s]
    [189,952/223,308  elapsed 37.2s]
    [195,072/223,308  elapsed 38.2s]
    [200,192/223,308  elapsed 39.1s]
    [205,312/223,308  elapsed 40.1s]
    [210,432/223,308  elapsed 41.1s]
    [215,552/223,308  elapsed 42.1s]
    [220,672/223,308  elapsed 43.1s]
  eval done in 43.7s
  by-popularity NDCG@10: tail=0.0019(n=29,887)  mid=0.0088(n=33,352)  head=0.0504(n=160,069)
  evaluating 223,308 users in batches of 512...
    [512/223,308  elapsed 0.1s]
    [5,632/223,308  elapsed 1.1s]
    [10,752/223,308  elapsed 2.1s]
    [15,872/223,308  elapsed 3.1s]
    [20,992/223,308  elapsed 4.2s]
    [26,112/223,308  elapsed 5.2s]
    [31,232/223,308  elapsed 6.2s]
    [36,352/223,308  elapsed 7.2s]
    [41,472/223,308  elapsed 8.2s]
    [46,592/223,308  elapsed 9.2s]
    [51,712/223,308  elapsed 10.2s]
    [56,832/223,308  elapsed 11.2s]
    [61,952/223,308  elapsed 12.2s]
    [67,072/223,308  elapsed 13.2s]
    [72,192/223,308  elapsed 14.2s]
    [77,312/223,308  elapsed 15.2s]
    [82,432/223,308  elapsed 16.2s]
    [87,552/223,308  elapsed 17.2s]
    [92,672/223,308  elapsed 18.2s]
    [97,792/223,308  elapsed 19.3s]
    [102,912/223,308  elapsed 20.3s]
    [108,032/223,308  elapsed 21.3s]
    [113,152/223,308  elapsed 22.3s]
    [118,272/223,308  elapsed 23.3s]
    [123,392/223,308  elapsed 24.3s]
    [128,512/223,308  elapsed 25.3s]
    [133,632/223,308  elapsed 26.3s]
    [138,752/223,308  elapsed 27.3s]
    [143,872/223,308  elapsed 28.3s]
    [148,992/223,308  elapsed 29.4s]
    [154,112/223,308  elapsed 30.4s]
    [159,232/223,308  elapsed 31.4s]
    [164,352/223,308  elapsed 32.4s]
    [169,472/223,308  elapsed 33.4s]
    [174,592/223,308  elapsed 34.4s]
    [179,712/223,308  elapsed 35.4s]
    [184,832/223,308  elapsed 36.4s]
    [189,952/223,308  elapsed 37.4s]
    [195,072/223,308  elapsed 38.4s]
    [200,192/223,308  elapsed 39.4s]
    [205,312/223,308  elapsed 40.4s]
    [210,432/223,308  elapsed 41.5s]
    [215,552/223,308  elapsed 42.5s]
    [220,672/223,308  elapsed 43.5s]
  eval done in 44.0s
  by-popularity NDCG@10: tail=0.0011(n=36,610)  mid=0.0059(n=35,266)  head=0.0431(n=151,432)
  epoch  18  loss=9.1488  val_NDCG=0.0377  test_NDCG=0.0303  test_HR=0.0511  (42.2s)
  evaluating 223,308 users in batches of 512...
    [512/223,308  elapsed 0.1s]
    [5,632/223,308  elapsed 1.1s]
    [10,752/223,308  elapsed 2.1s]
    [15,872/223,308  elapsed 3.1s]
    [20,992/223,308  elapsed 4.1s]
    [26,112/223,308  elapsed 5.1s]
    [31,232/223,308  elapsed 6.1s]
    [36,352/223,308  elapsed 7.1s]
    [41,472/223,308  elapsed 8.1s]
    [46,592/223,308  elapsed 9.1s]
    [51,712/223,308  elapsed 10.1s]
    [56,832/223,308  elapsed 11.1s]
    [61,952/223,308  elapsed 12.1s]
    [67,072/223,308  elapsed 13.1s]
    [72,192/223,308  elapsed 14.1s]
    [77,312/223,308  elapsed 15.1s]
    [82,432/223,308  elapsed 16.1s]
    [87,552/223,308  elapsed 17.1s]
    [92,672/223,308  elapsed 18.0s]
    [97,792/223,308  elapsed 19.0s]
    [102,912/223,308  elapsed 20.0s]
    [108,032/223,308  elapsed 21.0s]
    [113,152/223,308  elapsed 22.1s]
    [118,272/223,308  elapsed 23.1s]
    [123,392/223,308  elapsed 24.0s]
    [128,512/223,308  elapsed 25.1s]
    [133,632/223,308  elapsed 26.1s]
    [138,752/223,308  elapsed 27.1s]
    [143,872/223,308  elapsed 28.0s]
    [148,992/223,308  elapsed 29.1s]
    [154,112/223,308  elapsed 30.1s]
    [159,232/223,308  elapsed 31.0s]
    [164,352/223,308  elapsed 32.1s]
    [169,472/223,308  elapsed 33.1s]
    [174,592/223,308  elapsed 34.1s]
    [179,712/223,308  elapsed 35.1s]
    [184,832/223,308  elapsed 36.1s]
    [189,952/223,308  elapsed 37.1s]
    [195,072/223,308  elapsed 38.1s]
    [200,192/223,308  elapsed 39.1s]
    [205,312/223,308  elapsed 40.1s]
    [210,432/223,308  elapsed 41.1s]
    [215,552/223,308  elapsed 42.1s]
    [220,672/223,308  elapsed 43.1s]
  eval done in 43.6s
  by-popularity NDCG@10: tail=0.0019(n=29,887)  mid=0.0088(n=33,352)  head=0.0503(n=160,069)
  evaluating 223,308 users in batches of 512...
    [512/223,308  elapsed 0.1s]
    [5,632/223,308  elapsed 1.1s]
    [10,752/223,308  elapsed 2.1s]
    [15,872/223,308  elapsed 3.1s]
    [20,992/223,308  elapsed 4.2s]
    [26,112/223,308  elapsed 5.2s]
    [31,232/223,308  elapsed 6.2s]
    [36,352/223,308  elapsed 7.2s]
    [41,472/223,308  elapsed 8.1s]
    [46,592/223,308  elapsed 9.1s]
    [51,712/223,308  elapsed 10.2s]
    [56,832/223,308  elapsed 11.1s]
    [61,952/223,308  elapsed 12.2s]
    [67,072/223,308  elapsed 13.2s]
    [72,192/223,308  elapsed 14.2s]
    [77,312/223,308  elapsed 15.2s]
    [82,432/223,308  elapsed 16.2s]
    [87,552/223,308  elapsed 17.2s]
    [92,672/223,308  elapsed 18.2s]
    [97,792/223,308  elapsed 19.2s]
    [102,912/223,308  elapsed 20.2s]
    [108,032/223,308  elapsed 21.3s]
    [113,152/223,308  elapsed 22.3s]
    [118,272/223,308  elapsed 23.3s]
    [123,392/223,308  elapsed 24.3s]
    [128,512/223,308  elapsed 25.3s]
    [133,632/223,308  elapsed 26.3s]
    [138,752/223,308  elapsed 27.3s]
    [143,872/223,308  elapsed 28.3s]
    [148,992/223,308  elapsed 29.3s]
    [154,112/223,308  elapsed 30.3s]
    [159,232/223,308  elapsed 31.3s]
    [164,352/223,308  elapsed 32.3s]
    [169,472/223,308  elapsed 33.3s]
    [174,592/223,308  elapsed 34.3s]
    [179,712/223,308  elapsed 35.3s]
    [184,832/223,308  elapsed 36.4s]
    [189,952/223,308  elapsed 37.4s]
    [195,072/223,308  elapsed 38.4s]
    [200,192/223,308  elapsed 39.4s]
    [205,312/223,308  elapsed 40.4s]
    [210,432/223,308  elapsed 41.4s]
    [215,552/223,308  elapsed 42.4s]
    [220,672/223,308  elapsed 43.4s]
  eval done in 43.9s
  by-popularity NDCG@10: tail=0.0010(n=36,610)  mid=0.0060(n=35,266)  head=0.0432(n=151,432)
  epoch  19  loss=9.1381  val_NDCG=0.0376  test_NDCG=0.0304  test_HR=0.0512  (42.2s)
  evaluating 223,308 users in batches of 512...
    [512/223,308  elapsed 0.1s]
    [5,632/223,308  elapsed 1.1s]
    [10,752/223,308  elapsed 2.1s]
    [15,872/223,308  elapsed 3.1s]
    [20,992/223,308  elapsed 4.1s]
    [26,112/223,308  elapsed 5.1s]
    [31,232/223,308  elapsed 6.1s]
    [36,352/223,308  elapsed 7.1s]
    [41,472/223,308  elapsed 8.1s]
    [46,592/223,308  elapsed 9.1s]
    [51,712/223,308  elapsed 10.1s]
    [56,832/223,308  elapsed 11.1s]
    [61,952/223,308  elapsed 12.1s]
    [67,072/223,308  elapsed 13.1s]
    [72,192/223,308  elapsed 14.1s]
    [77,312/223,308  elapsed 15.1s]
    [82,432/223,308  elapsed 16.1s]
    [87,552/223,308  elapsed 17.1s]
    [92,672/223,308  elapsed 18.1s]
    [97,792/223,308  elapsed 19.0s]
    [102,912/223,308  elapsed 20.0s]
    [108,032/223,308  elapsed 21.0s]
    [113,152/223,308  elapsed 22.0s]
    [118,272/223,308  elapsed 23.0s]
    [123,392/223,308  elapsed 24.0s]
    [128,512/223,308  elapsed 25.0s]
    [133,632/223,308  elapsed 26.0s]
    [138,752/223,308  elapsed 27.0s]
    [143,872/223,308  elapsed 28.0s]
    [148,992/223,308  elapsed 29.0s]
    [154,112/223,308  elapsed 30.0s]
    [159,232/223,308  elapsed 31.0s]
    [164,352/223,308  elapsed 32.0s]
    [169,472/223,308  elapsed 33.0s]
    [174,592/223,308  elapsed 34.0s]
    [179,712/223,308  elapsed 35.0s]
    [184,832/223,308  elapsed 36.0s]
    [189,952/223,308  elapsed 37.0s]
    [195,072/223,308  elapsed 38.0s]
    [200,192/223,308  elapsed 39.0s]
    [205,312/223,308  elapsed 40.0s]
    [210,432/223,308  elapsed 41.0s]
    [215,552/223,308  elapsed 42.0s]
    [220,672/223,308  elapsed 43.0s]
  eval done in 43.5s
  by-popularity NDCG@10: tail=0.0019(n=29,887)  mid=0.0088(n=33,352)  head=0.0503(n=160,069)
  evaluating 223,308 users in batches of 512...
    [512/223,308  elapsed 0.1s]
    [5,632/223,308  elapsed 1.1s]
    [10,752/223,308  elapsed 2.1s]
    [15,872/223,308  elapsed 3.1s]
    [20,992/223,308  elapsed 4.1s]
    [26,112/223,308  elapsed 5.1s]
    [31,232/223,308  elapsed 6.1s]
    [36,352/223,308  elapsed 7.1s]
    [41,472/223,308  elapsed 8.1s]
    [46,592/223,308  elapsed 9.2s]
    [51,712/223,308  elapsed 10.2s]
    [56,832/223,308  elapsed 11.2s]
    [61,952/223,308  elapsed 12.2s]
    [67,072/223,308  elapsed 13.2s]
    [72,192/223,308  elapsed 14.2s]
    [77,312/223,308  elapsed 15.2s]
    [82,432/223,308  elapsed 16.2s]
    [87,552/223,308  elapsed 17.2s]
    [92,672/223,308  elapsed 18.2s]
    [97,792/223,308  elapsed 19.2s]
    [102,912/223,308  elapsed 20.2s]
    [108,032/223,308  elapsed 21.3s]
    [113,152/223,308  elapsed 22.3s]
    [118,272/223,308  elapsed 23.3s]
    [123,392/223,308  elapsed 24.3s]
    [128,512/223,308  elapsed 25.3s]
    [133,632/223,308  elapsed 26.3s]
    [138,752/223,308  elapsed 27.3s]
    [143,872/223,308  elapsed 28.4s]
    [148,992/223,308  elapsed 29.4s]
    [154,112/223,308  elapsed 30.4s]
    [159,232/223,308  elapsed 31.4s]
    [164,352/223,308  elapsed 32.4s]
    [169,472/223,308  elapsed 33.4s]
    [174,592/223,308  elapsed 34.4s]
    [179,712/223,308  elapsed 35.4s]
    [184,832/223,308  elapsed 36.4s]
    [189,952/223,308  elapsed 37.4s]
    [195,072/223,308  elapsed 38.4s]
    [200,192/223,308  elapsed 39.4s]
    [205,312/223,308  elapsed 40.4s]
    [210,432/223,308  elapsed 41.5s]
    [215,552/223,308  elapsed 42.5s]
    [220,672/223,308  elapsed 43.5s]
  eval done in 44.0s
  by-popularity NDCG@10: tail=0.0010(n=36,610)  mid=0.0060(n=35,266)  head=0.0431(n=151,432)
  epoch  20  loss=9.1337  val_NDCG=0.0377  test_NDCG=0.0304  test_HR=0.0512  (42.2s)

=== Best by val NDCG@10 ===
  val_NDCG=0.0377
  test: {'NDCG@10': 0.030305636490587123, 'HR@10': 0.05108639188922923, 'MRR': 0.02765782838917985, 'n_eval': 223308, 'by_popularity': {'tail': {'NDCG@10': 0.001050043132272847, 'HR@10': 0.00204862059546572, 'n': 36610, 'n_hit@10': 75, 'HR@20': 0.003223163070199399, 'n_hit@20': 118, 'HR@50': 0.006419011199125922, 'n_hit@50': 235, 'HR@100': 0.011089866156787764, 'n_hit@100': 406}, 'mid': {'NDCG@10': 0.00593223467313653, 'HR@10': 0.010066352861112687, 'n': 35266, 'n_hit@10': 355, 'HR@20': 0.016219588271990017, 'n_hit@20': 572, 'HR@50': 0.028611126864401974, 'n_hit@50': 1009, 'HR@100': 0.043724834117847215, 'n_hit@100': 1542}, 'head': {'NDCG@10': 0.043054590881614764, 'HR@10': 0.07249458502826352, 'n': 151432, 'n_hit@10': 10978, 'HR@20': 0.0989288921760262, 'n_hit@20': 14981, 'HR@50': 0.1459004701780337, 'n_hit@50': 22094, 'HR@100': 0.19332769824079454, 'n_hit@100': 29276}}}
wrote C:\Users\rayxc\Documents\R\_bestrec_run\results_OFFICE_COLDFUSE_base_seed20260739.users.jsonl.gz (223,308 per-user records, best epoch 18, sha256 1fc649476204…)
wrote C:\Users\rayxc\Documents\R\_bestrec_run\results_OFFICE_COLDFUSE_base_seed20260739.final.users.jsonl.gz (223,308 FINAL-epoch per-user records)

wrote C:\Users\rayxc\Documents\R\_bestrec_run\results_OFFICE_COLDFUSE_base_seed20260739.json
[run] results_Office_Products_COLDFUSE_confirm_seed20260739.json
=== COLDFUSE confirm: Office_Products seed 20260739 (ease=no) ===
  [val] streaming sweep: 41 systems ...
    [512/223,308 1s]
    [20,992/223,308 14s]
    [41,472/223,308 28s]
    [61,952/223,308 41s]
    [82,432/223,308 55s]
    [102,912/223,308 68s]
    [123,392/223,308 82s]
    [143,872/223,308 95s]
    [164,352/223,308 109s]
    [184,832/223,308 122s]
    [205,312/223,308 136s]
  VAL ref overall 0.03767 tail 0.00181 | selected {'profile': 'exp0.9', 'wt_tail': 0.2, 'wt_mid': 0.0, 'wt_head': 0.0} val tail 0.00333
  [test] reference + selected ...
    [512/223,308 0s]
    [20,992/223,308 5s]
    [41,472/223,308 10s]
    [61,952/223,308 15s]
    [82,432/223,308 20s]
    [102,912/223,308 25s]
    [123,392/223,308 31s]
    [143,872/223,308 36s]
    [164,352/223,308 41s]
    [184,832/223,308 46s]
    [205,312/223,308 51s]
  TEST ref 0.03031 (tail 0.00101) -> sel 0.03030 (tail 0.00211)
wrote C:\Users\rayxc\Documents\R\_bestrec_run\results_Office_Products_COLDFUSE_confirm_seed20260739.json
[run] results_OFFICE_COLDFUSE_base_seed20260740.json
  random seed set to 20260740
=== Office_Products: load splits ===
  n_users=223,308  n_items=77,551  pad_id=77551
  built sequences for 223,308 users
  built timestamp sequences (12 time buckets)
  loading SBERT embeddings from C:\Users\rayxc\Documents\R\cache_5core\sbert_titles_Office_Products.npy...
  TAPE: k-means 77,551 text embeddings into K=512 prototypes (tau=0.05)...
  TAPE: K=512 mean max-assignment weight = 0.481 (1.0 = hard clustering)

=== Build SASRec-SBERT (d=64, layers=4, heads=2) ===
  total params: 34,913,919  device=cuda
  223,308 training examples / 873 batches per epoch
  init_state_sha256 = 1e4cef7a4656a379540a94992c56a3eec88394fc26ae89866284b18df37900d6
  LR schedule: warmup_cosine (873 warmup + 16587 cosine steps)

=== Train for 20 epochs ===
  evaluating 223,308 users in batches of 512...
    [512/223,308  elapsed 0.1s]
    [5,632/223,308  elapsed 1.1s]
    [10,752/223,308  elapsed 2.1s]
    [15,872/223,308  elapsed 3.1s]
    [20,992/223,308  elapsed 4.1s]
    [26,112/223,308  elapsed 5.1s]
    [31,232/223,308  elapsed 6.1s]
    [36,352/223,308  elapsed 7.1s]
    [41,472/223,308  elapsed 8.1s]
    [46,592/223,308  elapsed 9.1s]
    [51,712/223,308  elapsed 10.1s]
    [56,832/223,308  elapsed 11.0s]
    [61,952/223,308  elapsed 12.0s]
    [67,072/223,308  elapsed 13.0s]
    [72,192/223,308  elapsed 14.0s]
    [77,312/223,308  elapsed 15.0s]
    [82,432/223,308  elapsed 16.0s]
    [87,552/223,308  elapsed 17.0s]
    [92,672/223,308  elapsed 18.0s]
    [97,792/223,308  elapsed 19.0s]
    [102,912/223,308  elapsed 20.0s]
    [108,032/223,308  elapsed 21.0s]
    [113,152/223,308  elapsed 22.0s]
    [118,272/223,308  elapsed 23.0s]
    [123,392/223,308  elapsed 24.0s]
    [128,512/223,308  elapsed 25.0s]
    [133,632/223,308  elapsed 26.0s]
    [138,752/223,308  elapsed 27.0s]
    [143,872/223,308  elapsed 28.0s]
    [148,992/223,308  elapsed 28.9s]
    [154,112/223,308  elapsed 29.9s]
    [159,232/223,308  elapsed 30.9s]
    [164,352/223,308  elapsed 31.9s]
    [169,472/223,308  elapsed 32.9s]
    [174,592/223,308  elapsed 33.9s]
    [179,712/223,308  elapsed 34.9s]
    [184,832/223,308  elapsed 35.9s]
    [189,952/223,308  elapsed 36.9s]
    [195,072/223,308  elapsed 38.1s]
    [200,192/223,308  elapsed 39.0s]
    [205,312/223,308  elapsed 40.1s]
    [210,432/223,308  elapsed 41.0s]
    [215,552/223,308  elapsed 42.0s]
    [220,672/223,308  elapsed 43.0s]
  eval done in 43.6s
  by-popularity NDCG@10: tail=0.0000(n=29,887)  mid=0.0002(n=33,352)  head=0.0269(n=160,069)
  evaluating 223,308 users in batches of 512...
    [512/223,308  elapsed 0.1s]
    [5,632/223,308  elapsed 1.1s]
    [10,752/223,308  elapsed 2.1s]
    [15,872/223,308  elapsed 3.1s]
    [20,992/223,308  elapsed 4.1s]
    [26,112/223,308  elapsed 5.1s]
    [31,232/223,308  elapsed 6.1s]
    [36,352/223,308  elapsed 7.1s]
    [41,472/223,308  elapsed 8.1s]
    [46,592/223,308  elapsed 9.1s]
    [51,712/223,308  elapsed 10.1s]
    [56,832/223,308  elapsed 11.1s]
    [61,952/223,308  elapsed 12.1s]
    [67,072/223,308  elapsed 13.1s]
    [72,192/223,308  elapsed 14.1s]
    [77,312/223,308  elapsed 15.1s]
    [82,432/223,308  elapsed 16.1s]
    [87,552/223,308  elapsed 17.1s]
    [92,672/223,308  elapsed 18.1s]
    [97,792/223,308  elapsed 19.1s]
    [102,912/223,308  elapsed 20.1s]
    [108,032/223,308  elapsed 21.2s]
    [113,152/223,308  elapsed 22.2s]
    [118,272/223,308  elapsed 23.2s]
    [123,392/223,308  elapsed 24.2s]
    [128,512/223,308  elapsed 25.2s]
    [133,632/223,308  elapsed 26.2s]
    [138,752/223,308  elapsed 27.2s]
    [143,872/223,308  elapsed 28.2s]
    [148,992/223,308  elapsed 29.2s]
    [154,112/223,308  elapsed 30.2s]
    [159,232/223,308  elapsed 31.3s]
    [164,352/223,308  elapsed 32.2s]
    [169,472/223,308  elapsed 33.3s]
    [174,592/223,308  elapsed 34.3s]
    [179,712/223,308  elapsed 35.3s]
    [184,832/223,308  elapsed 36.3s]
    [189,952/223,308  elapsed 37.3s]
    [195,072/223,308  elapsed 38.3s]
    [200,192/223,308  elapsed 39.3s]
    [205,312/223,308  elapsed 40.3s]
    [210,432/223,308  elapsed 41.3s]
    [215,552/223,308  elapsed 42.3s]
    [220,672/223,308  elapsed 43.3s]
  eval done in 43.8s
  by-popularity NDCG@10: tail=0.0000(n=36,610)  mid=0.0001(n=35,266)  head=0.0244(n=151,432)
  epoch   1  loss=10.5808  val_NDCG=0.0193  test_NDCG=0.0166  test_HR=0.0308  (42.4s)
  evaluating 223,308 users in batches of 512...
    [512/223,308  elapsed 0.1s]
    [5,632/223,308  elapsed 1.1s]
    [10,752/223,308  elapsed 2.1s]
    [15,872/223,308  elapsed 3.1s]
    [20,992/223,308  elapsed 4.0s]
    [26,112/223,308  elapsed 5.0s]
    [31,232/223,308  elapsed 6.0s]
    [36,352/223,308  elapsed 7.0s]
    [41,472/223,308  elapsed 8.0s]
    [46,592/223,308  elapsed 9.0s]
    [51,712/223,308  elapsed 10.0s]
    [56,832/223,308  elapsed 11.0s]
    [61,952/223,308  elapsed 12.0s]
    [67,072/223,308  elapsed 13.0s]
    [72,192/223,308  elapsed 14.0s]
    [77,312/223,308  elapsed 15.0s]
    [82,432/223,308  elapsed 16.0s]
    [87,552/223,308  elapsed 17.0s]
    [92,672/223,308  elapsed 18.0s]
    [97,792/223,308  elapsed 19.0s]
    [102,912/223,308  elapsed 20.0s]
    [108,032/223,308  elapsed 21.0s]
    [113,152/223,308  elapsed 22.0s]
    [118,272/223,308  elapsed 22.9s]
    [123,392/223,308  elapsed 24.0s]
    [128,512/223,308  elapsed 24.9s]
    [133,632/223,308  elapsed 25.9s]
    [138,752/223,308  elapsed 27.0s]
    [143,872/223,308  elapsed 28.0s]
    [148,992/223,308  elapsed 29.0s]
    [154,112/223,308  elapsed 30.0s]
    [159,232/223,308  elapsed 31.0s]
    [164,352/223,308  elapsed 32.0s]
    [169,472/223,308  elapsed 33.0s]
    [174,592/223,308  elapsed 34.0s]
    [179,712/223,308  elapsed 35.0s]
    [184,832/223,308  elapsed 36.0s]
    [189,952/223,308  elapsed 36.9s]
    [195,072/223,308  elapsed 37.9s]
    [200,192/223,308  elapsed 38.9s]
    [205,312/223,308  elapsed 39.9s]
    [210,432/223,308  elapsed 40.9s]
    [215,552/223,308  elapsed 41.9s]
    [220,672/223,308  elapsed 42.9s]
  eval done in 43.4s
  by-popularity NDCG@10: tail=0.0000(n=29,887)  mid=0.0010(n=33,352)  head=0.0384(n=160,069)
  evaluating 223,308 users in batches of 512...
    [512/223,308  elapsed 0.1s]
    [5,632/223,308  elapsed 1.1s]
    [10,752/223,308  elapsed 2.1s]
    [15,872/223,308  elapsed 3.1s]
    [20,992/223,308  elapsed 4.1s]
    [26,112/223,308  elapsed 5.2s]
    [31,232/223,308  elapsed 6.1s]
    [36,352/223,308  elapsed 7.1s]
    [41,472/223,308  elapsed 8.1s]
    [46,592/223,308  elapsed 9.1s]
    [51,712/223,308  elapsed 10.1s]
    [56,832/223,308  elapsed 11.2s]
    [61,952/223,308  elapsed 12.1s]
    [67,072/223,308  elapsed 13.1s]
    [72,192/223,308  elapsed 14.2s]
    [77,312/223,308  elapsed 15.2s]
    [82,432/223,308  elapsed 16.2s]
    [87,552/223,308  elapsed 17.2s]
    [92,672/223,308  elapsed 18.2s]
    [97,792/223,308  elapsed 19.2s]
    [102,912/223,308  elapsed 20.2s]
    [108,032/223,308  elapsed 21.2s]
    [113,152/223,308  elapsed 22.2s]
    [118,272/223,308  elapsed 23.2s]
    [123,392/223,308  elapsed 24.2s]
    [128,512/223,308  elapsed 25.2s]
    [133,632/223,308  elapsed 26.2s]
    [138,752/223,308  elapsed 27.2s]
    [143,872/223,308  elapsed 28.2s]
    [148,992/223,308  elapsed 29.2s]
    [154,112/223,308  elapsed 30.2s]
    [159,232/223,308  elapsed 31.2s]
    [164,352/223,308  elapsed 32.2s]
    [169,472/223,308  elapsed 33.3s]
    [174,592/223,308  elapsed 34.3s]
    [179,712/223,308  elapsed 35.3s]
    [184,832/223,308  elapsed 36.3s]
    [189,952/223,308  elapsed 37.3s]
    [195,072/223,308  elapsed 38.2s]
    [200,192/223,308  elapsed 39.2s]
    [205,312/223,308  elapsed 40.3s]
    [210,432/223,308  elapsed 41.3s]
    [215,552/223,308  elapsed 42.3s]
    [220,672/223,308  elapsed 43.3s]
  eval done in 43.8s
  by-popularity NDCG@10: tail=0.0000(n=36,610)  mid=0.0005(n=35,266)  head=0.0343(n=151,432)
  epoch   2  loss=10.0600  val_NDCG=0.0277  test_NDCG=0.0233  test_HR=0.0413  (42.4s)
  evaluating 223,308 users in batches of 512...
    [512/223,308  elapsed 0.1s]
    [5,632/223,308  elapsed 1.1s]
    [10,752/223,308  elapsed 2.1s]
    [15,872/223,308  elapsed 3.1s]
    [20,992/223,308  elapsed 4.1s]
    [26,112/223,308  elapsed 5.0s]
    [31,232/223,308  elapsed 6.0s]
    [36,352/223,308  elapsed 7.0s]
    [41,472/223,308  elapsed 8.0s]
    [46,592/223,308  elapsed 9.0s]
    [51,712/223,308  elapsed 10.0s]
    [56,832/223,308  elapsed 11.0s]
    [61,952/223,308  elapsed 11.9s]
    [67,072/223,308  elapsed 12.9s]
    [72,192/223,308  elapsed 13.9s]
    [77,312/223,308  elapsed 14.9s]
    [82,432/223,308  elapsed 15.9s]
    [87,552/223,308  elapsed 16.9s]
    [92,672/223,308  elapsed 17.9s]
    [97,792/223,308  elapsed 18.9s]
    [102,912/223,308  elapsed 19.9s]
    [108,032/223,308  elapsed 20.8s]
    [113,152/223,308  elapsed 21.8s]
    [118,272/223,308  elapsed 22.8s]
    [123,392/223,308  elapsed 23.8s]
    [128,512/223,308  elapsed 24.8s]
    [133,632/223,308  elapsed 25.8s]
    [138,752/223,308  elapsed 26.8s]
    [143,872/223,308  elapsed 27.8s]
    [148,992/223,308  elapsed 28.8s]
    [154,112/223,308  elapsed 29.8s]
    [159,232/223,308  elapsed 30.8s]
    [164,352/223,308  elapsed 31.8s]
    [169,472/223,308  elapsed 32.8s]
    [174,592/223,308  elapsed 33.8s]
    [179,712/223,308  elapsed 34.7s]
    [184,832/223,308  elapsed 35.7s]
    [189,952/223,308  elapsed 36.7s]
    [195,072/223,308  elapsed 37.7s]
    [200,192/223,308  elapsed 38.7s]
    [205,312/223,308  elapsed 39.7s]
    [210,432/223,308  elapsed 40.7s]
    [215,552/223,308  elapsed 41.7s]
    [220,672/223,308  elapsed 42.7s]
  eval done in 43.2s
  by-popularity NDCG@10: tail=0.0001(n=29,887)  mid=0.0019(n=33,352)  head=0.0430(n=160,069)
  evaluating 223,308 users in batches of 512...
    [512/223,308  elapsed 0.1s]
    [5,632/223,308  elapsed 1.1s]
    [10,752/223,308  elapsed 2.1s]
    [15,872/223,308  elapsed 3.1s]
    [20,992/223,308  elapsed 4.1s]
    [26,112/223,308  elapsed 5.1s]
    [31,232/223,308  elapsed 6.1s]
    [36,352/223,308  elapsed 7.1s]
    [41,472/223,308  elapsed 8.1s]
    [46,592/223,308  elapsed 9.1s]
    [51,712/223,308  elapsed 10.1s]
    [56,832/223,308  elapsed 11.1s]
    [61,952/223,308  elapsed 12.1s]
    [67,072/223,308  elapsed 13.1s]
    [72,192/223,308  elapsed 14.1s]
    [77,312/223,308  elapsed 15.1s]
    [82,432/223,308  elapsed 16.1s]
    [87,552/223,308  elapsed 17.1s]
    [92,672/223,308  elapsed 18.1s]
    [97,792/223,308  elapsed 19.1s]
    [102,912/223,308  elapsed 20.1s]
    [108,032/223,308  elapsed 21.1s]
    [113,152/223,308  elapsed 22.1s]
    [118,272/223,308  elapsed 23.1s]
    [123,392/223,308  elapsed 24.1s]
    [128,512/223,308  elapsed 25.1s]
    [133,632/223,308  elapsed 26.0s]
    [138,752/223,308  elapsed 27.0s]
    [143,872/223,308  elapsed 28.0s]
    [148,992/223,308  elapsed 29.0s]
    [154,112/223,308  elapsed 30.0s]
    [159,232/223,308  elapsed 31.0s]
    [164,352/223,308  elapsed 32.0s]
    [169,472/223,308  elapsed 33.0s]
    [174,592/223,308  elapsed 34.0s]
    [179,712/223,308  elapsed 35.0s]
    [184,832/223,308  elapsed 36.0s]
    [189,952/223,308  elapsed 37.0s]
    [195,072/223,308  elapsed 38.0s]
    [200,192/223,308  elapsed 39.0s]
    [205,312/223,308  elapsed 40.0s]
    [210,432/223,308  elapsed 41.0s]
    [215,552/223,308  elapsed 42.0s]
    [220,672/223,308  elapsed 43.0s]
  eval done in 43.5s
  by-popularity NDCG@10: tail=0.0001(n=36,610)  mid=0.0010(n=35,266)  head=0.0381(n=151,432)
  epoch   3  loss=9.8658  val_NDCG=0.0311  test_NDCG=0.0260  test_HR=0.0453  (42.2s)
  evaluating 223,308 users in batches of 512...
    [512/223,308  elapsed 0.1s]
    [5,632/223,308  elapsed 1.1s]
    [10,752/223,308  elapsed 2.1s]
    [15,872/223,308  elapsed 3.1s]
    [20,992/223,308  elapsed 4.1s]
    [26,112/223,308  elapsed 5.1s]
    [31,232/223,308  elapsed 6.1s]
    [36,352/223,308  elapsed 7.1s]
    [41,472/223,308  elapsed 8.1s]
    [46,592/223,308  elapsed 9.1s]
    [51,712/223,308  elapsed 10.1s]
    [56,832/223,308  elapsed 11.1s]
    [61,952/223,308  elapsed 12.0s]
    [67,072/223,308  elapsed 13.1s]
    [72,192/223,308  elapsed 14.0s]
    [77,312/223,308  elapsed 15.0s]
    [82,432/223,308  elapsed 16.1s]
    [87,552/223,308  elapsed 17.0s]
    [92,672/223,308  elapsed 18.0s]
    [97,792/223,308  elapsed 19.0s]
    [102,912/223,308  elapsed 20.0s]
    [108,032/223,308  elapsed 21.0s]
    [113,152/223,308  elapsed 22.0s]
    [118,272/223,308  elapsed 23.0s]
    [123,392/223,308  elapsed 24.0s]
    [128,512/223,308  elapsed 24.9s]
    [133,632/223,308  elapsed 25.9s]
    [138,752/223,308  elapsed 26.9s]
    [143,872/223,308  elapsed 27.9s]
    [148,992/223,308  elapsed 28.9s]
    [154,112/223,308  elapsed 29.9s]
    [159,232/223,308  elapsed 30.9s]
    [164,352/223,308  elapsed 31.9s]
    [169,472/223,308  elapsed 32.9s]
    [174,592/223,308  elapsed 33.9s]
    [179,712/223,308  elapsed 34.9s]
    [184,832/223,308  elapsed 35.9s]
    [189,952/223,308  elapsed 36.9s]
    [195,072/223,308  elapsed 37.9s]
    [200,192/223,308  elapsed 38.9s]
    [205,312/223,308  elapsed 39.9s]
    [210,432/223,308  elapsed 40.9s]
    [215,552/223,308  elapsed 41.9s]
    [220,672/223,308  elapsed 42.9s]
  eval done in 43.4s
  by-popularity NDCG@10: tail=0.0004(n=29,887)  mid=0.0031(n=33,352)  head=0.0459(n=160,069)
  evaluating 223,308 users in batches of 512...
    [512/223,308  elapsed 0.1s]
    [5,632/223,308  elapsed 1.1s]
    [10,752/223,308  elapsed 2.1s]
    [15,872/223,308  elapsed 3.1s]
    [20,992/223,308  elapsed 4.1s]
    [26,112/223,308  elapsed 5.1s]
    [31,232/223,308  elapsed 6.1s]
    [36,352/223,308  elapsed 7.1s]
    [41,472/223,308  elapsed 8.1s]
    [46,592/223,308  elapsed 9.1s]
    [51,712/223,308  elapsed 10.1s]
    [56,832/223,308  elapsed 11.1s]
    [61,952/223,308  elapsed 12.1s]
    [67,072/223,308  elapsed 13.1s]
    [72,192/223,308  elapsed 14.1s]
    [77,312/223,308  elapsed 15.1s]
    [82,432/223,308  elapsed 16.1s]
    [87,552/223,308  elapsed 17.1s]
    [92,672/223,308  elapsed 18.1s]
    [97,792/223,308  elapsed 19.1s]
    [102,912/223,308  elapsed 20.1s]
    [108,032/223,308  elapsed 21.1s]
    [113,152/223,308  elapsed 22.1s]
    [118,272/223,308  elapsed 23.1s]
    [123,392/223,308  elapsed 24.1s]
    [128,512/223,308  elapsed 25.1s]
    [133,632/223,308  elapsed 26.1s]
    [138,752/223,308  elapsed 27.1s]
    [143,872/223,308  elapsed 28.1s]
    [148,992/223,308  elapsed 29.1s]
    [154,112/223,308  elapsed 30.1s]
    [159,232/223,308  elapsed 31.1s]
    [164,352/223,308  elapsed 32.2s]
    [169,472/223,308  elapsed 33.2s]
    [174,592/223,308  elapsed 34.2s]
    [179,712/223,308  elapsed 35.2s]
    [184,832/223,308  elapsed 36.2s]
    [189,952/223,308  elapsed 37.2s]
    [195,072/223,308  elapsed 38.2s]
    [200,192/223,308  elapsed 39.2s]
    [205,312/223,308  elapsed 40.2s]
    [210,432/223,308  elapsed 41.2s]
    [215,552/223,308  elapsed 42.2s]
    [220,672/223,308  elapsed 43.2s]
  eval done in 43.7s
  by-popularity NDCG@10: tail=0.0001(n=36,610)  mid=0.0017(n=35,266)  head=0.0402(n=151,432)
  epoch   4  loss=9.7516  val_NDCG=0.0334  test_NDCG=0.0275  test_HR=0.0475  (42.4s)
  evaluating 223,308 users in batches of 512...
    [512/223,308  elapsed 0.1s]
    [5,632/223,308  elapsed 1.1s]
    [10,752/223,308  elapsed 2.1s]
    [15,872/223,308  elapsed 3.0s]
    [20,992/223,308  elapsed 4.0s]
    [26,112/223,308  elapsed 5.0s]
    [31,232/223,308  elapsed 6.0s]
    [36,352/223,308  elapsed 7.0s]
    [41,472/223,308  elapsed 8.0s]
    [46,592/223,308  elapsed 8.9s]
    [51,712/223,308  elapsed 9.9s]
    [56,832/223,308  elapsed 10.9s]
    [61,952/223,308  elapsed 11.9s]
    [67,072/223,308  elapsed 12.8s]
    [72,192/223,308  elapsed 13.8s]
    [77,312/223,308  elapsed 14.8s]
    [82,432/223,308  elapsed 15.8s]
    [87,552/223,308  elapsed 16.8s]
    [92,672/223,308  elapsed 17.7s]
    [97,792/223,308  elapsed 18.7s]
    [102,912/223,308  elapsed 19.7s]
    [108,032/223,308  elapsed 20.7s]
    [113,152/223,308  elapsed 21.6s]
    [118,272/223,308  elapsed 22.6s]
    [123,392/223,308  elapsed 23.6s]
    [128,512/223,308  elapsed 24.6s]
    [133,632/223,308  elapsed 25.5s]
    [138,752/223,308  elapsed 26.5s]
    [143,872/223,308  elapsed 27.5s]
    [148,992/223,308  elapsed 28.5s]
    [154,112/223,308  elapsed 29.4s]
    [159,232/223,308  elapsed 30.4s]
    [164,352/223,308  elapsed 31.4s]
    [169,472/223,308  elapsed 32.4s]
    [174,592/223,308  elapsed 33.4s]
    [179,712/223,308  elapsed 34.4s]
    [184,832/223,308  elapsed 35.4s]
    [189,952/223,308  elapsed 36.3s]
    [195,072/223,308  elapsed 37.3s]
    [200,192/223,308  elapsed 38.3s]
    [205,312/223,308  elapsed 39.3s]
    [210,432/223,308  elapsed 40.3s]
    [215,552/223,308  elapsed 41.2s]
    [220,672/223,308  elapsed 42.2s]
  eval done in 42.7s
  by-popularity NDCG@10: tail=0.0006(n=29,887)  mid=0.0042(n=33,352)  head=0.0478(n=160,069)
  evaluating 223,308 users in batches of 512...
    [512/223,308  elapsed 0.1s]
    [5,632/223,308  elapsed 1.1s]
    [10,752/223,308  elapsed 2.1s]
    [15,872/223,308  elapsed 3.1s]
    [20,992/223,308  elapsed 4.1s]
    [26,112/223,308  elapsed 5.1s]
    [31,232/223,308  elapsed 6.1s]
    [36,352/223,308  elapsed 7.0s]
    [41,472/223,308  elapsed 8.0s]
    [46,592/223,308  elapsed 9.0s]
    [51,712/223,308  elapsed 10.0s]
    [56,832/223,308  elapsed 11.0s]
    [61,952/223,308  elapsed 12.0s]
    [67,072/223,308  elapsed 13.0s]
    [72,192/223,308  elapsed 13.9s]
    [77,312/223,308  elapsed 14.9s]
    [82,432/223,308  elapsed 15.9s]
    [87,552/223,308  elapsed 16.9s]
    [92,672/223,308  elapsed 17.9s]
    [97,792/223,308  elapsed 18.9s]
    [102,912/223,308  elapsed 19.8s]
    [108,032/223,308  elapsed 20.8s]
    [113,152/223,308  elapsed 21.8s]
    [118,272/223,308  elapsed 22.8s]
    [123,392/223,308  elapsed 23.8s]
    [128,512/223,308  elapsed 24.8s]
    [133,632/223,308  elapsed 25.7s]
    [138,752/223,308  elapsed 26.7s]
    [143,872/223,308  elapsed 27.7s]
    [148,992/223,308  elapsed 28.7s]
    [154,112/223,308  elapsed 29.7s]
    [159,232/223,308  elapsed 30.7s]
    [164,352/223,308  elapsed 31.7s]
    [169,472/223,308  elapsed 32.6s]
    [174,592/223,308  elapsed 33.6s]
    [179,712/223,308  elapsed 34.6s]
    [184,832/223,308  elapsed 35.6s]
    [189,952/223,308  elapsed 36.6s]
    [195,072/223,308  elapsed 37.6s]
    [200,192/223,308  elapsed 38.6s]
    [205,312/223,308  elapsed 39.6s]
    [210,432/223,308  elapsed 40.6s]
    [215,552/223,308  elapsed 41.6s]
    [220,672/223,308  elapsed 42.5s]
  eval done in 43.1s
  by-popularity NDCG@10: tail=0.0002(n=36,610)  mid=0.0023(n=35,266)  head=0.0420(n=151,432)
  epoch   5  loss=9.6677  val_NDCG=0.0350  test_NDCG=0.0288  test_HR=0.0497  (42.2s)
  evaluating 223,308 users in batches of 512...
    [512/223,308  elapsed 0.1s]
    [5,632/223,308  elapsed 1.1s]
    [10,752/223,308  elapsed 2.1s]
    [15,872/223,308  elapsed 3.1s]
    [20,992/223,308  elapsed 4.1s]
    [26,112/223,308  elapsed 5.0s]
    [31,232/223,308  elapsed 6.0s]
    [36,352/223,308  elapsed 7.0s]
    [41,472/223,308  elapsed 8.0s]
    [46,592/223,308  elapsed 9.0s]
    [51,712/223,308  elapsed 10.0s]
    [56,832/223,308  elapsed 11.0s]
    [61,952/223,308  elapsed 12.0s]
    [67,072/223,308  elapsed 13.0s]
    [72,192/223,308  elapsed 14.0s]
    [77,312/223,308  elapsed 15.0s]
    [82,432/223,308  elapsed 16.0s]
    [87,552/223,308  elapsed 17.0s]
    [92,672/223,308  elapsed 18.0s]
    [97,792/223,308  elapsed 19.0s]
    [102,912/223,308  elapsed 20.0s]
    [108,032/223,308  elapsed 21.0s]
    [113,152/223,308  elapsed 22.0s]
    [118,272/223,308  elapsed 23.0s]
    [123,392/223,308  elapsed 24.0s]
    [128,512/223,308  elapsed 25.0s]
    [133,632/223,308  elapsed 26.0s]
    [138,752/223,308  elapsed 27.0s]
    [143,872/223,308  elapsed 27.9s]
    [148,992/223,308  elapsed 28.9s]
    [154,112/223,308  elapsed 29.9s]
    [159,232/223,308  elapsed 30.9s]
    [164,352/223,308  elapsed 31.9s]
    [169,472/223,308  elapsed 32.9s]
    [174,592/223,308  elapsed 33.9s]
    [179,712/223,308  elapsed 34.9s]
    [184,832/223,308  elapsed 35.9s]
    [189,952/223,308  elapsed 36.9s]
    [195,072/223,308  elapsed 37.9s]
    [200,192/223,308  elapsed 38.9s]
    [205,312/223,308  elapsed 39.9s]
    [210,432/223,308  elapsed 40.9s]
    [215,552/223,308  elapsed 41.9s]
    [220,672/223,308  elapsed 42.9s]
  eval done in 43.4s
  by-popularity NDCG@10: tail=0.0007(n=29,887)  mid=0.0048(n=33,352)  head=0.0485(n=160,069)
  evaluating 223,308 users in batches of 512...
    [512/223,308  elapsed 0.1s]
    [5,632/223,308  elapsed 1.1s]
    [10,752/223,308  elapsed 2.1s]
    [15,872/223,308  elapsed 3.1s]
    [20,992/223,308  elapsed 4.1s]
    [26,112/223,308  elapsed 5.1s]
    [31,232/223,308  elapsed 6.1s]
    [36,352/223,308  elapsed 7.1s]
    [41,472/223,308  elapsed 8.1s]
    [46,592/223,308  elapsed 9.1s]
    [51,712/223,308  elapsed 10.1s]
    [56,832/223,308  elapsed 11.1s]
    [61,952/223,308  elapsed 12.1s]
    [67,072/223,308  elapsed 13.1s]
    [72,192/223,308  elapsed 14.1s]
    [77,312/223,308  elapsed 15.1s]
    [82,432/223,308  elapsed 16.1s]
    [87,552/223,308  elapsed 17.1s]
    [92,672/223,308  elapsed 18.1s]
    [97,792/223,308  elapsed 19.1s]
    [102,912/223,308  elapsed 20.1s]
    [108,032/223,308  elapsed 21.1s]
    [113,152/223,308  elapsed 22.1s]
    [118,272/223,308  elapsed 23.1s]
    [123,392/223,308  elapsed 24.1s]
    [128,512/223,308  elapsed 25.1s]
    [133,632/223,308  elapsed 26.1s]
    [138,752/223,308  elapsed 27.1s]
    [143,872/223,308  elapsed 28.1s]
    [148,992/223,308  elapsed 29.1s]
    [154,112/223,308  elapsed 30.1s]
    [159,232/223,308  elapsed 31.1s]
    [164,352/223,308  elapsed 32.1s]
    [169,472/223,308  elapsed 33.1s]
    [174,592/223,308  elapsed 34.1s]
    [179,712/223,308  elapsed 35.1s]
    [184,832/223,308  elapsed 36.1s]
    [189,952/223,308  elapsed 37.1s]
    [195,072/223,308  elapsed 38.1s]
    [200,192/223,308  elapsed 39.1s]
    [205,312/223,308  elapsed 40.1s]
    [210,432/223,308  elapsed 41.1s]
    [215,552/223,308  elapsed 42.1s]
    [220,672/223,308  elapsed 43.1s]
  eval done in 43.6s
  by-popularity NDCG@10: tail=0.0003(n=36,610)  mid=0.0028(n=35,266)  head=0.0422(n=151,432)
  epoch   6  loss=9.5992  val_NDCG=0.0356  test_NDCG=0.0291  test_HR=0.0496  (42.3s)
  evaluating 223,308 users in batches of 512...
    [512/223,308  elapsed 0.1s]
    [5,632/223,308  elapsed 1.1s]
    [10,752/223,308  elapsed 2.1s]
    [15,872/223,308  elapsed 3.1s]
    [20,992/223,308  elapsed 4.1s]
    [26,112/223,308  elapsed 5.0s]
    [31,232/223,308  elapsed 6.0s]
    [36,352/223,308  elapsed 7.1s]
    [41,472/223,308  elapsed 8.0s]
    [46,592/223,308  elapsed 9.0s]
    [51,712/223,308  elapsed 10.0s]
    [56,832/223,308  elapsed 11.0s]
    [61,952/223,308  elapsed 12.0s]
    [67,072/223,308  elapsed 13.0s]
    [72,192/223,308  elapsed 14.0s]
    [77,312/223,308  elapsed 15.0s]
    [82,432/223,308  elapsed 16.0s]
    [87,552/223,308  elapsed 17.0s]
    [92,672/223,308  elapsed 18.0s]
    [97,792/223,308  elapsed 19.0s]
    [102,912/223,308  elapsed 20.0s]
    [108,032/223,308  elapsed 21.0s]
    [113,152/223,308  elapsed 21.9s]
    [118,272/223,308  elapsed 22.9s]
    [123,392/223,308  elapsed 23.9s]
    [128,512/223,308  elapsed 24.9s]
    [133,632/223,308  elapsed 25.9s]
    [138,752/223,308  elapsed 26.9s]
    [143,872/223,308  elapsed 27.9s]
    [148,992/223,308  elapsed 28.9s]
    [154,112/223,308  elapsed 29.9s]
    [159,232/223,308  elapsed 30.9s]
    [164,352/223,308  elapsed 31.9s]
    [169,472/223,308  elapsed 32.9s]
    [174,592/223,308  elapsed 33.8s]
    [179,712/223,308  elapsed 34.8s]
    [184,832/223,308  elapsed 35.8s]
    [189,952/223,308  elapsed 36.8s]
    [195,072/223,308  elapsed 37.8s]
    [200,192/223,308  elapsed 38.8s]
    [205,312/223,308  elapsed 39.8s]
    [210,432/223,308  elapsed 40.8s]
    [215,552/223,308  elapsed 41.8s]
    [220,672/223,308  elapsed 42.8s]
  eval done in 43.3s
  by-popularity NDCG@10: tail=0.0010(n=29,887)  mid=0.0057(n=33,352)  head=0.0491(n=160,069)
  evaluating 223,308 users in batches of 512...
    [512/223,308  elapsed 0.1s]
    [5,632/223,308  elapsed 1.1s]
    [10,752/223,308  elapsed 2.1s]
    [15,872/223,308  elapsed 3.1s]
    [20,992/223,308  elapsed 4.1s]
    [26,112/223,308  elapsed 5.1s]
    [31,232/223,308  elapsed 6.1s]
    [36,352/223,308  elapsed 7.1s]
    [41,472/223,308  elapsed 8.1s]
    [46,592/223,308  elapsed 9.1s]
    [51,712/223,308  elapsed 10.0s]
    [56,832/223,308  elapsed 11.0s]
    [61,952/223,308  elapsed 12.0s]
    [67,072/223,308  elapsed 13.0s]
    [72,192/223,308  elapsed 14.0s]
    [77,312/223,308  elapsed 15.0s]
    [82,432/223,308  elapsed 16.0s]
    [87,552/223,308  elapsed 17.0s]
    [92,672/223,308  elapsed 18.0s]
    [97,792/223,308  elapsed 19.0s]
    [102,912/223,308  elapsed 19.9s]
    [108,032/223,308  elapsed 20.9s]
    [113,152/223,308  elapsed 21.9s]
    [118,272/223,308  elapsed 22.9s]
    [123,392/223,308  elapsed 23.9s]
    [128,512/223,308  elapsed 24.9s]
    [133,632/223,308  elapsed 25.9s]
    [138,752/223,308  elapsed 26.9s]
    [143,872/223,308  elapsed 27.9s]
    [148,992/223,308  elapsed 28.9s]
    [154,112/223,308  elapsed 29.8s]
    [159,232/223,308  elapsed 30.8s]
    [164,352/223,308  elapsed 31.8s]
    [169,472/223,308  elapsed 32.8s]
    [174,592/223,308  elapsed 33.9s]
    [179,712/223,308  elapsed 34.8s]
    [184,832/223,308  elapsed 35.8s]
    [189,952/223,308  elapsed 36.8s]
    [195,072/223,308  elapsed 37.8s]
    [200,192/223,308  elapsed 38.8s]
    [205,312/223,308  elapsed 39.8s]
    [210,432/223,308  elapsed 40.8s]
    [215,552/223,308  elapsed 41.7s]
    [220,672/223,308  elapsed 42.7s]
  eval done in 43.2s
  by-popularity NDCG@10: tail=0.0004(n=36,610)  mid=0.0038(n=35,266)  head=0.0427(n=151,432)
  epoch   7  loss=9.5416  val_NDCG=0.0362  test_NDCG=0.0296  test_HR=0.0505  (42.3s)
  evaluating 223,308 users in batches of 512...
    [512/223,308  elapsed 0.1s]
    [5,632/223,308  elapsed 1.1s]
    [10,752/223,308  elapsed 2.1s]
    [15,872/223,308  elapsed 3.0s]
    [20,992/223,308  elapsed 4.0s]
    [26,112/223,308  elapsed 5.0s]
    [31,232/223,308  elapsed 6.0s]
    [36,352/223,308  elapsed 7.0s]
    [41,472/223,308  elapsed 7.9s]
    [46,592/223,308  elapsed 8.9s]
    [51,712/223,308  elapsed 9.9s]
    [56,832/223,308  elapsed 10.9s]
    [61,952/223,308  elapsed 11.9s]
    [67,072/223,308  elapsed 12.8s]
    [72,192/223,308  elapsed 13.8s]
    [77,312/223,308  elapsed 14.8s]
    [82,432/223,308  elapsed 15.8s]
    [87,552/223,308  elapsed 16.7s]
    [92,672/223,308  elapsed 17.7s]
    [97,792/223,308  elapsed 18.7s]
    [102,912/223,308  elapsed 19.7s]
    [108,032/223,308  elapsed 20.6s]
    [113,152/223,308  elapsed 21.6s]
    [118,272/223,308  elapsed 22.6s]
    [123,392/223,308  elapsed 23.6s]
    [128,512/223,308  elapsed 24.6s]
    [133,632/223,308  elapsed 25.5s]
    [138,752/223,308  elapsed 26.5s]
    [143,872/223,308  elapsed 27.5s]
    [148,992/223,308  elapsed 28.5s]
    [154,112/223,308  elapsed 29.5s]
    [159,232/223,308  elapsed 30.4s]
    [164,352/223,308  elapsed 31.4s]
    [169,472/223,308  elapsed 32.4s]
    [174,592/223,308  elapsed 33.4s]
    [179,712/223,308  elapsed 34.3s]
    [184,832/223,308  elapsed 35.3s]
    [189,952/223,308  elapsed 36.3s]
    [195,072/223,308  elapsed 37.3s]
    [200,192/223,308  elapsed 38.2s]
    [205,312/223,308  elapsed 39.2s]
    [210,432/223,308  elapsed 40.2s]
    [215,552/223,308  elapsed 41.2s]
    [220,672/223,308  elapsed 42.1s]
  eval done in 42.6s
  by-popularity NDCG@10: tail=0.0011(n=29,887)  mid=0.0062(n=33,352)  head=0.0495(n=160,069)
  evaluating 223,308 users in batches of 512...
    [512/223,308  elapsed 0.1s]
    [5,632/223,308  elapsed 1.1s]
    [10,752/223,308  elapsed 2.1s]
    [15,872/223,308  elapsed 3.1s]
    [20,992/223,308  elapsed 4.0s]
    [26,112/223,308  elapsed 5.0s]
    [31,232/223,308  elapsed 6.0s]
    [36,352/223,308  elapsed 7.0s]
    [41,472/223,308  elapsed 8.0s]
    [46,592/223,308  elapsed 9.0s]
    [51,712/223,308  elapsed 9.9s]
    [56,832/223,308  elapsed 10.9s]
    [61,952/223,308  elapsed 11.9s]
    [67,072/223,308  elapsed 12.9s]
    [72,192/223,308  elapsed 13.8s]
    [77,312/223,308  elapsed 14.8s]
    [82,432/223,308  elapsed 15.8s]
    [87,552/223,308  elapsed 16.8s]
    [92,672/223,308  elapsed 17.8s]
    [97,792/223,308  elapsed 18.8s]
    [102,912/223,308  elapsed 19.8s]
    [108,032/223,308  elapsed 20.8s]
    [113,152/223,308  elapsed 21.7s]
    [118,272/223,308  elapsed 22.7s]
    [123,392/223,308  elapsed 23.7s]
    [128,512/223,308  elapsed 24.7s]
    [133,632/223,308  elapsed 25.7s]
    [138,752/223,308  elapsed 26.7s]
    [143,872/223,308  elapsed 27.6s]
    [148,992/223,308  elapsed 28.6s]
    [154,112/223,308  elapsed 29.6s]
    [159,232/223,308  elapsed 30.6s]
    [164,352/223,308  elapsed 31.6s]
    [169,472/223,308  elapsed 32.5s]
    [174,592/223,308  elapsed 33.5s]
    [179,712/223,308  elapsed 34.5s]
    [184,832/223,308  elapsed 35.5s]
    [189,952/223,308  elapsed 36.5s]
    [195,072/223,308  elapsed 37.4s]
    [200,192/223,308  elapsed 38.4s]
    [205,312/223,308  elapsed 39.4s]
    [210,432/223,308  elapsed 40.4s]
    [215,552/223,308  elapsed 41.4s]
    [220,672/223,308  elapsed 42.4s]
  eval done in 42.9s
  by-popularity NDCG@10: tail=0.0005(n=36,610)  mid=0.0041(n=35,266)  head=0.0431(n=151,432)
  epoch   8  loss=9.4891  val_NDCG=0.0366  test_NDCG=0.0300  test_HR=0.0508  (42.1s)
  evaluating 223,308 users in batches of 512...
    [512/223,308  elapsed 0.1s]
    [5,632/223,308  elapsed 1.1s]
    [10,752/223,308  elapsed 2.1s]
    [15,872/223,308  elapsed 3.1s]
    [20,992/223,308  elapsed 4.1s]
    [26,112/223,308  elapsed 5.1s]
    [31,232/223,308  elapsed 6.0s]
    [36,352/223,308  elapsed 7.0s]
    [41,472/223,308  elapsed 8.0s]
    [46,592/223,308  elapsed 9.0s]
    [51,712/223,308  elapsed 10.0s]
    [56,832/223,308  elapsed 11.0s]
    [61,952/223,308  elapsed 12.0s]
    [67,072/223,308  elapsed 13.0s]
    [72,192/223,308  elapsed 14.0s]
    [77,312/223,308  elapsed 15.0s]
    [82,432/223,308  elapsed 16.0s]
    [87,552/223,308  elapsed 17.0s]
    [92,672/223,308  elapsed 17.9s]
    [97,792/223,308  elapsed 18.9s]
    [102,912/223,308  elapsed 19.9s]
    [108,032/223,308  elapsed 20.9s]
    [113,152/223,308  elapsed 21.9s]
    [118,272/223,308  elapsed 22.9s]
    [123,392/223,308  elapsed 23.9s]
    [128,512/223,308  elapsed 24.9s]
    [133,632/223,308  elapsed 25.9s]
    [138,752/223,308  elapsed 26.9s]
    [143,872/223,308  elapsed 27.9s]
    [148,992/223,308  elapsed 28.9s]
    [154,112/223,308  elapsed 29.9s]
    [159,232/223,308  elapsed 30.9s]
    [164,352/223,308  elapsed 31.9s]
    [169,472/223,308  elapsed 32.9s]
    [174,592/223,308  elapsed 33.8s]
    [179,712/223,308  elapsed 34.8s]
    [184,832/223,308  elapsed 35.8s]
    [189,952/223,308  elapsed 36.8s]
    [195,072/223,308  elapsed 37.8s]
    [200,192/223,308  elapsed 38.8s]
    [205,312/223,308  elapsed 39.8s]
    [210,432/223,308  elapsed 40.8s]
    [215,552/223,308  elapsed 41.8s]
    [220,672/223,308  elapsed 42.8s]
  eval done in 43.3s
  by-popularity NDCG@10: tail=0.0013(n=29,887)  mid=0.0066(n=33,352)  head=0.0498(n=160,069)
  evaluating 223,308 users in batches of 512...
    [512/223,308  elapsed 0.1s]
    [5,632/223,308  elapsed 1.1s]
    [10,752/223,308  elapsed 2.1s]
    [15,872/223,308  elapsed 3.1s]
    [20,992/223,308  elapsed 4.1s]
    [26,112/223,308  elapsed 5.1s]
    [31,232/223,308  elapsed 6.1s]
    [36,352/223,308  elapsed 7.1s]
    [41,472/223,308  elapsed 8.1s]
    [46,592/223,308  elapsed 9.1s]
    [51,712/223,308  elapsed 10.1s]
    [56,832/223,308  elapsed 11.1s]
    [61,952/223,308  elapsed 12.1s]
    [67,072/223,308  elapsed 13.1s]
    [72,192/223,308  elapsed 14.1s]
    [77,312/223,308  elapsed 15.1s]
    [82,432/223,308  elapsed 16.1s]
    [87,552/223,308  elapsed 17.1s]
    [92,672/223,308  elapsed 18.1s]
    [97,792/223,308  elapsed 19.1s]
    [102,912/223,308  elapsed 20.1s]
    [108,032/223,308  elapsed 21.1s]
    [113,152/223,308  elapsed 22.1s]
    [118,272/223,308  elapsed 23.1s]
    [123,392/223,308  elapsed 24.1s]
    [128,512/223,308  elapsed 25.1s]
    [133,632/223,308  elapsed 26.1s]
    [138,752/223,308  elapsed 27.1s]
    [143,872/223,308  elapsed 28.1s]
    [148,992/223,308  elapsed 29.1s]
    [154,112/223,308  elapsed 30.1s]
    [159,232/223,308  elapsed 31.1s]
    [164,352/223,308  elapsed 32.1s]
    [169,472/223,308  elapsed 33.2s]
    [174,592/223,308  elapsed 34.2s]
    [179,712/223,308  elapsed 35.2s]
    [184,832/223,308  elapsed 36.2s]
    [189,952/223,308  elapsed 37.2s]
    [195,072/223,308  elapsed 38.2s]
    [200,192/223,308  elapsed 39.2s]
    [205,312/223,308  elapsed 40.2s]
    [210,432/223,308  elapsed 41.1s]
    [215,552/223,308  elapsed 42.2s]
    [220,672/223,308  elapsed 43.1s]
  eval done in 43.7s
  by-popularity NDCG@10: tail=0.0006(n=36,610)  mid=0.0042(n=35,266)  head=0.0432(n=151,432)
  epoch   9  loss=9.4417  val_NDCG=0.0368  test_NDCG=0.0301  test_HR=0.0511  (42.2s)
  evaluating 223,308 users in batches of 512...
    [512/223,308  elapsed 0.1s]
    [5,632/223,308  elapsed 1.1s]
    [10,752/223,308  elapsed 2.1s]
    [15,872/223,308  elapsed 3.1s]
    [20,992/223,308  elapsed 4.1s]
    [26,112/223,308  elapsed 5.1s]
    [31,232/223,308  elapsed 6.1s]
    [36,352/223,308  elapsed 7.1s]
    [41,472/223,308  elapsed 8.1s]
    [46,592/223,308  elapsed 9.1s]
    [51,712/223,308  elapsed 10.1s]
    [56,832/223,308  elapsed 11.1s]
    [61,952/223,308  elapsed 12.0s]
    [67,072/223,308  elapsed 13.0s]
    [72,192/223,308  elapsed 14.0s]
    [77,312/223,308  elapsed 15.0s]
    [82,432/223,308  elapsed 16.0s]
    [87,552/223,308  elapsed 17.0s]
    [92,672/223,308  elapsed 18.0s]
    [97,792/223,308  elapsed 19.0s]
    [102,912/223,308  elapsed 20.0s]
    [108,032/223,308  elapsed 21.0s]
    [113,152/223,308  elapsed 22.0s]
    [118,272/223,308  elapsed 23.0s]
    [123,392/223,308  elapsed 23.9s]
    [128,512/223,308  elapsed 24.9s]
    [133,632/223,308  elapsed 25.9s]
    [138,752/223,308  elapsed 26.9s]
    [143,872/223,308  elapsed 27.9s]
    [148,992/223,308  elapsed 28.9s]
    [154,112/223,308  elapsed 29.9s]
    [159,232/223,308  elapsed 30.9s]
    [164,352/223,308  elapsed 31.9s]
    [169,472/223,308  elapsed 32.9s]
    [174,592/223,308  elapsed 33.9s]
    [179,712/223,308  elapsed 34.9s]
    [184,832/223,308  elapsed 35.8s]
    [189,952/223,308  elapsed 36.8s]
    [195,072/223,308  elapsed 37.8s]
    [200,192/223,308  elapsed 38.9s]
    [205,312/223,308  elapsed 39.8s]
    [210,432/223,308  elapsed 40.8s]
    [215,552/223,308  elapsed 41.8s]
    [220,672/223,308  elapsed 42.8s]
  eval done in 43.3s
  by-popularity NDCG@10: tail=0.0015(n=29,887)  mid=0.0073(n=33,352)  head=0.0500(n=160,069)
  evaluating 223,308 users in batches of 512...
    [512/223,308  elapsed 0.1s]
    [5,632/223,308  elapsed 1.1s]
    [10,752/223,308  elapsed 2.1s]
    [15,872/223,308  elapsed 3.1s]
    [20,992/223,308  elapsed 4.1s]
    [26,112/223,308  elapsed 5.1s]
    [31,232/223,308  elapsed 6.1s]
    [36,352/223,308  elapsed 7.1s]
    [41,472/223,308  elapsed 8.1s]
    [46,592/223,308  elapsed 9.1s]
    [51,712/223,308  elapsed 10.1s]
    [56,832/223,308  elapsed 11.1s]
    [61,952/223,308  elapsed 12.1s]
    [67,072/223,308  elapsed 13.1s]
    [72,192/223,308  elapsed 14.1s]
    [77,312/223,308  elapsed 15.1s]
    [82,432/223,308  elapsed 16.1s]
    [87,552/223,308  elapsed 17.1s]
    [92,672/223,308  elapsed 18.1s]
    [97,792/223,308  elapsed 19.1s]
    [102,912/223,308  elapsed 20.1s]
    [108,032/223,308  elapsed 21.1s]
    [113,152/223,308  elapsed 22.1s]
    [118,272/223,308  elapsed 23.1s]
    [123,392/223,308  elapsed 24.1s]
    [128,512/223,308  elapsed 25.1s]
    [133,632/223,308  elapsed 26.1s]
    [138,752/223,308  elapsed 27.1s]
    [143,872/223,308  elapsed 28.1s]
    [148,992/223,308  elapsed 29.1s]
    [154,112/223,308  elapsed 30.1s]
    [159,232/223,308  elapsed 31.1s]
    [164,352/223,308  elapsed 32.1s]
    [169,472/223,308  elapsed 33.1s]
    [174,592/223,308  elapsed 34.1s]
    [179,712/223,308  elapsed 35.1s]
    [184,832/223,308  elapsed 36.1s]
    [189,952/223,308  elapsed 37.1s]
    [195,072/223,308  elapsed 38.1s]
    [200,192/223,308  elapsed 39.1s]
    [205,312/223,308  elapsed 40.1s]
    [210,432/223,308  elapsed 41.1s]
    [215,552/223,308  elapsed 42.1s]
    [220,672/223,308  elapsed 43.1s]
  eval done in 43.6s
  by-popularity NDCG@10: tail=0.0007(n=36,610)  mid=0.0046(n=35,266)  head=0.0435(n=151,432)
  epoch  10  loss=9.3963  val_NDCG=0.0371  test_NDCG=0.0304  test_HR=0.0516  (42.2s)
  evaluating 223,308 users in batches of 512...
    [512/223,308  elapsed 0.1s]
    [5,632/223,308  elapsed 1.1s]
    [10,752/223,308  elapsed 2.1s]
    [15,872/223,308  elapsed 3.0s]
    [20,992/223,308  elapsed 4.0s]
    [26,112/223,308  elapsed 5.0s]
    [31,232/223,308  elapsed 6.0s]
    [36,352/223,308  elapsed 7.0s]
    [41,472/223,308  elapsed 8.0s]
    [46,592/223,308  elapsed 8.9s]
    [51,712/223,308  elapsed 9.9s]
    [56,832/223,308  elapsed 10.9s]
    [61,952/223,308  elapsed 11.9s]
    [67,072/223,308  elapsed 12.9s]
    [72,192/223,308  elapsed 13.8s]
    [77,312/223,308  elapsed 14.8s]
    [82,432/223,308  elapsed 15.8s]
    [87,552/223,308  elapsed 16.8s]
    [92,672/223,308  elapsed 17.8s]
    [97,792/223,308  elapsed 18.8s]
    [102,912/223,308  elapsed 19.7s]
    [108,032/223,308  elapsed 20.7s]
    [113,152/223,308  elapsed 21.7s]
    [118,272/223,308  elapsed 22.6s]
    [123,392/223,308  elapsed 23.6s]
    [128,512/223,308  elapsed 24.6s]
    [133,632/223,308  elapsed 25.6s]
    [138,752/223,308  elapsed 26.6s]
    [143,872/223,308  elapsed 27.5s]
    [148,992/223,308  elapsed 28.5s]
    [154,112/223,308  elapsed 29.5s]
    [159,232/223,308  elapsed 30.5s]
    [164,352/223,308  elapsed 31.5s]
    [169,472/223,308  elapsed 32.4s]
    [174,592/223,308  elapsed 33.4s]
    [179,712/223,308  elapsed 34.4s]
    [184,832/223,308  elapsed 35.4s]
    [189,952/223,308  elapsed 36.4s]
    [195,072/223,308  elapsed 37.3s]
    [200,192/223,308  elapsed 38.3s]
    [205,312/223,308  elapsed 39.3s]
    [210,432/223,308  elapsed 40.3s]
    [215,552/223,308  elapsed 41.3s]
    [220,672/223,308  elapsed 42.2s]
  eval done in 42.8s
  by-popularity NDCG@10: tail=0.0015(n=29,887)  mid=0.0077(n=33,352)  head=0.0504(n=160,069)
  evaluating 223,308 users in batches of 512...
    [512/223,308  elapsed 0.1s]
    [5,632/223,308  elapsed 1.1s]
    [10,752/223,308  elapsed 2.1s]
    [15,872/223,308  elapsed 3.1s]
    [20,992/223,308  elapsed 4.1s]
    [26,112/223,308  elapsed 5.0s]
    [31,232/223,308  elapsed 6.0s]
    [36,352/223,308  elapsed 7.0s]
    [41,472/223,308  elapsed 8.0s]
    [46,592/223,308  elapsed 9.0s]
    [51,712/223,308  elapsed 10.0s]
    [56,832/223,308  elapsed 10.9s]
    [61,952/223,308  elapsed 11.9s]
    [67,072/223,308  elapsed 12.9s]
    [72,192/223,308  elapsed 13.9s]
    [77,312/223,308  elapsed 14.9s]
    [82,432/223,308  elapsed 15.9s]
    [87,552/223,308  elapsed 16.8s]
    [92,672/223,308  elapsed 17.8s]
    [97,792/223,308  elapsed 18.8s]
    [102,912/223,308  elapsed 19.8s]
    [108,032/223,308  elapsed 20.8s]
    [113,152/223,308  elapsed 21.8s]
    [118,272/223,308  elapsed 22.7s]
    [123,392/223,308  elapsed 23.7s]
    [128,512/223,308  elapsed 24.7s]
    [133,632/223,308  elapsed 25.7s]
    [138,752/223,308  elapsed 26.7s]
    [143,872/223,308  elapsed 27.7s]
    [148,992/223,308  elapsed 28.7s]
    [154,112/223,308  elapsed 29.7s]
    [159,232/223,308  elapsed 30.6s]
    [164,352/223,308  elapsed 31.6s]
    [169,472/223,308  elapsed 32.6s]
    [174,592/223,308  elapsed 33.6s]
    [179,712/223,308  elapsed 34.6s]
    [184,832/223,308  elapsed 35.6s]
    [189,952/223,308  elapsed 36.5s]
    [195,072/223,308  elapsed 37.5s]
    [200,192/223,308  elapsed 38.6s]
    [205,312/223,308  elapsed 39.5s]
    [210,432/223,308  elapsed 40.5s]
    [215,552/223,308  elapsed 41.5s]
    [220,672/223,308  elapsed 42.5s]
  eval done in 43.0s
  by-popularity NDCG@10: tail=0.0008(n=36,610)  mid=0.0051(n=35,266)  head=0.0434(n=151,432)
  epoch  11  loss=9.3544  val_NDCG=0.0375  test_NDCG=0.0304  test_HR=0.0516  (42.3s)
  evaluating 223,308 users in batches of 512...
    [512/223,308  elapsed 0.1s]
    [5,632/223,308  elapsed 1.1s]
    [10,752/223,308  elapsed 2.1s]
    [15,872/223,308  elapsed 3.1s]
    [20,992/223,308  elapsed 4.0s]
    [26,112/223,308  elapsed 5.0s]
    [31,232/223,308  elapsed 6.0s]
    [36,352/223,308  elapsed 7.0s]
    [41,472/223,308  elapsed 8.0s]
    [46,592/223,308  elapsed 9.0s]
    [51,712/223,308  elapsed 10.0s]
    [56,832/223,308  elapsed 11.0s]
    [61,952/223,308  elapsed 12.0s]
    [67,072/223,308  elapsed 12.9s]
    [72,192/223,308  elapsed 13.9s]
    [77,312/223,308  elapsed 14.9s]
    [82,432/223,308  elapsed 15.9s]
    [87,552/223,308  elapsed 16.9s]
    [92,672/223,308  elapsed 17.9s]
    [97,792/223,308  elapsed 18.9s]
    [102,912/223,308  elapsed 19.9s]
    [108,032/223,308  elapsed 20.9s]
    [113,152/223,308  elapsed 21.9s]
    [118,272/223,308  elapsed 22.9s]
    [123,392/223,308  elapsed 23.8s]
    [128,512/223,308  elapsed 24.8s]
    [133,632/223,308  elapsed 25.8s]
    [138,752/223,308  elapsed 26.8s]
    [143,872/223,308  elapsed 27.8s]
    [148,992/223,308  elapsed 28.8s]
    [154,112/223,308  elapsed 29.8s]
    [159,232/223,308  elapsed 30.8s]
    [164,352/223,308  elapsed 31.8s]
    [169,472/223,308  elapsed 32.8s]
    [174,592/223,308  elapsed 33.8s]
    [179,712/223,308  elapsed 34.7s]
    [184,832/223,308  elapsed 35.7s]
    [189,952/223,308  elapsed 36.7s]
    [195,072/223,308  elapsed 37.7s]
    [200,192/223,308  elapsed 38.7s]
    [205,312/223,308  elapsed 39.7s]
    [210,432/223,308  elapsed 40.7s]
    [215,552/223,308  elapsed 41.7s]
    [220,672/223,308  elapsed 42.7s]
  eval done in 43.2s
  by-popularity NDCG@10: tail=0.0016(n=29,887)  mid=0.0076(n=33,352)  head=0.0504(n=160,069)
  evaluating 223,308 users in batches of 512...
    [512/223,308  elapsed 0.1s]
    [5,632/223,308  elapsed 1.1s]
    [10,752/223,308  elapsed 2.1s]
    [15,872/223,308  elapsed 3.1s]
    [20,992/223,308  elapsed 4.1s]
    [26,112/223,308  elapsed 5.1s]
    [31,232/223,308  elapsed 6.1s]
    [36,352/223,308  elapsed 7.1s]
    [41,472/223,308  elapsed 8.1s]
    [46,592/223,308  elapsed 9.1s]
    [51,712/223,308  elapsed 10.1s]
    [56,832/223,308  elapsed 11.1s]
    [61,952/223,308  elapsed 12.1s]
    [67,072/223,308  elapsed 13.1s]
    [72,192/223,308  elapsed 14.1s]
    [77,312/223,308  elapsed 15.0s]
    [82,432/223,308  elapsed 16.0s]
    [87,552/223,308  elapsed 17.0s]
    [92,672/223,308  elapsed 18.0s]
    [97,792/223,308  elapsed 19.0s]
    [102,912/223,308  elapsed 20.0s]
    [108,032/223,308  elapsed 21.0s]
    [113,152/223,308  elapsed 22.0s]
    [118,272/223,308  elapsed 23.0s]
    [123,392/223,308  elapsed 24.0s]
    [128,512/223,308  elapsed 25.0s]
    [133,632/223,308  elapsed 26.0s]
    [138,752/223,308  elapsed 27.0s]
    [143,872/223,308  elapsed 28.0s]
    [148,992/223,308  elapsed 29.0s]
    [154,112/223,308  elapsed 30.0s]
    [159,232/223,308  elapsed 31.0s]
    [164,352/223,308  elapsed 32.0s]
    [169,472/223,308  elapsed 33.0s]
    [174,592/223,308  elapsed 34.0s]
    [179,712/223,308  elapsed 35.0s]
    [184,832/223,308  elapsed 36.0s]
    [189,952/223,308  elapsed 37.0s]
    [195,072/223,308  elapsed 38.0s]
    [200,192/223,308  elapsed 39.0s]
    [205,312/223,308  elapsed 40.0s]
    [210,432/223,308  elapsed 41.0s]
    [215,552/223,308  elapsed 42.0s]
    [220,672/223,308  elapsed 43.0s]
  eval done in 43.5s
  by-popularity NDCG@10: tail=0.0009(n=36,610)  mid=0.0051(n=35,266)  head=0.0434(n=151,432)
  epoch  12  loss=9.3167  val_NDCG=0.0375  test_NDCG=0.0304  test_HR=0.0515  (42.2s)
  evaluating 223,308 users in batches of 512...
    [512/223,308  elapsed 0.1s]
    [5,632/223,308  elapsed 1.1s]
    [10,752/223,308  elapsed 2.1s]
    [15,872/223,308  elapsed 3.1s]
    [20,992/223,308  elapsed 4.1s]
    [26,112/223,308  elapsed 5.0s]
    [31,232/223,308  elapsed 6.0s]
    [36,352/223,308  elapsed 7.0s]
    [41,472/223,308  elapsed 8.0s]
    [46,592/223,308  elapsed 9.0s]
    [51,712/223,308  elapsed 10.0s]
    [56,832/223,308  elapsed 11.0s]
    [61,952/223,308  elapsed 12.0s]
    [67,072/223,308  elapsed 13.0s]
    [72,192/223,308  elapsed 14.0s]
    [77,312/223,308  elapsed 15.0s]
    [82,432/223,308  elapsed 15.9s]
    [87,552/223,308  elapsed 16.9s]
    [92,672/223,308  elapsed 17.9s]
    [97,792/223,308  elapsed 18.9s]
    [102,912/223,308  elapsed 19.9s]
    [108,032/223,308  elapsed 20.9s]
    [113,152/223,308  elapsed 21.9s]
    [118,272/223,308  elapsed 22.9s]
    [123,392/223,308  elapsed 23.9s]
    [128,512/223,308  elapsed 24.9s]
    [133,632/223,308  elapsed 25.9s]
    [138,752/223,308  elapsed 26.9s]
    [143,872/223,308  elapsed 27.9s]
    [148,992/223,308  elapsed 28.9s]
    [154,112/223,308  elapsed 29.9s]
    [159,232/223,308  elapsed 30.9s]
    [164,352/223,308  elapsed 31.9s]
    [169,472/223,308  elapsed 32.9s]
    [174,592/223,308  elapsed 33.8s]
    [179,712/223,308  elapsed 34.8s]
    [184,832/223,308  elapsed 35.8s]
    [189,952/223,308  elapsed 36.8s]
    [195,072/223,308  elapsed 37.8s]
    [200,192/223,308  elapsed 38.8s]
    [205,312/223,308  elapsed 39.8s]
    [210,432/223,308  elapsed 40.7s]
    [215,552/223,308  elapsed 41.8s]
    [220,672/223,308  elapsed 42.7s]
  eval done in 43.3s
  by-popularity NDCG@10: tail=0.0017(n=29,887)  mid=0.0082(n=33,352)  head=0.0504(n=160,069)
  evaluating 223,308 users in batches of 512...
    [512/223,308  elapsed 0.1s]
    [5,632/223,308  elapsed 1.1s]
    [10,752/223,308  elapsed 2.1s]
    [15,872/223,308  elapsed 3.1s]
    [20,992/223,308  elapsed 4.1s]
    [26,112/223,308  elapsed 5.1s]
    [31,232/223,308  elapsed 6.1s]
    [36,352/223,308  elapsed 7.1s]
    [41,472/223,308  elapsed 8.1s]
    [46,592/223,308  elapsed 9.1s]
    [51,712/223,308  elapsed 10.1s]
    [56,832/223,308  elapsed 11.1s]
    [61,952/223,308  elapsed 12.1s]
    [67,072/223,308  elapsed 13.1s]
    [72,192/223,308  elapsed 14.1s]
    [77,312/223,308  elapsed 15.1s]
    [82,432/223,308  elapsed 16.1s]
    [87,552/223,308  elapsed 17.1s]
    [92,672/223,308  elapsed 18.1s]
    [97,792/223,308  elapsed 19.1s]
    [102,912/223,308  elapsed 20.0s]
    [108,032/223,308  elapsed 21.1s]
    [113,152/223,308  elapsed 22.1s]
    [118,272/223,308  elapsed 23.1s]
    [123,392/223,308  elapsed 24.1s]
    [128,512/223,308  elapsed 25.1s]
    [133,632/223,308  elapsed 26.1s]
    [138,752/223,308  elapsed 27.1s]
    [143,872/223,308  elapsed 28.1s]
    [148,992/223,308  elapsed 29.1s]
    [154,112/223,308  elapsed 30.1s]
    [159,232/223,308  elapsed 31.1s]
    [164,352/223,308  elapsed 32.1s]
    [169,472/223,308  elapsed 33.1s]
    [174,592/223,308  elapsed 34.1s]
    [179,712/223,308  elapsed 35.1s]
    [184,832/223,308  elapsed 36.1s]
    [189,952/223,308  elapsed 37.1s]
    [195,072/223,308  elapsed 38.1s]
    [200,192/223,308  elapsed 39.1s]
    [205,312/223,308  elapsed 40.1s]
    [210,432/223,308  elapsed 41.1s]
    [215,552/223,308  elapsed 42.2s]
    [220,672/223,308  elapsed 43.1s]
  eval done in 43.7s
  by-popularity NDCG@10: tail=0.0009(n=36,610)  mid=0.0052(n=35,266)  head=0.0432(n=151,432)
  epoch  13  loss=9.2802  val_NDCG=0.0376  test_NDCG=0.0302  test_HR=0.0512  (42.3s)
  evaluating 223,308 users in batches of 512...
    [512/223,308  elapsed 0.1s]
    [5,632/223,308  elapsed 1.1s]
    [10,752/223,308  elapsed 2.1s]
    [15,872/223,308  elapsed 3.1s]
    [20,992/223,308  elapsed 4.1s]
    [26,112/223,308  elapsed 5.1s]
    [31,232/223,308  elapsed 6.1s]
    [36,352/223,308  elapsed 7.1s]
    [41,472/223,308  elapsed 8.1s]
    [46,592/223,308  elapsed 9.1s]
    [51,712/223,308  elapsed 10.1s]
    [56,832/223,308  elapsed 11.0s]
    [61,952/223,308  elapsed 12.0s]
    [67,072/223,308  elapsed 13.0s]
    [72,192/223,308  elapsed 14.0s]
    [77,312/223,308  elapsed 15.0s]
    [82,432/223,308  elapsed 16.0s]
    [87,552/223,308  elapsed 17.0s]
    [92,672/223,308  elapsed 18.0s]
    [97,792/223,308  elapsed 18.9s]
    [102,912/223,308  elapsed 19.9s]
    [108,032/223,308  elapsed 20.9s]
    [113,152/223,308  elapsed 21.9s]
    [118,272/223,308  elapsed 22.9s]
    [123,392/223,308  elapsed 23.9s]
    [128,512/223,308  elapsed 24.9s]
    [133,632/223,308  elapsed 25.9s]
    [138,752/223,308  elapsed 26.9s]
    [143,872/223,308  elapsed 27.9s]
    [148,992/223,308  elapsed 28.9s]
    [154,112/223,308  elapsed 29.9s]
    [159,232/223,308  elapsed 30.9s]
    [164,352/223,308  elapsed 31.9s]
    [169,472/223,308  elapsed 32.9s]
    [174,592/223,308  elapsed 33.9s]
    [179,712/223,308  elapsed 34.8s]
    [184,832/223,308  elapsed 35.8s]
    [189,952/223,308  elapsed 36.8s]
    [195,072/223,308  elapsed 37.8s]
    [200,192/223,308  elapsed 38.8s]
    [205,312/223,308  elapsed 39.9s]
    [210,432/223,308  elapsed 40.8s]
    [215,552/223,308  elapsed 41.8s]
    [220,672/223,308  elapsed 42.8s]
  eval done in 43.4s
  by-popularity NDCG@10: tail=0.0018(n=29,887)  mid=0.0084(n=33,352)  head=0.0504(n=160,069)
  evaluating 223,308 users in batches of 512...
    [512/223,308  elapsed 0.1s]
    [5,632/223,308  elapsed 1.1s]
    [10,752/223,308  elapsed 2.1s]
    [15,872/223,308  elapsed 3.1s]
    [20,992/223,308  elapsed 4.1s]
    [26,112/223,308  elapsed 5.1s]
    [31,232/223,308  elapsed 6.1s]
    [36,352/223,308  elapsed 7.1s]
    [41,472/223,308  elapsed 8.1s]
    [46,592/223,308  elapsed 9.1s]
    [51,712/223,308  elapsed 10.1s]
    [56,832/223,308  elapsed 11.1s]
    [61,952/223,308  elapsed 12.1s]
    [67,072/223,308  elapsed 13.1s]
    [72,192/223,308  elapsed 14.1s]
    [77,312/223,308  elapsed 15.1s]
    [82,432/223,308  elapsed 16.1s]
    [87,552/223,308  elapsed 17.1s]
    [92,672/223,308  elapsed 18.1s]
    [97,792/223,308  elapsed 19.1s]
    [102,912/223,308  elapsed 20.1s]
    [108,032/223,308  elapsed 21.1s]
    [113,152/223,308  elapsed 22.1s]
    [118,272/223,308  elapsed 23.1s]
    [123,392/223,308  elapsed 24.1s]
    [128,512/223,308  elapsed 25.1s]
    [133,632/223,308  elapsed 26.1s]
    [138,752/223,308  elapsed 27.1s]
    [143,872/223,308  elapsed 28.1s]
    [148,992/223,308  elapsed 29.1s]
    [154,112/223,308  elapsed 30.1s]
    [159,232/223,308  elapsed 31.1s]
    [164,352/223,308  elapsed 32.1s]
    [169,472/223,308  elapsed 33.1s]
    [174,592/223,308  elapsed 34.1s]
    [179,712/223,308  elapsed 35.1s]
    [184,832/223,308  elapsed 36.1s]
    [189,952/223,308  elapsed 37.1s]
    [195,072/223,308  elapsed 38.1s]
    [200,192/223,308  elapsed 39.1s]
    [205,312/223,308  elapsed 40.1s]
    [210,432/223,308  elapsed 41.1s]
    [215,552/223,308  elapsed 42.1s]
    [220,672/223,308  elapsed 43.1s]
  eval done in 43.6s
  by-popularity NDCG@10: tail=0.0010(n=36,610)  mid=0.0054(n=35,266)  head=0.0432(n=151,432)
  epoch  14  loss=9.2447  val_NDCG=0.0376  test_NDCG=0.0303  test_HR=0.0513  (42.3s)
  evaluating 223,308 users in batches of 512...
    [512/223,308  elapsed 0.1s]
    [5,632/223,308  elapsed 1.1s]
    [10,752/223,308  elapsed 2.1s]
    [15,872/223,308  elapsed 3.1s]
    [20,992/223,308  elapsed 4.1s]
    [26,112/223,308  elapsed 5.0s]
    [31,232/223,308  elapsed 6.0s]
    [36,352/223,308  elapsed 7.0s]
    [41,472/223,308  elapsed 8.0s]
    [46,592/223,308  elapsed 9.0s]
    [51,712/223,308  elapsed 10.0s]
    [56,832/223,308  elapsed 11.0s]
    [61,952/223,308  elapsed 12.0s]
    [67,072/223,308  elapsed 13.0s]
    [72,192/223,308  elapsed 13.9s]
    [77,312/223,308  elapsed 14.9s]
    [82,432/223,308  elapsed 15.9s]
    [87,552/223,308  elapsed 16.9s]
    [92,672/223,308  elapsed 17.9s]
    [97,792/223,308  elapsed 18.9s]
    [102,912/223,308  elapsed 19.8s]
    [108,032/223,308  elapsed 20.8s]
    [113,152/223,308  elapsed 21.8s]
    [118,272/223,308  elapsed 22.8s]
    [123,392/223,308  elapsed 23.8s]
    [128,512/223,308  elapsed 24.8s]
    [133,632/223,308  elapsed 25.8s]
    [138,752/223,308  elapsed 26.7s]
    [143,872/223,308  elapsed 27.7s]
    [148,992/223,308  elapsed 28.7s]
    [154,112/223,308  elapsed 29.7s]
    [159,232/223,308  elapsed 30.7s]
    [164,352/223,308  elapsed 31.7s]
    [169,472/223,308  elapsed 32.7s]
    [174,592/223,308  elapsed 33.7s]
    [179,712/223,308  elapsed 34.7s]
    [184,832/223,308  elapsed 35.7s]
    [189,952/223,308  elapsed 36.7s]
    [195,072/223,308  elapsed 37.7s]
    [200,192/223,308  elapsed 38.7s]
    [205,312/223,308  elapsed 39.7s]
    [210,432/223,308  elapsed 40.7s]
    [215,552/223,308  elapsed 41.7s]
    [220,672/223,308  elapsed 42.7s]
  eval done in 43.2s
  by-popularity NDCG@10: tail=0.0019(n=29,887)  mid=0.0086(n=33,352)  head=0.0505(n=160,069)
  evaluating 223,308 users in batches of 512...
    [512/223,308  elapsed 0.1s]
    [5,632/223,308  elapsed 1.1s]
    [10,752/223,308  elapsed 2.1s]
    [15,872/223,308  elapsed 3.1s]
    [20,992/223,308  elapsed 4.1s]
    [26,112/223,308  elapsed 5.1s]
    [31,232/223,308  elapsed 6.1s]
    [36,352/223,308  elapsed 7.1s]
    [41,472/223,308  elapsed 8.1s]
    [46,592/223,308  elapsed 9.1s]
    [51,712/223,308  elapsed 10.1s]
    [56,832/223,308  elapsed 11.1s]
    [61,952/223,308  elapsed 12.1s]
    [67,072/223,308  elapsed 13.1s]
    [72,192/223,308  elapsed 14.1s]
    [77,312/223,308  elapsed 15.1s]
    [82,432/223,308  elapsed 16.2s]
    [87,552/223,308  elapsed 17.1s]
    [92,672/223,308  elapsed 18.1s]
    [97,792/223,308  elapsed 19.2s]
    [102,912/223,308  elapsed 20.2s]
    [108,032/223,308  elapsed 21.2s]
    [113,152/223,308  elapsed 22.2s]
    [118,272/223,308  elapsed 23.2s]
    [123,392/223,308  elapsed 24.2s]
    [128,512/223,308  elapsed 25.2s]
    [133,632/223,308  elapsed 26.2s]
    [138,752/223,308  elapsed 27.2s]
    [143,872/223,308  elapsed 28.2s]
    [148,992/223,308  elapsed 29.2s]
    [154,112/223,308  elapsed 30.2s]
    [159,232/223,308  elapsed 31.2s]
    [164,352/223,308  elapsed 32.2s]
    [169,472/223,308  elapsed 33.3s]
    [174,592/223,308  elapsed 34.2s]
    [179,712/223,308  elapsed 35.3s]
    [184,832/223,308  elapsed 36.2s]
    [189,952/223,308  elapsed 37.3s]
    [195,072/223,308  elapsed 38.2s]
    [200,192/223,308  elapsed 39.3s]
    [205,312/223,308  elapsed 40.3s]
    [210,432/223,308  elapsed 41.3s]
    [215,552/223,308  elapsed 42.3s]
    [220,672/223,308  elapsed 43.3s]
  eval done in 43.8s
  by-popularity NDCG@10: tail=0.0010(n=36,610)  mid=0.0056(n=35,266)  head=0.0431(n=151,432)
  epoch  15  loss=9.2146  val_NDCG=0.0377  test_NDCG=0.0303  test_HR=0.0514  (42.3s)
  evaluating 223,308 users in batches of 512...
    [512/223,308  elapsed 0.1s]
    [5,632/223,308  elapsed 1.1s]
    [10,752/223,308  elapsed 2.1s]
    [15,872/223,308  elapsed 3.0s]
    [20,992/223,308  elapsed 4.0s]
    [26,112/223,308  elapsed 5.0s]
    [31,232/223,308  elapsed 6.0s]
    [36,352/223,308  elapsed 7.0s]
    [41,472/223,308  elapsed 8.0s]
    [46,592/223,308  elapsed 8.9s]
    [51,712/223,308  elapsed 9.9s]
    [56,832/223,308  elapsed 10.9s]
    [61,952/223,308  elapsed 11.9s]
    [67,072/223,308  elapsed 12.9s]
    [72,192/223,308  elapsed 13.9s]
    [77,312/223,308  elapsed 14.8s]
    [82,432/223,308  elapsed 15.8s]
    [87,552/223,308  elapsed 16.8s]
    [92,672/223,308  elapsed 17.8s]
    [97,792/223,308  elapsed 18.8s]
    [102,912/223,308  elapsed 19.8s]
    [108,032/223,308  elapsed 20.8s]
    [113,152/223,308  elapsed 21.7s]
    [118,272/223,308  elapsed 22.7s]
    [123,392/223,308  elapsed 23.7s]
    [128,512/223,308  elapsed 24.7s]
    [133,632/223,308  elapsed 25.7s]
    [138,752/223,308  elapsed 26.7s]
    [143,872/223,308  elapsed 27.7s]
    [148,992/223,308  elapsed 28.6s]
    [154,112/223,308  elapsed 29.6s]
    [159,232/223,308  elapsed 30.6s]
    [164,352/223,308  elapsed 31.6s]
    [169,472/223,308  elapsed 32.6s]
    [174,592/223,308  elapsed 33.6s]
    [179,712/223,308  elapsed 34.6s]
    [184,832/223,308  elapsed 35.6s]
    [189,952/223,308  elapsed 36.6s]
    [195,072/223,308  elapsed 37.5s]
    [200,192/223,308  elapsed 38.5s]
    [205,312/223,308  elapsed 39.5s]
    [210,432/223,308  elapsed 40.5s]
    [215,552/223,308  elapsed 41.5s]
    [220,672/223,308  elapsed 42.4s]
  eval done in 42.9s
  by-popularity NDCG@10: tail=0.0019(n=29,887)  mid=0.0086(n=33,352)  head=0.0506(n=160,069)
  evaluating 223,308 users in batches of 512...
    [512/223,308  elapsed 0.1s]
    [5,632/223,308  elapsed 1.1s]
    [10,752/223,308  elapsed 2.1s]
    [15,872/223,308  elapsed 3.1s]
    [20,992/223,308  elapsed 4.1s]
    [26,112/223,308  elapsed 5.1s]
    [31,232/223,308  elapsed 6.1s]
    [36,352/223,308  elapsed 7.1s]
    [41,472/223,308  elapsed 8.1s]
    [46,592/223,308  elapsed 9.1s]
    [51,712/223,308  elapsed 10.1s]
    [56,832/223,308  elapsed 11.0s]
    [61,952/223,308  elapsed 12.0s]
    [67,072/223,308  elapsed 13.0s]
    [72,192/223,308  elapsed 14.0s]
    [77,312/223,308  elapsed 15.0s]
    [82,432/223,308  elapsed 16.0s]
    [87,552/223,308  elapsed 17.0s]
    [92,672/223,308  elapsed 18.0s]
    [97,792/223,308  elapsed 19.0s]
    [102,912/223,308  elapsed 20.0s]
    [108,032/223,308  elapsed 20.9s]
    [113,152/223,308  elapsed 22.0s]
    [118,272/223,308  elapsed 23.0s]
    [123,392/223,308  elapsed 24.0s]
    [128,512/223,308  elapsed 25.0s]
    [133,632/223,308  elapsed 26.0s]
    [138,752/223,308  elapsed 26.9s]
    [143,872/223,308  elapsed 27.9s]
    [148,992/223,308  elapsed 28.9s]
    [154,112/223,308  elapsed 29.9s]
    [159,232/223,308  elapsed 30.9s]
    [164,352/223,308  elapsed 31.9s]
    [169,472/223,308  elapsed 32.9s]
    [174,592/223,308  elapsed 33.9s]
    [179,712/223,308  elapsed 34.9s]
    [184,832/223,308  elapsed 35.9s]
    [189,952/223,308  elapsed 36.8s]
    [195,072/223,308  elapsed 37.8s]
    [200,192/223,308  elapsed 38.8s]
    [205,312/223,308  elapsed 39.8s]
    [210,432/223,308  elapsed 40.8s]
    [215,552/223,308  elapsed 41.8s]
    [220,672/223,308  elapsed 42.8s]
  eval done in 43.3s
  by-popularity NDCG@10: tail=0.0010(n=36,610)  mid=0.0056(n=35,266)  head=0.0432(n=151,432)
  epoch  16  loss=9.1880  val_NDCG=0.0378  test_NDCG=0.0304  test_HR=0.0512  (42.2s)
  evaluating 223,308 users in batches of 512...
    [512/223,308  elapsed 0.1s]
    [5,632/223,308  elapsed 1.1s]
    [10,752/223,308  elapsed 2.1s]
    [15,872/223,308  elapsed 3.1s]
    [20,992/223,308  elapsed 4.0s]
    [26,112/223,308  elapsed 5.1s]
    [31,232/223,308  elapsed 6.0s]
    [36,352/223,308  elapsed 7.1s]
    [41,472/223,308  elapsed 8.0s]
    [46,592/223,308  elapsed 9.0s]
    [51,712/223,308  elapsed 10.0s]
    [56,832/223,308  elapsed 11.0s]
    [61,952/223,308  elapsed 12.0s]
    [67,072/223,308  elapsed 13.0s]
    [72,192/223,308  elapsed 14.0s]
    [77,312/223,308  elapsed 14.9s]
    [82,432/223,308  elapsed 15.9s]
    [87,552/223,308  elapsed 16.9s]
    [92,672/223,308  elapsed 17.9s]
    [97,792/223,308  elapsed 18.9s]
    [102,912/223,308  elapsed 19.9s]
    [108,032/223,308  elapsed 20.9s]
    [113,152/223,308  elapsed 21.8s]
    [118,272/223,308  elapsed 22.8s]
    [123,392/223,308  elapsed 23.8s]
    [128,512/223,308  elapsed 24.8s]
    [133,632/223,308  elapsed 25.8s]
    [138,752/223,308  elapsed 26.7s]
    [143,872/223,308  elapsed 27.7s]
    [148,992/223,308  elapsed 28.7s]
    [154,112/223,308  elapsed 29.7s]
    [159,232/223,308  elapsed 30.7s]
    [164,352/223,308  elapsed 31.7s]
    [169,472/223,308  elapsed 32.7s]
    [174,592/223,308  elapsed 33.7s]
    [179,712/223,308  elapsed 34.7s]
    [184,832/223,308  elapsed 35.6s]
    [189,952/223,308  elapsed 36.6s]
    [195,072/223,308  elapsed 37.7s]
    [200,192/223,308  elapsed 38.7s]
    [205,312/223,308  elapsed 39.7s]
    [210,432/223,308  elapsed 40.7s]
    [215,552/223,308  elapsed 41.6s]
    [220,672/223,308  elapsed 42.6s]
  eval done in 43.2s
  by-popularity NDCG@10: tail=0.0019(n=29,887)  mid=0.0087(n=33,352)  head=0.0506(n=160,069)
  evaluating 223,308 users in batches of 512...
    [512/223,308  elapsed 0.1s]
    [5,632/223,308  elapsed 1.1s]
    [10,752/223,308  elapsed 2.1s]
    [15,872/223,308  elapsed 3.1s]
    [20,992/223,308  elapsed 4.1s]
    [26,112/223,308  elapsed 5.1s]
    [31,232/223,308  elapsed 6.1s]
    [36,352/223,308  elapsed 7.0s]
    [41,472/223,308  elapsed 8.0s]
    [46,592/223,308  elapsed 9.0s]
    [51,712/223,308  elapsed 10.0s]
    [56,832/223,308  elapsed 11.0s]
    [61,952/223,308  elapsed 12.0s]
    [67,072/223,308  elapsed 13.0s]
    [72,192/223,308  elapsed 14.0s]
    [77,312/223,308  elapsed 14.9s]
    [82,432/223,308  elapsed 15.9s]
    [87,552/223,308  elapsed 16.9s]
    [92,672/223,308  elapsed 17.9s]
    [97,792/223,308  elapsed 18.9s]
    [102,912/223,308  elapsed 19.9s]
    [108,032/223,308  elapsed 20.9s]
    [113,152/223,308  elapsed 21.9s]
    [118,272/223,308  elapsed 22.9s]
    [123,392/223,308  elapsed 23.9s]
    [128,512/223,308  elapsed 24.9s]
    [133,632/223,308  elapsed 25.9s]
    [138,752/223,308  elapsed 26.8s]
    [143,872/223,308  elapsed 27.8s]
    [148,992/223,308  elapsed 28.8s]
    [154,112/223,308  elapsed 29.8s]
    [159,232/223,308  elapsed 30.8s]
    [164,352/223,308  elapsed 31.8s]
    [169,472/223,308  elapsed 32.8s]
    [174,592/223,308  elapsed 33.8s]
    [179,712/223,308  elapsed 34.8s]
    [184,832/223,308  elapsed 35.8s]
    [189,952/223,308  elapsed 36.8s]
    [195,072/223,308  elapsed 37.7s]
    [200,192/223,308  elapsed 38.7s]
    [205,312/223,308  elapsed 39.7s]
    [210,432/223,308  elapsed 40.7s]
    [215,552/223,308  elapsed 41.7s]
    [220,672/223,308  elapsed 42.7s]
  eval done in 43.2s
  by-popularity NDCG@10: tail=0.0010(n=36,610)  mid=0.0058(n=35,266)  head=0.0433(n=151,432)
  epoch  17  loss=9.1678  val_NDCG=0.0378  test_NDCG=0.0304  test_HR=0.0513  (42.2s)
  evaluating 223,308 users in batches of 512...
    [512/223,308  elapsed 0.1s]
    [5,632/223,308  elapsed 1.1s]
    [10,752/223,308  elapsed 2.1s]
    [15,872/223,308  elapsed 3.0s]
    [20,992/223,308  elapsed 4.0s]
    [26,112/223,308  elapsed 5.0s]
    [31,232/223,308  elapsed 6.0s]
    [36,352/223,308  elapsed 6.9s]
    [41,472/223,308  elapsed 7.9s]
    [46,592/223,308  elapsed 8.9s]
    [51,712/223,308  elapsed 9.9s]
    [56,832/223,308  elapsed 10.9s]
    [61,952/223,308  elapsed 11.9s]
    [67,072/223,308  elapsed 12.8s]
    [72,192/223,308  elapsed 13.8s]
    [77,312/223,308  elapsed 14.8s]
    [82,432/223,308  elapsed 15.8s]
    [87,552/223,308  elapsed 16.8s]
    [92,672/223,308  elapsed 17.7s]
    [97,792/223,308  elapsed 18.7s]
    [102,912/223,308  elapsed 19.7s]
    [108,032/223,308  elapsed 20.7s]
    [113,152/223,308  elapsed 21.7s]
    [118,272/223,308  elapsed 22.6s]
    [123,392/223,308  elapsed 23.6s]
    [128,512/223,308  elapsed 24.6s]
    [133,632/223,308  elapsed 25.6s]
    [138,752/223,308  elapsed 26.6s]
    [143,872/223,308  elapsed 27.5s]
    [148,992/223,308  elapsed 28.5s]
    [154,112/223,308  elapsed 29.5s]
    [159,232/223,308  elapsed 30.5s]
    [164,352/223,308  elapsed 31.5s]
    [169,472/223,308  elapsed 32.4s]
    [174,592/223,308  elapsed 33.4s]
    [179,712/223,308  elapsed 34.4s]
    [184,832/223,308  elapsed 35.4s]
    [189,952/223,308  elapsed 36.4s]
    [195,072/223,308  elapsed 37.3s]
    [200,192/223,308  elapsed 38.3s]
    [205,312/223,308  elapsed 39.3s]
    [210,432/223,308  elapsed 40.3s]
    [215,552/223,308  elapsed 41.3s]
    [220,672/223,308  elapsed 42.2s]
  eval done in 42.7s
  by-popularity NDCG@10: tail=0.0019(n=29,887)  mid=0.0088(n=33,352)  head=0.0505(n=160,069)
  evaluating 223,308 users in batches of 512...
    [512/223,308  elapsed 0.1s]
    [5,632/223,308  elapsed 1.1s]
    [10,752/223,308  elapsed 2.1s]
    [15,872/223,308  elapsed 3.1s]
    [20,992/223,308  elapsed 4.0s]
    [26,112/223,308  elapsed 5.0s]
    [31,232/223,308  elapsed 6.0s]
    [36,352/223,308  elapsed 7.0s]
    [41,472/223,308  elapsed 8.0s]
    [46,592/223,308  elapsed 9.0s]
    [51,712/223,308  elapsed 10.0s]
    [56,832/223,308  elapsed 10.9s]
    [61,952/223,308  elapsed 11.9s]
    [67,072/223,308  elapsed 12.9s]
    [72,192/223,308  elapsed 13.9s]
    [77,312/223,308  elapsed 14.9s]
    [82,432/223,308  elapsed 15.9s]
    [87,552/223,308  elapsed 16.9s]
    [92,672/223,308  elapsed 17.9s]
    [97,792/223,308  elapsed 18.8s]
    [102,912/223,308  elapsed 19.8s]
    [108,032/223,308  elapsed 20.8s]
    [113,152/223,308  elapsed 21.8s]
    [118,272/223,308  elapsed 22.8s]
    [123,392/223,308  elapsed 23.7s]
    [128,512/223,308  elapsed 24.7s]
    [133,632/223,308  elapsed 25.7s]
    [138,752/223,308  elapsed 26.7s]
    [143,872/223,308  elapsed 27.7s]
    [148,992/223,308  elapsed 28.7s]
    [154,112/223,308  elapsed 29.6s]
    [159,232/223,308  elapsed 30.7s]
    [164,352/223,308  elapsed 31.6s]
    [169,472/223,308  elapsed 32.6s]
    [174,592/223,308  elapsed 33.6s]
    [179,712/223,308  elapsed 34.6s]
    [184,832/223,308  elapsed 35.6s]
    [189,952/223,308  elapsed 36.6s]
    [195,072/223,308  elapsed 37.6s]
    [200,192/223,308  elapsed 38.5s]
    [205,312/223,308  elapsed 39.5s]
    [210,432/223,308  elapsed 40.5s]
    [215,552/223,308  elapsed 41.5s]
    [220,672/223,308  elapsed 42.5s]
  eval done in 43.0s
  by-popularity NDCG@10: tail=0.0010(n=36,610)  mid=0.0058(n=35,266)  head=0.0432(n=151,432)
  epoch  18  loss=9.1508  val_NDCG=0.0378  test_NDCG=0.0304  test_HR=0.0512  (42.2s)
  evaluating 223,308 users in batches of 512...
    [512/223,308  elapsed 0.1s]
    [5,632/223,308  elapsed 1.1s]
    [10,752/223,308  elapsed 2.1s]
    [15,872/223,308  elapsed 3.1s]
    [20,992/223,308  elapsed 4.1s]
    [26,112/223,308  elapsed 5.0s]
    [31,232/223,308  elapsed 6.0s]
    [36,352/223,308  elapsed 7.0s]
    [41,472/223,308  elapsed 8.0s]
    [46,592/223,308  elapsed 9.0s]
    [51,712/223,308  elapsed 9.9s]
    [56,832/223,308  elapsed 10.9s]
    [61,952/223,308  elapsed 11.9s]
    [67,072/223,308  elapsed 12.9s]
    [72,192/223,308  elapsed 13.9s]
    [77,312/223,308  elapsed 14.9s]
    [82,432/223,308  elapsed 15.9s]
    [87,552/223,308  elapsed 16.9s]
    [92,672/223,308  elapsed 17.8s]
    [97,792/223,308  elapsed 18.8s]
    [102,912/223,308  elapsed 19.8s]
    [108,032/223,308  elapsed 20.8s]
    [113,152/223,308  elapsed 21.8s]
    [118,272/223,308  elapsed 22.8s]
    [123,392/223,308  elapsed 23.8s]
    [128,512/223,308  elapsed 24.7s]
    [133,632/223,308  elapsed 25.7s]
    [138,752/223,308  elapsed 26.7s]
    [143,872/223,308  elapsed 27.7s]
    [148,992/223,308  elapsed 28.7s]
    [154,112/223,308  elapsed 29.7s]
    [159,232/223,308  elapsed 30.6s]
    [164,352/223,308  elapsed 31.6s]
    [169,472/223,308  elapsed 32.6s]
    [174,592/223,308  elapsed 33.6s]
    [179,712/223,308  elapsed 34.6s]
    [184,832/223,308  elapsed 35.6s]
    [189,952/223,308  elapsed 36.5s]
    [195,072/223,308  elapsed 37.5s]
    [200,192/223,308  elapsed 38.5s]
    [205,312/223,308  elapsed 39.5s]
    [210,432/223,308  elapsed 40.5s]
    [215,552/223,308  elapsed 41.4s]
    [220,672/223,308  elapsed 42.4s]
  eval done in 42.9s
  by-popularity NDCG@10: tail=0.0019(n=29,887)  mid=0.0087(n=33,352)  head=0.0506(n=160,069)
  evaluating 223,308 users in batches of 512...
    [512/223,308  elapsed 0.1s]
    [5,632/223,308  elapsed 1.1s]
    [10,752/223,308  elapsed 2.1s]
    [15,872/223,308  elapsed 3.1s]
    [20,992/223,308  elapsed 4.1s]
    [26,112/223,308  elapsed 5.1s]
    [31,232/223,308  elapsed 6.0s]
    [36,352/223,308  elapsed 7.1s]
    [41,472/223,308  elapsed 8.1s]
    [46,592/223,308  elapsed 9.0s]
    [51,712/223,308  elapsed 10.0s]
    [56,832/223,308  elapsed 11.0s]
    [61,952/223,308  elapsed 12.0s]
    [67,072/223,308  elapsed 13.0s]
    [72,192/223,308  elapsed 14.0s]
    [77,312/223,308  elapsed 15.0s]
    [82,432/223,308  elapsed 16.0s]
    [87,552/223,308  elapsed 17.0s]
    [92,672/223,308  elapsed 18.0s]
    [97,792/223,308  elapsed 19.0s]
    [102,912/223,308  elapsed 20.0s]
    [108,032/223,308  elapsed 20.9s]
    [113,152/223,308  elapsed 22.0s]
    [118,272/223,308  elapsed 22.9s]
    [123,392/223,308  elapsed 23.9s]
    [128,512/223,308  elapsed 24.9s]
    [133,632/223,308  elapsed 25.9s]
    [138,752/223,308  elapsed 26.9s]
    [143,872/223,308  elapsed 27.9s]
    [148,992/223,308  elapsed 28.9s]
    [154,112/223,308  elapsed 29.9s]
    [159,232/223,308  elapsed 30.9s]
    [164,352/223,308  elapsed 31.9s]
    [169,472/223,308  elapsed 32.8s]
    [174,592/223,308  elapsed 33.9s]
    [179,712/223,308  elapsed 34.8s]
    [184,832/223,308  elapsed 35.8s]
    [189,952/223,308  elapsed 36.8s]
    [195,072/223,308  elapsed 37.8s]
    [200,192/223,308  elapsed 38.8s]
    [205,312/223,308  elapsed 39.8s]
    [210,432/223,308  elapsed 40.8s]
    [215,552/223,308  elapsed 41.8s]
    [220,672/223,308  elapsed 42.8s]
  eval done in 43.3s
  by-popularity NDCG@10: tail=0.0010(n=36,610)  mid=0.0058(n=35,266)  head=0.0433(n=151,432)
  epoch  19  loss=9.1408  val_NDCG=0.0378  test_NDCG=0.0304  test_HR=0.0513  (42.2s)
  evaluating 223,308 users in batches of 512...
    [512/223,308  elapsed 0.1s]
    [5,632/223,308  elapsed 1.1s]
    [10,752/223,308  elapsed 2.1s]
    [15,872/223,308  elapsed 3.0s]
    [20,992/223,308  elapsed 4.0s]
    [26,112/223,308  elapsed 5.0s]
    [31,232/223,308  elapsed 6.0s]
    [36,352/223,308  elapsed 7.0s]
    [41,472/223,308  elapsed 8.0s]
    [46,592/223,308  elapsed 9.0s]
    [51,712/223,308  elapsed 9.9s]
    [56,832/223,308  elapsed 10.9s]
    [61,952/223,308  elapsed 11.9s]
    [67,072/223,308  elapsed 12.9s]
    [72,192/223,308  elapsed 13.9s]
    [77,312/223,308  elapsed 14.9s]
    [82,432/223,308  elapsed 15.8s]
    [87,552/223,308  elapsed 16.8s]
    [92,672/223,308  elapsed 17.8s]
    [97,792/223,308  elapsed 18.8s]
    [102,912/223,308  elapsed 19.8s]
    [108,032/223,308  elapsed 20.7s]
    [113,152/223,308  elapsed 21.7s]
    [118,272/223,308  elapsed 22.7s]
    [123,392/223,308  elapsed 23.7s]
    [128,512/223,308  elapsed 24.7s]
    [133,632/223,308  elapsed 25.6s]
    [138,752/223,308  elapsed 26.6s]
    [143,872/223,308  elapsed 27.6s]
    [148,992/223,308  elapsed 28.6s]
    [154,112/223,308  elapsed 29.5s]
    [159,232/223,308  elapsed 30.5s]
    [164,352/223,308  elapsed 31.5s]
    [169,472/223,308  elapsed 32.5s]
    [174,592/223,308  elapsed 33.5s]
    [179,712/223,308  elapsed 34.5s]
    [184,832/223,308  elapsed 35.5s]
    [189,952/223,308  elapsed 36.4s]
    [195,072/223,308  elapsed 37.4s]
    [200,192/223,308  elapsed 38.4s]
    [205,312/223,308  elapsed 39.4s]
    [210,432/223,308  elapsed 40.4s]
    [215,552/223,308  elapsed 41.4s]
    [220,672/223,308  elapsed 42.3s]
  eval done in 42.9s
  by-popularity NDCG@10: tail=0.0020(n=29,887)  mid=0.0088(n=33,352)  head=0.0506(n=160,069)
  evaluating 223,308 users in batches of 512...
    [512/223,308  elapsed 0.1s]
    [5,632/223,308  elapsed 1.1s]
    [10,752/223,308  elapsed 2.1s]
    [15,872/223,308  elapsed 3.1s]
    [20,992/223,308  elapsed 4.1s]
    [26,112/223,308  elapsed 5.1s]
    [31,232/223,308  elapsed 6.1s]
    [36,352/223,308  elapsed 7.1s]
    [41,472/223,308  elapsed 8.1s]
    [46,592/223,308  elapsed 9.0s]
    [51,712/223,308  elapsed 10.0s]
    [56,832/223,308  elapsed 11.0s]
    [61,952/223,308  elapsed 12.0s]
    [67,072/223,308  elapsed 13.0s]
    [72,192/223,308  elapsed 14.0s]
    [77,312/223,308  elapsed 15.0s]
    [82,432/223,308  elapsed 16.0s]
    [87,552/223,308  elapsed 16.9s]
    [92,672/223,308  elapsed 17.9s]
    [97,792/223,308  elapsed 18.9s]
    [102,912/223,308  elapsed 19.9s]
    [108,032/223,308  elapsed 20.9s]
    [113,152/223,308  elapsed 21.9s]
    [118,272/223,308  elapsed 22.9s]
    [123,392/223,308  elapsed 23.9s]
    [128,512/223,308  elapsed 24.9s]
    [133,632/223,308  elapsed 25.9s]
    [138,752/223,308  elapsed 26.8s]
    [143,872/223,308  elapsed 27.9s]
    [148,992/223,308  elapsed 28.9s]
    [154,112/223,308  elapsed 29.9s]
    [159,232/223,308  elapsed 30.8s]
    [164,352/223,308  elapsed 31.8s]
    [169,472/223,308  elapsed 32.8s]
    [174,592/223,308  elapsed 33.8s]
    [179,712/223,308  elapsed 34.8s]
    [184,832/223,308  elapsed 35.8s]
    [189,952/223,308  elapsed 36.8s]
    [195,072/223,308  elapsed 37.8s]
    [200,192/223,308  elapsed 38.8s]
    [205,312/223,308  elapsed 39.8s]
    [210,432/223,308  elapsed 40.7s]
    [215,552/223,308  elapsed 41.8s]
    [220,672/223,308  elapsed 42.7s]
  eval done in 43.2s
  by-popularity NDCG@10: tail=0.0010(n=36,610)  mid=0.0057(n=35,266)  head=0.0433(n=151,432)
  epoch  20  loss=9.1346  val_NDCG=0.0378  test_NDCG=0.0304  test_HR=0.0513  (42.2s)

=== Best by val NDCG@10 ===
  val_NDCG=0.0378
  test: {'NDCG@10': 0.030371287995313717, 'HR@10': 0.051162519927633585, 'MRR': 0.027769824148114144, 'n_eval': 223308, 'by_popularity': {'tail': {'NDCG@10': 0.0009970334386612135, 'HR@10': 0.0019393608303742147, 'n': 36610, 'n_hit@10': 71, 'HR@20': 0.0030592734225621415, 'n_hit@20': 112, 'HR@50': 0.00650095602294455, 'n_hit@50': 238, 'HR@100': 0.011007921332969134, 'n_hit@100': 403}, 'mid': {'NDCG@10': 0.005622660122581284, 'HR@10': 0.010009641014007826, 'n': 35266, 'n_hit@10': 353, 'HR@20': 0.016219588271990017, 'n_hit@20': 572, 'HR@50': 0.028639482787954404, 'n_hit@50': 1010, 'HR@100': 0.04423524074179096, 'n_hit@100': 1560}, 'head': {'NDCG@10': 0.04323631368261118, 'HR@10': 0.07264646838184796, 'n': 151432, 'n_hit@10': 11001, 'HR@20': 0.09950340747001955, 'n_hit@20': 15068, 'HR@50': 0.14748533995456706, 'n_hit@50': 22334, 'HR@100': 0.19471445929526124, 'n_hit@100': 29486}}}
wrote C:\Users\rayxc\Documents\R\_bestrec_run\results_OFFICE_COLDFUSE_base_seed20260740.users.jsonl.gz (223,308 per-user records, best epoch 16, sha256 c3fd93cbec9c…)
wrote C:\Users\rayxc\Documents\R\_bestrec_run\results_OFFICE_COLDFUSE_base_seed20260740.final.users.jsonl.gz (223,308 FINAL-epoch per-user records)

wrote C:\Users\rayxc\Documents\R\_bestrec_run\results_OFFICE_COLDFUSE_base_seed20260740.json
[run] results_Office_Products_COLDFUSE_confirm_seed20260740.json
=== COLDFUSE confirm: Office_Products seed 20260740 (ease=no) ===
  [val] streaming sweep: 41 systems ...
    [512/223,308 1s]
    [20,992/223,308 14s]
    [41,472/223,308 28s]
    [61,952/223,308 41s]
    [82,432/223,308 55s]
    [102,912/223,308 68s]
    [123,392/223,308 81s]
    [143,872/223,308 95s]
    [164,352/223,308 109s]
    [184,832/223,308 122s]
    [205,312/223,308 135s]
  VAL ref overall 0.03784 tail 0.00186 | selected {'profile': 'exp0.9', 'wt_tail': 0.2, 'wt_mid': 0.0, 'wt_head': 0.0} val tail 0.00356
  [test] reference + selected ...
    [512/223,308 0s]
    [20,992/223,308 5s]
    [41,472/223,308 10s]
    [61,952/223,308 15s]
    [82,432/223,308 20s]
    [102,912/223,308 25s]
    [123,392/223,308 30s]
    [143,872/223,308 35s]
    [164,352/223,308 40s]
    [184,832/223,308 45s]
    [205,312/223,308 50s]
  TEST ref 0.03037 (tail 0.00094) -> sel 0.03039 (tail 0.00207)
wrote C:\Users\rayxc\Documents\R\_bestrec_run\results_Office_Products_COLDFUSE_confirm_seed20260740.json
[run] results_CDS_COLDFUSE_base_seed20260736.json
  random seed set to 20260736
=== CDs_and_Vinyl: load splits ===
  n_users=123,876  n_items=89,370  pad_id=89370
  built sequences for 123,876 users
  built timestamp sequences (12 time buckets)
  loading SBERT embeddings from C:\Users\rayxc\Documents\R\cache_5core\sbert_titles_CDs_and_Vinyl.npy...
  TAPE: k-means 89,370 text embeddings into K=512 prototypes (tau=0.05)...
  TAPE: K=512 mean max-assignment weight = 0.490 (1.0 = hard clustering)

=== Build SASRec-SBERT (d=64, layers=4, heads=2) ===
  total params: 40,208,319  device=cuda
  123,876 training examples / 484 batches per epoch
  init_state_sha256 = 47b39cd88b6f45e3258287db45cd55ec98fc9dca1240d5cc053f09e0e8998428
  LR schedule: warmup_cosine (484 warmup + 9196 cosine steps)

=== Train for 20 epochs ===
  evaluating 123,876 users in batches of 512...
    [512/123,876  elapsed 0.1s]
    [5,632/123,876  elapsed 1.1s]
    [10,752/123,876  elapsed 2.1s]
    [15,872/123,876  elapsed 3.1s]
    [20,992/123,876  elapsed 4.1s]
    [26,112/123,876  elapsed 5.1s]
    [31,232/123,876  elapsed 6.1s]
    [36,352/123,876  elapsed 7.1s]
    [41,472/123,876  elapsed 8.1s]
    [46,592/123,876  elapsed 9.1s]
    [51,712/123,876  elapsed 10.1s]
    [56,832/123,876  elapsed 11.1s]
    [61,952/123,876  elapsed 12.0s]
    [67,072/123,876  elapsed 13.0s]
    [72,192/123,876  elapsed 14.0s]
    [77,312/123,876  elapsed 15.0s]
    [82,432/123,876  elapsed 16.0s]
    [87,552/123,876  elapsed 17.0s]
    [92,672/123,876  elapsed 18.0s]
    [97,792/123,876  elapsed 19.0s]
    [102,912/123,876  elapsed 20.0s]
    [108,032/123,876  elapsed 21.0s]
    [113,152/123,876  elapsed 22.0s]
    [118,272/123,876  elapsed 23.0s]
    [123,392/123,876  elapsed 24.0s]
  eval done in 24.1s
  by-popularity NDCG@10: tail=0.0001(n=18,342)  mid=0.0002(n=20,089)  head=0.0141(n=85,445)
  evaluating 123,876 users in batches of 512...
    [512/123,876  elapsed 0.1s]
    [5,632/123,876  elapsed 1.1s]
    [10,752/123,876  elapsed 2.1s]
    [15,872/123,876  elapsed 3.1s]
    [20,992/123,876  elapsed 4.1s]
    [26,112/123,876  elapsed 5.1s]
    [31,232/123,876  elapsed 6.1s]
    [36,352/123,876  elapsed 7.1s]
    [41,472/123,876  elapsed 8.1s]
    [46,592/123,876  elapsed 9.1s]
    [51,712/123,876  elapsed 10.1s]
    [56,832/123,876  elapsed 11.1s]
    [61,952/123,876  elapsed 12.1s]
    [67,072/123,876  elapsed 13.2s]
    [72,192/123,876  elapsed 14.2s]
    [77,312/123,876  elapsed 15.2s]
    [82,432/123,876  elapsed 16.2s]
    [87,552/123,876  elapsed 17.2s]
    [92,672/123,876  elapsed 18.2s]
    [97,792/123,876  elapsed 19.2s]
    [102,912/123,876  elapsed 20.2s]
    [108,032/123,876  elapsed 21.2s]
    [113,152/123,876  elapsed 22.2s]
    [118,272/123,876  elapsed 23.2s]
    [123,392/123,876  elapsed 24.2s]
  eval done in 24.3s
  by-popularity NDCG@10: tail=0.0000(n=20,661)  mid=0.0002(n=20,108)  head=0.0145(n=83,107)
  epoch   1  loss=10.9964  val_NDCG=0.0098  test_NDCG=0.0098  test_HR=0.0187  (36.0s)
  evaluating 123,876 users in batches of 512...
    [512/123,876  elapsed 0.1s]
    [5,632/123,876  elapsed 1.1s]
    [10,752/123,876  elapsed 2.1s]
    [15,872/123,876  elapsed 3.1s]
    [20,992/123,876  elapsed 4.1s]
    [26,112/123,876  elapsed 5.1s]
    [31,232/123,876  elapsed 6.1s]
    [36,352/123,876  elapsed 7.1s]
    [41,472/123,876  elapsed 8.1s]
    [46,592/123,876  elapsed 9.1s]
    [51,712/123,876  elapsed 10.1s]
    [56,832/123,876  elapsed 11.1s]
    [61,952/123,876  elapsed 12.1s]
    [67,072/123,876  elapsed 13.1s]
    [72,192/123,876  elapsed 14.1s]
    [77,312/123,876  elapsed 15.1s]
    [82,432/123,876  elapsed 16.1s]
    [87,552/123,876  elapsed 17.1s]
    [92,672/123,876  elapsed 18.1s]
    [97,792/123,876  elapsed 19.1s]
    [102,912/123,876  elapsed 20.1s]
    [108,032/123,876  elapsed 21.1s]
    [113,152/123,876  elapsed 22.1s]
    [118,272/123,876  elapsed 23.1s]
    [123,392/123,876  elapsed 24.1s]
  eval done in 24.2s
  by-popularity NDCG@10: tail=0.0001(n=18,342)  mid=0.0013(n=20,089)  head=0.0373(n=85,445)
  evaluating 123,876 users in batches of 512...
    [512/123,876  elapsed 0.1s]
    [5,632/123,876  elapsed 1.1s]
    [10,752/123,876  elapsed 2.1s]
    [15,872/123,876  elapsed 3.1s]
    [20,992/123,876  elapsed 4.1s]
    [26,112/123,876  elapsed 5.1s]
    [31,232/123,876  elapsed 6.1s]
    [36,352/123,876  elapsed 7.1s]
    [41,472/123,876  elapsed 8.1s]
    [46,592/123,876  elapsed 9.2s]
    [51,712/123,876  elapsed 10.2s]
    [56,832/123,876  elapsed 11.2s]
    [61,952/123,876  elapsed 12.2s]
    [67,072/123,876  elapsed 13.2s]
    [72,192/123,876  elapsed 14.2s]
    [77,312/123,876  elapsed 15.2s]
    [82,432/123,876  elapsed 16.2s]
    [87,552/123,876  elapsed 17.2s]
    [92,672/123,876  elapsed 18.2s]
    [97,792/123,876  elapsed 19.2s]
    [102,912/123,876  elapsed 20.2s]
    [108,032/123,876  elapsed 21.2s]
    [113,152/123,876  elapsed 22.2s]
    [118,272/123,876  elapsed 23.3s]
    [123,392/123,876  elapsed 24.3s]
  eval done in 24.4s
  by-popularity NDCG@10: tail=0.0000(n=20,661)  mid=0.0009(n=20,108)  head=0.0367(n=83,107)
  epoch   2  loss=10.2764  val_NDCG=0.0259  test_NDCG=0.0247  test_HR=0.0453  (35.7s)
  evaluating 123,876 users in batches of 512...
    [512/123,876  elapsed 0.1s]
    [5,632/123,876  elapsed 1.1s]
    [10,752/123,876  elapsed 2.1s]
    [15,872/123,876  elapsed 3.1s]
    [20,992/123,876  elapsed 4.1s]
    [26,112/123,876  elapsed 5.1s]
    [31,232/123,876  elapsed 6.1s]
    [36,352/123,876  elapsed 7.1s]
    [41,472/123,876  elapsed 8.1s]
    [46,592/123,876  elapsed 9.1s]
    [51,712/123,876  elapsed 10.1s]
    [56,832/123,876  elapsed 11.1s]
    [61,952/123,876  elapsed 12.1s]
    [67,072/123,876  elapsed 13.1s]
    [72,192/123,876  elapsed 14.1s]
    [77,312/123,876  elapsed 15.0s]
    [82,432/123,876  elapsed 16.0s]
    [87,552/123,876  elapsed 17.0s]
    [92,672/123,876  elapsed 18.0s]
    [97,792/123,876  elapsed 19.0s]
    [102,912/123,876  elapsed 20.0s]
    [108,032/123,876  elapsed 21.0s]
    [113,152/123,876  elapsed 22.0s]
    [118,272/123,876  elapsed 23.0s]
    [123,392/123,876  elapsed 24.0s]
  eval done in 24.1s
  by-popularity NDCG@10: tail=0.0006(n=18,342)  mid=0.0033(n=20,089)  head=0.0581(n=85,445)
  evaluating 123,876 users in batches of 512...
    [512/123,876  elapsed 0.1s]
    [5,632/123,876  elapsed 1.1s]
    [10,752/123,876  elapsed 2.1s]
    [15,872/123,876  elapsed 3.1s]
    [20,992/123,876  elapsed 4.2s]
    [26,112/123,876  elapsed 5.2s]
    [31,232/123,876  elapsed 6.2s]
    [36,352/123,876  elapsed 7.2s]
    [41,472/123,876  elapsed 8.2s]
    [46,592/123,876  elapsed 9.3s]
    [51,712/123,876  elapsed 10.3s]
    [56,832/123,876  elapsed 11.3s]
    [61,952/123,876  elapsed 12.3s]
    [67,072/123,876  elapsed 13.3s]
    [72,192/123,876  elapsed 14.3s]
    [77,312/123,876  elapsed 15.3s]
    [82,432/123,876  elapsed 16.3s]
    [87,552/123,876  elapsed 17.3s]
    [92,672/123,876  elapsed 18.3s]
    [97,792/123,876  elapsed 19.3s]
    [102,912/123,876  elapsed 20.3s]
    [108,032/123,876  elapsed 21.3s]
    [113,152/123,876  elapsed 22.3s]
    [118,272/123,876  elapsed 23.3s]
    [123,392/123,876  elapsed 24.3s]
  eval done in 24.4s
  by-popularity NDCG@10: tail=0.0003(n=20,661)  mid=0.0023(n=20,108)  head=0.0562(n=83,107)
  epoch   3  loss=9.8235  val_NDCG=0.0407  test_NDCG=0.0382  test_HR=0.0680  (35.7s)
  evaluating 123,876 users in batches of 512...
    [512/123,876  elapsed 0.1s]
    [5,632/123,876  elapsed 1.1s]
    [10,752/123,876  elapsed 2.1s]
    [15,872/123,876  elapsed 3.1s]
    [20,992/123,876  elapsed 4.1s]
    [26,112/123,876  elapsed 5.1s]
    [31,232/123,876  elapsed 6.1s]
    [36,352/123,876  elapsed 7.1s]
    [41,472/123,876  elapsed 8.1s]
    [46,592/123,876  elapsed 9.1s]
    [51,712/123,876  elapsed 10.1s]
    [56,832/123,876  elapsed 11.1s]
    [61,952/123,876  elapsed 12.1s]
    [67,072/123,876  elapsed 13.1s]
    [72,192/123,876  elapsed 14.1s]
    [77,312/123,876  elapsed 15.1s]
    [82,432/123,876  elapsed 16.1s]
    [87,552/123,876  elapsed 17.1s]
    [92,672/123,876  elapsed 18.1s]
    [97,792/123,876  elapsed 19.1s]
    [102,912/123,876  elapsed 20.1s]
    [108,032/123,876  elapsed 21.1s]
    [113,152/123,876  elapsed 22.1s]
    [118,272/123,876  elapsed 23.1s]
    [123,392/123,876  elapsed 24.1s]
  eval done in 24.2s
  by-popularity NDCG@10: tail=0.0013(n=18,342)  mid=0.0070(n=20,089)  head=0.0715(n=85,445)
  evaluating 123,876 users in batches of 512...
    [512/123,876  elapsed 0.1s]
    [5,632/123,876  elapsed 1.1s]
    [10,752/123,876  elapsed 2.2s]
    [15,872/123,876  elapsed 3.2s]
    [20,992/123,876  elapsed 4.2s]
    [26,112/123,876  elapsed 5.2s]
    [31,232/123,876  elapsed 6.2s]
    [36,352/123,876  elapsed 7.2s]
    [41,472/123,876  elapsed 8.2s]
    [46,592/123,876  elapsed 9.2s]
    [51,712/123,876  elapsed 10.2s]
    [56,832/123,876  elapsed 11.2s]
    [61,952/123,876  elapsed 12.2s]
    [67,072/123,876  elapsed 13.2s]
    [72,192/123,876  elapsed 14.2s]
    [77,312/123,876  elapsed 15.2s]
    [82,432/123,876  elapsed 16.2s]
    [87,552/123,876  elapsed 17.2s]
    [92,672/123,876  elapsed 18.2s]
    [97,792/123,876  elapsed 19.3s]
    [102,912/123,876  elapsed 20.3s]
    [108,032/123,876  elapsed 21.2s]
    [113,152/123,876  elapsed 22.3s]
    [118,272/123,876  elapsed 23.3s]
    [123,392/123,876  elapsed 24.3s]
  eval done in 24.4s
  by-popularity NDCG@10: tail=0.0010(n=20,661)  mid=0.0048(n=20,108)  head=0.0678(n=83,107)
  epoch   4  loss=9.5567  val_NDCG=0.0507  test_NDCG=0.0464  test_HR=0.0814  (35.8s)
  evaluating 123,876 users in batches of 512...
    [512/123,876  elapsed 0.1s]
    [5,632/123,876  elapsed 1.1s]
    [10,752/123,876  elapsed 2.1s]
    [15,872/123,876  elapsed 3.1s]
    [20,992/123,876  elapsed 4.0s]
    [26,112/123,876  elapsed 5.1s]
    [31,232/123,876  elapsed 6.1s]
    [36,352/123,876  elapsed 7.0s]
    [41,472/123,876  elapsed 8.0s]
    [46,592/123,876  elapsed 9.0s]
    [51,712/123,876  elapsed 10.0s]
    [56,832/123,876  elapsed 11.0s]
    [61,952/123,876  elapsed 12.0s]
    [67,072/123,876  elapsed 13.0s]
    [72,192/123,876  elapsed 14.0s]
    [77,312/123,876  elapsed 15.0s]
    [82,432/123,876  elapsed 16.0s]
    [87,552/123,876  elapsed 17.0s]
    [92,672/123,876  elapsed 18.0s]
    [97,792/123,876  elapsed 19.0s]
    [102,912/123,876  elapsed 20.0s]
    [108,032/123,876  elapsed 21.0s]
    [113,152/123,876  elapsed 22.0s]
    [118,272/123,876  elapsed 23.0s]
    [123,392/123,876  elapsed 24.0s]
  eval done in 24.1s
  by-popularity NDCG@10: tail=0.0024(n=18,342)  mid=0.0108(n=20,089)  head=0.0803(n=85,445)
  evaluating 123,876 users in batches of 512...
    [512/123,876  elapsed 0.1s]
    [5,632/123,876  elapsed 1.1s]
    [10,752/123,876  elapsed 2.1s]
    [15,872/123,876  elapsed 3.1s]
    [20,992/123,876  elapsed 4.1s]
    [26,112/123,876  elapsed 5.1s]
    [31,232/123,876  elapsed 6.1s]
    [36,352/123,876  elapsed 7.1s]
    [41,472/123,876  elapsed 8.1s]
    [46,592/123,876  elapsed 9.2s]
    [51,712/123,876  elapsed 10.1s]
    [56,832/123,876  elapsed 11.1s]
    [61,952/123,876  elapsed 12.1s]
    [67,072/123,876  elapsed 13.1s]
    [72,192/123,876  elapsed 14.2s]
    [77,312/123,876  elapsed 15.2s]
    [82,432/123,876  elapsed 16.2s]
    [87,552/123,876  elapsed 17.2s]
    [92,672/123,876  elapsed 18.2s]
    [97,792/123,876  elapsed 19.2s]
    [102,912/123,876  elapsed 20.2s]
    [108,032/123,876  elapsed 21.2s]
    [113,152/123,876  elapsed 22.2s]
    [118,272/123,876  elapsed 23.2s]
    [123,392/123,876  elapsed 24.2s]
  eval done in 24.3s
  by-popularity NDCG@10: tail=0.0016(n=20,661)  mid=0.0077(n=20,108)  head=0.0756(n=83,107)
  epoch   5  loss=9.3689  val_NDCG=0.0575  test_NDCG=0.0522  test_HR=0.0900  (35.7s)
  evaluating 123,876 users in batches of 512...
    [512/123,876  elapsed 0.1s]
    [5,632/123,876  elapsed 1.1s]
    [10,752/123,876  elapsed 2.0s]
    [15,872/123,876  elapsed 3.0s]
    [20,992/123,876  elapsed 4.0s]
    [26,112/123,876  elapsed 5.0s]
    [31,232/123,876  elapsed 6.0s]
    [36,352/123,876  elapsed 7.0s]
    [41,472/123,876  elapsed 8.0s]
    [46,592/123,876  elapsed 8.9s]
    [51,712/123,876  elapsed 9.9s]
    [56,832/123,876  elapsed 10.9s]
    [61,952/123,876  elapsed 11.9s]
    [67,072/123,876  elapsed 12.9s]
    [72,192/123,876  elapsed 13.9s]
    [77,312/123,876  elapsed 14.9s]
    [82,432/123,876  elapsed 15.8s]
    [87,552/123,876  elapsed 16.8s]
    [92,672/123,876  elapsed 17.8s]
    [97,792/123,876  elapsed 18.8s]
    [102,912/123,876  elapsed 19.8s]
    [108,032/123,876  elapsed 20.8s]
    [113,152/123,876  elapsed 21.8s]
    [118,272/123,876  elapsed 22.8s]
    [123,392/123,876  elapsed 23.8s]
  eval done in 23.9s
  by-popularity NDCG@10: tail=0.0037(n=18,342)  mid=0.0147(n=20,089)  head=0.0848(n=85,445)
  evaluating 123,876 users in batches of 512...
    [512/123,876  elapsed 0.1s]
    [5,632/123,876  elapsed 1.1s]
    [10,752/123,876  elapsed 2.1s]
    [15,872/123,876  elapsed 3.1s]
    [20,992/123,876  elapsed 4.1s]
    [26,112/123,876  elapsed 5.1s]
    [31,232/123,876  elapsed 6.0s]
    [36,352/123,876  elapsed 7.0s]
    [41,472/123,876  elapsed 8.0s]
    [46,592/123,876  elapsed 9.1s]
    [51,712/123,876  elapsed 10.0s]
    [56,832/123,876  elapsed 11.0s]
    [61,952/123,876  elapsed 12.0s]
    [67,072/123,876  elapsed 13.0s]
    [72,192/123,876  elapsed 14.0s]
    [77,312/123,876  elapsed 15.0s]
    [82,432/123,876  elapsed 16.0s]
    [87,552/123,876  elapsed 17.0s]
    [92,672/123,876  elapsed 18.0s]
    [97,792/123,876  elapsed 19.0s]
    [102,912/123,876  elapsed 19.9s]
    [108,032/123,876  elapsed 20.9s]
    [113,152/123,876  elapsed 21.9s]
    [118,272/123,876  elapsed 22.9s]
    [123,392/123,876  elapsed 23.9s]
  eval done in 24.0s
  by-popularity NDCG@10: tail=0.0024(n=20,661)  mid=0.0108(n=20,108)  head=0.0802(n=83,107)
  epoch   6  loss=9.2261  val_NDCG=0.0615  test_NDCG=0.0560  test_HR=0.0966  (35.7s)
  evaluating 123,876 users in batches of 512...
    [512/123,876  elapsed 0.1s]
    [5,632/123,876  elapsed 1.1s]
    [10,752/123,876  elapsed 2.1s]
    [15,872/123,876  elapsed 3.1s]
    [20,992/123,876  elapsed 4.1s]
    [26,112/123,876  elapsed 5.1s]
    [31,232/123,876  elapsed 6.1s]
    [36,352/123,876  elapsed 7.1s]
    [41,472/123,876  elapsed 8.1s]
    [46,592/123,876  elapsed 9.1s]
    [51,712/123,876  elapsed 10.1s]
    [56,832/123,876  elapsed 11.1s]
    [61,952/123,876  elapsed 12.1s]
    [67,072/123,876  elapsed 13.1s]
    [72,192/123,876  elapsed 14.0s]
    [77,312/123,876  elapsed 15.0s]
    [82,432/123,876  elapsed 16.0s]
    [87,552/123,876  elapsed 17.0s]
    [92,672/123,876  elapsed 18.0s]
    [97,792/123,876  elapsed 19.0s]
    [102,912/123,876  elapsed 20.0s]
    [108,032/123,876  elapsed 21.0s]
    [113,152/123,876  elapsed 22.0s]
    [118,272/123,876  elapsed 23.0s]
    [123,392/123,876  elapsed 24.0s]
  eval done in 24.1s
  by-popularity NDCG@10: tail=0.0051(n=18,342)  mid=0.0182(n=20,089)  head=0.0883(n=85,445)
  evaluating 123,876 users in batches of 512...
    [512/123,876  elapsed 0.1s]
    [5,632/123,876  elapsed 1.1s]
    [10,752/123,876  elapsed 2.1s]
    [15,872/123,876  elapsed 3.1s]
    [20,992/123,876  elapsed 4.1s]
    [26,112/123,876  elapsed 5.1s]
    [31,232/123,876  elapsed 6.1s]
    [36,352/123,876  elapsed 7.2s]
    [41,472/123,876  elapsed 8.2s]
    [46,592/123,876  elapsed 9.2s]
    [51,712/123,876  elapsed 10.2s]
    [56,832/123,876  elapsed 11.2s]
    [61,952/123,876  elapsed 12.2s]
    [67,072/123,876  elapsed 13.2s]
    [72,192/123,876  elapsed 14.2s]
    [77,312/123,876  elapsed 15.2s]
    [82,432/123,876  elapsed 16.2s]
    [87,552/123,876  elapsed 17.2s]
    [92,672/123,876  elapsed 18.2s]
    [97,792/123,876  elapsed 19.2s]
    [102,912/123,876  elapsed 20.3s]
    [108,032/123,876  elapsed 21.3s]
    [113,152/123,876  elapsed 22.3s]
    [118,272/123,876  elapsed 23.3s]
    [123,392/123,876  elapsed 24.3s]
  eval done in 24.4s
  by-popularity NDCG@10: tail=0.0033(n=20,661)  mid=0.0137(n=20,108)  head=0.0847(n=83,107)
  epoch   7  loss=9.1122  val_NDCG=0.0646  test_NDCG=0.0596  test_HR=0.1015  (35.8s)
  evaluating 123,876 users in batches of 512...
    [512/123,876  elapsed 0.1s]
    [5,632/123,876  elapsed 1.1s]
    [10,752/123,876  elapsed 2.1s]
    [15,872/123,876  elapsed 3.1s]
    [20,992/123,876  elapsed 4.2s]
    [26,112/123,876  elapsed 5.2s]
    [31,232/123,876  elapsed 6.1s]
    [36,352/123,876  elapsed 7.1s]
    [41,472/123,876  elapsed 8.1s]
    [46,592/123,876  elapsed 9.1s]
    [51,712/123,876  elapsed 10.2s]
    [56,832/123,876  elapsed 11.2s]
    [61,952/123,876  elapsed 12.2s]
    [67,072/123,876  elapsed 13.2s]
    [72,192/123,876  elapsed 14.2s]
    [77,312/123,876  elapsed 15.2s]
    [82,432/123,876  elapsed 16.2s]
    [87,552/123,876  elapsed 17.2s]
    [92,672/123,876  elapsed 18.2s]
    [97,792/123,876  elapsed 19.2s]
    [102,912/123,876  elapsed 20.2s]
    [108,032/123,876  elapsed 21.1s]
    [113,152/123,876  elapsed 22.1s]
    [118,272/123,876  elapsed 23.1s]
    [123,392/123,876  elapsed 24.1s]
  eval done in 24.2s
  by-popularity NDCG@10: tail=0.0061(n=18,342)  mid=0.0207(n=20,089)  head=0.0904(n=85,445)
  evaluating 123,876 users in batches of 512...
    [512/123,876  elapsed 0.1s]
    [5,632/123,876  elapsed 1.1s]
    [10,752/123,876  elapsed 2.1s]
    [15,872/123,876  elapsed 3.1s]
    [20,992/123,876  elapsed 4.1s]
    [26,112/123,876  elapsed 5.1s]
    [31,232/123,876  elapsed 6.1s]
    [36,352/123,876  elapsed 7.1s]
    [41,472/123,876  elapsed 8.1s]
    [46,592/123,876  elapsed 9.1s]
    [51,712/123,876  elapsed 10.1s]
    [56,832/123,876  elapsed 11.1s]
    [61,952/123,876  elapsed 12.1s]
    [67,072/123,876  elapsed 13.1s]
    [72,192/123,876  elapsed 14.1s]
    [77,312/123,876  elapsed 15.2s]
    [82,432/123,876  elapsed 16.1s]
    [87,552/123,876  elapsed 17.1s]
    [92,672/123,876  elapsed 18.2s]
    [97,792/123,876  elapsed 19.2s]
    [102,912/123,876  elapsed 20.2s]
    [108,032/123,876  elapsed 21.2s]
    [113,152/123,876  elapsed 22.2s]
    [118,272/123,876  elapsed 23.2s]
    [123,392/123,876  elapsed 24.2s]
  eval done in 24.3s
  by-popularity NDCG@10: tail=0.0039(n=20,661)  mid=0.0154(n=20,108)  head=0.0862(n=83,107)
  epoch   8  loss=9.0206  val_NDCG=0.0666  test_NDCG=0.0610  test_HR=0.1039  (35.7s)
  evaluating 123,876 users in batches of 512...
    [512/123,876  elapsed 0.1s]
    [5,632/123,876  elapsed 1.1s]
    [10,752/123,876  elapsed 2.1s]
    [15,872/123,876  elapsed 3.1s]
    [20,992/123,876  elapsed 4.1s]
    [26,112/123,876  elapsed 5.1s]
    [31,232/123,876  elapsed 6.1s]
    [36,352/123,876  elapsed 7.1s]
    [41,472/123,876  elapsed 8.1s]
    [46,592/123,876  elapsed 9.1s]
    [51,712/123,876  elapsed 10.1s]
    [56,832/123,876  elapsed 11.2s]
    [61,952/123,876  elapsed 12.2s]
    [67,072/123,876  elapsed 13.1s]
    [72,192/123,876  elapsed 14.1s]
    [77,312/123,876  elapsed 15.1s]
    [82,432/123,876  elapsed 16.1s]
    [87,552/123,876  elapsed 17.1s]
    [92,672/123,876  elapsed 18.1s]
    [97,792/123,876  elapsed 19.1s]
    [102,912/123,876  elapsed 20.2s]
    [108,032/123,876  elapsed 21.2s]
    [113,152/123,876  elapsed 22.2s]
    [118,272/123,876  elapsed 23.2s]
    [123,392/123,876  elapsed 24.2s]
  eval done in 24.3s
  by-popularity NDCG@10: tail=0.0071(n=18,342)  mid=0.0228(n=20,089)  head=0.0924(n=85,445)
  evaluating 123,876 users in batches of 512...
    [512/123,876  elapsed 0.1s]
    [5,632/123,876  elapsed 1.1s]
    [10,752/123,876  elapsed 2.1s]
    [15,872/123,876  elapsed 3.1s]
    [20,992/123,876  elapsed 4.1s]
    [26,112/123,876  elapsed 5.1s]
    [31,232/123,876  elapsed 6.1s]
    [36,352/123,876  elapsed 7.1s]
    [41,472/123,876  elapsed 8.1s]
    [46,592/123,876  elapsed 9.1s]
    [51,712/123,876  elapsed 10.1s]
    [56,832/123,876  elapsed 11.1s]
    [61,952/123,876  elapsed 12.2s]
    [67,072/123,876  elapsed 13.2s]
    [72,192/123,876  elapsed 14.2s]
    [77,312/123,876  elapsed 15.2s]
    [82,432/123,876  elapsed 16.2s]
    [87,552/123,876  elapsed 17.2s]
    [92,672/123,876  elapsed 18.2s]
    [97,792/123,876  elapsed 19.2s]
    [102,912/123,876  elapsed 20.2s]
    [108,032/123,876  elapsed 21.2s]
    [113,152/123,876  elapsed 22.2s]
    [118,272/123,876  elapsed 23.2s]
    [123,392/123,876  elapsed 24.2s]
  eval done in 24.3s
  by-popularity NDCG@10: tail=0.0046(n=20,661)  mid=0.0164(n=20,108)  head=0.0874(n=83,107)
  epoch   9  loss=8.9412  val_NDCG=0.0685  test_NDCG=0.0621  test_HR=0.1053  (35.7s)
  evaluating 123,876 users in batches of 512...
    [512/123,876  elapsed 0.1s]
    [5,632/123,876  elapsed 1.1s]
    [10,752/123,876  elapsed 2.1s]
    [15,872/123,876  elapsed 3.0s]
    [20,992/123,876  elapsed 4.0s]
    [26,112/123,876  elapsed 5.0s]
    [31,232/123,876  elapsed 6.0s]
    [36,352/123,876  elapsed 7.0s]
    [41,472/123,876  elapsed 8.0s]
    [46,592/123,876  elapsed 9.0s]
    [51,712/123,876  elapsed 10.0s]
    [56,832/123,876  elapsed 10.9s]
    [61,952/123,876  elapsed 11.9s]
    [67,072/123,876  elapsed 12.9s]
    [72,192/123,876  elapsed 13.9s]
    [77,312/123,876  elapsed 14.9s]
    [82,432/123,876  elapsed 15.9s]
    [87,552/123,876  elapsed 16.9s]
    [92,672/123,876  elapsed 17.9s]
    [97,792/123,876  elapsed 18.9s]
    [102,912/123,876  elapsed 19.9s]
    [108,032/123,876  elapsed 20.9s]
    [113,152/123,876  elapsed 21.9s]
    [118,272/123,876  elapsed 22.8s]
    [123,392/123,876  elapsed 23.8s]
  eval done in 23.9s
  by-popularity NDCG@10: tail=0.0080(n=18,342)  mid=0.0244(n=20,089)  head=0.0936(n=85,445)
  evaluating 123,876 users in batches of 512...
    [512/123,876  elapsed 0.1s]
    [5,632/123,876  elapsed 1.1s]
    [10,752/123,876  elapsed 2.1s]
    [15,872/123,876  elapsed 3.1s]
    [20,992/123,876  elapsed 4.1s]
    [26,112/123,876  elapsed 5.0s]
    [31,232/123,876  elapsed 6.0s]
    [36,352/123,876  elapsed 7.0s]
    [41,472/123,876  elapsed 8.0s]
    [46,592/123,876  elapsed 9.0s]
    [51,712/123,876  elapsed 10.0s]
    [56,832/123,876  elapsed 11.0s]
    [61,952/123,876  elapsed 12.0s]
    [67,072/123,876  elapsed 12.9s]
    [72,192/123,876  elapsed 13.9s]
    [77,312/123,876  elapsed 14.9s]
    [82,432/123,876  elapsed 15.9s]
    [87,552/123,876  elapsed 16.9s]
    [92,672/123,876  elapsed 17.9s]
    [97,792/123,876  elapsed 18.9s]
    [102,912/123,876  elapsed 19.9s]
    [108,032/123,876  elapsed 20.9s]
    [113,152/123,876  elapsed 21.9s]
    [118,272/123,876  elapsed 22.8s]
    [123,392/123,876  elapsed 23.8s]
  eval done in 23.9s
  by-popularity NDCG@10: tail=0.0051(n=20,661)  mid=0.0178(n=20,108)  head=0.0883(n=83,107)
  epoch  10  loss=8.8756  val_NDCG=0.0697  test_NDCG=0.0630  test_HR=0.1068  (35.9s)
  evaluating 123,876 users in batches of 512...
    [512/123,876  elapsed 0.1s]
    [5,632/123,876  elapsed 1.1s]
    [10,752/123,876  elapsed 2.1s]
    [15,872/123,876  elapsed 3.1s]
    [20,992/123,876  elapsed 4.1s]
    [26,112/123,876  elapsed 5.1s]
    [31,232/123,876  elapsed 6.1s]
    [36,352/123,876  elapsed 7.2s]
    [41,472/123,876  elapsed 8.2s]
    [46,592/123,876  elapsed 9.2s]
    [51,712/123,876  elapsed 10.2s]
    [56,832/123,876  elapsed 11.2s]
    [61,952/123,876  elapsed 12.2s]
    [67,072/123,876  elapsed 13.2s]
    [72,192/123,876  elapsed 14.1s]
    [77,312/123,876  elapsed 15.1s]
    [82,432/123,876  elapsed 16.1s]
    [87,552/123,876  elapsed 17.1s]
    [92,672/123,876  elapsed 18.1s]
    [97,792/123,876  elapsed 19.2s]
    [102,912/123,876  elapsed 20.2s]
    [108,032/123,876  elapsed 21.2s]
    [113,152/123,876  elapsed 22.2s]
    [118,272/123,876  elapsed 23.2s]
    [123,392/123,876  elapsed 24.2s]
  eval done in 24.3s
  by-popularity NDCG@10: tail=0.0088(n=18,342)  mid=0.0257(n=20,089)  head=0.0944(n=85,445)
  evaluating 123,876 users in batches of 512...
    [512/123,876  elapsed 0.1s]
    [5,632/123,876  elapsed 1.1s]
    [10,752/123,876  elapsed 2.1s]
    [15,872/123,876  elapsed 3.1s]
    [20,992/123,876  elapsed 4.1s]
    [26,112/123,876  elapsed 5.1s]
    [31,232/123,876  elapsed 6.1s]
    [36,352/123,876  elapsed 7.1s]
    [41,472/123,876  elapsed 8.1s]
    [46,592/123,876  elapsed 9.1s]
    [51,712/123,876  elapsed 10.1s]
    [56,832/123,876  elapsed 11.1s]
    [61,952/123,876  elapsed 12.1s]
    [67,072/123,876  elapsed 13.1s]
    [72,192/123,876  elapsed 14.1s]
    [77,312/123,876  elapsed 15.1s]
    [82,432/123,876  elapsed 16.2s]
    [87,552/123,876  elapsed 17.2s]
    [92,672/123,876  elapsed 18.2s]
    [97,792/123,876  elapsed 19.2s]
    [102,912/123,876  elapsed 20.2s]
    [108,032/123,876  elapsed 21.2s]
    [113,152/123,876  elapsed 22.2s]
    [118,272/123,876  elapsed 23.2s]
    [123,392/123,876  elapsed 24.2s]
  eval done in 24.3s
  by-popularity NDCG@10: tail=0.0058(n=20,661)  mid=0.0191(n=20,108)  head=0.0892(n=83,107)
  epoch  11  loss=8.8160  val_NDCG=0.0706  test_NDCG=0.0639  test_HR=0.1085  (35.7s)
  evaluating 123,876 users in batches of 512...
    [512/123,876  elapsed 0.1s]
    [5,632/123,876  elapsed 1.1s]
    [10,752/123,876  elapsed 2.1s]
    [15,872/123,876  elapsed 3.1s]
    [20,992/123,876  elapsed 4.1s]
    [26,112/123,876  elapsed 5.1s]
    [31,232/123,876  elapsed 6.2s]
    [36,352/123,876  elapsed 7.2s]
    [41,472/123,876  elapsed 8.2s]
    [46,592/123,876  elapsed 9.2s]
    [51,712/123,876  elapsed 10.2s]
    [56,832/123,876  elapsed 11.2s]
    [61,952/123,876  elapsed 12.2s]
    [67,072/123,876  elapsed 13.2s]
    [72,192/123,876  elapsed 14.2s]
    [77,312/123,876  elapsed 15.2s]
    [82,432/123,876  elapsed 16.2s]
    [87,552/123,876  elapsed 17.2s]
    [92,672/123,876  elapsed 18.2s]
    [97,792/123,876  elapsed 19.2s]
    [102,912/123,876  elapsed 20.2s]
    [108,032/123,876  elapsed 21.3s]
    [113,152/123,876  elapsed 22.2s]
    [118,272/123,876  elapsed 23.3s]
    [123,392/123,876  elapsed 24.3s]
  eval done in 24.4s
  by-popularity NDCG@10: tail=0.0094(n=18,342)  mid=0.0271(n=20,089)  head=0.0952(n=85,445)
  evaluating 123,876 users in batches of 512...
    [512/123,876  elapsed 0.1s]
    [5,632/123,876  elapsed 1.1s]
    [10,752/123,876  elapsed 2.1s]
    [15,872/123,876  elapsed 3.1s]
    [20,992/123,876  elapsed 4.1s]
    [26,112/123,876  elapsed 5.1s]
    [31,232/123,876  elapsed 6.2s]
    [36,352/123,876  elapsed 7.2s]
    [41,472/123,876  elapsed 8.2s]
    [46,592/123,876  elapsed 9.2s]
    [51,712/123,876  elapsed 10.2s]
    [56,832/123,876  elapsed 11.2s]
    [61,952/123,876  elapsed 12.2s]
    [67,072/123,876  elapsed 13.2s]
    [72,192/123,876  elapsed 14.3s]
    [77,312/123,876  elapsed 15.3s]
    [82,432/123,876  elapsed 16.3s]
    [87,552/123,876  elapsed 17.3s]
    [92,672/123,876  elapsed 18.5s]
    [97,792/123,876  elapsed 19.5s]
    [102,912/123,876  elapsed 20.5s]
    [108,032/123,876  elapsed 21.5s]
    [113,152/123,876  elapsed 22.5s]
    [118,272/123,876  elapsed 23.5s]
    [123,392/123,876  elapsed 24.5s]
  eval done in 24.6s
  by-popularity NDCG@10: tail=0.0061(n=20,661)  mid=0.0200(n=20,108)  head=0.0900(n=83,107)
  epoch  12  loss=8.7613  val_NDCG=0.0715  test_NDCG=0.0646  test_HR=0.1094  (35.7s)
  evaluating 123,876 users in batches of 512...
    [512/123,876  elapsed 0.1s]
    [5,632/123,876  elapsed 1.1s]
    [10,752/123,876  elapsed 2.1s]
    [15,872/123,876  elapsed 3.1s]
    [20,992/123,876  elapsed 4.1s]
    [26,112/123,876  elapsed 5.1s]
    [31,232/123,876  elapsed 6.1s]
    [36,352/123,876  elapsed 7.1s]
    [41,472/123,876  elapsed 8.1s]
    [46,592/123,876  elapsed 9.1s]
    [51,712/123,876  elapsed 10.1s]
    [56,832/123,876  elapsed 11.1s]
    [61,952/123,876  elapsed 12.1s]
    [67,072/123,876  elapsed 13.1s]
    [72,192/123,876  elapsed 14.2s]
    [77,312/123,876  elapsed 15.2s]
    [82,432/123,876  elapsed 16.2s]
    [87,552/123,876  elapsed 17.2s]
    [92,672/123,876  elapsed 18.2s]
    [97,792/123,876  elapsed 19.2s]
    [102,912/123,876  elapsed 20.2s]
    [108,032/123,876  elapsed 21.2s]
    [113,152/123,876  elapsed 22.2s]
    [118,272/123,876  elapsed 23.2s]
    [123,392/123,876  elapsed 24.2s]
  eval done in 24.3s
  by-popularity NDCG@10: tail=0.0097(n=18,342)  mid=0.0277(n=20,089)  head=0.0958(n=85,445)
  evaluating 123,876 users in batches of 512...
    [512/123,876  elapsed 0.1s]
    [5,632/123,876  elapsed 1.1s]
    [10,752/123,876  elapsed 2.1s]
    [15,872/123,876  elapsed 3.2s]
    [20,992/123,876  elapsed 4.2s]
    [26,112/123,876  elapsed 5.2s]
    [31,232/123,876  elapsed 6.2s]
    [36,352/123,876  elapsed 7.2s]
    [41,472/123,876  elapsed 8.2s]
    [46,592/123,876  elapsed 9.2s]
    [51,712/123,876  elapsed 10.2s]
    [56,832/123,876  elapsed 11.2s]
    [61,952/123,876  elapsed 12.2s]
    [67,072/123,876  elapsed 13.3s]
    [72,192/123,876  elapsed 14.3s]
    [77,312/123,876  elapsed 15.3s]
    [82,432/123,876  elapsed 16.3s]
    [87,552/123,876  elapsed 17.3s]
    [92,672/123,876  elapsed 18.3s]
    [97,792/123,876  elapsed 19.4s]
    [102,912/123,876  elapsed 20.4s]
    [108,032/123,876  elapsed 21.4s]
    [113,152/123,876  elapsed 22.4s]
    [118,272/123,876  elapsed 23.4s]
    [123,392/123,876  elapsed 24.4s]
  eval done in 24.5s
  by-popularity NDCG@10: tail=0.0063(n=20,661)  mid=0.0206(n=20,108)  head=0.0905(n=83,107)
  epoch  13  loss=8.7153  val_NDCG=0.0720  test_NDCG=0.0651  test_HR=0.1101  (35.8s)
  evaluating 123,876 users in batches of 512...
    [512/123,876  elapsed 0.1s]
    [5,632/123,876  elapsed 1.1s]
    [10,752/123,876  elapsed 2.1s]
    [15,872/123,876  elapsed 3.1s]
    [20,992/123,876  elapsed 4.2s]
    [26,112/123,876  elapsed 5.2s]
    [31,232/123,876  elapsed 6.2s]
    [36,352/123,876  elapsed 7.2s]
    [41,472/123,876  elapsed 8.2s]
    [46,592/123,876  elapsed 9.2s]
    [51,712/123,876  elapsed 10.2s]
    [56,832/123,876  elapsed 11.2s]
    [61,952/123,876  elapsed 12.2s]
    [67,072/123,876  elapsed 13.2s]
    [72,192/123,876  elapsed 14.2s]
    [77,312/123,876  elapsed 15.2s]
    [82,432/123,876  elapsed 16.2s]
    [87,552/123,876  elapsed 17.3s]
    [92,672/123,876  elapsed 18.3s]
    [97,792/123,876  elapsed 19.3s]
    [102,912/123,876  elapsed 20.3s]
    [108,032/123,876  elapsed 21.3s]
    [113,152/123,876  elapsed 22.3s]
    [118,272/123,876  elapsed 23.3s]
    [123,392/123,876  elapsed 24.3s]
  eval done in 24.4s
  by-popularity NDCG@10: tail=0.0101(n=18,342)  mid=0.0284(n=20,089)  head=0.0963(n=85,445)
  evaluating 123,876 users in batches of 512...
    [512/123,876  elapsed 0.1s]
    [5,632/123,876  elapsed 1.1s]
    [10,752/123,876  elapsed 2.1s]
    [15,872/123,876  elapsed 3.2s]
    [20,992/123,876  elapsed 4.2s]
    [26,112/123,876  elapsed 5.2s]
    [31,232/123,876  elapsed 6.2s]
    [36,352/123,876  elapsed 7.3s]
    [41,472/123,876  elapsed 8.3s]
    [46,592/123,876  elapsed 9.3s]
    [51,712/123,876  elapsed 10.3s]
    [56,832/123,876  elapsed 11.3s]
    [61,952/123,876  elapsed 12.3s]
    [67,072/123,876  elapsed 13.4s]
    [72,192/123,876  elapsed 14.4s]
    [77,312/123,876  elapsed 15.4s]
    [82,432/123,876  elapsed 16.4s]
    [87,552/123,876  elapsed 17.4s]
    [92,672/123,876  elapsed 18.4s]
    [97,792/123,876  elapsed 19.5s]
    [102,912/123,876  elapsed 20.5s]
    [108,032/123,876  elapsed 21.5s]
    [113,152/123,876  elapsed 22.5s]
    [118,272/123,876  elapsed 23.5s]
    [123,392/123,876  elapsed 24.5s]
  eval done in 24.6s
  by-popularity NDCG@10: tail=0.0068(n=20,661)  mid=0.0213(n=20,108)  head=0.0911(n=83,107)
  epoch  14  loss=8.6733  val_NDCG=0.0725  test_NDCG=0.0657  test_HR=0.1113  (35.7s)
  evaluating 123,876 users in batches of 512...
    [512/123,876  elapsed 0.1s]
    [5,632/123,876  elapsed 1.1s]
    [10,752/123,876  elapsed 2.1s]
    [15,872/123,876  elapsed 3.1s]
    [20,992/123,876  elapsed 4.1s]
    [26,112/123,876  elapsed 5.2s]
    [31,232/123,876  elapsed 6.2s]
    [36,352/123,876  elapsed 7.2s]
    [41,472/123,876  elapsed 8.2s]
    [46,592/123,876  elapsed 9.2s]
    [51,712/123,876  elapsed 10.2s]
    [56,832/123,876  elapsed 11.2s]
    [61,952/123,876  elapsed 12.3s]
    [67,072/123,876  elapsed 13.3s]
    [72,192/123,876  elapsed 14.3s]
    [77,312/123,876  elapsed 15.3s]
    [82,432/123,876  elapsed 16.3s]
    [87,552/123,876  elapsed 17.4s]
    [92,672/123,876  elapsed 18.4s]
    [97,792/123,876  elapsed 19.4s]
    [102,912/123,876  elapsed 20.4s]
    [108,032/123,876  elapsed 21.4s]
    [113,152/123,876  elapsed 22.4s]
    [118,272/123,876  elapsed 23.4s]
    [123,392/123,876  elapsed 24.4s]
  eval done in 24.5s
  by-popularity NDCG@10: tail=0.0102(n=18,342)  mid=0.0285(n=20,089)  head=0.0968(n=85,445)
  evaluating 123,876 users in batches of 512...
    [512/123,876  elapsed 0.1s]
    [5,632/123,876  elapsed 1.1s]
    [10,752/123,876  elapsed 2.1s]
    [15,872/123,876  elapsed 3.1s]
    [20,992/123,876  elapsed 4.2s]
    [26,112/123,876  elapsed 5.2s]
    [31,232/123,876  elapsed 6.2s]
    [36,352/123,876  elapsed 7.2s]
    [41,472/123,876  elapsed 8.2s]
    [46,592/123,876  elapsed 9.3s]
    [51,712/123,876  elapsed 10.3s]
    [56,832/123,876  elapsed 11.3s]
    [61,952/123,876  elapsed 12.3s]
    [67,072/123,876  elapsed 13.3s]
    [72,192/123,876  elapsed 14.3s]
    [77,312/123,876  elapsed 15.4s]
    [82,432/123,876  elapsed 16.4s]
    [87,552/123,876  elapsed 17.4s]
    [92,672/123,876  elapsed 18.4s]
    [97,792/123,876  elapsed 19.4s]
    [102,912/123,876  elapsed 20.4s]
    [108,032/123,876  elapsed 21.5s]
    [113,152/123,876  elapsed 22.5s]
    [118,272/123,876  elapsed 23.5s]
    [123,392/123,876  elapsed 24.5s]
  eval done in 24.6s
  by-popularity NDCG@10: tail=0.0067(n=20,661)  mid=0.0216(n=20,108)  head=0.0917(n=83,107)
  epoch  15  loss=8.6365  val_NDCG=0.0729  test_NDCG=0.0662  test_HR=0.1115  (35.8s)
  evaluating 123,876 users in batches of 512...
    [512/123,876  elapsed 0.1s]
    [5,632/123,876  elapsed 1.1s]
    [10,752/123,876  elapsed 2.1s]
    [15,872/123,876  elapsed 3.1s]
    [20,992/123,876  elapsed 4.2s]
    [26,112/123,876  elapsed 5.2s]
    [31,232/123,876  elapsed 6.2s]
    [36,352/123,876  elapsed 7.2s]
    [41,472/123,876  elapsed 8.3s]
    [46,592/123,876  elapsed 9.3s]
    [51,712/123,876  elapsed 10.3s]
    [56,832/123,876  elapsed 11.3s]
    [61,952/123,876  elapsed 12.3s]
    [67,072/123,876  elapsed 13.3s]
    [72,192/123,876  elapsed 14.3s]
    [77,312/123,876  elapsed 15.3s]
    [82,432/123,876  elapsed 16.3s]
    [87,552/123,876  elapsed 17.3s]
    [92,672/123,876  elapsed 18.3s]
    [97,792/123,876  elapsed 19.3s]
    [102,912/123,876  elapsed 20.3s]
    [108,032/123,876  elapsed 21.3s]
    [113,152/123,876  elapsed 22.3s]
    [118,272/123,876  elapsed 23.4s]
    [123,392/123,876  elapsed 24.4s]
  eval done in 24.5s
  by-popularity NDCG@10: tail=0.0104(n=18,342)  mid=0.0288(n=20,089)  head=0.0970(n=85,445)
  evaluating 123,876 users in batches of 512...
    [512/123,876  elapsed 0.1s]
    [5,632/123,876  elapsed 1.1s]
    [10,752/123,876  elapsed 2.1s]
    [15,872/123,876  elapsed 3.1s]
    [20,992/123,876  elapsed 4.2s]
    [26,112/123,876  elapsed 5.2s]
    [31,232/123,876  elapsed 6.2s]
    [36,352/123,876  elapsed 7.2s]
    [41,472/123,876  elapsed 8.2s]
    [46,592/123,876  elapsed 9.2s]
    [51,712/123,876  elapsed 10.2s]
    [56,832/123,876  elapsed 11.2s]
    [61,952/123,876  elapsed 12.2s]
    [67,072/123,876  elapsed 13.2s]
    [72,192/123,876  elapsed 14.3s]
    [77,312/123,876  elapsed 15.3s]
    [82,432/123,876  elapsed 16.3s]
    [87,552/123,876  elapsed 17.3s]
    [92,672/123,876  elapsed 18.3s]
    [97,792/123,876  elapsed 19.3s]
    [102,912/123,876  elapsed 20.3s]
    [108,032/123,876  elapsed 21.3s]
    [113,152/123,876  elapsed 22.3s]
    [118,272/123,876  elapsed 23.3s]
    [123,392/123,876  elapsed 24.4s]
  eval done in 24.5s
  by-popularity NDCG@10: tail=0.0068(n=20,661)  mid=0.0220(n=20,108)  head=0.0916(n=83,107)
  epoch  16  loss=8.6044  val_NDCG=0.0731  test_NDCG=0.0662  test_HR=0.1119  (35.8s)
  evaluating 123,876 users in batches of 512...
    [512/123,876  elapsed 0.1s]
    [5,632/123,876  elapsed 1.1s]
    [10,752/123,876  elapsed 2.2s]
    [15,872/123,876  elapsed 3.2s]
    [20,992/123,876  elapsed 4.2s]
    [26,112/123,876  elapsed 5.2s]
    [31,232/123,876  elapsed 6.2s]
    [36,352/123,876  elapsed 7.3s]
    [41,472/123,876  elapsed 8.3s]
    [46,592/123,876  elapsed 9.3s]
    [51,712/123,876  elapsed 10.3s]
    [56,832/123,876  elapsed 11.3s]
    [61,952/123,876  elapsed 12.3s]
    [67,072/123,876  elapsed 13.4s]
    [72,192/123,876  elapsed 14.4s]
    [77,312/123,876  elapsed 15.4s]
    [82,432/123,876  elapsed 16.4s]
    [87,552/123,876  elapsed 17.4s]
    [92,672/123,876  elapsed 18.5s]
    [97,792/123,876  elapsed 19.5s]
    [102,912/123,876  elapsed 20.5s]
    [108,032/123,876  elapsed 21.5s]
    [113,152/123,876  elapsed 22.5s]
    [118,272/123,876  elapsed 23.6s]
    [123,392/123,876  elapsed 24.6s]
  eval done in 24.7s
  by-popularity NDCG@10: tail=0.0104(n=18,342)  mid=0.0288(n=20,089)  head=0.0972(n=85,445)
  evaluating 123,876 users in batches of 512...
    [512/123,876  elapsed 0.1s]
    [5,632/123,876  elapsed 1.1s]
    [10,752/123,876  elapsed 2.2s]
    [15,872/123,876  elapsed 3.2s]
    [20,992/123,876  elapsed 4.2s]
    [26,112/123,876  elapsed 5.3s]
    [31,232/123,876  elapsed 6.3s]
    [36,352/123,876  elapsed 7.3s]
    [41,472/123,876  elapsed 8.3s]
    [46,592/123,876  elapsed 9.3s]
    [51,712/123,876  elapsed 10.4s]
    [56,832/123,876  elapsed 11.4s]
    [61,952/123,876  elapsed 12.4s]
    [67,072/123,876  elapsed 13.5s]
    [72,192/123,876  elapsed 14.5s]
    [77,312/123,876  elapsed 15.6s]
    [82,432/123,876  elapsed 16.6s]
    [87,552/123,876  elapsed 17.7s]
    [92,672/123,876  elapsed 18.7s]
    [97,792/123,876  elapsed 19.7s]
    [102,912/123,876  elapsed 20.8s]
    [108,032/123,876  elapsed 21.8s]
    [113,152/123,876  elapsed 22.8s]
    [118,272/123,876  elapsed 23.8s]
    [123,392/123,876  elapsed 24.9s]
  eval done in 25.0s
  by-popularity NDCG@10: tail=0.0070(n=20,661)  mid=0.0221(n=20,108)  head=0.0919(n=83,107)
  epoch  17  loss=8.5789  val_NDCG=0.0732  test_NDCG=0.0664  test_HR=0.1124  (35.9s)
  evaluating 123,876 users in batches of 512...
    [512/123,876  elapsed 0.1s]
    [5,632/123,876  elapsed 1.1s]
    [10,752/123,876  elapsed 2.1s]
    [15,872/123,876  elapsed 3.1s]
    [20,992/123,876  elapsed 4.1s]
    [26,112/123,876  elapsed 5.1s]
    [31,232/123,876  elapsed 6.1s]
    [36,352/123,876  elapsed 7.2s]
    [41,472/123,876  elapsed 8.2s]
    [46,592/123,876  elapsed 9.2s]
    [51,712/123,876  elapsed 10.3s]
    [56,832/123,876  elapsed 11.3s]
    [61,952/123,876  elapsed 12.3s]
    [67,072/123,876  elapsed 13.3s]
    [72,192/123,876  elapsed 14.3s]
    [77,312/123,876  elapsed 15.3s]
    [82,432/123,876  elapsed 16.3s]
    [87,552/123,876  elapsed 17.4s]
    [92,672/123,876  elapsed 18.4s]
    [97,792/123,876  elapsed 19.4s]
    [102,912/123,876  elapsed 20.4s]
    [108,032/123,876  elapsed 21.4s]
    [113,152/123,876  elapsed 22.4s]
    [118,272/123,876  elapsed 23.4s]
    [123,392/123,876  elapsed 24.4s]
  eval done in 24.5s
  by-popularity NDCG@10: tail=0.0105(n=18,342)  mid=0.0290(n=20,089)  head=0.0974(n=85,445)
  evaluating 123,876 users in batches of 512...
    [512/123,876  elapsed 0.1s]
    [5,632/123,876  elapsed 1.1s]
    [10,752/123,876  elapsed 2.1s]
    [15,872/123,876  elapsed 3.1s]
    [20,992/123,876  elapsed 4.2s]
    [26,112/123,876  elapsed 5.2s]
    [31,232/123,876  elapsed 6.2s]
    [36,352/123,876  elapsed 7.2s]
    [41,472/123,876  elapsed 8.2s]
    [46,592/123,876  elapsed 9.3s]
    [51,712/123,876  elapsed 10.3s]
    [56,832/123,876  elapsed 11.4s]
    [61,952/123,876  elapsed 12.4s]
    [67,072/123,876  elapsed 13.4s]
    [72,192/123,876  elapsed 14.4s]
    [77,312/123,876  elapsed 15.4s]
    [82,432/123,876  elapsed 16.5s]
    [87,552/123,876  elapsed 17.5s]
    [92,672/123,876  elapsed 18.5s]
    [97,792/123,876  elapsed 19.5s]
    [102,912/123,876  elapsed 20.5s]
    [108,032/123,876  elapsed 21.5s]
    [113,152/123,876  elapsed 22.6s]
    [118,272/123,876  elapsed 23.6s]
    [123,392/123,876  elapsed 24.6s]
  eval done in 24.7s
  by-popularity NDCG@10: tail=0.0071(n=20,661)  mid=0.0221(n=20,108)  head=0.0920(n=83,107)
  epoch  18  loss=8.5617  val_NDCG=0.0734  test_NDCG=0.0665  test_HR=0.1123  (35.8s)
  evaluating 123,876 users in batches of 512...
    [512/123,876  elapsed 0.1s]
    [5,632/123,876  elapsed 1.1s]
    [10,752/123,876  elapsed 2.1s]
    [15,872/123,876  elapsed 3.1s]
    [20,992/123,876  elapsed 4.1s]
    [26,112/123,876  elapsed 5.1s]
    [31,232/123,876  elapsed 6.2s]
    [36,352/123,876  elapsed 7.2s]
    [41,472/123,876  elapsed 8.2s]
    [46,592/123,876  elapsed 9.2s]
    [51,712/123,876  elapsed 10.2s]
    [56,832/123,876  elapsed 11.2s]
    [61,952/123,876  elapsed 12.2s]
    [67,072/123,876  elapsed 13.2s]
    [72,192/123,876  elapsed 14.2s]
    [77,312/123,876  elapsed 15.2s]
    [82,432/123,876  elapsed 16.3s]
    [87,552/123,876  elapsed 17.3s]
    [92,672/123,876  elapsed 18.3s]
    [97,792/123,876  elapsed 19.3s]
    [102,912/123,876  elapsed 20.3s]
    [108,032/123,876  elapsed 21.3s]
    [113,152/123,876  elapsed 22.3s]
    [118,272/123,876  elapsed 23.3s]
    [123,392/123,876  elapsed 24.3s]
  eval done in 24.4s
  by-popularity NDCG@10: tail=0.0105(n=18,342)  mid=0.0289(n=20,089)  head=0.0974(n=85,445)
  evaluating 123,876 users in batches of 512...
    [512/123,876  elapsed 0.1s]
    [5,632/123,876  elapsed 1.1s]
    [10,752/123,876  elapsed 2.1s]
    [15,872/123,876  elapsed 3.1s]
    [20,992/123,876  elapsed 4.2s]
    [26,112/123,876  elapsed 5.2s]
    [31,232/123,876  elapsed 6.2s]
    [36,352/123,876  elapsed 7.2s]
    [41,472/123,876  elapsed 8.2s]
    [46,592/123,876  elapsed 9.2s]
    [51,712/123,876  elapsed 10.3s]
    [56,832/123,876  elapsed 11.3s]
    [61,952/123,876  elapsed 12.3s]
    [67,072/123,876  elapsed 13.3s]
    [72,192/123,876  elapsed 14.3s]
    [77,312/123,876  elapsed 15.3s]
    [82,432/123,876  elapsed 16.3s]
    [87,552/123,876  elapsed 17.4s]
    [92,672/123,876  elapsed 18.4s]
    [97,792/123,876  elapsed 19.4s]
    [102,912/123,876  elapsed 20.4s]
    [108,032/123,876  elapsed 21.5s]
    [113,152/123,876  elapsed 22.5s]
    [118,272/123,876  elapsed 23.5s]
    [123,392/123,876  elapsed 24.5s]
  eval done in 24.6s
  by-popularity NDCG@10: tail=0.0071(n=20,661)  mid=0.0221(n=20,108)  head=0.0920(n=83,107)
  epoch  19  loss=8.5488  val_NDCG=0.0734  test_NDCG=0.0665  test_HR=0.1124  (36.0s)
  evaluating 123,876 users in batches of 512...
    [512/123,876  elapsed 0.1s]
    [5,632/123,876  elapsed 1.1s]
    [10,752/123,876  elapsed 2.1s]
    [15,872/123,876  elapsed 3.1s]
    [20,992/123,876  elapsed 4.2s]
    [26,112/123,876  elapsed 5.2s]
    [31,232/123,876  elapsed 6.2s]
    [36,352/123,876  elapsed 7.2s]
    [41,472/123,876  elapsed 8.2s]
    [46,592/123,876  elapsed 9.3s]
    [51,712/123,876  elapsed 10.3s]
    [56,832/123,876  elapsed 11.3s]
    [61,952/123,876  elapsed 12.4s]
    [67,072/123,876  elapsed 13.4s]
    [72,192/123,876  elapsed 14.5s]
    [77,312/123,876  elapsed 15.5s]
    [82,432/123,876  elapsed 16.5s]
    [87,552/123,876  elapsed 17.5s]
    [92,672/123,876  elapsed 18.6s]
    [97,792/123,876  elapsed 19.6s]
    [102,912/123,876  elapsed 20.6s]
    [108,032/123,876  elapsed 21.6s]
    [113,152/123,876  elapsed 22.6s]
    [118,272/123,876  elapsed 23.6s]
    [123,392/123,876  elapsed 24.7s]
  eval done in 24.8s
  by-popularity NDCG@10: tail=0.0105(n=18,342)  mid=0.0289(n=20,089)  head=0.0974(n=85,445)
  evaluating 123,876 users in batches of 512...
    [512/123,876  elapsed 0.1s]
    [5,632/123,876  elapsed 1.2s]
    [10,752/123,876  elapsed 2.2s]
    [15,872/123,876  elapsed 3.2s]
    [20,992/123,876  elapsed 4.2s]
    [26,112/123,876  elapsed 5.3s]
    [31,232/123,876  elapsed 6.3s]
    [36,352/123,876  elapsed 7.3s]
    [41,472/123,876  elapsed 8.3s]
    [46,592/123,876  elapsed 9.4s]
    [51,712/123,876  elapsed 10.4s]
    [56,832/123,876  elapsed 11.4s]
    [61,952/123,876  elapsed 12.5s]
    [67,072/123,876  elapsed 13.5s]
    [72,192/123,876  elapsed 14.5s]
    [77,312/123,876  elapsed 15.6s]
    [82,432/123,876  elapsed 16.6s]
    [87,552/123,876  elapsed 17.6s]
    [92,672/123,876  elapsed 18.6s]
    [97,792/123,876  elapsed 19.6s]
    [102,912/123,876  elapsed 20.7s]
    [108,032/123,876  elapsed 21.7s]
    [113,152/123,876  elapsed 22.7s]
    [118,272/123,876  elapsed 23.8s]
    [123,392/123,876  elapsed 24.8s]
  eval done in 24.9s
  by-popularity NDCG@10: tail=0.0071(n=20,661)  mid=0.0221(n=20,108)  head=0.0920(n=83,107)
  epoch  20  loss=8.5428  val_NDCG=0.0734  test_NDCG=0.0665  test_HR=0.1123  (35.8s)

=== Best by val NDCG@10 ===
  val_NDCG=0.0734
  test: {'NDCG@10': 0.06645588213357055, 'HR@10': 0.11225741870903161, 'MRR': 0.05882844627271026, 'n_eval': 123876, 'by_popularity': {'tail': {'NDCG@10': 0.0070737095856227014, 'HR@10': 0.013939305938725135, 'n': 20661, 'n_hit@10': 288, 'HR@20': 0.0209089589080877, 'n_hit@20': 432, 'HR@50': 0.037800687285223365, 'n_hit@50': 781, 'HR@100': 0.059435651710953004, 'n_hit@100': 1228}, 'mid': {'NDCG@10': 0.022092232293248158, 'HR@10': 0.04048140043763676, 'n': 20108, 'n_hit@10': 814, 'HR@20': 0.061865924010344145, 'n_hit@20': 1244, 'HR@50': 0.09826934553411577, 'n_hit@50': 1976, 'HR@100': 0.143027650686294, 'n_hit@100': 2876}, 'head': {'NDCG@10': 0.09195264339317989, 'HR@10': 0.15406644446316195, 'n': 83107, 'n_hit@10': 12804, 'HR@20': 0.20376141600587194, 'n_hit@20': 16934, 'HR@50': 0.2824310828209417, 'n_hit@50': 23472, 'HR@100': 0.3513663109004055, 'n_hit@100': 29201}}}
wrote C:\Users\rayxc\Documents\R\_bestrec_run\results_CDS_COLDFUSE_base_seed20260736.users.jsonl.gz (123,876 per-user records, best epoch 18, sha256 2447bb692dfa…)
wrote C:\Users\rayxc\Documents\R\_bestrec_run\results_CDS_COLDFUSE_base_seed20260736.final.users.jsonl.gz (123,876 FINAL-epoch per-user records)

wrote C:\Users\rayxc\Documents\R\_bestrec_run\results_CDS_COLDFUSE_base_seed20260736.json
[run] results_CDs_and_Vinyl_COLDFUSE_confirm_seed20260736.json
=== COLDFUSE confirm: CDs_and_Vinyl seed 20260736 (ease=no) ===
  [val] streaming sweep: 41 systems ...
    [512/123,876 1s]
    [20,992/123,876 15s]
    [41,472/123,876 30s]
    [61,952/123,876 45s]
    [82,432/123,876 60s]
    [102,912/123,876 75s]
    [123,392/123,876 89s]
  VAL ref overall 0.07343 tail 0.00980 | selected {'profile': 'exp0.9', 'wt_tail': 0.2, 'wt_mid': 0.0, 'wt_head': 0.0} val tail 0.01486
  [test] reference + selected ...
    [512/123,876 0s]
    [20,992/123,876 5s]
    [41,472/123,876 11s]
    [61,952/123,876 16s]
    [82,432/123,876 21s]
    [102,912/123,876 26s]
    [123,392/123,876 31s]
  TEST ref 0.06646 (tail 0.00695) -> sel 0.06660 (tail 0.01177)
wrote C:\Users\rayxc\Documents\R\_bestrec_run\results_CDs_and_Vinyl_COLDFUSE_confirm_seed20260736.json
[run] results_CDS_COLDFUSE_base_seed20260737.json
  random seed set to 20260737
=== CDs_and_Vinyl: load splits ===
  n_users=123,876  n_items=89,370  pad_id=89370
  built sequences for 123,876 users
  built timestamp sequences (12 time buckets)
  loading SBERT embeddings from C:\Users\rayxc\Documents\R\cache_5core\sbert_titles_CDs_and_Vinyl.npy...
  TAPE: k-means 89,370 text embeddings into K=512 prototypes (tau=0.05)...
  TAPE: K=512 mean max-assignment weight = 0.490 (1.0 = hard clustering)

=== Build SASRec-SBERT (d=64, layers=4, heads=2) ===
  total params: 40,208,319  device=cuda
  123,876 training examples / 484 batches per epoch
  init_state_sha256 = 39f9816bc0f43f04e32eda34ed33b9c25666d75b860d36aa91f67db92149885a
  LR schedule: warmup_cosine (484 warmup + 9196 cosine steps)

=== Train for 20 epochs ===
  evaluating 123,876 users in batches of 512...
    [512/123,876  elapsed 0.1s]
    [5,632/123,876  elapsed 1.1s]
    [10,752/123,876  elapsed 2.1s]
    [15,872/123,876  elapsed 3.1s]
    [20,992/123,876  elapsed 4.1s]
    [26,112/123,876  elapsed 5.2s]
    [31,232/123,876  elapsed 6.2s]
    [36,352/123,876  elapsed 7.2s]
    [41,472/123,876  elapsed 8.2s]
    [46,592/123,876  elapsed 9.2s]
    [51,712/123,876  elapsed 10.2s]
    [56,832/123,876  elapsed 11.2s]
    [61,952/123,876  elapsed 12.2s]
    [67,072/123,876  elapsed 13.2s]
    [72,192/123,876  elapsed 14.2s]
    [77,312/123,876  elapsed 15.2s]
    [82,432/123,876  elapsed 16.2s]
    [87,552/123,876  elapsed 17.2s]
    [92,672/123,876  elapsed 18.2s]
    [97,792/123,876  elapsed 19.2s]
    [102,912/123,876  elapsed 20.2s]
    [108,032/123,876  elapsed 21.2s]
    [113,152/123,876  elapsed 22.2s]
    [118,272/123,876  elapsed 23.2s]
    [123,392/123,876  elapsed 24.2s]
  eval done in 24.3s
  by-popularity NDCG@10: tail=0.0000(n=18,342)  mid=0.0001(n=20,089)  head=0.0127(n=85,445)
  evaluating 123,876 users in batches of 512...
    [512/123,876  elapsed 0.1s]
    [5,632/123,876  elapsed 1.1s]
    [10,752/123,876  elapsed 2.1s]
    [15,872/123,876  elapsed 3.1s]
    [20,992/123,876  elapsed 4.1s]
    [26,112/123,876  elapsed 5.1s]
    [31,232/123,876  elapsed 6.1s]
    [36,352/123,876  elapsed 7.1s]
    [41,472/123,876  elapsed 8.1s]
    [46,592/123,876  elapsed 9.2s]
    [51,712/123,876  elapsed 10.2s]
    [56,832/123,876  elapsed 11.2s]
    [61,952/123,876  elapsed 12.2s]
    [67,072/123,876  elapsed 13.2s]
    [72,192/123,876  elapsed 14.2s]
    [77,312/123,876  elapsed 15.2s]
    [82,432/123,876  elapsed 16.2s]
    [87,552/123,876  elapsed 17.2s]
    [92,672/123,876  elapsed 18.2s]
    [97,792/123,876  elapsed 19.2s]
    [102,912/123,876  elapsed 20.2s]
    [108,032/123,876  elapsed 21.2s]
    [113,152/123,876  elapsed 22.2s]
    [118,272/123,876  elapsed 23.2s]
    [123,392/123,876  elapsed 24.2s]
  eval done in 24.3s
  by-popularity NDCG@10: tail=0.0000(n=20,661)  mid=0.0001(n=20,108)  head=0.0136(n=83,107)
  epoch   1  loss=11.0074  val_NDCG=0.0087  test_NDCG=0.0091  test_HR=0.0172  (36.1s)
  evaluating 123,876 users in batches of 512...
    [512/123,876  elapsed 0.1s]
    [5,632/123,876  elapsed 1.1s]
    [10,752/123,876  elapsed 2.1s]
    [15,872/123,876  elapsed 3.1s]
    [20,992/123,876  elapsed 4.1s]
    [26,112/123,876  elapsed 5.1s]
    [31,232/123,876  elapsed 6.1s]
    [36,352/123,876  elapsed 7.2s]
    [41,472/123,876  elapsed 8.2s]
    [46,592/123,876  elapsed 9.2s]
    [51,712/123,876  elapsed 10.2s]
    [56,832/123,876  elapsed 11.2s]
    [61,952/123,876  elapsed 12.2s]
    [67,072/123,876  elapsed 13.2s]
    [72,192/123,876  elapsed 14.2s]
    [77,312/123,876  elapsed 15.2s]
    [82,432/123,876  elapsed 16.2s]
    [87,552/123,876  elapsed 17.2s]
    [92,672/123,876  elapsed 18.2s]
    [97,792/123,876  elapsed 19.2s]
    [102,912/123,876  elapsed 20.2s]
    [108,032/123,876  elapsed 21.2s]
    [113,152/123,876  elapsed 22.2s]
    [118,272/123,876  elapsed 23.3s]
    [123,392/123,876  elapsed 24.3s]
  eval done in 24.4s
  by-popularity NDCG@10: tail=0.0002(n=18,342)  mid=0.0009(n=20,089)  head=0.0381(n=85,445)
  evaluating 123,876 users in batches of 512...
    [512/123,876  elapsed 0.1s]
    [5,632/123,876  elapsed 1.1s]
    [10,752/123,876  elapsed 2.1s]
    [15,872/123,876  elapsed 3.1s]
    [20,992/123,876  elapsed 4.2s]
    [26,112/123,876  elapsed 5.2s]
    [31,232/123,876  elapsed 6.2s]
    [36,352/123,876  elapsed 7.2s]
    [41,472/123,876  elapsed 8.2s]
    [46,592/123,876  elapsed 9.3s]
    [51,712/123,876  elapsed 10.3s]
    [56,832/123,876  elapsed 11.3s]
    [61,952/123,876  elapsed 12.3s]
    [67,072/123,876  elapsed 13.3s]
    [72,192/123,876  elapsed 14.3s]
    [77,312/123,876  elapsed 15.4s]
    [82,432/123,876  elapsed 16.4s]
    [87,552/123,876  elapsed 17.4s]
    [92,672/123,876  elapsed 18.4s]
    [97,792/123,876  elapsed 19.4s]
    [102,912/123,876  elapsed 20.5s]
    [108,032/123,876  elapsed 21.5s]
    [113,152/123,876  elapsed 22.5s]
    [118,272/123,876  elapsed 23.6s]
    [123,392/123,876  elapsed 24.6s]
  eval done in 24.7s
  by-popularity NDCG@10: tail=0.0000(n=20,661)  mid=0.0008(n=20,108)  head=0.0369(n=83,107)
  epoch   2  loss=10.2825  val_NDCG=0.0265  test_NDCG=0.0249  test_HR=0.0458  (35.9s)
  evaluating 123,876 users in batches of 512...
    [512/123,876  elapsed 0.1s]
    [5,632/123,876  elapsed 1.1s]
    [10,752/123,876  elapsed 2.1s]
    [15,872/123,876  elapsed 3.1s]
    [20,992/123,876  elapsed 4.1s]
    [26,112/123,876  elapsed 5.1s]
    [31,232/123,876  elapsed 6.1s]
    [36,352/123,876  elapsed 7.1s]
    [41,472/123,876  elapsed 8.1s]
    [46,592/123,876  elapsed 9.1s]
    [51,712/123,876  elapsed 10.1s]
    [56,832/123,876  elapsed 11.1s]
    [61,952/123,876  elapsed 12.1s]
    [67,072/123,876  elapsed 13.1s]
    [72,192/123,876  elapsed 14.1s]
    [77,312/123,876  elapsed 15.1s]
    [82,432/123,876  elapsed 16.1s]
    [87,552/123,876  elapsed 17.1s]
    [92,672/123,876  elapsed 18.1s]
    [97,792/123,876  elapsed 19.1s]
    [102,912/123,876  elapsed 20.2s]
    [108,032/123,876  elapsed 21.2s]
    [113,152/123,876  elapsed 22.2s]
    [118,272/123,876  elapsed 23.2s]
    [123,392/123,876  elapsed 24.2s]
  eval done in 24.3s
  by-popularity NDCG@10: tail=0.0005(n=18,342)  mid=0.0031(n=20,089)  head=0.0589(n=85,445)
  evaluating 123,876 users in batches of 512...
    [512/123,876  elapsed 0.1s]
    [5,632/123,876  elapsed 1.1s]
    [10,752/123,876  elapsed 2.1s]
    [15,872/123,876  elapsed 3.1s]
    [20,992/123,876  elapsed 4.1s]
    [26,112/123,876  elapsed 5.2s]
    [31,232/123,876  elapsed 6.2s]
    [36,352/123,876  elapsed 7.2s]
    [41,472/123,876  elapsed 8.2s]
    [46,592/123,876  elapsed 9.2s]
    [51,712/123,876  elapsed 10.2s]
    [56,832/123,876  elapsed 11.2s]
    [61,952/123,876  elapsed 12.2s]
    [67,072/123,876  elapsed 13.3s]
    [72,192/123,876  elapsed 14.3s]
    [77,312/123,876  elapsed 15.3s]
    [82,432/123,876  elapsed 16.3s]
    [87,552/123,876  elapsed 17.3s]
    [92,672/123,876  elapsed 18.3s]
    [97,792/123,876  elapsed 19.3s]
    [102,912/123,876  elapsed 20.4s]
    [108,032/123,876  elapsed 21.4s]
    [113,152/123,876  elapsed 22.4s]
    [118,272/123,876  elapsed 23.4s]
    [123,392/123,876  elapsed 24.4s]
  eval done in 24.5s
  by-popularity NDCG@10: tail=0.0004(n=20,661)  mid=0.0025(n=20,108)  head=0.0560(n=83,107)
  epoch   3  loss=9.8284  val_NDCG=0.0412  test_NDCG=0.0380  test_HR=0.0680  (35.8s)
  evaluating 123,876 users in batches of 512...
    [512/123,876  elapsed 0.1s]
    [5,632/123,876  elapsed 1.1s]
    [10,752/123,876  elapsed 2.1s]
    [15,872/123,876  elapsed 3.1s]
    [20,992/123,876  elapsed 4.1s]
    [26,112/123,876  elapsed 5.1s]
    [31,232/123,876  elapsed 6.1s]
    [36,352/123,876  elapsed 7.1s]
    [41,472/123,876  elapsed 8.1s]
    [46,592/123,876  elapsed 9.1s]
    [51,712/123,876  elapsed 10.1s]
    [56,832/123,876  elapsed 11.1s]
    [61,952/123,876  elapsed 12.1s]
    [67,072/123,876  elapsed 13.1s]
    [72,192/123,876  elapsed 14.1s]
    [77,312/123,876  elapsed 15.1s]
    [82,432/123,876  elapsed 16.1s]
    [87,552/123,876  elapsed 17.1s]
    [92,672/123,876  elapsed 18.1s]
    [97,792/123,876  elapsed 19.1s]
    [102,912/123,876  elapsed 20.1s]
    [108,032/123,876  elapsed 21.1s]
    [113,152/123,876  elapsed 22.1s]
    [118,272/123,876  elapsed 23.1s]
    [123,392/123,876  elapsed 24.1s]
  eval done in 24.2s
  by-popularity NDCG@10: tail=0.0011(n=18,342)  mid=0.0065(n=20,089)  head=0.0720(n=85,445)
  evaluating 123,876 users in batches of 512...
    [512/123,876  elapsed 0.1s]
    [5,632/123,876  elapsed 1.1s]
    [10,752/123,876  elapsed 2.1s]
    [15,872/123,876  elapsed 3.1s]
    [20,992/123,876  elapsed 4.1s]
    [26,112/123,876  elapsed 5.1s]
    [31,232/123,876  elapsed 6.2s]
    [36,352/123,876  elapsed 7.2s]
    [41,472/123,876  elapsed 8.2s]
    [46,592/123,876  elapsed 9.2s]
    [51,712/123,876  elapsed 10.2s]
    [56,832/123,876  elapsed 11.2s]
    [61,952/123,876  elapsed 12.2s]
    [67,072/123,876  elapsed 13.2s]
    [72,192/123,876  elapsed 14.3s]
    [77,312/123,876  elapsed 15.3s]
    [82,432/123,876  elapsed 16.3s]
    [87,552/123,876  elapsed 17.3s]
    [92,672/123,876  elapsed 18.3s]
    [97,792/123,876  elapsed 19.3s]
    [102,912/123,876  elapsed 20.3s]
    [108,032/123,876  elapsed 21.3s]
    [113,152/123,876  elapsed 22.3s]
    [118,272/123,876  elapsed 23.3s]
    [123,392/123,876  elapsed 24.4s]
  eval done in 24.5s
  by-popularity NDCG@10: tail=0.0008(n=20,661)  mid=0.0046(n=20,108)  head=0.0681(n=83,107)
  epoch   4  loss=9.5547  val_NDCG=0.0509  test_NDCG=0.0466  test_HR=0.0814  (35.9s)
  evaluating 123,876 users in batches of 512...
    [512/123,876  elapsed 0.1s]
    [5,632/123,876  elapsed 1.1s]
    [10,752/123,876  elapsed 2.1s]
    [15,872/123,876  elapsed 3.1s]
    [20,992/123,876  elapsed 4.1s]
    [26,112/123,876  elapsed 5.1s]
    [31,232/123,876  elapsed 6.1s]
    [36,352/123,876  elapsed 7.2s]
    [41,472/123,876  elapsed 8.2s]
    [46,592/123,876  elapsed 9.2s]
    [51,712/123,876  elapsed 10.2s]
    [56,832/123,876  elapsed 11.2s]
    [61,952/123,876  elapsed 12.2s]
    [67,072/123,876  elapsed 13.2s]
    [72,192/123,876  elapsed 14.2s]
    [77,312/123,876  elapsed 15.3s]
    [82,432/123,876  elapsed 16.3s]
    [87,552/123,876  elapsed 17.3s]
    [92,672/123,876  elapsed 18.3s]
    [97,792/123,876  elapsed 19.3s]
    [102,912/123,876  elapsed 20.4s]
    [108,032/123,876  elapsed 21.4s]
    [113,152/123,876  elapsed 22.4s]
    [118,272/123,876  elapsed 23.4s]
    [123,392/123,876  elapsed 24.4s]
  eval done in 24.5s
  by-popularity NDCG@10: tail=0.0023(n=18,342)  mid=0.0107(n=20,089)  head=0.0808(n=85,445)
  evaluating 123,876 users in batches of 512...
    [512/123,876  elapsed 0.1s]
    [5,632/123,876  elapsed 1.1s]
    [10,752/123,876  elapsed 2.1s]
    [15,872/123,876  elapsed 3.2s]
    [20,992/123,876  elapsed 4.2s]
    [26,112/123,876  elapsed 5.2s]
    [31,232/123,876  elapsed 6.2s]
    [36,352/123,876  elapsed 7.3s]
    [41,472/123,876  elapsed 8.3s]
    [46,592/123,876  elapsed 9.3s]
    [51,712/123,876  elapsed 10.4s]
    [56,832/123,876  elapsed 11.4s]
    [61,952/123,876  elapsed 12.4s]
    [67,072/123,876  elapsed 13.4s]
    [72,192/123,876  elapsed 14.4s]
    [77,312/123,876  elapsed 15.4s]
    [82,432/123,876  elapsed 16.5s]
    [87,552/123,876  elapsed 17.5s]
    [92,672/123,876  elapsed 18.5s]
    [97,792/123,876  elapsed 19.5s]
    [102,912/123,876  elapsed 20.5s]
    [108,032/123,876  elapsed 21.6s]
    [113,152/123,876  elapsed 22.6s]
    [118,272/123,876  elapsed 23.6s]
    [123,392/123,876  elapsed 24.6s]
  eval done in 24.7s
  by-popularity NDCG@10: tail=0.0017(n=20,661)  mid=0.0074(n=20,108)  head=0.0759(n=83,107)
  epoch   5  loss=9.3657  val_NDCG=0.0578  test_NDCG=0.0524  test_HR=0.0905  (35.7s)
  evaluating 123,876 users in batches of 512...
    [512/123,876  elapsed 0.1s]
    [5,632/123,876  elapsed 1.1s]
    [10,752/123,876  elapsed 2.1s]
    [15,872/123,876  elapsed 3.2s]
    [20,992/123,876  elapsed 4.2s]
    [26,112/123,876  elapsed 5.2s]
    [31,232/123,876  elapsed 6.2s]
    [36,352/123,876  elapsed 7.2s]
    [41,472/123,876  elapsed 8.2s]
    [46,592/123,876  elapsed 9.3s]
    [51,712/123,876  elapsed 10.3s]
    [56,832/123,876  elapsed 11.3s]
    [61,952/123,876  elapsed 12.4s]
    [67,072/123,876  elapsed 13.4s]
    [72,192/123,876  elapsed 14.4s]
    [77,312/123,876  elapsed 15.4s]
    [82,432/123,876  elapsed 16.4s]
    [87,552/123,876  elapsed 17.4s]
    [92,672/123,876  elapsed 18.4s]
    [97,792/123,876  elapsed 19.4s]
    [102,912/123,876  elapsed 20.5s]
    [108,032/123,876  elapsed 21.5s]
    [113,152/123,876  elapsed 22.5s]
    [118,272/123,876  elapsed 23.5s]
    [123,392/123,876  elapsed 24.5s]
  eval done in 24.6s
  by-popularity NDCG@10: tail=0.0037(n=18,342)  mid=0.0150(n=20,089)  head=0.0864(n=85,445)
  evaluating 123,876 users in batches of 512...
    [512/123,876  elapsed 0.1s]
    [5,632/123,876  elapsed 1.1s]
    [10,752/123,876  elapsed 2.1s]
    [15,872/123,876  elapsed 3.1s]
    [20,992/123,876  elapsed 4.2s]
    [26,112/123,876  elapsed 5.2s]
    [31,232/123,876  elapsed 6.2s]
    [36,352/123,876  elapsed 7.2s]
    [41,472/123,876  elapsed 8.2s]
    [46,592/123,876  elapsed 9.3s]
    [51,712/123,876  elapsed 10.3s]
    [56,832/123,876  elapsed 11.3s]
    [61,952/123,876  elapsed 12.3s]
    [67,072/123,876  elapsed 13.3s]
    [72,192/123,876  elapsed 14.4s]
    [77,312/123,876  elapsed 15.4s]
    [82,432/123,876  elapsed 16.4s]
    [87,552/123,876  elapsed 17.4s]
    [92,672/123,876  elapsed 18.4s]
    [97,792/123,876  elapsed 19.5s]
    [102,912/123,876  elapsed 20.5s]
    [108,032/123,876  elapsed 21.5s]
    [113,152/123,876  elapsed 22.5s]
    [118,272/123,876  elapsed 23.5s]
    [123,392/123,876  elapsed 24.5s]
  eval done in 24.6s
  by-popularity NDCG@10: tail=0.0024(n=20,661)  mid=0.0115(n=20,108)  head=0.0812(n=83,107)
  epoch   6  loss=9.2207  val_NDCG=0.0626  test_NDCG=0.0568  test_HR=0.0975  (35.7s)
  evaluating 123,876 users in batches of 512...
    [512/123,876  elapsed 0.1s]
    [5,632/123,876  elapsed 1.1s]
    [10,752/123,876  elapsed 2.1s]
    [15,872/123,876  elapsed 3.1s]
    [20,992/123,876  elapsed 4.1s]
    [26,112/123,876  elapsed 5.2s]
    [31,232/123,876  elapsed 6.2s]
    [36,352/123,876  elapsed 7.2s]
    [41,472/123,876  elapsed 8.2s]
    [46,592/123,876  elapsed 9.2s]
    [51,712/123,876  elapsed 10.2s]
    [56,832/123,876  elapsed 11.2s]
    [61,952/123,876  elapsed 12.2s]
    [67,072/123,876  elapsed 13.2s]
    [72,192/123,876  elapsed 14.2s]
    [77,312/123,876  elapsed 15.2s]
    [82,432/123,876  elapsed 16.2s]
    [87,552/123,876  elapsed 17.3s]
    [92,672/123,876  elapsed 18.3s]
    [97,792/123,876  elapsed 19.3s]
    [102,912/123,876  elapsed 20.3s]
    [108,032/123,876  elapsed 21.3s]
    [113,152/123,876  elapsed 22.3s]
    [118,272/123,876  elapsed 23.3s]
    [123,392/123,876  elapsed 24.3s]
  eval done in 24.4s
  by-popularity NDCG@10: tail=0.0053(n=18,342)  mid=0.0186(n=20,089)  head=0.0892(n=85,445)
  evaluating 123,876 users in batches of 512...
    [512/123,876  elapsed 0.1s]
    [5,632/123,876  elapsed 1.1s]
    [10,752/123,876  elapsed 2.1s]
    [15,872/123,876  elapsed 3.2s]
    [20,992/123,876  elapsed 4.2s]
    [26,112/123,876  elapsed 5.2s]
    [31,232/123,876  elapsed 6.2s]
    [36,352/123,876  elapsed 7.2s]
    [41,472/123,876  elapsed 8.2s]
    [46,592/123,876  elapsed 9.2s]
    [51,712/123,876  elapsed 10.2s]
    [56,832/123,876  elapsed 11.2s]
    [61,952/123,876  elapsed 12.2s]
    [67,072/123,876  elapsed 13.3s]
    [72,192/123,876  elapsed 14.3s]
    [77,312/123,876  elapsed 15.3s]
    [82,432/123,876  elapsed 16.3s]
    [87,552/123,876  elapsed 17.3s]
    [92,672/123,876  elapsed 18.3s]
    [97,792/123,876  elapsed 19.3s]
    [102,912/123,876  elapsed 20.4s]
    [108,032/123,876  elapsed 21.4s]
    [113,152/123,876  elapsed 22.4s]
    [118,272/123,876  elapsed 23.5s]
    [123,392/123,876  elapsed 24.5s]
  eval done in 24.6s
  by-popularity NDCG@10: tail=0.0032(n=20,661)  mid=0.0140(n=20,108)  head=0.0836(n=83,107)
  epoch   7  loss=9.1073  val_NDCG=0.0653  test_NDCG=0.0589  test_HR=0.1007  (35.9s)
  evaluating 123,876 users in batches of 512...
    [512/123,876  elapsed 0.1s]
    [5,632/123,876  elapsed 1.1s]
    [10,752/123,876  elapsed 2.1s]
    [15,872/123,876  elapsed 3.1s]
    [20,992/123,876  elapsed 4.2s]
    [26,112/123,876  elapsed 5.2s]
    [31,232/123,876  elapsed 6.2s]
    [36,352/123,876  elapsed 7.2s]
    [41,472/123,876  elapsed 8.2s]
    [46,592/123,876  elapsed 9.2s]
    [51,712/123,876  elapsed 10.2s]
    [56,832/123,876  elapsed 11.2s]
    [61,952/123,876  elapsed 12.2s]
    [67,072/123,876  elapsed 13.3s]
    [72,192/123,876  elapsed 14.3s]
    [77,312/123,876  elapsed 15.3s]
    [82,432/123,876  elapsed 16.3s]
    [87,552/123,876  elapsed 17.3s]
    [92,672/123,876  elapsed 18.3s]
    [97,792/123,876  elapsed 19.4s]
    [102,912/123,876  elapsed 20.4s]
    [108,032/123,876  elapsed 21.5s]
    [113,152/123,876  elapsed 22.5s]
    [118,272/123,876  elapsed 23.5s]
    [123,392/123,876  elapsed 24.5s]
  eval done in 24.6s
  by-popularity NDCG@10: tail=0.0064(n=18,342)  mid=0.0214(n=20,089)  head=0.0917(n=85,445)
  evaluating 123,876 users in batches of 512...
    [512/123,876  elapsed 0.1s]
    [5,632/123,876  elapsed 1.1s]
    [10,752/123,876  elapsed 2.1s]
    [15,872/123,876  elapsed 3.1s]
    [20,992/123,876  elapsed 4.2s]
    [26,112/123,876  elapsed 5.2s]
    [31,232/123,876  elapsed 6.2s]
    [36,352/123,876  elapsed 7.2s]
    [41,472/123,876  elapsed 8.3s]
    [46,592/123,876  elapsed 9.3s]
    [51,712/123,876  elapsed 10.3s]
    [56,832/123,876  elapsed 11.3s]
    [61,952/123,876  elapsed 12.3s]
    [67,072/123,876  elapsed 13.3s]
    [72,192/123,876  elapsed 14.3s]
    [77,312/123,876  elapsed 15.4s]
    [82,432/123,876  elapsed 16.4s]
    [87,552/123,876  elapsed 17.4s]
    [92,672/123,876  elapsed 18.4s]
    [97,792/123,876  elapsed 19.5s]
    [102,912/123,876  elapsed 20.5s]
    [108,032/123,876  elapsed 21.5s]
    [113,152/123,876  elapsed 22.5s]
    [118,272/123,876  elapsed 23.5s]
    [123,392/123,876  elapsed 24.6s]
  eval done in 24.7s
  by-popularity NDCG@10: tail=0.0040(n=20,661)  mid=0.0154(n=20,108)  head=0.0849(n=83,107)
  epoch   8  loss=9.0158  val_NDCG=0.0677  test_NDCG=0.0602  test_HR=0.1029  (35.7s)
  evaluating 123,876 users in batches of 512...
    [512/123,876  elapsed 0.1s]
    [5,632/123,876  elapsed 1.1s]
    [10,752/123,876  elapsed 2.1s]
    [15,872/123,876  elapsed 3.1s]
    [20,992/123,876  elapsed 4.2s]
    [26,112/123,876  elapsed 5.2s]
    [31,232/123,876  elapsed 6.3s]
    [36,352/123,876  elapsed 7.3s]
    [41,472/123,876  elapsed 8.3s]
    [46,592/123,876  elapsed 9.3s]
    [51,712/123,876  elapsed 10.3s]
    [56,832/123,876  elapsed 11.3s]
    [61,952/123,876  elapsed 12.3s]
    [67,072/123,876  elapsed 13.4s]
    [72,192/123,876  elapsed 14.4s]
    [77,312/123,876  elapsed 15.4s]
    [82,432/123,876  elapsed 16.4s]
    [87,552/123,876  elapsed 17.4s]
    [92,672/123,876  elapsed 18.4s]
    [97,792/123,876  elapsed 19.5s]
    [102,912/123,876  elapsed 20.5s]
    [108,032/123,876  elapsed 21.5s]
    [113,152/123,876  elapsed 22.5s]
    [118,272/123,876  elapsed 23.5s]
    [123,392/123,876  elapsed 24.5s]
  eval done in 24.7s
  by-popularity NDCG@10: tail=0.0077(n=18,342)  mid=0.0234(n=20,089)  head=0.0927(n=85,445)
  evaluating 123,876 users in batches of 512...
    [512/123,876  elapsed 0.1s]
    [5,632/123,876  elapsed 1.1s]
    [10,752/123,876  elapsed 2.1s]
    [15,872/123,876  elapsed 3.2s]
    [20,992/123,876  elapsed 4.2s]
    [26,112/123,876  elapsed 5.2s]
    [31,232/123,876  elapsed 6.2s]
    [36,352/123,876  elapsed 7.2s]
    [41,472/123,876  elapsed 8.2s]
    [46,592/123,876  elapsed 9.3s]
    [51,712/123,876  elapsed 10.3s]
    [56,832/123,876  elapsed 11.3s]
    [61,952/123,876  elapsed 12.3s]
    [67,072/123,876  elapsed 13.4s]
    [72,192/123,876  elapsed 14.4s]
    [77,312/123,876  elapsed 15.4s]
    [82,432/123,876  elapsed 16.4s]
    [87,552/123,876  elapsed 17.4s]
    [92,672/123,876  elapsed 18.5s]
    [97,792/123,876  elapsed 19.5s]
    [102,912/123,876  elapsed 20.5s]
    [108,032/123,876  elapsed 21.5s]
    [113,152/123,876  elapsed 22.5s]
    [118,272/123,876  elapsed 23.5s]
    [123,392/123,876  elapsed 24.6s]
  eval done in 24.7s
  by-popularity NDCG@10: tail=0.0048(n=20,661)  mid=0.0175(n=20,108)  head=0.0863(n=83,107)
  epoch   9  loss=8.9364  val_NDCG=0.0689  test_NDCG=0.0615  test_HR=0.1050  (35.8s)
  evaluating 123,876 users in batches of 512...
    [512/123,876  elapsed 0.1s]
    [5,632/123,876  elapsed 1.1s]
    [10,752/123,876  elapsed 2.1s]
    [15,872/123,876  elapsed 3.1s]
    [20,992/123,876  elapsed 4.1s]
    [26,112/123,876  elapsed 5.1s]
    [31,232/123,876  elapsed 6.1s]
    [36,352/123,876  elapsed 7.1s]
    [41,472/123,876  elapsed 8.1s]
    [46,592/123,876  elapsed 9.1s]
    [51,712/123,876  elapsed 10.1s]
    [56,832/123,876  elapsed 11.1s]
    [61,952/123,876  elapsed 12.1s]
    [67,072/123,876  elapsed 13.1s]
    [72,192/123,876  elapsed 14.1s]
    [77,312/123,876  elapsed 15.1s]
    [82,432/123,876  elapsed 16.1s]
    [87,552/123,876  elapsed 17.1s]
    [92,672/123,876  elapsed 18.1s]
    [97,792/123,876  elapsed 19.1s]
    [102,912/123,876  elapsed 20.1s]
    [108,032/123,876  elapsed 21.1s]
    [113,152/123,876  elapsed 22.1s]
    [118,272/123,876  elapsed 23.1s]
    [123,392/123,876  elapsed 24.1s]
  eval done in 24.2s
  by-popularity NDCG@10: tail=0.0082(n=18,342)  mid=0.0252(n=20,089)  head=0.0937(n=85,445)
  evaluating 123,876 users in batches of 512...
    [512/123,876  elapsed 0.1s]
    [5,632/123,876  elapsed 1.1s]
    [10,752/123,876  elapsed 2.2s]
    [15,872/123,876  elapsed 3.2s]
    [20,992/123,876  elapsed 4.2s]
    [26,112/123,876  elapsed 5.2s]
    [31,232/123,876  elapsed 6.2s]
    [36,352/123,876  elapsed 7.2s]
    [41,472/123,876  elapsed 8.2s]
    [46,592/123,876  elapsed 9.2s]
    [51,712/123,876  elapsed 10.2s]
    [56,832/123,876  elapsed 11.2s]
    [61,952/123,876  elapsed 12.2s]
    [67,072/123,876  elapsed 13.2s]
    [72,192/123,876  elapsed 14.2s]
    [77,312/123,876  elapsed 15.3s]
    [82,432/123,876  elapsed 16.3s]
    [87,552/123,876  elapsed 17.3s]
    [92,672/123,876  elapsed 18.3s]
    [97,792/123,876  elapsed 19.3s]
    [102,912/123,876  elapsed 20.3s]
    [108,032/123,876  elapsed 21.3s]
    [113,152/123,876  elapsed 22.3s]
    [118,272/123,876  elapsed 23.3s]
    [123,392/123,876  elapsed 24.4s]
  eval done in 24.4s
  by-popularity NDCG@10: tail=0.0050(n=20,661)  mid=0.0188(n=20,108)  head=0.0879(n=83,107)
  epoch  10  loss=8.8703  val_NDCG=0.0699  test_NDCG=0.0628  test_HR=0.1063  (35.9s)
  evaluating 123,876 users in batches of 512...
    [512/123,876  elapsed 0.1s]
    [5,632/123,876  elapsed 1.1s]
    [10,752/123,876  elapsed 2.1s]
    [15,872/123,876  elapsed 3.1s]
    [20,992/123,876  elapsed 4.1s]
    [26,112/123,876  elapsed 5.1s]
    [31,232/123,876  elapsed 6.1s]
    [36,352/123,876  elapsed 7.1s]
    [41,472/123,876  elapsed 8.1s]
    [46,592/123,876  elapsed 9.1s]
    [51,712/123,876  elapsed 10.1s]
    [56,832/123,876  elapsed 11.1s]
    [61,952/123,876  elapsed 12.1s]
    [67,072/123,876  elapsed 13.1s]
    [72,192/123,876  elapsed 14.1s]
    [77,312/123,876  elapsed 15.1s]
    [82,432/123,876  elapsed 16.1s]
    [87,552/123,876  elapsed 17.1s]
    [92,672/123,876  elapsed 18.1s]
    [97,792/123,876  elapsed 19.1s]
    [102,912/123,876  elapsed 20.1s]
    [108,032/123,876  elapsed 21.1s]
    [113,152/123,876  elapsed 22.1s]
    [118,272/123,876  elapsed 23.1s]
    [123,392/123,876  elapsed 24.1s]
  eval done in 24.2s
  by-popularity NDCG@10: tail=0.0091(n=18,342)  mid=0.0265(n=20,089)  head=0.0947(n=85,445)
  evaluating 123,876 users in batches of 512...
    [512/123,876  elapsed 0.1s]
    [5,632/123,876  elapsed 1.1s]
    [10,752/123,876  elapsed 2.1s]
    [15,872/123,876  elapsed 3.1s]
    [20,992/123,876  elapsed 4.1s]
    [26,112/123,876  elapsed 5.1s]
    [31,232/123,876  elapsed 6.1s]
    [36,352/123,876  elapsed 7.2s]
    [41,472/123,876  elapsed 8.2s]
    [46,592/123,876  elapsed 9.2s]
    [51,712/123,876  elapsed 10.2s]
    [56,832/123,876  elapsed 11.2s]
    [61,952/123,876  elapsed 12.2s]
    [67,072/123,876  elapsed 13.2s]
    [72,192/123,876  elapsed 14.2s]
    [77,312/123,876  elapsed 15.2s]
    [82,432/123,876  elapsed 16.2s]
    [87,552/123,876  elapsed 17.2s]
    [92,672/123,876  elapsed 18.2s]
    [97,792/123,876  elapsed 19.3s]
    [102,912/123,876  elapsed 20.3s]
    [108,032/123,876  elapsed 21.3s]
    [113,152/123,876  elapsed 22.3s]
    [118,272/123,876  elapsed 23.3s]
    [123,392/123,876  elapsed 24.3s]
  eval done in 24.4s
  by-popularity NDCG@10: tail=0.0059(n=20,661)  mid=0.0203(n=20,108)  head=0.0892(n=83,107)
  epoch  11  loss=8.8121  val_NDCG=0.0709  test_NDCG=0.0641  test_HR=0.1084  (35.7s)
  evaluating 123,876 users in batches of 512...
    [512/123,876  elapsed 0.1s]
    [5,632/123,876  elapsed 1.1s]
    [10,752/123,876  elapsed 2.1s]
    [15,872/123,876  elapsed 3.2s]
    [20,992/123,876  elapsed 4.2s]
    [26,112/123,876  elapsed 5.2s]
    [31,232/123,876  elapsed 6.2s]
    [36,352/123,876  elapsed 7.2s]
    [41,472/123,876  elapsed 8.2s]
    [46,592/123,876  elapsed 9.2s]
    [51,712/123,876  elapsed 10.2s]
    [56,832/123,876  elapsed 11.2s]
    [61,952/123,876  elapsed 12.2s]
    [67,072/123,876  elapsed 13.2s]
    [72,192/123,876  elapsed 14.2s]
    [77,312/123,876  elapsed 15.2s]
    [82,432/123,876  elapsed 16.2s]
    [87,552/123,876  elapsed 17.2s]
    [92,672/123,876  elapsed 18.2s]
    [97,792/123,876  elapsed 19.2s]
    [102,912/123,876  elapsed 20.2s]
    [108,032/123,876  elapsed 21.2s]
    [113,152/123,876  elapsed 22.2s]
    [118,272/123,876  elapsed 23.2s]
    [123,392/123,876  elapsed 24.2s]
  eval done in 24.3s
  by-popularity NDCG@10: tail=0.0095(n=18,342)  mid=0.0270(n=20,089)  head=0.0952(n=85,445)
  evaluating 123,876 users in batches of 512...
    [512/123,876  elapsed 0.1s]
    [5,632/123,876  elapsed 1.1s]
    [10,752/123,876  elapsed 2.1s]
    [15,872/123,876  elapsed 3.1s]
    [20,992/123,876  elapsed 4.1s]
    [26,112/123,876  elapsed 5.1s]
    [31,232/123,876  elapsed 6.1s]
    [36,352/123,876  elapsed 7.1s]
    [41,472/123,876  elapsed 8.2s]
    [46,592/123,876  elapsed 9.2s]
    [51,712/123,876  elapsed 10.2s]
    [56,832/123,876  elapsed 11.2s]
    [61,952/123,876  elapsed 12.2s]
    [67,072/123,876  elapsed 13.2s]
    [72,192/123,876  elapsed 14.2s]
    [77,312/123,876  elapsed 15.2s]
    [82,432/123,876  elapsed 16.2s]
    [87,552/123,876  elapsed 17.3s]
    [92,672/123,876  elapsed 18.4s]
    [97,792/123,876  elapsed 19.4s]
    [102,912/123,876  elapsed 20.4s]
    [108,032/123,876  elapsed 21.4s]
    [113,152/123,876  elapsed 22.5s]
    [118,272/123,876  elapsed 23.4s]
    [123,392/123,876  elapsed 24.5s]
  eval done in 24.6s
  by-popularity NDCG@10: tail=0.0062(n=20,661)  mid=0.0211(n=20,108)  head=0.0898(n=83,107)
  epoch  12  loss=8.7579  val_NDCG=0.0715  test_NDCG=0.0647  test_HR=0.1089  (37.3s)
  evaluating 123,876 users in batches of 512...
    [512/123,876  elapsed 0.1s]
    [5,632/123,876  elapsed 1.1s]
    [10,752/123,876  elapsed 2.1s]
    [15,872/123,876  elapsed 3.1s]
    [20,992/123,876  elapsed 4.2s]
    [26,112/123,876  elapsed 5.3s]
    [31,232/123,876  elapsed 6.4s]
    [36,352/123,876  elapsed 7.5s]
    [41,472/123,876  elapsed 8.5s]
    [46,592/123,876  elapsed 9.5s]
    [51,712/123,876  elapsed 10.5s]
    [56,832/123,876  elapsed 11.6s]
    [61,952/123,876  elapsed 12.6s]
    [67,072/123,876  elapsed 13.6s]
    [72,192/123,876  elapsed 14.7s]
    [77,312/123,876  elapsed 15.7s]
    [82,432/123,876  elapsed 16.8s]
    [87,552/123,876  elapsed 17.8s]
    [92,672/123,876  elapsed 18.9s]
    [97,792/123,876  elapsed 19.9s]
    [102,912/123,876  elapsed 21.0s]
    [108,032/123,876  elapsed 22.0s]
    [113,152/123,876  elapsed 23.0s]
    [118,272/123,876  elapsed 24.1s]
    [123,392/123,876  elapsed 25.1s]
  eval done in 25.2s
  by-popularity NDCG@10: tail=0.0100(n=18,342)  mid=0.0276(n=20,089)  head=0.0963(n=85,445)
  evaluating 123,876 users in batches of 512...
    [512/123,876  elapsed 0.1s]
    [5,632/123,876  elapsed 1.2s]
    [10,752/123,876  elapsed 2.2s]
    [15,872/123,876  elapsed 3.3s]
    [20,992/123,876  elapsed 4.3s]
    [26,112/123,876  elapsed 5.4s]
    [31,232/123,876  elapsed 6.5s]
    [36,352/123,876  elapsed 7.5s]
    [41,472/123,876  elapsed 8.6s]
    [46,592/123,876  elapsed 9.6s]
    [51,712/123,876  elapsed 10.7s]
    [56,832/123,876  elapsed 11.8s]
    [61,952/123,876  elapsed 12.9s]
    [67,072/123,876  elapsed 13.9s]
    [72,192/123,876  elapsed 15.0s]
    [77,312/123,876  elapsed 16.1s]
    [82,432/123,876  elapsed 17.2s]
    [87,552/123,876  elapsed 18.2s]
    [92,672/123,876  elapsed 19.3s]
    [97,792/123,876  elapsed 20.3s]
    [102,912/123,876  elapsed 21.3s]
    [108,032/123,876  elapsed 22.4s]
    [113,152/123,876  elapsed 23.4s]
    [118,272/123,876  elapsed 24.4s]
    [123,392/123,876  elapsed 25.4s]
  eval done in 25.5s
  by-popularity NDCG@10: tail=0.0063(n=20,661)  mid=0.0209(n=20,108)  head=0.0905(n=83,107)
  epoch  13  loss=8.7112  val_NDCG=0.0724  test_NDCG=0.0652  test_HR=0.1101  (37.2s)
  evaluating 123,876 users in batches of 512...
    [512/123,876  elapsed 0.1s]
    [5,632/123,876  elapsed 1.1s]
    [10,752/123,876  elapsed 2.2s]
    [15,872/123,876  elapsed 3.2s]
    [20,992/123,876  elapsed 4.2s]
    [26,112/123,876  elapsed 5.2s]
    [31,232/123,876  elapsed 6.2s]
    [36,352/123,876  elapsed 7.2s]
    [41,472/123,876  elapsed 8.3s]
    [46,592/123,876  elapsed 9.3s]
    [51,712/123,876  elapsed 10.3s]
    [56,832/123,876  elapsed 11.3s]
    [61,952/123,876  elapsed 12.3s]
    [67,072/123,876  elapsed 13.3s]
    [72,192/123,876  elapsed 14.4s]
    [77,312/123,876  elapsed 15.4s]
    [82,432/123,876  elapsed 16.4s]
    [87,552/123,876  elapsed 17.4s]
    [92,672/123,876  elapsed 18.5s]
    [97,792/123,876  elapsed 19.5s]
    [102,912/123,876  elapsed 20.5s]
    [108,032/123,876  elapsed 21.5s]
    [113,152/123,876  elapsed 22.5s]
    [118,272/123,876  elapsed 23.5s]
    [123,392/123,876  elapsed 24.6s]
  eval done in 24.7s
  by-popularity NDCG@10: tail=0.0103(n=18,342)  mid=0.0287(n=20,089)  head=0.0966(n=85,445)
  evaluating 123,876 users in batches of 512...
    [512/123,876  elapsed 0.1s]
    [5,632/123,876  elapsed 1.1s]
    [10,752/123,876  elapsed 2.2s]
    [15,872/123,876  elapsed 3.2s]
    [20,992/123,876  elapsed 4.2s]
    [26,112/123,876  elapsed 5.2s]
    [31,232/123,876  elapsed 6.3s]
    [36,352/123,876  elapsed 7.3s]
    [41,472/123,876  elapsed 8.3s]
    [46,592/123,876  elapsed 9.3s]
    [51,712/123,876  elapsed 10.4s]
    [56,832/123,876  elapsed 11.4s]
    [61,952/123,876  elapsed 12.4s]
    [67,072/123,876  elapsed 13.5s]
    [72,192/123,876  elapsed 14.5s]
    [77,312/123,876  elapsed 15.6s]
    [82,432/123,876  elapsed 16.6s]
    [87,552/123,876  elapsed 17.7s]
    [92,672/123,876  elapsed 18.7s]
    [97,792/123,876  elapsed 19.7s]
    [102,912/123,876  elapsed 20.7s]
    [108,032/123,876  elapsed 21.8s]
    [113,152/123,876  elapsed 22.8s]
    [118,272/123,876  elapsed 23.8s]
    [123,392/123,876  elapsed 24.8s]
  eval done in 24.9s
  by-popularity NDCG@10: tail=0.0068(n=20,661)  mid=0.0218(n=20,108)  head=0.0908(n=83,107)
  epoch  14  loss=8.6695  val_NDCG=0.0728  test_NDCG=0.0656  test_HR=0.1107  (37.2s)
  evaluating 123,876 users in batches of 512...
    [512/123,876  elapsed 0.1s]
    [5,632/123,876  elapsed 1.1s]
    [10,752/123,876  elapsed 2.1s]
    [15,872/123,876  elapsed 3.1s]
    [20,992/123,876  elapsed 4.1s]
    [26,112/123,876  elapsed 5.1s]
    [31,232/123,876  elapsed 6.1s]
    [36,352/123,876  elapsed 7.1s]
    [41,472/123,876  elapsed 8.2s]
    [46,592/123,876  elapsed 9.2s]
    [51,712/123,876  elapsed 10.2s]
    [56,832/123,876  elapsed 11.2s]
    [61,952/123,876  elapsed 12.2s]
    [67,072/123,876  elapsed 13.2s]
    [72,192/123,876  elapsed 14.2s]
    [77,312/123,876  elapsed 15.2s]
    [82,432/123,876  elapsed 16.3s]
    [87,552/123,876  elapsed 17.2s]
    [92,672/123,876  elapsed 18.3s]
    [97,792/123,876  elapsed 19.3s]
    [102,912/123,876  elapsed 20.3s]
    [108,032/123,876  elapsed 21.3s]
    [113,152/123,876  elapsed 22.3s]
    [118,272/123,876  elapsed 23.4s]
    [123,392/123,876  elapsed 24.4s]
  eval done in 24.5s
  by-popularity NDCG@10: tail=0.0104(n=18,342)  mid=0.0289(n=20,089)  head=0.0970(n=85,445)
  evaluating 123,876 users in batches of 512...
    [512/123,876  elapsed 0.1s]
    [5,632/123,876  elapsed 1.1s]
    [10,752/123,876  elapsed 2.1s]
    [15,872/123,876  elapsed 3.2s]
    [20,992/123,876  elapsed 4.2s]
    [26,112/123,876  elapsed 5.2s]
    [31,232/123,876  elapsed 6.2s]
    [36,352/123,876  elapsed 7.2s]
    [41,472/123,876  elapsed 8.2s]
    [46,592/123,876  elapsed 9.2s]
    [51,712/123,876  elapsed 10.3s]
    [56,832/123,876  elapsed 11.3s]
    [61,952/123,876  elapsed 12.3s]
    [67,072/123,876  elapsed 13.3s]
    [72,192/123,876  elapsed 14.3s]
    [77,312/123,876  elapsed 15.3s]
    [82,432/123,876  elapsed 16.3s]
    [87,552/123,876  elapsed 17.3s]
    [92,672/123,876  elapsed 18.4s]
    [97,792/123,876  elapsed 19.4s]
    [102,912/123,876  elapsed 20.4s]
    [108,032/123,876  elapsed 21.4s]
    [113,152/123,876  elapsed 22.4s]
    [118,272/123,876  elapsed 23.4s]
    [123,392/123,876  elapsed 24.5s]
  eval done in 24.6s
  by-popularity NDCG@10: tail=0.0069(n=20,661)  mid=0.0220(n=20,108)  head=0.0911(n=83,107)
  epoch  15  loss=8.6322  val_NDCG=0.0732  test_NDCG=0.0658  test_HR=0.1108  (37.2s)
  evaluating 123,876 users in batches of 512...
    [512/123,876  elapsed 0.1s]
    [5,632/123,876  elapsed 1.1s]
    [10,752/123,876  elapsed 2.1s]
    [15,872/123,876  elapsed 3.1s]
    [20,992/123,876  elapsed 4.1s]
    [26,112/123,876  elapsed 5.1s]
    [31,232/123,876  elapsed 6.2s]
    [36,352/123,876  elapsed 7.2s]
    [41,472/123,876  elapsed 8.2s]
    [46,592/123,876  elapsed 9.2s]
    [51,712/123,876  elapsed 10.2s]
    [56,832/123,876  elapsed 11.2s]
    [61,952/123,876  elapsed 12.2s]
    [67,072/123,876  elapsed 13.3s]
    [72,192/123,876  elapsed 14.3s]
    [77,312/123,876  elapsed 15.3s]
    [82,432/123,876  elapsed 16.3s]
    [87,552/123,876  elapsed 17.3s]
    [92,672/123,876  elapsed 18.3s]
    [97,792/123,876  elapsed 19.3s]
    [102,912/123,876  elapsed 20.4s]
    [108,032/123,876  elapsed 21.4s]
    [113,152/123,876  elapsed 22.4s]
    [118,272/123,876  elapsed 23.4s]
    [123,392/123,876  elapsed 24.4s]
  eval done in 24.5s
  by-popularity NDCG@10: tail=0.0107(n=18,342)  mid=0.0293(n=20,089)  head=0.0972(n=85,445)
  evaluating 123,876 users in batches of 512...
    [512/123,876  elapsed 0.1s]
    [5,632/123,876  elapsed 1.1s]
    [10,752/123,876  elapsed 2.1s]
    [15,872/123,876  elapsed 3.2s]
    [20,992/123,876  elapsed 4.2s]
    [26,112/123,876  elapsed 5.2s]
    [31,232/123,876  elapsed 6.2s]
    [36,352/123,876  elapsed 7.3s]
    [41,472/123,876  elapsed 8.3s]
    [46,592/123,876  elapsed 9.3s]
    [51,712/123,876  elapsed 10.3s]
    [56,832/123,876  elapsed 11.4s]
    [61,952/123,876  elapsed 12.4s]
    [67,072/123,876  elapsed 13.4s]
    [72,192/123,876  elapsed 14.4s]
    [77,312/123,876  elapsed 15.4s]
    [82,432/123,876  elapsed 16.4s]
    [87,552/123,876  elapsed 17.4s]
    [92,672/123,876  elapsed 18.5s]
    [97,792/123,876  elapsed 19.5s]
    [102,912/123,876  elapsed 20.5s]
    [108,032/123,876  elapsed 21.5s]
    [113,152/123,876  elapsed 22.5s]
    [118,272/123,876  elapsed 23.5s]
    [123,392/123,876  elapsed 24.5s]
  eval done in 24.6s
  by-popularity NDCG@10: tail=0.0069(n=20,661)  mid=0.0221(n=20,108)  head=0.0915(n=83,107)
  epoch  16  loss=8.6020  val_NDCG=0.0734  test_NDCG=0.0661  test_HR=0.1114  (37.2s)
  evaluating 123,876 users in batches of 512...
    [512/123,876  elapsed 0.1s]
    [5,632/123,876  elapsed 1.1s]
    [10,752/123,876  elapsed 2.1s]
    [15,872/123,876  elapsed 3.1s]
    [20,992/123,876  elapsed 4.1s]
    [26,112/123,876  elapsed 5.1s]
    [31,232/123,876  elapsed 6.1s]
    [36,352/123,876  elapsed 7.1s]
    [41,472/123,876  elapsed 8.1s]
    [46,592/123,876  elapsed 9.1s]
    [51,712/123,876  elapsed 10.1s]
    [56,832/123,876  elapsed 11.1s]
    [61,952/123,876  elapsed 12.1s]
    [67,072/123,876  elapsed 13.1s]
    [72,192/123,876  elapsed 14.1s]
    [77,312/123,876  elapsed 15.1s]
    [82,432/123,876  elapsed 16.1s]
    [87,552/123,876  elapsed 17.1s]
    [92,672/123,876  elapsed 18.1s]
    [97,792/123,876  elapsed 19.1s]
    [102,912/123,876  elapsed 20.1s]
    [108,032/123,876  elapsed 21.1s]
    [113,152/123,876  elapsed 22.1s]
    [118,272/123,876  elapsed 23.1s]
    [123,392/123,876  elapsed 24.1s]
  eval done in 24.2s
  by-popularity NDCG@10: tail=0.0107(n=18,342)  mid=0.0293(n=20,089)  head=0.0974(n=85,445)
  evaluating 123,876 users in batches of 512...
    [512/123,876  elapsed 0.1s]
    [5,632/123,876  elapsed 1.1s]
    [10,752/123,876  elapsed 2.1s]
    [15,872/123,876  elapsed 3.2s]
    [20,992/123,876  elapsed 4.2s]
    [26,112/123,876  elapsed 5.2s]
    [31,232/123,876  elapsed 6.2s]
    [36,352/123,876  elapsed 7.2s]
    [41,472/123,876  elapsed 8.2s]
    [46,592/123,876  elapsed 9.2s]
    [51,712/123,876  elapsed 10.2s]
    [56,832/123,876  elapsed 11.3s]
    [61,952/123,876  elapsed 12.3s]
    [67,072/123,876  elapsed 13.3s]
    [72,192/123,876  elapsed 14.3s]
    [77,312/123,876  elapsed 15.3s]
    [82,432/123,876  elapsed 16.3s]
    [87,552/123,876  elapsed 17.3s]
    [92,672/123,876  elapsed 18.3s]
    [97,792/123,876  elapsed 19.3s]
    [102,912/123,876  elapsed 20.4s]
    [108,032/123,876  elapsed 21.4s]
    [113,152/123,876  elapsed 22.4s]
    [118,272/123,876  elapsed 23.5s]
    [123,392/123,876  elapsed 24.5s]
  eval done in 24.6s
  by-popularity NDCG@10: tail=0.0069(n=20,661)  mid=0.0223(n=20,108)  head=0.0917(n=83,107)
  epoch  17  loss=8.5762  val_NDCG=0.0735  test_NDCG=0.0663  test_HR=0.1115  (37.2s)
  evaluating 123,876 users in batches of 512...
    [512/123,876  elapsed 0.1s]
    [5,632/123,876  elapsed 1.1s]
    [10,752/123,876  elapsed 2.1s]
    [15,872/123,876  elapsed 3.1s]
    [20,992/123,876  elapsed 4.2s]
    [26,112/123,876  elapsed 5.2s]
    [31,232/123,876  elapsed 6.2s]
    [36,352/123,876  elapsed 7.2s]
    [41,472/123,876  elapsed 8.2s]
    [46,592/123,876  elapsed 9.2s]
    [51,712/123,876  elapsed 10.2s]
    [56,832/123,876  elapsed 11.3s]
    [61,952/123,876  elapsed 12.3s]
    [67,072/123,876  elapsed 13.3s]
    [72,192/123,876  elapsed 14.3s]
    [77,312/123,876  elapsed 15.3s]
    [82,432/123,876  elapsed 16.3s]
    [87,552/123,876  elapsed 17.3s]
    [92,672/123,876  elapsed 18.4s]
    [97,792/123,876  elapsed 19.4s]
    [102,912/123,876  elapsed 20.4s]
    [108,032/123,876  elapsed 21.4s]
    [113,152/123,876  elapsed 22.4s]
    [118,272/123,876  elapsed 23.4s]
    [123,392/123,876  elapsed 24.4s]
  eval done in 24.5s
  by-popularity NDCG@10: tail=0.0108(n=18,342)  mid=0.0296(n=20,089)  head=0.0975(n=85,445)
  evaluating 123,876 users in batches of 512...
    [512/123,876  elapsed 0.1s]
    [5,632/123,876  elapsed 1.1s]
    [10,752/123,876  elapsed 2.1s]
    [15,872/123,876  elapsed 3.2s]
    [20,992/123,876  elapsed 4.2s]
    [26,112/123,876  elapsed 5.2s]
    [31,232/123,876  elapsed 6.3s]
    [36,352/123,876  elapsed 7.3s]
    [41,472/123,876  elapsed 8.4s]
    [46,592/123,876  elapsed 9.4s]
    [51,712/123,876  elapsed 10.4s]
    [56,832/123,876  elapsed 11.4s]
    [61,952/123,876  elapsed 12.5s]
    [67,072/123,876  elapsed 13.5s]
    [72,192/123,876  elapsed 14.5s]
    [77,312/123,876  elapsed 15.5s]
    [82,432/123,876  elapsed 16.6s]
    [87,552/123,876  elapsed 17.6s]
    [92,672/123,876  elapsed 18.6s]
    [97,792/123,876  elapsed 19.6s]
    [102,912/123,876  elapsed 20.6s]
    [108,032/123,876  elapsed 21.7s]
    [113,152/123,876  elapsed 22.7s]
    [118,272/123,876  elapsed 23.7s]
    [123,392/123,876  elapsed 24.8s]
  eval done in 24.9s
  by-popularity NDCG@10: tail=0.0069(n=20,661)  mid=0.0224(n=20,108)  head=0.0917(n=83,107)
  epoch  18  loss=8.5572  val_NDCG=0.0737  test_NDCG=0.0663  test_HR=0.1117  (37.3s)
  evaluating 123,876 users in batches of 512...
    [512/123,876  elapsed 0.1s]
    [5,632/123,876  elapsed 1.1s]
    [10,752/123,876  elapsed 2.1s]
    [15,872/123,876  elapsed 3.2s]
    [20,992/123,876  elapsed 4.1s]
    [26,112/123,876  elapsed 5.2s]
    [31,232/123,876  elapsed 6.2s]
    [36,352/123,876  elapsed 7.3s]
    [41,472/123,876  elapsed 8.3s]
    [46,592/123,876  elapsed 9.3s]
    [51,712/123,876  elapsed 10.3s]
    [56,832/123,876  elapsed 11.3s]
    [61,952/123,876  elapsed 12.3s]
    [67,072/123,876  elapsed 13.4s]
    [72,192/123,876  elapsed 14.4s]
    [77,312/123,876  elapsed 15.5s]
    [82,432/123,876  elapsed 16.5s]
    [87,552/123,876  elapsed 17.5s]
    [92,672/123,876  elapsed 18.5s]
    [97,792/123,876  elapsed 19.5s]
    [102,912/123,876  elapsed 20.5s]
    [108,032/123,876  elapsed 21.6s]
    [113,152/123,876  elapsed 22.6s]
    [118,272/123,876  elapsed 23.7s]
    [123,392/123,876  elapsed 24.7s]
  eval done in 24.8s
  by-popularity NDCG@10: tail=0.0109(n=18,342)  mid=0.0295(n=20,089)  head=0.0976(n=85,445)
  evaluating 123,876 users in batches of 512...
    [512/123,876  elapsed 0.1s]
    [5,632/123,876  elapsed 1.1s]
    [10,752/123,876  elapsed 2.1s]
    [15,872/123,876  elapsed 3.2s]
    [20,992/123,876  elapsed 4.2s]
    [26,112/123,876  elapsed 5.2s]
    [31,232/123,876  elapsed 6.2s]
    [36,352/123,876  elapsed 7.2s]
    [41,472/123,876  elapsed 8.3s]
    [46,592/123,876  elapsed 9.3s]
    [51,712/123,876  elapsed 10.3s]
    [56,832/123,876  elapsed 11.3s]
    [61,952/123,876  elapsed 12.4s]
    [67,072/123,876  elapsed 13.4s]
    [72,192/123,876  elapsed 14.4s]
    [77,312/123,876  elapsed 15.5s]
    [82,432/123,876  elapsed 16.6s]
    [87,552/123,876  elapsed 17.6s]
    [92,672/123,876  elapsed 18.6s]
    [97,792/123,876  elapsed 19.6s]
    [102,912/123,876  elapsed 20.7s]
    [108,032/123,876  elapsed 21.7s]
    [113,152/123,876  elapsed 22.7s]
    [118,272/123,876  elapsed 23.7s]
    [123,392/123,876  elapsed 24.8s]
  eval done in 24.9s
  by-popularity NDCG@10: tail=0.0070(n=20,661)  mid=0.0224(n=20,108)  head=0.0917(n=83,107)
  epoch  19  loss=8.5452  val_NDCG=0.0737  test_NDCG=0.0663  test_HR=0.1118  (37.4s)
  evaluating 123,876 users in batches of 512...
    [512/123,876  elapsed 0.1s]
    [5,632/123,876  elapsed 1.1s]
    [10,752/123,876  elapsed 2.1s]
    [15,872/123,876  elapsed 3.1s]
    [20,992/123,876  elapsed 4.1s]
    [26,112/123,876  elapsed 5.1s]
    [31,232/123,876  elapsed 6.1s]
    [36,352/123,876  elapsed 7.1s]
    [41,472/123,876  elapsed 8.1s]
    [46,592/123,876  elapsed 9.1s]
    [51,712/123,876  elapsed 10.1s]
    [56,832/123,876  elapsed 11.1s]
    [61,952/123,876  elapsed 12.1s]
    [67,072/123,876  elapsed 13.1s]
    [72,192/123,876  elapsed 14.1s]
    [77,312/123,876  elapsed 15.2s]
    [82,432/123,876  elapsed 16.2s]
    [87,552/123,876  elapsed 17.2s]
    [92,672/123,876  elapsed 18.2s]
    [97,792/123,876  elapsed 19.2s]
    [102,912/123,876  elapsed 20.2s]
    [108,032/123,876  elapsed 21.2s]
    [113,152/123,876  elapsed 22.1s]
    [118,272/123,876  elapsed 23.1s]
    [123,392/123,876  elapsed 24.1s]
  eval done in 24.2s
  by-popularity NDCG@10: tail=0.0108(n=18,342)  mid=0.0295(n=20,089)  head=0.0977(n=85,445)
  evaluating 123,876 users in batches of 512...
    [512/123,876  elapsed 0.1s]
    [5,632/123,876  elapsed 1.1s]
    [10,752/123,876  elapsed 2.1s]
    [15,872/123,876  elapsed 3.1s]
    [20,992/123,876  elapsed 4.1s]
    [26,112/123,876  elapsed 5.1s]
    [31,232/123,876  elapsed 6.1s]
    [36,352/123,876  elapsed 7.1s]
    [41,472/123,876  elapsed 8.1s]
    [46,592/123,876  elapsed 9.1s]
    [51,712/123,876  elapsed 10.1s]
    [56,832/123,876  elapsed 11.1s]
    [61,952/123,876  elapsed 12.1s]
    [67,072/123,876  elapsed 13.1s]
    [72,192/123,876  elapsed 14.1s]
    [77,312/123,876  elapsed 15.1s]
    [82,432/123,876  elapsed 16.1s]
    [87,552/123,876  elapsed 17.1s]
    [92,672/123,876  elapsed 18.2s]
    [97,792/123,876  elapsed 19.2s]
    [102,912/123,876  elapsed 20.2s]
    [108,032/123,876  elapsed 21.2s]
    [113,152/123,876  elapsed 22.2s]
    [118,272/123,876  elapsed 23.2s]
    [123,392/123,876  elapsed 24.2s]
  eval done in 24.3s
  by-popularity NDCG@10: tail=0.0069(n=20,661)  mid=0.0224(n=20,108)  head=0.0917(n=83,107)
  epoch  20  loss=8.5388  val_NDCG=0.0737  test_NDCG=0.0663  test_HR=0.1118  (37.3s)

=== Best by val NDCG@10 ===
  val_NDCG=0.0737
  test: {'NDCG@10': 0.06634219885691604, 'HR@10': 0.11184571668442636, 'MRR': 0.0588069073220494, 'n_eval': 123876, 'by_popularity': {'tail': {'NDCG@10': 0.00694976903198607, 'HR@10': 0.013455302260297178, 'n': 20661, 'n_hit@10': 278, 'HR@20': 0.02168336479357243, 'n_hit@20': 448, 'HR@50': 0.03920429795266444, 'n_hit@50': 810, 'HR@100': 0.05914524950389623, 'n_hit@100': 1222}, 'mid': {'NDCG@10': 0.022371714906939098, 'HR@10': 0.04137656654068032, 'n': 20108, 'n_hit@10': 832, 'HR@20': 0.06171672965983688, 'n_hit@20': 1241, 'HR@50': 0.10050726079172469, 'n_hit@50': 2021, 'HR@100': 0.14357469663815398, 'n_hit@100': 2887}, 'head': {'NDCG@10': 0.09174638242603796, 'HR@10': 0.1533565162982661, 'n': 83107, 'n_hit@10': 12745, 'HR@20': 0.20290709567184473, 'n_hit@20': 16863, 'HR@50': 0.2812518801063689, 'n_hit@50': 23374, 'HR@100': 0.35137834358116643, 'n_hit@100': 29202}}}
wrote C:\Users\rayxc\Documents\R\_bestrec_run\results_CDS_COLDFUSE_base_seed20260737.users.jsonl.gz (123,876 per-user records, best epoch 20, sha256 0618a850e8df…)

wrote C:\Users\rayxc\Documents\R\_bestrec_run\results_CDS_COLDFUSE_base_seed20260737.json
[run] results_CDs_and_Vinyl_COLDFUSE_confirm_seed20260737.json
=== COLDFUSE confirm: CDs_and_Vinyl seed 20260737 (ease=no) ===
  [val] streaming sweep: 41 systems ...
    [512/123,876 1s]
    [20,992/123,876 15s]
    [41,472/123,876 30s]
    [61,952/123,876 45s]
    [82,432/123,876 59s]
    [102,912/123,876 74s]
    [123,392/123,876 89s]
  VAL ref overall 0.07373 tail 0.01030 | selected {'profile': 'exp0.9', 'wt_tail': 0.2, 'wt_mid': 0.0, 'wt_head': 0.0} val tail 0.01628
  [test] reference + selected ...
    [512/123,876 0s]
    [20,992/123,876 5s]
    [41,472/123,876 10s]
    [61,952/123,876 16s]
    [82,432/123,876 21s]
    [102,912/123,876 26s]
    [123,392/123,876 31s]
  TEST ref 0.06634 (tail 0.00690) -> sel 0.06647 (tail 0.01177)
wrote C:\Users\rayxc\Documents\R\_bestrec_run\results_CDs_and_Vinyl_COLDFUSE_confirm_seed20260737.json
[run] results_CDS_COLDFUSE_base_seed20260738.json
  random seed set to 20260738
=== CDs_and_Vinyl: load splits ===
  n_users=123,876  n_items=89,370  pad_id=89370
  built sequences for 123,876 users
  built timestamp sequences (12 time buckets)
  loading SBERT embeddings from C:\Users\rayxc\Documents\R\cache_5core\sbert_titles_CDs_and_Vinyl.npy...
  TAPE: k-means 89,370 text embeddings into K=512 prototypes (tau=0.05)...
  TAPE: K=512 mean max-assignment weight = 0.494 (1.0 = hard clustering)

=== Build SASRec-SBERT (d=64, layers=4, heads=2) ===
  total params: 40,208,319  device=cuda
  123,876 training examples / 484 batches per epoch
  init_state_sha256 = a89ae1825a37826302f601a8394880dee0c817b1680e1c3f0f6e429aa1c0985e
  LR schedule: warmup_cosine (484 warmup + 9196 cosine steps)

=== Train for 20 epochs ===
  evaluating 123,876 users in batches of 512...
    [512/123,876  elapsed 0.1s]
    [5,632/123,876  elapsed 1.1s]
    [10,752/123,876  elapsed 2.1s]
    [15,872/123,876  elapsed 3.1s]
    [20,992/123,876  elapsed 4.1s]
    [26,112/123,876  elapsed 5.1s]
    [31,232/123,876  elapsed 6.1s]
    [36,352/123,876  elapsed 7.1s]
    [41,472/123,876  elapsed 8.1s]
    [46,592/123,876  elapsed 9.1s]
    [51,712/123,876  elapsed 10.1s]
    [56,832/123,876  elapsed 11.1s]
    [61,952/123,876  elapsed 12.1s]
    [67,072/123,876  elapsed 13.1s]
    [72,192/123,876  elapsed 14.1s]
    [77,312/123,876  elapsed 15.1s]
    [82,432/123,876  elapsed 16.1s]
    [87,552/123,876  elapsed 17.1s]
    [92,672/123,876  elapsed 18.1s]
    [97,792/123,876  elapsed 19.1s]
    [102,912/123,876  elapsed 20.1s]
    [108,032/123,876  elapsed 21.1s]
    [113,152/123,876  elapsed 22.1s]
    [118,272/123,876  elapsed 23.1s]
    [123,392/123,876  elapsed 24.1s]
  eval done in 24.2s
  by-popularity NDCG@10: tail=0.0001(n=18,342)  mid=0.0002(n=20,089)  head=0.0134(n=85,445)
  evaluating 123,876 users in batches of 512...
    [512/123,876  elapsed 0.1s]
    [5,632/123,876  elapsed 1.1s]
    [10,752/123,876  elapsed 2.1s]
    [15,872/123,876  elapsed 3.1s]
    [20,992/123,876  elapsed 4.1s]
    [26,112/123,876  elapsed 5.1s]
    [31,232/123,876  elapsed 6.1s]
    [36,352/123,876  elapsed 7.1s]
    [41,472/123,876  elapsed 8.1s]
    [46,592/123,876  elapsed 9.1s]
    [51,712/123,876  elapsed 10.0s]
    [56,832/123,876  elapsed 11.0s]
    [61,952/123,876  elapsed 12.0s]
    [67,072/123,876  elapsed 13.0s]
    [72,192/123,876  elapsed 14.0s]
    [77,312/123,876  elapsed 15.0s]
    [82,432/123,876  elapsed 16.0s]
    [87,552/123,876  elapsed 16.9s]
    [92,672/123,876  elapsed 17.9s]
    [97,792/123,876  elapsed 18.9s]
    [102,912/123,876  elapsed 19.9s]
    [108,032/123,876  elapsed 20.9s]
    [113,152/123,876  elapsed 21.9s]
    [118,272/123,876  elapsed 22.9s]
    [123,392/123,876  elapsed 23.9s]
  eval done in 24.0s
  by-popularity NDCG@10: tail=0.0000(n=20,661)  mid=0.0004(n=20,108)  head=0.0144(n=83,107)
  epoch   1  loss=11.0007  val_NDCG=0.0093  test_NDCG=0.0097  test_HR=0.0185  (35.9s)
  evaluating 123,876 users in batches of 512...
    [512/123,876  elapsed 0.1s]
    [5,632/123,876  elapsed 1.1s]
    [10,752/123,876  elapsed 2.1s]
    [15,872/123,876  elapsed 3.0s]
    [20,992/123,876  elapsed 4.0s]
    [26,112/123,876  elapsed 5.0s]
    [31,232/123,876  elapsed 6.0s]
    [36,352/123,876  elapsed 7.0s]
    [41,472/123,876  elapsed 7.9s]
    [46,592/123,876  elapsed 8.9s]
    [51,712/123,876  elapsed 9.9s]
    [56,832/123,876  elapsed 10.9s]
    [61,952/123,876  elapsed 11.8s]
    [67,072/123,876  elapsed 12.9s]
    [72,192/123,876  elapsed 13.9s]
    [77,312/123,876  elapsed 14.8s]
    [82,432/123,876  elapsed 15.8s]
    [87,552/123,876  elapsed 16.8s]
    [92,672/123,876  elapsed 17.8s]
    [97,792/123,876  elapsed 18.8s]
    [102,912/123,876  elapsed 19.8s]
    [108,032/123,876  elapsed 20.7s]
    [113,152/123,876  elapsed 21.7s]
    [118,272/123,876  elapsed 22.7s]
    [123,392/123,876  elapsed 23.7s]
  eval done in 23.8s
  by-popularity NDCG@10: tail=0.0002(n=18,342)  mid=0.0011(n=20,089)  head=0.0370(n=85,445)
  evaluating 123,876 users in batches of 512...
    [512/123,876  elapsed 0.1s]
    [5,632/123,876  elapsed 1.1s]
    [10,752/123,876  elapsed 2.1s]
    [15,872/123,876  elapsed 3.1s]
    [20,992/123,876  elapsed 4.1s]
    [26,112/123,876  elapsed 5.1s]
    [31,232/123,876  elapsed 6.0s]
    [36,352/123,876  elapsed 7.0s]
    [41,472/123,876  elapsed 8.0s]
    [46,592/123,876  elapsed 9.0s]
    [51,712/123,876  elapsed 10.0s]
    [56,832/123,876  elapsed 11.0s]
    [61,952/123,876  elapsed 12.0s]
    [67,072/123,876  elapsed 12.9s]
    [72,192/123,876  elapsed 13.9s]
    [77,312/123,876  elapsed 14.9s]
    [82,432/123,876  elapsed 15.9s]
    [87,552/123,876  elapsed 16.9s]
    [92,672/123,876  elapsed 17.9s]
    [97,792/123,876  elapsed 18.9s]
    [102,912/123,876  elapsed 19.8s]
    [108,032/123,876  elapsed 20.8s]
    [113,152/123,876  elapsed 21.8s]
    [118,272/123,876  elapsed 22.8s]
    [123,392/123,876  elapsed 23.8s]
  eval done in 23.9s
  by-popularity NDCG@10: tail=0.0000(n=20,661)  mid=0.0011(n=20,108)  head=0.0368(n=83,107)
  epoch   2  loss=10.2773  val_NDCG=0.0258  test_NDCG=0.0249  test_HR=0.0455  (35.5s)
  evaluating 123,876 users in batches of 512...
    [512/123,876  elapsed 0.1s]
    [5,632/123,876  elapsed 1.1s]
    [10,752/123,876  elapsed 2.1s]
    [15,872/123,876  elapsed 3.1s]
    [20,992/123,876  elapsed 4.1s]
    [26,112/123,876  elapsed 5.1s]
    [31,232/123,876  elapsed 6.1s]
    [36,352/123,876  elapsed 7.1s]
    [41,472/123,876  elapsed 8.1s]
    [46,592/123,876  elapsed 9.1s]
    [51,712/123,876  elapsed 10.1s]
    [56,832/123,876  elapsed 11.1s]
    [61,952/123,876  elapsed 12.1s]
    [67,072/123,876  elapsed 13.1s]
    [72,192/123,876  elapsed 14.1s]
    [77,312/123,876  elapsed 15.1s]
    [82,432/123,876  elapsed 16.1s]
    [87,552/123,876  elapsed 17.2s]
    [92,672/123,876  elapsed 18.2s]
    [97,792/123,876  elapsed 19.2s]
    [102,912/123,876  elapsed 20.2s]
    [108,032/123,876  elapsed 21.2s]
    [113,152/123,876  elapsed 22.2s]
    [118,272/123,876  elapsed 23.2s]
    [123,392/123,876  elapsed 24.2s]
  eval done in 24.3s
  by-popularity NDCG@10: tail=0.0005(n=18,342)  mid=0.0033(n=20,089)  head=0.0576(n=85,445)
  evaluating 123,876 users in batches of 512...
    [512/123,876  elapsed 0.1s]
    [5,632/123,876  elapsed 1.1s]
    [10,752/123,876  elapsed 2.1s]
    [15,872/123,876  elapsed 3.1s]
    [20,992/123,876  elapsed 4.1s]
    [26,112/123,876  elapsed 5.1s]
    [31,232/123,876  elapsed 6.1s]
    [36,352/123,876  elapsed 7.2s]
    [41,472/123,876  elapsed 8.2s]
    [46,592/123,876  elapsed 9.2s]
    [51,712/123,876  elapsed 10.2s]
    [56,832/123,876  elapsed 11.2s]
    [61,952/123,876  elapsed 12.2s]
    [67,072/123,876  elapsed 13.2s]
    [72,192/123,876  elapsed 14.2s]
    [77,312/123,876  elapsed 15.2s]
    [82,432/123,876  elapsed 16.3s]
    [87,552/123,876  elapsed 17.3s]
    [92,672/123,876  elapsed 18.3s]
    [97,792/123,876  elapsed 19.3s]
    [102,912/123,876  elapsed 20.3s]
    [108,032/123,876  elapsed 21.4s]
    [113,152/123,876  elapsed 22.4s]
    [118,272/123,876  elapsed 23.4s]
    [123,392/123,876  elapsed 24.4s]
  eval done in 24.5s
  by-popularity NDCG@10: tail=0.0003(n=20,661)  mid=0.0024(n=20,108)  head=0.0550(n=83,107)
  epoch   3  loss=9.8249  val_NDCG=0.0403  test_NDCG=0.0373  test_HR=0.0670  (35.5s)
  evaluating 123,876 users in batches of 512...
    [512/123,876  elapsed 0.1s]
    [5,632/123,876  elapsed 1.1s]
    [10,752/123,876  elapsed 2.1s]
    [15,872/123,876  elapsed 3.1s]
    [20,992/123,876  elapsed 4.1s]
    [26,112/123,876  elapsed 5.1s]
    [31,232/123,876  elapsed 6.1s]
    [36,352/123,876  elapsed 7.1s]
    [41,472/123,876  elapsed 8.1s]
    [46,592/123,876  elapsed 9.1s]
    [51,712/123,876  elapsed 10.1s]
    [56,832/123,876  elapsed 11.1s]
    [61,952/123,876  elapsed 12.1s]
    [67,072/123,876  elapsed 13.1s]
    [72,192/123,876  elapsed 14.1s]
    [77,312/123,876  elapsed 15.1s]
    [82,432/123,876  elapsed 16.1s]
    [87,552/123,876  elapsed 17.1s]
    [92,672/123,876  elapsed 18.1s]
    [97,792/123,876  elapsed 19.1s]
    [102,912/123,876  elapsed 20.1s]
    [108,032/123,876  elapsed 21.1s]
    [113,152/123,876  elapsed 22.1s]
    [118,272/123,876  elapsed 23.1s]
    [123,392/123,876  elapsed 24.1s]
  eval done in 24.2s
  by-popularity NDCG@10: tail=0.0012(n=18,342)  mid=0.0068(n=20,089)  head=0.0723(n=85,445)
  evaluating 123,876 users in batches of 512...
    [512/123,876  elapsed 0.1s]
    [5,632/123,876  elapsed 1.1s]
    [10,752/123,876  elapsed 2.1s]
    [15,872/123,876  elapsed 3.1s]
    [20,992/123,876  elapsed 4.1s]
    [26,112/123,876  elapsed 5.1s]
    [31,232/123,876  elapsed 6.1s]
    [36,352/123,876  elapsed 7.1s]
    [41,472/123,876  elapsed 8.1s]
    [46,592/123,876  elapsed 9.1s]
    [51,712/123,876  elapsed 10.2s]
    [56,832/123,876  elapsed 11.2s]
    [61,952/123,876  elapsed 12.2s]
    [67,072/123,876  elapsed 13.2s]
    [72,192/123,876  elapsed 14.2s]
    [77,312/123,876  elapsed 15.2s]
    [82,432/123,876  elapsed 16.2s]
    [87,552/123,876  elapsed 17.2s]
    [92,672/123,876  elapsed 18.2s]
    [97,792/123,876  elapsed 19.3s]
    [102,912/123,876  elapsed 20.3s]
    [108,032/123,876  elapsed 21.3s]
    [113,152/123,876  elapsed 22.3s]
    [118,272/123,876  elapsed 23.3s]
    [123,392/123,876  elapsed 24.3s]
  eval done in 24.4s
  by-popularity NDCG@10: tail=0.0009(n=20,661)  mid=0.0050(n=20,108)  head=0.0682(n=83,107)
  epoch   4  loss=9.5530  val_NDCG=0.0512  test_NDCG=0.0467  test_HR=0.0815  (35.8s)
  evaluating 123,876 users in batches of 512...
    [512/123,876  elapsed 0.1s]
    [5,632/123,876  elapsed 1.1s]
    [10,752/123,876  elapsed 2.1s]
    [15,872/123,876  elapsed 3.1s]
    [20,992/123,876  elapsed 4.1s]
    [26,112/123,876  elapsed 5.2s]
    [31,232/123,876  elapsed 6.2s]
    [36,352/123,876  elapsed 7.2s]
    [41,472/123,876  elapsed 8.2s]
    [46,592/123,876  elapsed 9.2s]
    [51,712/123,876  elapsed 10.2s]
    [56,832/123,876  elapsed 11.2s]
    [61,952/123,876  elapsed 12.2s]
    [67,072/123,876  elapsed 13.2s]
    [72,192/123,876  elapsed 14.2s]
    [77,312/123,876  elapsed 15.2s]
    [82,432/123,876  elapsed 16.3s]
    [87,552/123,876  elapsed 17.3s]
    [92,672/123,876  elapsed 18.3s]
    [97,792/123,876  elapsed 19.3s]
    [102,912/123,876  elapsed 20.3s]
    [108,032/123,876  elapsed 21.3s]
    [113,152/123,876  elapsed 22.3s]
    [118,272/123,876  elapsed 23.3s]
    [123,392/123,876  elapsed 24.3s]
  eval done in 24.4s
  by-popularity NDCG@10: tail=0.0023(n=18,342)  mid=0.0111(n=20,089)  head=0.0800(n=85,445)
  evaluating 123,876 users in batches of 512...
    [512/123,876  elapsed 0.1s]
    [5,632/123,876  elapsed 1.1s]
    [10,752/123,876  elapsed 2.1s]
    [15,872/123,876  elapsed 3.1s]
    [20,992/123,876  elapsed 4.1s]
    [26,112/123,876  elapsed 5.1s]
    [31,232/123,876  elapsed 6.2s]
    [36,352/123,876  elapsed 7.2s]
    [41,472/123,876  elapsed 8.2s]
    [46,592/123,876  elapsed 9.2s]
    [51,712/123,876  elapsed 10.2s]
    [56,832/123,876  elapsed 11.3s]
    [61,952/123,876  elapsed 12.3s]
    [67,072/123,876  elapsed 13.3s]
    [72,192/123,876  elapsed 14.3s]
    [77,312/123,876  elapsed 15.3s]
    [82,432/123,876  elapsed 16.3s]
    [87,552/123,876  elapsed 17.4s]
    [92,672/123,876  elapsed 18.4s]
    [97,792/123,876  elapsed 19.4s]
    [102,912/123,876  elapsed 20.4s]
    [108,032/123,876  elapsed 21.4s]
    [113,152/123,876  elapsed 22.4s]
    [118,272/123,876  elapsed 23.4s]
    [123,392/123,876  elapsed 24.4s]
  eval done in 24.5s
  by-popularity NDCG@10: tail=0.0018(n=20,661)  mid=0.0078(n=20,108)  head=0.0756(n=83,107)
  epoch   5  loss=9.3638  val_NDCG=0.0573  test_NDCG=0.0523  test_HR=0.0903  (35.7s)
  evaluating 123,876 users in batches of 512...
    [512/123,876  elapsed 0.1s]
    [5,632/123,876  elapsed 1.1s]
    [10,752/123,876  elapsed 2.1s]
    [15,872/123,876  elapsed 3.1s]
    [20,992/123,876  elapsed 4.1s]
    [26,112/123,876  elapsed 5.1s]
    [31,232/123,876  elapsed 6.2s]
    [36,352/123,876  elapsed 7.2s]
    [41,472/123,876  elapsed 8.2s]
    [46,592/123,876  elapsed 9.2s]
    [51,712/123,876  elapsed 10.2s]
    [56,832/123,876  elapsed 11.2s]
    [61,952/123,876  elapsed 12.3s]
    [67,072/123,876  elapsed 13.3s]
    [72,192/123,876  elapsed 14.2s]
    [77,312/123,876  elapsed 15.3s]
    [82,432/123,876  elapsed 16.3s]
    [87,552/123,876  elapsed 17.3s]
    [92,672/123,876  elapsed 18.3s]
    [97,792/123,876  elapsed 19.3s]
    [102,912/123,876  elapsed 20.3s]
    [108,032/123,876  elapsed 21.3s]
    [113,152/123,876  elapsed 22.3s]
    [118,272/123,876  elapsed 23.3s]
    [123,392/123,876  elapsed 24.3s]
  eval done in 24.4s
  by-popularity NDCG@10: tail=0.0035(n=18,342)  mid=0.0157(n=20,089)  head=0.0856(n=85,445)
  evaluating 123,876 users in batches of 512...
    [512/123,876  elapsed 0.1s]
    [5,632/123,876  elapsed 1.1s]
    [10,752/123,876  elapsed 2.1s]
    [15,872/123,876  elapsed 3.1s]
    [20,992/123,876  elapsed 4.1s]
    [26,112/123,876  elapsed 5.2s]
    [31,232/123,876  elapsed 6.2s]
    [36,352/123,876  elapsed 7.2s]
    [41,472/123,876  elapsed 8.2s]
    [46,592/123,876  elapsed 9.2s]
    [51,712/123,876  elapsed 10.2s]
    [56,832/123,876  elapsed 11.3s]
    [61,952/123,876  elapsed 12.3s]
    [67,072/123,876  elapsed 13.3s]
    [72,192/123,876  elapsed 14.3s]
    [77,312/123,876  elapsed 15.3s]
    [82,432/123,876  elapsed 16.3s]
    [87,552/123,876  elapsed 17.4s]
    [92,672/123,876  elapsed 18.4s]
    [97,792/123,876  elapsed 19.4s]
    [102,912/123,876  elapsed 20.4s]
    [108,032/123,876  elapsed 21.4s]
    [113,152/123,876  elapsed 22.5s]
    [118,272/123,876  elapsed 23.5s]
    [123,392/123,876  elapsed 24.5s]
  eval done in 24.6s
  by-popularity NDCG@10: tail=0.0027(n=20,661)  mid=0.0110(n=20,108)  head=0.0809(n=83,107)
  epoch   6  loss=9.2215  val_NDCG=0.0621  test_NDCG=0.0565  test_HR=0.0966  (35.7s)
  evaluating 123,876 users in batches of 512...
    [512/123,876  elapsed 0.1s]
    [5,632/123,876  elapsed 1.1s]
    [10,752/123,876  elapsed 2.1s]
    [15,872/123,876  elapsed 3.1s]
    [20,992/123,876  elapsed 4.1s]
    [26,112/123,876  elapsed 5.2s]
    [31,232/123,876  elapsed 6.2s]
    [36,352/123,876  elapsed 7.2s]
    [41,472/123,876  elapsed 8.2s]
    [46,592/123,876  elapsed 9.2s]
    [51,712/123,876  elapsed 10.3s]
    [56,832/123,876  elapsed 11.3s]
    [61,952/123,876  elapsed 12.3s]
    [67,072/123,876  elapsed 13.3s]
    [72,192/123,876  elapsed 14.3s]
    [77,312/123,876  elapsed 15.3s]
    [82,432/123,876  elapsed 16.3s]
    [87,552/123,876  elapsed 17.4s]
    [92,672/123,876  elapsed 18.4s]
    [97,792/123,876  elapsed 19.4s]
    [102,912/123,876  elapsed 20.4s]
    [108,032/123,876  elapsed 21.5s]
    [113,152/123,876  elapsed 22.5s]
    [118,272/123,876  elapsed 23.5s]
    [123,392/123,876  elapsed 24.5s]
  eval done in 24.6s
  by-popularity NDCG@10: tail=0.0052(n=18,342)  mid=0.0186(n=20,089)  head=0.0888(n=85,445)
  evaluating 123,876 users in batches of 512...
    [512/123,876  elapsed 0.1s]
    [5,632/123,876  elapsed 1.1s]
    [10,752/123,876  elapsed 2.1s]
    [15,872/123,876  elapsed 3.2s]
    [20,992/123,876  elapsed 4.2s]
    [26,112/123,876  elapsed 5.2s]
    [31,232/123,876  elapsed 6.2s]
    [36,352/123,876  elapsed 7.3s]
    [41,472/123,876  elapsed 8.3s]
    [46,592/123,876  elapsed 9.3s]
    [51,712/123,876  elapsed 10.3s]
    [56,832/123,876  elapsed 11.3s]
    [61,952/123,876  elapsed 12.4s]
    [67,072/123,876  elapsed 13.4s]
    [72,192/123,876  elapsed 14.5s]
    [77,312/123,876  elapsed 15.5s]
    [82,432/123,876  elapsed 16.6s]
    [87,552/123,876  elapsed 17.6s]
    [92,672/123,876  elapsed 18.6s]
    [97,792/123,876  elapsed 19.6s]
    [102,912/123,876  elapsed 20.7s]
    [108,032/123,876  elapsed 21.7s]
    [113,152/123,876  elapsed 22.7s]
    [118,272/123,876  elapsed 23.7s]
    [123,392/123,876  elapsed 24.8s]
  eval done in 24.9s
  by-popularity NDCG@10: tail=0.0034(n=20,661)  mid=0.0134(n=20,108)  head=0.0840(n=83,107)
  epoch   7  loss=9.1080  val_NDCG=0.0650  test_NDCG=0.0591  test_HR=0.1007  (35.8s)
  evaluating 123,876 users in batches of 512...
    [512/123,876  elapsed 0.1s]
    [5,632/123,876  elapsed 1.1s]
    [10,752/123,876  elapsed 2.1s]
    [15,872/123,876  elapsed 3.2s]
    [20,992/123,876  elapsed 4.2s]
    [26,112/123,876  elapsed 5.2s]
    [31,232/123,876  elapsed 6.2s]
    [36,352/123,876  elapsed 7.2s]
    [41,472/123,876  elapsed 8.2s]
    [46,592/123,876  elapsed 9.2s]
    [51,712/123,876  elapsed 10.3s]
    [56,832/123,876  elapsed 11.3s]
    [61,952/123,876  elapsed 12.3s]
    [67,072/123,876  elapsed 13.3s]
    [72,192/123,876  elapsed 14.3s]
    [77,312/123,876  elapsed 15.4s]
    [82,432/123,876  elapsed 16.4s]
    [87,552/123,876  elapsed 17.4s]
    [92,672/123,876  elapsed 18.4s]
    [97,792/123,876  elapsed 19.4s]
    [102,912/123,876  elapsed 20.4s]
    [108,032/123,876  elapsed 21.4s]
    [113,152/123,876  elapsed 22.5s]
    [118,272/123,876  elapsed 23.5s]
    [123,392/123,876  elapsed 24.5s]
  eval done in 24.6s
  by-popularity NDCG@10: tail=0.0061(n=18,342)  mid=0.0213(n=20,089)  head=0.0911(n=85,445)
  evaluating 123,876 users in batches of 512...
    [512/123,876  elapsed 0.1s]
    [5,632/123,876  elapsed 1.1s]
    [10,752/123,876  elapsed 2.1s]
    [15,872/123,876  elapsed 3.2s]
    [20,992/123,876  elapsed 4.2s]
    [26,112/123,876  elapsed 5.3s]
    [31,232/123,876  elapsed 6.3s]
    [36,352/123,876  elapsed 7.4s]
    [41,472/123,876  elapsed 8.4s]
    [46,592/123,876  elapsed 9.4s]
    [51,712/123,876  elapsed 10.4s]
    [56,832/123,876  elapsed 11.5s]
    [61,952/123,876  elapsed 12.5s]
    [67,072/123,876  elapsed 13.5s]
    [72,192/123,876  elapsed 14.5s]
    [77,312/123,876  elapsed 15.6s]
    [82,432/123,876  elapsed 16.6s]
    [87,552/123,876  elapsed 17.6s]
    [92,672/123,876  elapsed 18.6s]
    [97,792/123,876  elapsed 19.6s]
    [102,912/123,876  elapsed 20.7s]
    [108,032/123,876  elapsed 21.7s]
    [113,152/123,876  elapsed 22.7s]
    [118,272/123,876  elapsed 23.8s]
    [123,392/123,876  elapsed 24.8s]
  eval done in 24.9s
  by-popularity NDCG@10: tail=0.0044(n=20,661)  mid=0.0157(n=20,108)  head=0.0861(n=83,107)
  epoch   8  loss=9.0152  val_NDCG=0.0672  test_NDCG=0.0610  test_HR=0.1041  (35.7s)
  evaluating 123,876 users in batches of 512...
    [512/123,876  elapsed 0.1s]
    [5,632/123,876  elapsed 1.1s]
    [10,752/123,876  elapsed 2.2s]
    [15,872/123,876  elapsed 3.2s]
    [20,992/123,876  elapsed 4.2s]
    [26,112/123,876  elapsed 5.2s]
    [31,232/123,876  elapsed 6.3s]
    [36,352/123,876  elapsed 7.3s]
    [41,472/123,876  elapsed 8.3s]
    [46,592/123,876  elapsed 9.3s]
    [51,712/123,876  elapsed 10.3s]
    [56,832/123,876  elapsed 11.3s]
    [61,952/123,876  elapsed 12.4s]
    [67,072/123,876  elapsed 13.4s]
    [72,192/123,876  elapsed 14.4s]
    [77,312/123,876  elapsed 15.4s]
    [82,432/123,876  elapsed 16.4s]
    [87,552/123,876  elapsed 17.5s]
    [92,672/123,876  elapsed 18.5s]
    [97,792/123,876  elapsed 19.5s]
    [102,912/123,876  elapsed 20.5s]
    [108,032/123,876  elapsed 21.5s]
    [113,152/123,876  elapsed 22.6s]
    [118,272/123,876  elapsed 23.7s]
    [123,392/123,876  elapsed 24.7s]
  eval done in 24.8s
  by-popularity NDCG@10: tail=0.0074(n=18,342)  mid=0.0235(n=20,089)  head=0.0920(n=85,445)
  evaluating 123,876 users in batches of 512...
    [512/123,876  elapsed 0.1s]
    [5,632/123,876  elapsed 1.1s]
    [10,752/123,876  elapsed 2.2s]
    [15,872/123,876  elapsed 3.2s]
    [20,992/123,876  elapsed 4.2s]
    [26,112/123,876  elapsed 5.2s]
    [31,232/123,876  elapsed 6.3s]
    [36,352/123,876  elapsed 7.3s]
    [41,472/123,876  elapsed 8.3s]
    [46,592/123,876  elapsed 9.3s]
    [51,712/123,876  elapsed 10.3s]
    [56,832/123,876  elapsed 11.4s]
    [61,952/123,876  elapsed 12.4s]
    [67,072/123,876  elapsed 13.4s]
    [72,192/123,876  elapsed 14.4s]
    [77,312/123,876  elapsed 15.5s]
    [82,432/123,876  elapsed 16.5s]
    [87,552/123,876  elapsed 17.5s]
    [92,672/123,876  elapsed 18.5s]
    [97,792/123,876  elapsed 19.6s]
    [102,912/123,876  elapsed 20.6s]
    [108,032/123,876  elapsed 21.6s]
    [113,152/123,876  elapsed 22.6s]
    [118,272/123,876  elapsed 23.6s]
    [123,392/123,876  elapsed 24.7s]
  eval done in 24.8s
  by-popularity NDCG@10: tail=0.0050(n=20,661)  mid=0.0177(n=20,108)  head=0.0875(n=83,107)
  epoch   9  loss=8.9378  val_NDCG=0.0684  test_NDCG=0.0624  test_HR=0.1059  (35.6s)
  evaluating 123,876 users in batches of 512...
    [512/123,876  elapsed 0.1s]
    [5,632/123,876  elapsed 1.1s]
    [10,752/123,876  elapsed 2.1s]
    [15,872/123,876  elapsed 3.2s]
    [20,992/123,876  elapsed 4.2s]
    [26,112/123,876  elapsed 5.2s]
    [31,232/123,876  elapsed 6.2s]
    [36,352/123,876  elapsed 7.2s]
    [41,472/123,876  elapsed 8.3s]
    [46,592/123,876  elapsed 9.3s]
    [51,712/123,876  elapsed 10.3s]
    [56,832/123,876  elapsed 11.3s]
    [61,952/123,876  elapsed 12.3s]
    [67,072/123,876  elapsed 13.3s]
    [72,192/123,876  elapsed 14.4s]
    [77,312/123,876  elapsed 15.4s]
    [82,432/123,876  elapsed 16.4s]
    [87,552/123,876  elapsed 17.4s]
    [92,672/123,876  elapsed 18.5s]
    [97,792/123,876  elapsed 19.5s]
    [102,912/123,876  elapsed 20.5s]
    [108,032/123,876  elapsed 21.5s]
    [113,152/123,876  elapsed 22.5s]
    [118,272/123,876  elapsed 23.5s]
    [123,392/123,876  elapsed 24.5s]
  eval done in 24.6s
  by-popularity NDCG@10: tail=0.0081(n=18,342)  mid=0.0249(n=20,089)  head=0.0934(n=85,445)
  evaluating 123,876 users in batches of 512...
    [512/123,876  elapsed 0.1s]
    [5,632/123,876  elapsed 1.2s]
    [10,752/123,876  elapsed 2.2s]
    [15,872/123,876  elapsed 3.3s]
    [20,992/123,876  elapsed 4.3s]
    [26,112/123,876  elapsed 5.4s]
    [31,232/123,876  elapsed 6.4s]
    [36,352/123,876  elapsed 7.4s]
    [41,472/123,876  elapsed 8.4s]
    [46,592/123,876  elapsed 9.5s]
    [51,712/123,876  elapsed 10.5s]
    [56,832/123,876  elapsed 11.5s]
    [61,952/123,876  elapsed 12.5s]
    [67,072/123,876  elapsed 13.6s]
    [72,192/123,876  elapsed 14.6s]
    [77,312/123,876  elapsed 15.6s]
    [82,432/123,876  elapsed 16.6s]
    [87,552/123,876  elapsed 17.6s]
    [92,672/123,876  elapsed 18.7s]
    [97,792/123,876  elapsed 19.7s]
    [102,912/123,876  elapsed 20.8s]
    [108,032/123,876  elapsed 21.8s]
    [113,152/123,876  elapsed 22.8s]
    [118,272/123,876  elapsed 23.9s]
    [123,392/123,876  elapsed 24.9s]
  eval done in 25.0s
  by-popularity NDCG@10: tail=0.0058(n=20,661)  mid=0.0190(n=20,108)  head=0.0886(n=83,107)
  epoch  10  loss=8.8708  val_NDCG=0.0697  test_NDCG=0.0635  test_HR=0.1076  (35.9s)
  evaluating 123,876 users in batches of 512...
    [512/123,876  elapsed 0.1s]
    [5,632/123,876  elapsed 1.1s]
    [10,752/123,876  elapsed 2.1s]
    [15,872/123,876  elapsed 3.1s]
    [20,992/123,876  elapsed 4.2s]
    [26,112/123,876  elapsed 5.2s]
    [31,232/123,876  elapsed 6.2s]
    [36,352/123,876  elapsed 7.2s]
    [41,472/123,876  elapsed 8.2s]
    [46,592/123,876  elapsed 9.2s]
    [51,712/123,876  elapsed 10.2s]
    [56,832/123,876  elapsed 11.2s]
    [61,952/123,876  elapsed 12.2s]
    [67,072/123,876  elapsed 13.2s]
    [72,192/123,876  elapsed 14.3s]
    [77,312/123,876  elapsed 15.3s]
    [82,432/123,876  elapsed 16.3s]
    [87,552/123,876  elapsed 17.3s]
    [92,672/123,876  elapsed 18.3s]
    [97,792/123,876  elapsed 19.3s]
    [102,912/123,876  elapsed 20.3s]
    [108,032/123,876  elapsed 21.3s]
    [113,152/123,876  elapsed 22.3s]
    [118,272/123,876  elapsed 23.3s]
    [123,392/123,876  elapsed 24.3s]
  eval done in 24.4s
  by-popularity NDCG@10: tail=0.0086(n=18,342)  mid=0.0257(n=20,089)  head=0.0941(n=85,445)
  evaluating 123,876 users in batches of 512...
    [512/123,876  elapsed 0.1s]
    [5,632/123,876  elapsed 1.1s]
    [10,752/123,876  elapsed 2.1s]
    [15,872/123,876  elapsed 3.1s]
    [20,992/123,876  elapsed 4.2s]
    [26,112/123,876  elapsed 5.2s]
    [31,232/123,876  elapsed 6.3s]
    [36,352/123,876  elapsed 7.3s]
    [41,472/123,876  elapsed 8.3s]
    [46,592/123,876  elapsed 9.3s]
    [51,712/123,876  elapsed 10.4s]
    [56,832/123,876  elapsed 11.4s]
    [61,952/123,876  elapsed 12.4s]
    [67,072/123,876  elapsed 13.4s]
    [72,192/123,876  elapsed 14.4s]
    [77,312/123,876  elapsed 15.4s]
    [82,432/123,876  elapsed 16.5s]
    [87,552/123,876  elapsed 17.5s]
    [92,672/123,876  elapsed 18.5s]
    [97,792/123,876  elapsed 19.5s]
    [102,912/123,876  elapsed 20.6s]
    [108,032/123,876  elapsed 21.6s]
    [113,152/123,876  elapsed 22.6s]
    [118,272/123,876  elapsed 23.6s]
    [123,392/123,876  elapsed 24.6s]
  eval done in 24.7s
  by-popularity NDCG@10: tail=0.0063(n=20,661)  mid=0.0197(n=20,108)  head=0.0892(n=83,107)
  epoch  11  loss=8.8110  val_NDCG=0.0703  test_NDCG=0.0641  test_HR=0.1083  (35.6s)
  evaluating 123,876 users in batches of 512...
    [512/123,876  elapsed 0.1s]
    [5,632/123,876  elapsed 1.1s]
    [10,752/123,876  elapsed 2.1s]
    [15,872/123,876  elapsed 3.1s]
    [20,992/123,876  elapsed 4.1s]
    [26,112/123,876  elapsed 5.2s]
    [31,232/123,876  elapsed 6.2s]
    [36,352/123,876  elapsed 7.2s]
    [41,472/123,876  elapsed 8.2s]
    [46,592/123,876  elapsed 9.2s]
    [51,712/123,876  elapsed 10.3s]
    [56,832/123,876  elapsed 11.3s]
    [61,952/123,876  elapsed 12.3s]
    [67,072/123,876  elapsed 13.3s]
    [72,192/123,876  elapsed 14.3s]
    [77,312/123,876  elapsed 15.3s]
    [82,432/123,876  elapsed 16.4s]
    [87,552/123,876  elapsed 17.4s]
    [92,672/123,876  elapsed 18.4s]
    [97,792/123,876  elapsed 19.4s]
    [102,912/123,876  elapsed 20.4s]
    [108,032/123,876  elapsed 21.5s]
    [113,152/123,876  elapsed 22.5s]
    [118,272/123,876  elapsed 23.4s]
    [123,392/123,876  elapsed 24.5s]
  eval done in 24.6s
  by-popularity NDCG@10: tail=0.0094(n=18,342)  mid=0.0270(n=20,089)  head=0.0946(n=85,445)
  evaluating 123,876 users in batches of 512...
    [512/123,876  elapsed 0.1s]
    [5,632/123,876  elapsed 1.1s]
    [10,752/123,876  elapsed 2.1s]
    [15,872/123,876  elapsed 3.3s]
    [20,992/123,876  elapsed 4.3s]
    [26,112/123,876  elapsed 5.3s]
    [31,232/123,876  elapsed 6.3s]
    [36,352/123,876  elapsed 7.3s]
    [41,472/123,876  elapsed 8.4s]
    [46,592/123,876  elapsed 9.4s]
    [51,712/123,876  elapsed 10.4s]
    [56,832/123,876  elapsed 11.5s]
    [61,952/123,876  elapsed 12.5s]
    [67,072/123,876  elapsed 13.5s]
    [72,192/123,876  elapsed 14.5s]
    [77,312/123,876  elapsed 15.5s]
    [82,432/123,876  elapsed 16.5s]
    [87,552/123,876  elapsed 17.6s]
    [92,672/123,876  elapsed 18.8s]
    [97,792/123,876  elapsed 19.8s]
    [102,912/123,876  elapsed 20.8s]
    [108,032/123,876  elapsed 21.8s]
    [113,152/123,876  elapsed 22.8s]
    [118,272/123,876  elapsed 23.9s]
    [123,392/123,876  elapsed 24.9s]
  eval done in 25.0s
  by-popularity NDCG@10: tail=0.0067(n=20,661)  mid=0.0207(n=20,108)  head=0.0902(n=83,107)
  epoch  12  loss=8.7584  val_NDCG=0.0710  test_NDCG=0.0650  test_HR=0.1097  (35.7s)
  evaluating 123,876 users in batches of 512...
    [512/123,876  elapsed 0.1s]
    [5,632/123,876  elapsed 1.1s]
    [10,752/123,876  elapsed 2.1s]
    [15,872/123,876  elapsed 3.1s]
    [20,992/123,876  elapsed 4.1s]
    [26,112/123,876  elapsed 5.2s]
    [31,232/123,876  elapsed 6.2s]
    [36,352/123,876  elapsed 7.2s]
    [41,472/123,876  elapsed 8.2s]
    [46,592/123,876  elapsed 9.2s]
    [51,712/123,876  elapsed 10.2s]
    [56,832/123,876  elapsed 11.2s]
    [61,952/123,876  elapsed 12.2s]
    [67,072/123,876  elapsed 13.3s]
    [72,192/123,876  elapsed 14.3s]
    [77,312/123,876  elapsed 15.3s]
    [82,432/123,876  elapsed 16.3s]
    [87,552/123,876  elapsed 17.3s]
    [92,672/123,876  elapsed 18.4s]
    [97,792/123,876  elapsed 19.4s]
    [102,912/123,876  elapsed 20.4s]
    [108,032/123,876  elapsed 21.4s]
    [113,152/123,876  elapsed 22.4s]
    [118,272/123,876  elapsed 23.4s]
    [123,392/123,876  elapsed 24.5s]
  eval done in 24.5s
  by-popularity NDCG@10: tail=0.0097(n=18,342)  mid=0.0275(n=20,089)  head=0.0951(n=85,445)
  evaluating 123,876 users in batches of 512...
    [512/123,876  elapsed 0.1s]
    [5,632/123,876  elapsed 1.2s]
    [10,752/123,876  elapsed 2.2s]
    [15,872/123,876  elapsed 3.2s]
    [20,992/123,876  elapsed 4.3s]
    [26,112/123,876  elapsed 5.3s]
    [31,232/123,876  elapsed 6.3s]
    [36,352/123,876  elapsed 7.3s]
    [41,472/123,876  elapsed 8.4s]
    [46,592/123,876  elapsed 9.4s]
    [51,712/123,876  elapsed 10.4s]
    [56,832/123,876  elapsed 11.4s]
    [61,952/123,876  elapsed 12.5s]
    [67,072/123,876  elapsed 13.5s]
    [72,192/123,876  elapsed 14.5s]
    [77,312/123,876  elapsed 15.6s]
    [82,432/123,876  elapsed 16.6s]
    [87,552/123,876  elapsed 17.6s]
    [92,672/123,876  elapsed 18.6s]
    [97,792/123,876  elapsed 19.6s]
    [102,912/123,876  elapsed 20.7s]
    [108,032/123,876  elapsed 21.7s]
    [113,152/123,876  elapsed 22.7s]
    [118,272/123,876  elapsed 23.7s]
    [123,392/123,876  elapsed 24.8s]
  eval done in 24.9s
  by-popularity NDCG@10: tail=0.0072(n=20,661)  mid=0.0212(n=20,108)  head=0.0907(n=83,107)
  epoch  13  loss=8.7117  val_NDCG=0.0715  test_NDCG=0.0655  test_HR=0.1102  (35.8s)
  evaluating 123,876 users in batches of 512...
    [512/123,876  elapsed 0.1s]
    [5,632/123,876  elapsed 1.1s]
    [10,752/123,876  elapsed 2.1s]
    [15,872/123,876  elapsed 3.2s]
    [20,992/123,876  elapsed 4.2s]
    [26,112/123,876  elapsed 5.2s]
    [31,232/123,876  elapsed 6.2s]
    [36,352/123,876  elapsed 7.2s]
    [41,472/123,876  elapsed 8.2s]
    [46,592/123,876  elapsed 9.2s]
    [51,712/123,876  elapsed 10.3s]
    [56,832/123,876  elapsed 11.3s]
    [61,952/123,876  elapsed 12.3s]
    [67,072/123,876  elapsed 13.3s]
    [72,192/123,876  elapsed 14.3s]
    [77,312/123,876  elapsed 15.4s]
    [82,432/123,876  elapsed 16.4s]
    [87,552/123,876  elapsed 17.4s]
    [92,672/123,876  elapsed 18.4s]
    [97,792/123,876  elapsed 19.5s]
    [102,912/123,876  elapsed 20.5s]
    [108,032/123,876  elapsed 21.5s]
    [113,152/123,876  elapsed 22.5s]
    [118,272/123,876  elapsed 23.6s]
    [123,392/123,876  elapsed 24.7s]
  eval done in 24.7s
  by-popularity NDCG@10: tail=0.0101(n=18,342)  mid=0.0278(n=20,089)  head=0.0959(n=85,445)
  evaluating 123,876 users in batches of 512...
    [512/123,876  elapsed 0.1s]
    [5,632/123,876  elapsed 1.1s]
    [10,752/123,876  elapsed 2.1s]
    [15,872/123,876  elapsed 3.2s]
    [20,992/123,876  elapsed 4.2s]
    [26,112/123,876  elapsed 5.2s]
    [31,232/123,876  elapsed 6.2s]
    [36,352/123,876  elapsed 7.3s]
    [41,472/123,876  elapsed 8.3s]
    [46,592/123,876  elapsed 9.3s]
    [51,712/123,876  elapsed 10.3s]
    [56,832/123,876  elapsed 11.4s]
    [61,952/123,876  elapsed 12.4s]
    [67,072/123,876  elapsed 13.4s]
    [72,192/123,876  elapsed 14.5s]
    [77,312/123,876  elapsed 15.5s]
    [82,432/123,876  elapsed 16.5s]
    [87,552/123,876  elapsed 17.5s]
    [92,672/123,876  elapsed 18.6s]
    [97,792/123,876  elapsed 19.6s]
    [102,912/123,876  elapsed 20.6s]
    [108,032/123,876  elapsed 21.6s]
    [113,152/123,876  elapsed 22.6s]
    [118,272/123,876  elapsed 23.7s]
    [123,392/123,876  elapsed 24.7s]
  eval done in 24.8s
  by-popularity NDCG@10: tail=0.0072(n=20,661)  mid=0.0216(n=20,108)  head=0.0914(n=83,107)
  epoch  14  loss=8.6687  val_NDCG=0.0722  test_NDCG=0.0661  test_HR=0.1111  (35.7s)
  evaluating 123,876 users in batches of 512...
    [512/123,876  elapsed 0.1s]
    [5,632/123,876  elapsed 1.1s]
    [10,752/123,876  elapsed 2.1s]
    [15,872/123,876  elapsed 3.1s]
    [20,992/123,876  elapsed 4.1s]
    [26,112/123,876  elapsed 5.2s]
    [31,232/123,876  elapsed 6.2s]
    [36,352/123,876  elapsed 7.2s]
    [41,472/123,876  elapsed 8.2s]
    [46,592/123,876  elapsed 9.2s]
    [51,712/123,876  elapsed 10.2s]
    [56,832/123,876  elapsed 11.2s]
    [61,952/123,876  elapsed 12.3s]
    [67,072/123,876  elapsed 13.3s]
    [72,192/123,876  elapsed 14.3s]
    [77,312/123,876  elapsed 15.3s]
    [82,432/123,876  elapsed 16.3s]
    [87,552/123,876  elapsed 17.4s]
    [92,672/123,876  elapsed 18.5s]
    [97,792/123,876  elapsed 19.5s]
    [102,912/123,876  elapsed 20.5s]
    [108,032/123,876  elapsed 21.5s]
    [113,152/123,876  elapsed 22.5s]
    [118,272/123,876  elapsed 23.6s]
    [123,392/123,876  elapsed 24.6s]
  eval done in 24.7s
  by-popularity NDCG@10: tail=0.0102(n=18,342)  mid=0.0283(n=20,089)  head=0.0962(n=85,445)
  evaluating 123,876 users in batches of 512...
    [512/123,876  elapsed 0.1s]
    [5,632/123,876  elapsed 1.1s]
    [10,752/123,876  elapsed 2.2s]
    [15,872/123,876  elapsed 3.2s]
    [20,992/123,876  elapsed 4.2s]
    [26,112/123,876  elapsed 5.2s]
    [31,232/123,876  elapsed 6.3s]
    [36,352/123,876  elapsed 7.3s]
    [41,472/123,876  elapsed 8.3s]
    [46,592/123,876  elapsed 9.3s]
    [51,712/123,876  elapsed 10.4s]
    [56,832/123,876  elapsed 11.4s]
    [61,952/123,876  elapsed 12.4s]
    [67,072/123,876  elapsed 13.4s]
    [72,192/123,876  elapsed 14.5s]
    [77,312/123,876  elapsed 15.5s]
    [82,432/123,876  elapsed 16.5s]
    [87,552/123,876  elapsed 17.5s]
    [92,672/123,876  elapsed 18.6s]
    [97,792/123,876  elapsed 19.6s]
    [102,912/123,876  elapsed 20.6s]
    [108,032/123,876  elapsed 21.7s]
    [113,152/123,876  elapsed 22.7s]
    [118,272/123,876  elapsed 23.7s]
    [123,392/123,876  elapsed 24.7s]
  eval done in 24.8s
  by-popularity NDCG@10: tail=0.0075(n=20,661)  mid=0.0220(n=20,108)  head=0.0918(n=83,107)
  epoch  15  loss=8.6329  val_NDCG=0.0725  test_NDCG=0.0664  test_HR=0.1116  (35.7s)
  evaluating 123,876 users in batches of 512...
    [512/123,876  elapsed 0.1s]
    [5,632/123,876  elapsed 1.1s]
    [10,752/123,876  elapsed 2.1s]
    [15,872/123,876  elapsed 3.1s]
    [20,992/123,876  elapsed 4.2s]
    [26,112/123,876  elapsed 5.2s]
    [31,232/123,876  elapsed 6.2s]
    [36,352/123,876  elapsed 7.2s]
    [41,472/123,876  elapsed 8.2s]
    [46,592/123,876  elapsed 9.2s]
    [51,712/123,876  elapsed 10.2s]
    [56,832/123,876  elapsed 11.3s]
    [61,952/123,876  elapsed 12.3s]
    [67,072/123,876  elapsed 13.3s]
    [72,192/123,876  elapsed 14.3s]
    [77,312/123,876  elapsed 15.4s]
    [82,432/123,876  elapsed 16.4s]
    [87,552/123,876  elapsed 17.4s]
    [92,672/123,876  elapsed 18.5s]
    [97,792/123,876  elapsed 19.5s]
    [102,912/123,876  elapsed 20.5s]
    [108,032/123,876  elapsed 21.6s]
    [113,152/123,876  elapsed 22.6s]
    [118,272/123,876  elapsed 23.6s]
    [123,392/123,876  elapsed 24.6s]
  eval done in 24.7s
  by-popularity NDCG@10: tail=0.0105(n=18,342)  mid=0.0289(n=20,089)  head=0.0963(n=85,445)
  evaluating 123,876 users in batches of 512...
    [512/123,876  elapsed 0.1s]
    [5,632/123,876  elapsed 1.1s]
    [10,752/123,876  elapsed 2.1s]
    [15,872/123,876  elapsed 3.2s]
    [20,992/123,876  elapsed 4.2s]
    [26,112/123,876  elapsed 5.2s]
    [31,232/123,876  elapsed 6.2s]
    [36,352/123,876  elapsed 7.2s]
    [41,472/123,876  elapsed 8.3s]
    [46,592/123,876  elapsed 9.3s]
    [51,712/123,876  elapsed 10.3s]
    [56,832/123,876  elapsed 11.3s]
    [61,952/123,876  elapsed 12.3s]
    [67,072/123,876  elapsed 13.3s]
    [72,192/123,876  elapsed 14.4s]
    [77,312/123,876  elapsed 15.4s]
    [82,432/123,876  elapsed 16.4s]
    [87,552/123,876  elapsed 17.4s]
    [92,672/123,876  elapsed 18.4s]
    [97,792/123,876  elapsed 19.5s]
    [102,912/123,876  elapsed 20.5s]
    [108,032/123,876  elapsed 21.5s]
    [113,152/123,876  elapsed 22.5s]
    [118,272/123,876  elapsed 23.5s]
    [123,392/123,876  elapsed 24.5s]
  eval done in 24.6s
  by-popularity NDCG@10: tail=0.0075(n=20,661)  mid=0.0223(n=20,108)  head=0.0918(n=83,107)
  epoch  16  loss=8.6030  val_NDCG=0.0727  test_NDCG=0.0665  test_HR=0.1117  (35.6s)
  evaluating 123,876 users in batches of 512...
    [512/123,876  elapsed 0.1s]
    [5,632/123,876  elapsed 1.1s]
    [10,752/123,876  elapsed 2.1s]
    [15,872/123,876  elapsed 3.2s]
    [20,992/123,876  elapsed 4.2s]
    [26,112/123,876  elapsed 5.2s]
    [31,232/123,876  elapsed 6.2s]
    [36,352/123,876  elapsed 7.2s]
    [41,472/123,876  elapsed 8.2s]
    [46,592/123,876  elapsed 9.3s]
    [51,712/123,876  elapsed 10.2s]
    [56,832/123,876  elapsed 11.3s]
    [61,952/123,876  elapsed 12.3s]
    [67,072/123,876  elapsed 13.3s]
    [72,192/123,876  elapsed 14.3s]
    [77,312/123,876  elapsed 15.3s]
    [82,432/123,876  elapsed 16.3s]
    [87,552/123,876  elapsed 17.3s]
    [92,672/123,876  elapsed 18.4s]
    [97,792/123,876  elapsed 19.5s]
    [102,912/123,876  elapsed 20.5s]
    [108,032/123,876  elapsed 21.5s]
    [113,152/123,876  elapsed 22.5s]
    [118,272/123,876  elapsed 23.5s]
    [123,392/123,876  elapsed 24.6s]
  eval done in 24.6s
  by-popularity NDCG@10: tail=0.0107(n=18,342)  mid=0.0287(n=20,089)  head=0.0967(n=85,445)
  evaluating 123,876 users in batches of 512...
    [512/123,876  elapsed 0.1s]
    [5,632/123,876  elapsed 1.1s]
    [10,752/123,876  elapsed 2.2s]
    [15,872/123,876  elapsed 3.2s]
    [20,992/123,876  elapsed 4.3s]
    [26,112/123,876  elapsed 5.3s]
    [31,232/123,876  elapsed 6.4s]
    [36,352/123,876  elapsed 7.4s]
    [41,472/123,876  elapsed 8.4s]
    [46,592/123,876  elapsed 9.4s]
    [51,712/123,876  elapsed 10.4s]
    [56,832/123,876  elapsed 11.5s]
    [61,952/123,876  elapsed 12.5s]
    [67,072/123,876  elapsed 13.5s]
    [72,192/123,876  elapsed 14.5s]
    [77,312/123,876  elapsed 15.6s]
    [82,432/123,876  elapsed 16.6s]
    [87,552/123,876  elapsed 17.6s]
    [92,672/123,876  elapsed 18.6s]
    [97,792/123,876  elapsed 19.7s]
    [102,912/123,876  elapsed 20.7s]
    [108,032/123,876  elapsed 21.7s]
    [113,152/123,876  elapsed 22.7s]
    [118,272/123,876  elapsed 23.8s]
    [123,392/123,876  elapsed 24.8s]
  eval done in 24.9s
  by-popularity NDCG@10: tail=0.0076(n=20,661)  mid=0.0223(n=20,108)  head=0.0919(n=83,107)
  epoch  17  loss=8.5761  val_NDCG=0.0729  test_NDCG=0.0666  test_HR=0.1118  (35.7s)
  evaluating 123,876 users in batches of 512...
    [512/123,876  elapsed 0.1s]
    [5,632/123,876  elapsed 1.1s]
    [10,752/123,876  elapsed 2.1s]
    [15,872/123,876  elapsed 3.2s]
    [20,992/123,876  elapsed 4.2s]
    [26,112/123,876  elapsed 5.2s]
    [31,232/123,876  elapsed 6.2s]
    [36,352/123,876  elapsed 7.2s]
    [41,472/123,876  elapsed 8.2s]
    [46,592/123,876  elapsed 9.2s]
    [51,712/123,876  elapsed 10.2s]
    [56,832/123,876  elapsed 11.2s]
    [61,952/123,876  elapsed 12.3s]
    [67,072/123,876  elapsed 13.3s]
    [72,192/123,876  elapsed 14.3s]
    [77,312/123,876  elapsed 15.3s]
    [82,432/123,876  elapsed 16.3s]
    [87,552/123,876  elapsed 17.3s]
    [92,672/123,876  elapsed 18.4s]
    [97,792/123,876  elapsed 19.4s]
    [102,912/123,876  elapsed 20.4s]
    [108,032/123,876  elapsed 21.4s]
    [113,152/123,876  elapsed 22.4s]
    [118,272/123,876  elapsed 23.4s]
    [123,392/123,876  elapsed 24.4s]
  eval done in 24.5s
  by-popularity NDCG@10: tail=0.0107(n=18,342)  mid=0.0287(n=20,089)  head=0.0968(n=85,445)
  evaluating 123,876 users in batches of 512...
    [512/123,876  elapsed 0.1s]
    [5,632/123,876  elapsed 1.1s]
    [10,752/123,876  elapsed 2.1s]
    [15,872/123,876  elapsed 3.2s]
    [20,992/123,876  elapsed 4.2s]
    [26,112/123,876  elapsed 5.2s]
    [31,232/123,876  elapsed 6.2s]
    [36,352/123,876  elapsed 7.3s]
    [41,472/123,876  elapsed 8.3s]
    [46,592/123,876  elapsed 9.3s]
    [51,712/123,876  elapsed 10.3s]
    [56,832/123,876  elapsed 11.3s]
    [61,952/123,876  elapsed 12.4s]
    [67,072/123,876  elapsed 13.4s]
    [72,192/123,876  elapsed 14.4s]
    [77,312/123,876  elapsed 15.4s]
    [82,432/123,876  elapsed 16.4s]
    [87,552/123,876  elapsed 17.5s]
    [92,672/123,876  elapsed 18.5s]
    [97,792/123,876  elapsed 19.5s]
    [102,912/123,876  elapsed 20.5s]
    [108,032/123,876  elapsed 21.6s]
    [113,152/123,876  elapsed 22.7s]
    [118,272/123,876  elapsed 23.7s]
    [123,392/123,876  elapsed 24.7s]
  eval done in 24.8s
  by-popularity NDCG@10: tail=0.0076(n=20,661)  mid=0.0226(n=20,108)  head=0.0921(n=83,107)
  epoch  18  loss=8.5569  val_NDCG=0.0730  test_NDCG=0.0667  test_HR=0.1122  (35.7s)
  evaluating 123,876 users in batches of 512...
    [512/123,876  elapsed 0.1s]
    [5,632/123,876  elapsed 1.1s]
    [10,752/123,876  elapsed 2.1s]
    [15,872/123,876  elapsed 3.2s]
    [20,992/123,876  elapsed 4.2s]
    [26,112/123,876  elapsed 5.2s]
    [31,232/123,876  elapsed 6.2s]
    [36,352/123,876  elapsed 7.2s]
    [41,472/123,876  elapsed 8.2s]
    [46,592/123,876  elapsed 9.3s]
    [51,712/123,876  elapsed 10.3s]
    [56,832/123,876  elapsed 11.3s]
    [61,952/123,876  elapsed 12.3s]
    [67,072/123,876  elapsed 13.3s]
    [72,192/123,876  elapsed 14.3s]
    [77,312/123,876  elapsed 15.4s]
    [82,432/123,876  elapsed 16.4s]
    [87,552/123,876  elapsed 17.4s]
    [92,672/123,876  elapsed 18.4s]
    [97,792/123,876  elapsed 19.4s]
    [102,912/123,876  elapsed 20.4s]
    [108,032/123,876  elapsed 21.4s]
    [113,152/123,876  elapsed 22.4s]
    [118,272/123,876  elapsed 23.4s]
    [123,392/123,876  elapsed 24.5s]
  eval done in 24.6s
  by-popularity NDCG@10: tail=0.0107(n=18,342)  mid=0.0288(n=20,089)  head=0.0968(n=85,445)
  evaluating 123,876 users in batches of 512...
    [512/123,876  elapsed 0.1s]
    [5,632/123,876  elapsed 1.1s]
    [10,752/123,876  elapsed 2.1s]
    [15,872/123,876  elapsed 3.2s]
    [20,992/123,876  elapsed 4.2s]
    [26,112/123,876  elapsed 5.2s]
    [31,232/123,876  elapsed 6.2s]
    [36,352/123,876  elapsed 7.3s]
    [41,472/123,876  elapsed 8.3s]
    [46,592/123,876  elapsed 9.3s]
    [51,712/123,876  elapsed 10.3s]
    [56,832/123,876  elapsed 11.4s]
    [61,952/123,876  elapsed 12.4s]
    [67,072/123,876  elapsed 13.4s]
    [72,192/123,876  elapsed 14.4s]
    [77,312/123,876  elapsed 15.4s]
    [82,432/123,876  elapsed 16.5s]
    [87,552/123,876  elapsed 17.5s]
    [92,672/123,876  elapsed 18.5s]
    [97,792/123,876  elapsed 19.5s]
    [102,912/123,876  elapsed 20.5s]
    [108,032/123,876  elapsed 21.5s]
    [113,152/123,876  elapsed 22.6s]
    [118,272/123,876  elapsed 23.7s]
    [123,392/123,876  elapsed 24.7s]
  eval done in 24.8s
  by-popularity NDCG@10: tail=0.0076(n=20,661)  mid=0.0226(n=20,108)  head=0.0921(n=83,107)
  epoch  19  loss=8.5456  val_NDCG=0.0730  test_NDCG=0.0667  test_HR=0.1120  (35.8s)
  evaluating 123,876 users in batches of 512...
    [512/123,876  elapsed 0.1s]
    [5,632/123,876  elapsed 1.1s]
    [10,752/123,876  elapsed 2.1s]
    [15,872/123,876  elapsed 3.1s]
    [20,992/123,876  elapsed 4.2s]
    [26,112/123,876  elapsed 5.2s]
    [31,232/123,876  elapsed 6.2s]
    [36,352/123,876  elapsed 7.2s]
    [41,472/123,876  elapsed 8.2s]
    [46,592/123,876  elapsed 9.2s]
    [51,712/123,876  elapsed 10.2s]
    [56,832/123,876  elapsed 11.2s]
    [61,952/123,876  elapsed 12.3s]
    [67,072/123,876  elapsed 13.3s]
    [72,192/123,876  elapsed 14.3s]
    [77,312/123,876  elapsed 15.3s]
    [82,432/123,876  elapsed 16.3s]
    [87,552/123,876  elapsed 17.3s]
    [92,672/123,876  elapsed 18.3s]
    [97,792/123,876  elapsed 19.3s]
    [102,912/123,876  elapsed 20.3s]
    [108,032/123,876  elapsed 21.3s]
    [113,152/123,876  elapsed 22.3s]
    [118,272/123,876  elapsed 23.4s]
    [123,392/123,876  elapsed 24.4s]
  eval done in 24.5s
  by-popularity NDCG@10: tail=0.0108(n=18,342)  mid=0.0288(n=20,089)  head=0.0968(n=85,445)
  evaluating 123,876 users in batches of 512...
    [512/123,876  elapsed 0.1s]
    [5,632/123,876  elapsed 1.1s]
    [10,752/123,876  elapsed 2.1s]
    [15,872/123,876  elapsed 3.1s]
    [20,992/123,876  elapsed 4.2s]
    [26,112/123,876  elapsed 5.2s]
    [31,232/123,876  elapsed 6.2s]
    [36,352/123,876  elapsed 7.2s]
    [41,472/123,876  elapsed 8.2s]
    [46,592/123,876  elapsed 9.2s]
    [51,712/123,876  elapsed 10.3s]
    [56,832/123,876  elapsed 11.3s]
    [61,952/123,876  elapsed 12.3s]
    [67,072/123,876  elapsed 13.3s]
    [72,192/123,876  elapsed 14.3s]
    [77,312/123,876  elapsed 15.3s]
    [82,432/123,876  elapsed 16.3s]
    [87,552/123,876  elapsed 17.4s]
    [92,672/123,876  elapsed 18.4s]
    [97,792/123,876  elapsed 19.4s]
    [102,912/123,876  elapsed 20.4s]
    [108,032/123,876  elapsed 21.4s]
    [113,152/123,876  elapsed 22.4s]
    [118,272/123,876  elapsed 23.4s]
    [123,392/123,876  elapsed 24.4s]
  eval done in 24.5s
  by-popularity NDCG@10: tail=0.0076(n=20,661)  mid=0.0226(n=20,108)  head=0.0921(n=83,107)
  epoch  20  loss=8.5394  val_NDCG=0.0730  test_NDCG=0.0667  test_HR=0.1120  (35.6s)

=== Best by val NDCG@10 ===
  val_NDCG=0.0730
  test: {'NDCG@10': 0.06673818954396488, 'HR@10': 0.11216054764441862, 'MRR': 0.05921696223352641, 'n_eval': 123876, 'by_popularity': {'tail': {'NDCG@10': 0.0076188635382778485, 'HR@10': 0.01442330961715309, 'n': 20661, 'n_hit@10': 298, 'HR@20': 0.022070567736314797, 'n_hit@20': 456, 'HR@50': 0.03872029427423648, 'n_hit@50': 800, 'HR@100': 0.05909684913605343, 'n_hit@100': 1221}, 'mid': {'NDCG@10': 0.022574916571121987, 'HR@10': 0.041525760891187584, 'n': 20108, 'n_hit@10': 835, 'HR@20': 0.06102048935746966, 'n_hit@20': 1227, 'HR@50': 0.09861746568529939, 'n_hit@50': 1983, 'HR@100': 0.13949671772428884, 'n_hit@100': 2805}, 'head': {'NDCG@10': 0.09212112344293157, 'HR@10': 0.15354903919044124, 'n': 83107, 'n_hit@10': 12761, 'HR@20': 0.20279880154499622, 'n_hit@20': 16854, 'HR@50': 0.281685056613763, 'n_hit@50': 23410, 'HR@100': 0.3518596508116043, 'n_hit@100': 29242}}}
wrote C:\Users\rayxc\Documents\R\_bestrec_run\results_CDS_COLDFUSE_base_seed20260738.users.jsonl.gz (123,876 per-user records, best epoch 18, sha256 50000c7b7d75…)
wrote C:\Users\rayxc\Documents\R\_bestrec_run\results_CDS_COLDFUSE_base_seed20260738.final.users.jsonl.gz (123,876 FINAL-epoch per-user records)

wrote C:\Users\rayxc\Documents\R\_bestrec_run\results_CDS_COLDFUSE_base_seed20260738.json
[run] results_CDs_and_Vinyl_COLDFUSE_confirm_seed20260738.json
=== COLDFUSE confirm: CDs_and_Vinyl seed 20260738 (ease=no) ===
  [val] streaming sweep: 41 systems ...
    [512/123,876 1s]
    [20,992/123,876 15s]
    [41,472/123,876 30s]
    [61,952/123,876 45s]
    [82,432/123,876 59s]
    [102,912/123,876 74s]
    [123,392/123,876 88s]
  VAL ref overall 0.07303 tail 0.01027 | selected {'profile': 'exp0.9', 'wt_tail': 0.2, 'wt_mid': 0.0, 'wt_head': 0.0} val tail 0.01579
  [test] reference + selected ...
    [512/123,876 0s]
    [20,992/123,876 5s]
    [41,472/123,876 10s]
    [61,952/123,876 15s]
    [82,432/123,876 21s]
    [102,912/123,876 26s]
    [123,392/123,876 31s]
  TEST ref 0.06674 (tail 0.00752) -> sel 0.06685 (tail 0.01234)
wrote C:\Users\rayxc\Documents\R\_bestrec_run\results_CDs_and_Vinyl_COLDFUSE_confirm_seed20260738.json
[run] results_CDS_COLDFUSE_base_seed20260739.json
  random seed set to 20260739
=== CDs_and_Vinyl: load splits ===
  n_users=123,876  n_items=89,370  pad_id=89370
  built sequences for 123,876 users
  built timestamp sequences (12 time buckets)
  loading SBERT embeddings from C:\Users\rayxc\Documents\R\cache_5core\sbert_titles_CDs_and_Vinyl.npy...
  TAPE: k-means 89,370 text embeddings into K=512 prototypes (tau=0.05)...
  TAPE: K=512 mean max-assignment weight = 0.493 (1.0 = hard clustering)

=== Build SASRec-SBERT (d=64, layers=4, heads=2) ===
  total params: 40,208,319  device=cuda
  123,876 training examples / 484 batches per epoch
  init_state_sha256 = 99a0e5aa878dc9af273e1f6f9eafbb62a30bde953ecbc0ae1b42ca4f4b2c921c
  LR schedule: warmup_cosine (484 warmup + 9196 cosine steps)

=== Train for 20 epochs ===
  evaluating 123,876 users in batches of 512...
    [512/123,876  elapsed 0.1s]
    [5,632/123,876  elapsed 1.1s]
    [10,752/123,876  elapsed 2.1s]
    [15,872/123,876  elapsed 3.1s]
    [20,992/123,876  elapsed 4.2s]
    [26,112/123,876  elapsed 5.2s]
    [31,232/123,876  elapsed 6.2s]
    [36,352/123,876  elapsed 7.2s]
    [41,472/123,876  elapsed 8.2s]
    [46,592/123,876  elapsed 9.2s]
    [51,712/123,876  elapsed 10.2s]
    [56,832/123,876  elapsed 11.3s]
    [61,952/123,876  elapsed 12.3s]
    [67,072/123,876  elapsed 13.3s]
    [72,192/123,876  elapsed 14.4s]
    [77,312/123,876  elapsed 15.4s]
    [82,432/123,876  elapsed 16.4s]
    [87,552/123,876  elapsed 17.4s]
    [92,672/123,876  elapsed 18.4s]
    [97,792/123,876  elapsed 19.4s]
    [102,912/123,876  elapsed 20.5s]
    [108,032/123,876  elapsed 21.5s]
    [113,152/123,876  elapsed 22.5s]
    [118,272/123,876  elapsed 23.5s]
    [123,392/123,876  elapsed 24.5s]
  eval done in 24.6s
  by-popularity NDCG@10: tail=0.0001(n=18,342)  mid=0.0003(n=20,089)  head=0.0142(n=85,445)
  evaluating 123,876 users in batches of 512...
    [512/123,876  elapsed 0.1s]
    [5,632/123,876  elapsed 1.1s]
    [10,752/123,876  elapsed 2.2s]
    [15,872/123,876  elapsed 3.2s]
    [20,992/123,876  elapsed 4.2s]
    [26,112/123,876  elapsed 5.2s]
    [31,232/123,876  elapsed 6.2s]
    [36,352/123,876  elapsed 7.3s]
    [41,472/123,876  elapsed 8.3s]
    [46,592/123,876  elapsed 9.3s]
    [51,712/123,876  elapsed 10.3s]
    [56,832/123,876  elapsed 11.3s]
    [61,952/123,876  elapsed 12.4s]
    [67,072/123,876  elapsed 13.4s]
    [72,192/123,876  elapsed 14.4s]
    [77,312/123,876  elapsed 15.4s]
    [82,432/123,876  elapsed 16.4s]
    [87,552/123,876  elapsed 17.5s]
    [92,672/123,876  elapsed 18.5s]
    [97,792/123,876  elapsed 19.5s]
    [102,912/123,876  elapsed 20.5s]
    [108,032/123,876  elapsed 21.6s]
    [113,152/123,876  elapsed 22.6s]
    [118,272/123,876  elapsed 23.6s]
    [123,392/123,876  elapsed 24.6s]
  eval done in 24.7s
  by-popularity NDCG@10: tail=0.0000(n=20,661)  mid=0.0002(n=20,108)  head=0.0148(n=83,107)
  epoch   1  loss=11.0007  val_NDCG=0.0098  test_NDCG=0.0100  test_HR=0.0192  (35.9s)
  evaluating 123,876 users in batches of 512...
    [512/123,876  elapsed 0.1s]
    [5,632/123,876  elapsed 1.1s]
    [10,752/123,876  elapsed 2.2s]
    [15,872/123,876  elapsed 3.2s]
    [20,992/123,876  elapsed 4.2s]
    [26,112/123,876  elapsed 5.2s]
    [31,232/123,876  elapsed 6.2s]
    [36,352/123,876  elapsed 7.3s]
    [41,472/123,876  elapsed 8.3s]
    [46,592/123,876  elapsed 9.3s]
    [51,712/123,876  elapsed 10.3s]
    [56,832/123,876  elapsed 11.3s]
    [61,952/123,876  elapsed 12.4s]
    [67,072/123,876  elapsed 13.4s]
    [72,192/123,876  elapsed 14.5s]
    [77,312/123,876  elapsed 15.6s]
    [82,432/123,876  elapsed 16.6s]
    [87,552/123,876  elapsed 17.6s]
    [92,672/123,876  elapsed 18.6s]
    [97,792/123,876  elapsed 19.7s]
    [102,912/123,876  elapsed 20.7s]
    [108,032/123,876  elapsed 21.7s]
    [113,152/123,876  elapsed 22.7s]
    [118,272/123,876  elapsed 23.8s]
    [123,392/123,876  elapsed 24.8s]
  eval done in 24.9s
  by-popularity NDCG@10: tail=0.0001(n=18,342)  mid=0.0010(n=20,089)  head=0.0374(n=85,445)
  evaluating 123,876 users in batches of 512...
    [512/123,876  elapsed 0.1s]
    [5,632/123,876  elapsed 1.1s]
    [10,752/123,876  elapsed 2.2s]
    [15,872/123,876  elapsed 3.2s]
    [20,992/123,876  elapsed 4.2s]
    [26,112/123,876  elapsed 5.3s]
    [31,232/123,876  elapsed 6.3s]
    [36,352/123,876  elapsed 7.4s]
    [41,472/123,876  elapsed 8.4s]
    [46,592/123,876  elapsed 9.4s]
    [51,712/123,876  elapsed 10.4s]
    [56,832/123,876  elapsed 11.5s]
    [61,952/123,876  elapsed 12.5s]
    [67,072/123,876  elapsed 13.6s]
    [72,192/123,876  elapsed 14.6s]
    [77,312/123,876  elapsed 15.6s]
    [82,432/123,876  elapsed 16.7s]
    [87,552/123,876  elapsed 17.7s]
    [92,672/123,876  elapsed 18.7s]
    [97,792/123,876  elapsed 19.7s]
    [102,912/123,876  elapsed 20.8s]
    [108,032/123,876  elapsed 21.8s]
    [113,152/123,876  elapsed 22.9s]
    [118,272/123,876  elapsed 23.9s]
    [123,392/123,876  elapsed 24.9s]
  eval done in 25.0s
  by-popularity NDCG@10: tail=0.0000(n=20,661)  mid=0.0005(n=20,108)  head=0.0377(n=83,107)
  epoch   2  loss=10.2756  val_NDCG=0.0259  test_NDCG=0.0254  test_HR=0.0468  (37.6s)
  evaluating 123,876 users in batches of 512...
    [512/123,876  elapsed 0.1s]
    [5,632/123,876  elapsed 1.1s]
    [10,752/123,876  elapsed 2.2s]
    [15,872/123,876  elapsed 3.2s]
    [20,992/123,876  elapsed 4.2s]
    [26,112/123,876  elapsed 5.2s]
    [31,232/123,876  elapsed 6.3s]
    [36,352/123,876  elapsed 7.3s]
    [41,472/123,876  elapsed 8.3s]
    [46,592/123,876  elapsed 9.3s]
    [51,712/123,876  elapsed 10.4s]
    [56,832/123,876  elapsed 11.4s]
    [61,952/123,876  elapsed 12.4s]
    [67,072/123,876  elapsed 13.5s]
    [72,192/123,876  elapsed 14.5s]
    [77,312/123,876  elapsed 15.5s]
    [82,432/123,876  elapsed 16.5s]
    [87,552/123,876  elapsed 17.5s]
    [92,672/123,876  elapsed 18.6s]
    [97,792/123,876  elapsed 19.7s]
    [102,912/123,876  elapsed 20.7s]
    [108,032/123,876  elapsed 21.7s]
    [113,152/123,876  elapsed 22.8s]
    [118,272/123,876  elapsed 23.8s]
    [123,392/123,876  elapsed 24.8s]
  eval done in 24.9s
  by-popularity NDCG@10: tail=0.0005(n=18,342)  mid=0.0031(n=20,089)  head=0.0586(n=85,445)
  evaluating 123,876 users in batches of 512...
    [512/123,876  elapsed 0.1s]
    [5,632/123,876  elapsed 1.1s]
    [10,752/123,876  elapsed 2.2s]
    [15,872/123,876  elapsed 3.3s]
    [20,992/123,876  elapsed 4.3s]
    [26,112/123,876  elapsed 5.4s]
    [31,232/123,876  elapsed 6.4s]
    [36,352/123,876  elapsed 7.5s]
    [41,472/123,876  elapsed 8.5s]
    [46,592/123,876  elapsed 9.5s]
    [51,712/123,876  elapsed 10.6s]
    [56,832/123,876  elapsed 11.6s]
    [61,952/123,876  elapsed 12.6s]
    [67,072/123,876  elapsed 13.7s]
    [72,192/123,876  elapsed 14.7s]
    [77,312/123,876  elapsed 15.7s]
    [82,432/123,876  elapsed 16.8s]
    [87,552/123,876  elapsed 17.8s]
    [92,672/123,876  elapsed 18.8s]
    [97,792/123,876  elapsed 19.9s]
    [102,912/123,876  elapsed 20.9s]
    [108,032/123,876  elapsed 21.9s]
    [113,152/123,876  elapsed 23.0s]
    [118,272/123,876  elapsed 24.0s]
    [123,392/123,876  elapsed 25.0s]
  eval done in 25.1s
  by-popularity NDCG@10: tail=0.0003(n=20,661)  mid=0.0026(n=20,108)  head=0.0564(n=83,107)
  epoch   3  loss=9.8268  val_NDCG=0.0410  test_NDCG=0.0383  test_HR=0.0680  (38.6s)
  evaluating 123,876 users in batches of 512...
    [512/123,876  elapsed 0.1s]
    [5,632/123,876  elapsed 1.1s]
    [10,752/123,876  elapsed 2.2s]
    [15,872/123,876  elapsed 3.2s]
    [20,992/123,876  elapsed 4.2s]
    [26,112/123,876  elapsed 5.2s]
    [31,232/123,876  elapsed 6.2s]
    [36,352/123,876  elapsed 7.3s]
    [41,472/123,876  elapsed 8.3s]
    [46,592/123,876  elapsed 9.3s]
    [51,712/123,876  elapsed 10.4s]
    [56,832/123,876  elapsed 11.4s]
    [61,952/123,876  elapsed 12.4s]
    [67,072/123,876  elapsed 13.4s]
    [72,192/123,876  elapsed 14.4s]
    [77,312/123,876  elapsed 15.5s]
    [82,432/123,876  elapsed 16.5s]
    [87,552/123,876  elapsed 17.5s]
    [92,672/123,876  elapsed 18.5s]
    [97,792/123,876  elapsed 19.5s]
    [102,912/123,876  elapsed 20.6s]
    [108,032/123,876  elapsed 21.6s]
    [113,152/123,876  elapsed 22.6s]
    [118,272/123,876  elapsed 23.6s]
    [123,392/123,876  elapsed 24.7s]
  eval done in 24.8s
  by-popularity NDCG@10: tail=0.0012(n=18,342)  mid=0.0066(n=20,089)  head=0.0704(n=85,445)
  evaluating 123,876 users in batches of 512...
    [512/123,876  elapsed 0.1s]
    [5,632/123,876  elapsed 1.2s]
    [10,752/123,876  elapsed 2.3s]
    [15,872/123,876  elapsed 3.3s]
    [20,992/123,876  elapsed 4.3s]
    [26,112/123,876  elapsed 5.4s]
    [31,232/123,876  elapsed 6.4s]
    [36,352/123,876  elapsed 7.4s]
    [41,472/123,876  elapsed 8.5s]
    [46,592/123,876  elapsed 9.5s]
    [51,712/123,876  elapsed 10.5s]
    [56,832/123,876  elapsed 11.6s]
    [61,952/123,876  elapsed 12.6s]
    [67,072/123,876  elapsed 13.6s]
    [72,192/123,876  elapsed 14.6s]
    [77,312/123,876  elapsed 15.7s]
    [82,432/123,876  elapsed 16.7s]
    [87,552/123,876  elapsed 17.7s]
    [92,672/123,876  elapsed 18.7s]
    [97,792/123,876  elapsed 19.8s]
    [102,912/123,876  elapsed 20.8s]
    [108,032/123,876  elapsed 21.8s]
    [113,152/123,876  elapsed 22.8s]
    [118,272/123,876  elapsed 23.9s]
    [123,392/123,876  elapsed 24.9s]
  eval done in 25.0s
  by-popularity NDCG@10: tail=0.0010(n=20,661)  mid=0.0042(n=20,108)  head=0.0667(n=83,107)
  epoch   4  loss=9.5557  val_NDCG=0.0498  test_NDCG=0.0456  test_HR=0.0795  (60.1s)
  evaluating 123,876 users in batches of 512...
    [512/123,876  elapsed 0.1s]
    [5,632/123,876  elapsed 1.1s]
    [10,752/123,876  elapsed 2.1s]
    [15,872/123,876  elapsed 3.2s]
    [20,992/123,876  elapsed 4.2s]
    [26,112/123,876  elapsed 5.2s]
    [31,232/123,876  elapsed 6.2s]
    [36,352/123,876  elapsed 7.2s]
    [41,472/123,876  elapsed 8.2s]
    [46,592/123,876  elapsed 9.2s]
    [51,712/123,876  elapsed 10.3s]
    [56,832/123,876  elapsed 11.3s]
    [61,952/123,876  elapsed 12.3s]
    [67,072/123,876  elapsed 13.3s]
    [72,192/123,876  elapsed 14.4s]
    [77,312/123,876  elapsed 15.4s]
    [82,432/123,876  elapsed 16.4s]
    [87,552/123,876  elapsed 17.4s]
    [92,672/123,876  elapsed 18.4s]
    [97,792/123,876  elapsed 19.4s]
    [102,912/123,876  elapsed 20.4s]
    [108,032/123,876  elapsed 21.5s]
    [113,152/123,876  elapsed 22.5s]
    [118,272/123,876  elapsed 23.5s]
    [123,392/123,876  elapsed 24.5s]
  eval done in 24.6s
  by-popularity NDCG@10: tail=0.0021(n=18,342)  mid=0.0104(n=20,089)  head=0.0791(n=85,445)
  evaluating 123,876 users in batches of 512...
    [512/123,876  elapsed 0.1s]
    [5,632/123,876  elapsed 1.1s]
    [10,752/123,876  elapsed 2.2s]
    [15,872/123,876  elapsed 3.2s]
    [20,992/123,876  elapsed 4.2s]
    [26,112/123,876  elapsed 5.3s]
    [31,232/123,876  elapsed 6.3s]
    [36,352/123,876  elapsed 7.4s]
    [41,472/123,876  elapsed 8.5s]
    [46,592/123,876  elapsed 9.5s]
    [51,712/123,876  elapsed 10.5s]
    [56,832/123,876  elapsed 11.6s]
    [61,952/123,876  elapsed 12.6s]
    [67,072/123,876  elapsed 13.6s]
    [72,192/123,876  elapsed 14.6s]
    [77,312/123,876  elapsed 15.7s]
    [82,432/123,876  elapsed 16.7s]
    [87,552/123,876  elapsed 17.7s]
    [92,672/123,876  elapsed 18.7s]
    [97,792/123,876  elapsed 19.8s]
    [102,912/123,876  elapsed 20.8s]
    [108,032/123,876  elapsed 21.8s]
    [113,152/123,876  elapsed 22.8s]
    [118,272/123,876  elapsed 23.9s]
    [123,392/123,876  elapsed 24.9s]
  eval done in 25.0s
  by-popularity NDCG@10: tail=0.0016(n=20,661)  mid=0.0073(n=20,108)  head=0.0750(n=83,107)
  epoch   5  loss=9.3682  val_NDCG=0.0565  test_NDCG=0.0518  test_HR=0.0898  (38.7s)
  evaluating 123,876 users in batches of 512...
    [512/123,876  elapsed 0.1s]
    [5,632/123,876  elapsed 1.1s]
    [10,752/123,876  elapsed 2.1s]
    [15,872/123,876  elapsed 3.2s]
    [20,992/123,876  elapsed 4.2s]
    [26,112/123,876  elapsed 5.2s]
    [31,232/123,876  elapsed 6.2s]
    [36,352/123,876  elapsed 7.2s]
    [41,472/123,876  elapsed 8.2s]
    [46,592/123,876  elapsed 9.3s]
    [51,712/123,876  elapsed 10.3s]
    [56,832/123,876  elapsed 11.3s]
    [61,952/123,876  elapsed 12.3s]
    [67,072/123,876  elapsed 13.4s]
    [72,192/123,876  elapsed 14.4s]
    [77,312/123,876  elapsed 15.4s]
    [82,432/123,876  elapsed 16.4s]
    [87,552/123,876  elapsed 17.5s]
    [92,672/123,876  elapsed 18.5s]
    [97,792/123,876  elapsed 19.5s]
    [102,912/123,876  elapsed 20.5s]
    [108,032/123,876  elapsed 21.5s]
    [113,152/123,876  elapsed 22.5s]
    [118,272/123,876  elapsed 23.5s]
    [123,392/123,876  elapsed 24.5s]
  eval done in 24.6s
  by-popularity NDCG@10: tail=0.0035(n=18,342)  mid=0.0139(n=20,089)  head=0.0857(n=85,445)
  evaluating 123,876 users in batches of 512...
    [512/123,876  elapsed 0.1s]
    [5,632/123,876  elapsed 1.2s]
    [10,752/123,876  elapsed 2.2s]
    [15,872/123,876  elapsed 3.2s]
    [20,992/123,876  elapsed 4.2s]
    [26,112/123,876  elapsed 5.2s]
    [31,232/123,876  elapsed 6.3s]
    [36,352/123,876  elapsed 7.3s]
    [41,472/123,876  elapsed 8.3s]
    [46,592/123,876  elapsed 9.3s]
    [51,712/123,876  elapsed 10.3s]
    [56,832/123,876  elapsed 11.4s]
    [61,952/123,876  elapsed 12.4s]
    [67,072/123,876  elapsed 13.5s]
    [72,192/123,876  elapsed 14.5s]
    [77,312/123,876  elapsed 15.6s]
    [82,432/123,876  elapsed 16.6s]
    [87,552/123,876  elapsed 17.7s]
    [92,672/123,876  elapsed 18.7s]
    [97,792/123,876  elapsed 19.7s]
    [102,912/123,876  elapsed 20.8s]
    [108,032/123,876  elapsed 21.8s]
    [113,152/123,876  elapsed 22.8s]
    [118,272/123,876  elapsed 23.8s]
    [123,392/123,876  elapsed 24.9s]
  eval done in 25.0s
  by-popularity NDCG@10: tail=0.0024(n=20,661)  mid=0.0106(n=20,108)  head=0.0812(n=83,107)
  epoch   6  loss=9.2255  val_NDCG=0.0619  test_NDCG=0.0566  test_HR=0.0970  (38.7s)
  evaluating 123,876 users in batches of 512...
    [512/123,876  elapsed 0.1s]
    [5,632/123,876  elapsed 1.1s]
    [10,752/123,876  elapsed 2.2s]
    [15,872/123,876  elapsed 3.2s]
    [20,992/123,876  elapsed 4.2s]
    [26,112/123,876  elapsed 5.2s]
    [31,232/123,876  elapsed 6.3s]
    [36,352/123,876  elapsed 7.3s]
    [41,472/123,876  elapsed 8.3s]
    [46,592/123,876  elapsed 9.4s]
    [51,712/123,876  elapsed 10.4s]
    [56,832/123,876  elapsed 11.4s]
    [61,952/123,876  elapsed 12.4s]
    [67,072/123,876  elapsed 13.5s]
    [72,192/123,876  elapsed 14.5s]
    [77,312/123,876  elapsed 15.5s]
    [82,432/123,876  elapsed 16.5s]
    [87,552/123,876  elapsed 17.5s]
    [92,672/123,876  elapsed 18.6s]
    [97,792/123,876  elapsed 19.6s]
    [102,912/123,876  elapsed 20.6s]
    [108,032/123,876  elapsed 21.6s]
    [113,152/123,876  elapsed 22.7s]
    [118,272/123,876  elapsed 23.7s]
    [123,392/123,876  elapsed 24.7s]
  eval done in 24.8s
  by-popularity NDCG@10: tail=0.0051(n=18,342)  mid=0.0181(n=20,089)  head=0.0883(n=85,445)
  evaluating 123,876 users in batches of 512...
    [512/123,876  elapsed 0.1s]
    [5,632/123,876  elapsed 1.1s]
    [10,752/123,876  elapsed 2.2s]
    [15,872/123,876  elapsed 3.2s]
    [20,992/123,876  elapsed 4.2s]
    [26,112/123,876  elapsed 5.3s]
    [31,232/123,876  elapsed 6.3s]
    [36,352/123,876  elapsed 7.3s]
    [41,472/123,876  elapsed 8.4s]
    [46,592/123,876  elapsed 9.4s]
    [51,712/123,876  elapsed 10.4s]
    [56,832/123,876  elapsed 11.4s]
    [61,952/123,876  elapsed 12.4s]
    [67,072/123,876  elapsed 13.5s]
    [72,192/123,876  elapsed 14.5s]
    [77,312/123,876  elapsed 15.6s]
    [82,432/123,876  elapsed 16.7s]
    [87,552/123,876  elapsed 17.7s]
    [92,672/123,876  elapsed 18.7s]
    [97,792/123,876  elapsed 19.8s]
    [102,912/123,876  elapsed 20.8s]
    [108,032/123,876  elapsed 21.8s]
    [113,152/123,876  elapsed 22.8s]
    [118,272/123,876  elapsed 23.9s]
    [123,392/123,876  elapsed 24.9s]
  eval done in 25.0s
  by-popularity NDCG@10: tail=0.0034(n=20,661)  mid=0.0131(n=20,108)  head=0.0827(n=83,107)
  epoch   7  loss=9.1132  val_NDCG=0.0646  test_NDCG=0.0582  test_HR=0.0993  (38.8s)
  evaluating 123,876 users in batches of 512...
    [512/123,876  elapsed 0.1s]
    [5,632/123,876  elapsed 1.1s]
    [10,752/123,876  elapsed 2.1s]
    [15,872/123,876  elapsed 3.2s]
    [20,992/123,876  elapsed 4.2s]
    [26,112/123,876  elapsed 5.2s]
    [31,232/123,876  elapsed 6.2s]
    [36,352/123,876  elapsed 7.2s]
    [41,472/123,876  elapsed 8.3s]
    [46,592/123,876  elapsed 9.4s]
    [51,712/123,876  elapsed 10.4s]
    [56,832/123,876  elapsed 11.4s]
    [61,952/123,876  elapsed 12.4s]
    [67,072/123,876  elapsed 13.5s]
    [72,192/123,876  elapsed 14.5s]
    [77,312/123,876  elapsed 15.5s]
    [82,432/123,876  elapsed 16.5s]
    [87,552/123,876  elapsed 17.5s]
    [92,672/123,876  elapsed 18.6s]
    [97,792/123,876  elapsed 19.6s]
    [102,912/123,876  elapsed 20.6s]
    [108,032/123,876  elapsed 21.6s]
    [113,152/123,876  elapsed 22.7s]
    [118,272/123,876  elapsed 23.7s]
    [123,392/123,876  elapsed 24.7s]
  eval done in 24.8s
  by-popularity NDCG@10: tail=0.0065(n=18,342)  mid=0.0205(n=20,089)  head=0.0910(n=85,445)
  evaluating 123,876 users in batches of 512...
    [512/123,876  elapsed 0.1s]
    [5,632/123,876  elapsed 1.1s]
    [10,752/123,876  elapsed 2.2s]
    [15,872/123,876  elapsed 3.2s]
    [20,992/123,876  elapsed 4.2s]
    [26,112/123,876  elapsed 5.3s]
    [31,232/123,876  elapsed 6.3s]
    [36,352/123,876  elapsed 7.3s]
    [41,472/123,876  elapsed 8.4s]
    [46,592/123,876  elapsed 9.4s]
    [51,712/123,876  elapsed 10.4s]
    [56,832/123,876  elapsed 11.5s]
    [61,952/123,876  elapsed 12.5s]
    [67,072/123,876  elapsed 13.5s]
    [72,192/123,876  elapsed 14.6s]
    [77,312/123,876  elapsed 15.6s]
    [82,432/123,876  elapsed 16.6s]
    [87,552/123,876  elapsed 17.7s]
    [92,672/123,876  elapsed 18.7s]
    [97,792/123,876  elapsed 19.7s]
    [102,912/123,876  elapsed 20.8s]
    [108,032/123,876  elapsed 21.8s]
    [113,152/123,876  elapsed 22.9s]
    [118,272/123,876  elapsed 24.0s]
    [123,392/123,876  elapsed 25.0s]
  eval done in 25.1s
  by-popularity NDCG@10: tail=0.0041(n=20,661)  mid=0.0154(n=20,108)  head=0.0854(n=83,107)
  epoch   8  loss=9.0186  val_NDCG=0.0671  test_NDCG=0.0605  test_HR=0.1031  (38.6s)
  evaluating 123,876 users in batches of 512...
    [512/123,876  elapsed 0.1s]
    [5,632/123,876  elapsed 1.1s]
    [10,752/123,876  elapsed 2.2s]
    [15,872/123,876  elapsed 3.2s]
    [20,992/123,876  elapsed 4.2s]
    [26,112/123,876  elapsed 5.3s]
    [31,232/123,876  elapsed 6.3s]
    [36,352/123,876  elapsed 7.3s]
    [41,472/123,876  elapsed 8.4s]
    [46,592/123,876  elapsed 9.4s]
    [51,712/123,876  elapsed 10.4s]
    [56,832/123,876  elapsed 11.4s]
    [61,952/123,876  elapsed 12.5s]
    [67,072/123,876  elapsed 13.5s]
    [72,192/123,876  elapsed 14.5s]
    [77,312/123,876  elapsed 15.6s]
    [82,432/123,876  elapsed 16.6s]
    [87,552/123,876  elapsed 17.6s]
    [92,672/123,876  elapsed 18.6s]
    [97,792/123,876  elapsed 19.6s]
    [102,912/123,876  elapsed 20.7s]
    [108,032/123,876  elapsed 21.7s]
    [113,152/123,876  elapsed 22.7s]
    [118,272/123,876  elapsed 23.8s]
    [123,392/123,876  elapsed 24.8s]
  eval done in 24.9s
  by-popularity NDCG@10: tail=0.0077(n=18,342)  mid=0.0226(n=20,089)  head=0.0926(n=85,445)
  evaluating 123,876 users in batches of 512...
    [512/123,876  elapsed 0.1s]
    [5,632/123,876  elapsed 1.1s]
    [10,752/123,876  elapsed 2.2s]
    [15,872/123,876  elapsed 3.2s]
    [20,992/123,876  elapsed 4.2s]
    [26,112/123,876  elapsed 5.3s]
    [31,232/123,876  elapsed 6.3s]
    [36,352/123,876  elapsed 7.3s]
    [41,472/123,876  elapsed 8.4s]
    [46,592/123,876  elapsed 9.4s]
    [51,712/123,876  elapsed 10.4s]
    [56,832/123,876  elapsed 11.5s]
    [61,952/123,876  elapsed 12.5s]
    [67,072/123,876  elapsed 13.5s]
    [72,192/123,876  elapsed 14.6s]
    [77,312/123,876  elapsed 15.6s]
    [82,432/123,876  elapsed 16.6s]
    [87,552/123,876  elapsed 17.6s]
    [92,672/123,876  elapsed 18.7s]
    [97,792/123,876  elapsed 19.7s]
    [102,912/123,876  elapsed 20.7s]
    [108,032/123,876  elapsed 21.8s]
    [113,152/123,876  elapsed 22.8s]
    [118,272/123,876  elapsed 23.8s]
    [123,392/123,876  elapsed 24.9s]
  eval done in 25.0s
  by-popularity NDCG@10: tail=0.0049(n=20,661)  mid=0.0172(n=20,108)  head=0.0866(n=83,107)
  epoch   9  loss=8.9390  val_NDCG=0.0687  test_NDCG=0.0617  test_HR=0.1053  (38.7s)
  evaluating 123,876 users in batches of 512...
    [512/123,876  elapsed 0.1s]
    [5,632/123,876  elapsed 1.1s]
    [10,752/123,876  elapsed 2.1s]
    [15,872/123,876  elapsed 3.2s]
    [20,992/123,876  elapsed 4.2s]
    [26,112/123,876  elapsed 5.2s]
    [31,232/123,876  elapsed 6.2s]
    [36,352/123,876  elapsed 7.2s]
    [41,472/123,876  elapsed 8.3s]
    [46,592/123,876  elapsed 9.3s]
    [51,712/123,876  elapsed 10.3s]
    [56,832/123,876  elapsed 11.3s]
    [61,952/123,876  elapsed 12.3s]
    [67,072/123,876  elapsed 13.4s]
    [72,192/123,876  elapsed 14.4s]
    [77,312/123,876  elapsed 15.4s]
    [82,432/123,876  elapsed 16.4s]
    [87,552/123,876  elapsed 17.5s]
    [92,672/123,876  elapsed 18.5s]
    [97,792/123,876  elapsed 19.5s]
    [102,912/123,876  elapsed 20.5s]
    [108,032/123,876  elapsed 21.6s]
    [113,152/123,876  elapsed 22.6s]
    [118,272/123,876  elapsed 23.6s]
    [123,392/123,876  elapsed 24.6s]
  eval done in 24.8s
  by-popularity NDCG@10: tail=0.0082(n=18,342)  mid=0.0240(n=20,089)  head=0.0930(n=85,445)
  evaluating 123,876 users in batches of 512...
    [512/123,876  elapsed 0.1s]
    [5,632/123,876  elapsed 1.1s]
    [10,752/123,876  elapsed 2.2s]
    [15,872/123,876  elapsed 3.2s]
    [20,992/123,876  elapsed 4.2s]
    [26,112/123,876  elapsed 5.3s]
    [31,232/123,876  elapsed 6.3s]
    [36,352/123,876  elapsed 7.3s]
    [41,472/123,876  elapsed 8.4s]
    [46,592/123,876  elapsed 9.4s]
    [51,712/123,876  elapsed 10.4s]
    [56,832/123,876  elapsed 11.5s]
    [61,952/123,876  elapsed 12.5s]
    [67,072/123,876  elapsed 13.5s]
    [72,192/123,876  elapsed 14.5s]
    [77,312/123,876  elapsed 15.6s]
    [82,432/123,876  elapsed 16.6s]
    [87,552/123,876  elapsed 17.6s]
    [92,672/123,876  elapsed 18.7s]
    [97,792/123,876  elapsed 19.7s]
    [102,912/123,876  elapsed 20.7s]
    [108,032/123,876  elapsed 21.7s]
    [113,152/123,876  elapsed 22.8s]
    [118,272/123,876  elapsed 23.8s]
    [123,392/123,876  elapsed 24.9s]
  eval done in 25.0s
  by-popularity NDCG@10: tail=0.0054(n=20,661)  mid=0.0186(n=20,108)  head=0.0866(n=83,107)
  epoch  10  loss=8.8741  val_NDCG=0.0692  test_NDCG=0.0620  test_HR=0.1058  (38.8s)
  evaluating 123,876 users in batches of 512...
    [512/123,876  elapsed 0.1s]
    [5,632/123,876  elapsed 1.1s]
    [10,752/123,876  elapsed 2.1s]
    [15,872/123,876  elapsed 3.2s]
    [20,992/123,876  elapsed 4.2s]
    [26,112/123,876  elapsed 5.2s]
    [31,232/123,876  elapsed 6.3s]
    [36,352/123,876  elapsed 7.3s]
    [41,472/123,876  elapsed 8.3s]
    [46,592/123,876  elapsed 9.3s]
    [51,712/123,876  elapsed 10.4s]
    [56,832/123,876  elapsed 11.4s]
    [61,952/123,876  elapsed 12.4s]
    [67,072/123,876  elapsed 13.5s]
    [72,192/123,876  elapsed 14.5s]
    [77,312/123,876  elapsed 15.5s]
    [82,432/123,876  elapsed 16.5s]
    [87,552/123,876  elapsed 17.6s]
    [92,672/123,876  elapsed 18.6s]
    [97,792/123,876  elapsed 19.6s]
    [102,912/123,876  elapsed 20.6s]
    [108,032/123,876  elapsed 21.7s]
    [113,152/123,876  elapsed 22.7s]
    [118,272/123,876  elapsed 23.7s]
    [123,392/123,876  elapsed 24.7s]
  eval done in 24.8s
  by-popularity NDCG@10: tail=0.0088(n=18,342)  mid=0.0257(n=20,089)  head=0.0943(n=85,445)
  evaluating 123,876 users in batches of 512...
    [512/123,876  elapsed 0.1s]
    [5,632/123,876  elapsed 1.1s]
    [10,752/123,876  elapsed 2.2s]
    [15,872/123,876  elapsed 3.2s]
    [20,992/123,876  elapsed 4.3s]
    [26,112/123,876  elapsed 5.3s]
    [31,232/123,876  elapsed 6.3s]
    [36,352/123,876  elapsed 7.3s]
    [41,472/123,876  elapsed 8.4s]
    [46,592/123,876  elapsed 9.4s]
    [51,712/123,876  elapsed 10.5s]
    [56,832/123,876  elapsed 11.5s]
    [61,952/123,876  elapsed 12.5s]
    [67,072/123,876  elapsed 13.5s]
    [72,192/123,876  elapsed 14.6s]
    [77,312/123,876  elapsed 15.6s]
    [82,432/123,876  elapsed 16.7s]
    [87,552/123,876  elapsed 17.7s]
    [92,672/123,876  elapsed 18.7s]
    [97,792/123,876  elapsed 19.8s]
    [102,912/123,876  elapsed 20.8s]
    [108,032/123,876  elapsed 21.8s]
    [113,152/123,876  elapsed 22.9s]
    [118,272/123,876  elapsed 23.9s]
    [123,392/123,876  elapsed 24.9s]
  eval done in 25.0s
  by-popularity NDCG@10: tail=0.0057(n=20,661)  mid=0.0192(n=20,108)  head=0.0885(n=83,107)
  epoch  11  loss=8.8140  val_NDCG=0.0705  test_NDCG=0.0635  test_HR=0.1079  (60.1s)
  evaluating 123,876 users in batches of 512...
    [512/123,876  elapsed 0.1s]
    [5,632/123,876  elapsed 1.1s]
    [10,752/123,876  elapsed 2.2s]
    [15,872/123,876  elapsed 3.2s]
    [20,992/123,876  elapsed 4.2s]
    [26,112/123,876  elapsed 5.2s]
    [31,232/123,876  elapsed 6.3s]
    [36,352/123,876  elapsed 7.3s]
    [41,472/123,876  elapsed 8.3s]
    [46,592/123,876  elapsed 9.3s]
    [51,712/123,876  elapsed 10.4s]
    [56,832/123,876  elapsed 11.4s]
    [61,952/123,876  elapsed 12.4s]
    [67,072/123,876  elapsed 13.4s]
    [72,192/123,876  elapsed 14.4s]
    [77,312/123,876  elapsed 15.5s]
    [82,432/123,876  elapsed 16.5s]
    [87,552/123,876  elapsed 17.5s]
    [92,672/123,876  elapsed 18.5s]
    [97,792/123,876  elapsed 19.6s]
    [102,912/123,876  elapsed 20.6s]
    [108,032/123,876  elapsed 21.6s]
    [113,152/123,876  elapsed 22.6s]
    [118,272/123,876  elapsed 23.6s]
    [123,392/123,876  elapsed 24.7s]
  eval done in 24.8s
  by-popularity NDCG@10: tail=0.0096(n=18,342)  mid=0.0269(n=20,089)  head=0.0951(n=85,445)
  evaluating 123,876 users in batches of 512...
    [512/123,876  elapsed 0.1s]
    [5,632/123,876  elapsed 1.1s]
    [10,752/123,876  elapsed 2.2s]
    [15,872/123,876  elapsed 3.2s]
    [20,992/123,876  elapsed 4.2s]
    [26,112/123,876  elapsed 5.3s]
    [31,232/123,876  elapsed 6.3s]
    [36,352/123,876  elapsed 7.4s]
    [41,472/123,876  elapsed 8.4s]
    [46,592/123,876  elapsed 9.5s]
    [51,712/123,876  elapsed 10.5s]
    [56,832/123,876  elapsed 11.5s]
    [61,952/123,876  elapsed 12.6s]
    [67,072/123,876  elapsed 13.6s]
    [72,192/123,876  elapsed 14.6s]
    [77,312/123,876  elapsed 15.7s]
    [82,432/123,876  elapsed 16.7s]
    [87,552/123,876  elapsed 17.7s]
    [92,672/123,876  elapsed 18.9s]
    [97,792/123,876  elapsed 20.0s]
    [102,912/123,876  elapsed 21.0s]
    [108,032/123,876  elapsed 22.0s]
    [113,152/123,876  elapsed 23.1s]
    [118,272/123,876  elapsed 24.1s]
    [123,392/123,876  elapsed 25.1s]
  eval done in 25.2s
  by-popularity NDCG@10: tail=0.0063(n=20,661)  mid=0.0205(n=20,108)  head=0.0890(n=83,107)
  epoch  12  loss=8.7612  val_NDCG=0.0714  test_NDCG=0.0641  test_HR=0.1088  (38.6s)
  evaluating 123,876 users in batches of 512...
    [512/123,876  elapsed 0.1s]
    [5,632/123,876  elapsed 1.1s]
    [10,752/123,876  elapsed 2.1s]
    [15,872/123,876  elapsed 3.2s]
    [20,992/123,876  elapsed 4.2s]
    [26,112/123,876  elapsed 5.2s]
    [31,232/123,876  elapsed 6.2s]
    [36,352/123,876  elapsed 7.3s]
    [41,472/123,876  elapsed 8.3s]
    [46,592/123,876  elapsed 9.3s]
    [51,712/123,876  elapsed 10.4s]
    [56,832/123,876  elapsed 11.4s]
    [61,952/123,876  elapsed 12.4s]
    [67,072/123,876  elapsed 13.4s]
    [72,192/123,876  elapsed 14.5s]
    [77,312/123,876  elapsed 15.5s]
    [82,432/123,876  elapsed 16.5s]
    [87,552/123,876  elapsed 17.5s]
    [92,672/123,876  elapsed 18.6s]
    [97,792/123,876  elapsed 19.6s]
    [102,912/123,876  elapsed 20.6s]
    [108,032/123,876  elapsed 21.6s]
    [113,152/123,876  elapsed 22.7s]
    [118,272/123,876  elapsed 23.7s]
    [123,392/123,876  elapsed 24.7s]
  eval done in 24.8s
  by-popularity NDCG@10: tail=0.0100(n=18,342)  mid=0.0273(n=20,089)  head=0.0958(n=85,445)
  evaluating 123,876 users in batches of 512...
    [512/123,876  elapsed 0.1s]
    [5,632/123,876  elapsed 1.2s]
    [10,752/123,876  elapsed 2.2s]
    [15,872/123,876  elapsed 3.2s]
    [20,992/123,876  elapsed 4.3s]
    [26,112/123,876  elapsed 5.3s]
    [31,232/123,876  elapsed 6.3s]
    [36,352/123,876  elapsed 7.4s]
    [41,472/123,876  elapsed 8.4s]
    [46,592/123,876  elapsed 9.4s]
    [51,712/123,876  elapsed 10.5s]
    [56,832/123,876  elapsed 11.5s]
    [61,952/123,876  elapsed 12.5s]
    [67,072/123,876  elapsed 13.6s]
    [72,192/123,876  elapsed 14.6s]
    [77,312/123,876  elapsed 15.6s]
    [82,432/123,876  elapsed 16.7s]
    [87,552/123,876  elapsed 17.7s]
    [92,672/123,876  elapsed 18.7s]
    [97,792/123,876  elapsed 19.8s]
    [102,912/123,876  elapsed 20.8s]
    [108,032/123,876  elapsed 21.8s]
    [113,152/123,876  elapsed 22.9s]
    [118,272/123,876  elapsed 23.9s]
    [123,392/123,876  elapsed 24.9s]
  eval done in 25.0s
  by-popularity NDCG@10: tail=0.0065(n=20,661)  mid=0.0212(n=20,108)  head=0.0902(n=83,107)
  epoch  13  loss=8.7141  val_NDCG=0.0720  test_NDCG=0.0651  test_HR=0.1102  (38.7s)
  evaluating 123,876 users in batches of 512...
    [512/123,876  elapsed 0.1s]
    [5,632/123,876  elapsed 1.2s]
    [10,752/123,876  elapsed 2.2s]
    [15,872/123,876  elapsed 3.3s]
    [20,992/123,876  elapsed 4.3s]
    [26,112/123,876  elapsed 5.4s]
    [31,232/123,876  elapsed 6.4s]
    [36,352/123,876  elapsed 7.4s]
    [41,472/123,876  elapsed 8.4s]
    [46,592/123,876  elapsed 9.4s]
    [51,712/123,876  elapsed 10.4s]
    [56,832/123,876  elapsed 11.5s]
    [61,952/123,876  elapsed 12.5s]
    [67,072/123,876  elapsed 13.5s]
    [72,192/123,876  elapsed 14.5s]
    [77,312/123,876  elapsed 15.5s]
    [82,432/123,876  elapsed 16.5s]
    [87,552/123,876  elapsed 17.6s]
    [92,672/123,876  elapsed 18.6s]
    [97,792/123,876  elapsed 19.6s]
    [102,912/123,876  elapsed 20.6s]
    [108,032/123,876  elapsed 21.6s]
    [113,152/123,876  elapsed 22.6s]
    [118,272/123,876  elapsed 23.6s]
    [123,392/123,876  elapsed 24.7s]
  eval done in 24.8s
  by-popularity NDCG@10: tail=0.0102(n=18,342)  mid=0.0277(n=20,089)  head=0.0962(n=85,445)
  evaluating 123,876 users in batches of 512...
    [512/123,876  elapsed 0.1s]
    [5,632/123,876  elapsed 1.1s]
    [10,752/123,876  elapsed 2.2s]
    [15,872/123,876  elapsed 3.2s]
    [20,992/123,876  elapsed 4.2s]
    [26,112/123,876  elapsed 5.2s]
    [31,232/123,876  elapsed 6.2s]
    [36,352/123,876  elapsed 7.3s]
    [41,472/123,876  elapsed 8.3s]
    [46,592/123,876  elapsed 9.3s]
    [51,712/123,876  elapsed 10.3s]
    [56,832/123,876  elapsed 11.4s]
    [61,952/123,876  elapsed 12.4s]
    [67,072/123,876  elapsed 13.4s]
    [72,192/123,876  elapsed 14.4s]
    [77,312/123,876  elapsed 15.4s]
    [82,432/123,876  elapsed 16.5s]
    [87,552/123,876  elapsed 17.5s]
    [92,672/123,876  elapsed 18.5s]
    [97,792/123,876  elapsed 19.6s]
    [102,912/123,876  elapsed 20.6s]
    [108,032/123,876  elapsed 21.7s]
    [113,152/123,876  elapsed 22.7s]
    [118,272/123,876  elapsed 23.7s]
    [123,392/123,876  elapsed 24.8s]
  eval done in 24.8s
  by-popularity NDCG@10: tail=0.0065(n=20,661)  mid=0.0212(n=20,108)  head=0.0901(n=83,107)
  epoch  14  loss=8.6724  val_NDCG=0.0723  test_NDCG=0.0650  test_HR=0.1097  (38.6s)
  evaluating 123,876 users in batches of 512...
    [512/123,876  elapsed 0.1s]
    [5,632/123,876  elapsed 1.1s]
    [10,752/123,876  elapsed 2.2s]
    [15,872/123,876  elapsed 3.2s]
    [20,992/123,876  elapsed 4.2s]
    [26,112/123,876  elapsed 5.3s]
    [31,232/123,876  elapsed 6.3s]
    [36,352/123,876  elapsed 7.3s]
    [41,472/123,876  elapsed 8.3s]
    [46,592/123,876  elapsed 9.4s]
    [51,712/123,876  elapsed 10.4s]
    [56,832/123,876  elapsed 11.4s]
    [61,952/123,876  elapsed 12.4s]
    [67,072/123,876  elapsed 13.4s]
    [72,192/123,876  elapsed 14.4s]
    [77,312/123,876  elapsed 15.4s]
    [82,432/123,876  elapsed 16.5s]
    [87,552/123,876  elapsed 17.6s]
    [92,672/123,876  elapsed 18.6s]
    [97,792/123,876  elapsed 19.6s]
    [102,912/123,876  elapsed 20.6s]
    [108,032/123,876  elapsed 21.6s]
    [113,152/123,876  elapsed 22.6s]
    [118,272/123,876  elapsed 23.7s]
    [123,392/123,876  elapsed 24.7s]
  eval done in 24.8s
  by-popularity NDCG@10: tail=0.0103(n=18,342)  mid=0.0283(n=20,089)  head=0.0968(n=85,445)
  evaluating 123,876 users in batches of 512...
    [512/123,876  elapsed 0.1s]
    [5,632/123,876  elapsed 1.1s]
    [10,752/123,876  elapsed 2.2s]
    [15,872/123,876  elapsed 3.2s]
    [20,992/123,876  elapsed 4.2s]
    [26,112/123,876  elapsed 5.2s]
    [31,232/123,876  elapsed 6.3s]
    [36,352/123,876  elapsed 7.3s]
    [41,472/123,876  elapsed 8.3s]
    [46,592/123,876  elapsed 9.3s]
    [51,712/123,876  elapsed 10.3s]
    [56,832/123,876  elapsed 11.4s]
    [61,952/123,876  elapsed 12.4s]
    [67,072/123,876  elapsed 13.4s]
    [72,192/123,876  elapsed 14.4s]
    [77,312/123,876  elapsed 15.4s]
    [82,432/123,876  elapsed 16.4s]
    [87,552/123,876  elapsed 17.5s]
    [92,672/123,876  elapsed 18.5s]
    [97,792/123,876  elapsed 19.5s]
    [102,912/123,876  elapsed 20.5s]
    [108,032/123,876  elapsed 21.5s]
    [113,152/123,876  elapsed 22.6s]
    [118,272/123,876  elapsed 23.6s]
    [123,392/123,876  elapsed 24.6s]
  eval done in 24.7s
  by-popularity NDCG@10: tail=0.0069(n=20,661)  mid=0.0219(n=20,108)  head=0.0906(n=83,107)
  epoch  15  loss=8.6348  val_NDCG=0.0729  test_NDCG=0.0655  test_HR=0.1105  (38.7s)
  evaluating 123,876 users in batches of 512...
    [512/123,876  elapsed 0.1s]
    [5,632/123,876  elapsed 1.1s]
    [10,752/123,876  elapsed 2.2s]
    [15,872/123,876  elapsed 3.2s]
    [20,992/123,876  elapsed 4.2s]
    [26,112/123,876  elapsed 5.2s]
    [31,232/123,876  elapsed 6.3s]
    [36,352/123,876  elapsed 7.3s]
    [41,472/123,876  elapsed 8.4s]
    [46,592/123,876  elapsed 9.4s]
    [51,712/123,876  elapsed 10.4s]
    [56,832/123,876  elapsed 11.5s]
    [61,952/123,876  elapsed 12.5s]
    [67,072/123,876  elapsed 13.5s]
    [72,192/123,876  elapsed 14.6s]
    [77,312/123,876  elapsed 15.6s]
    [82,432/123,876  elapsed 16.6s]
    [87,552/123,876  elapsed 17.7s]
    [92,672/123,876  elapsed 18.7s]
    [97,792/123,876  elapsed 19.7s]
    [102,912/123,876  elapsed 20.7s]
    [108,032/123,876  elapsed 21.7s]
    [113,152/123,876  elapsed 22.8s]
    [118,272/123,876  elapsed 23.8s]
    [123,392/123,876  elapsed 24.8s]
  eval done in 24.9s
  by-popularity NDCG@10: tail=0.0105(n=18,342)  mid=0.0283(n=20,089)  head=0.0971(n=85,445)
  evaluating 123,876 users in batches of 512...
    [512/123,876  elapsed 0.1s]
    [5,632/123,876  elapsed 1.2s]
    [10,752/123,876  elapsed 2.2s]
    [15,872/123,876  elapsed 3.2s]
    [20,992/123,876  elapsed 4.3s]
    [26,112/123,876  elapsed 5.3s]
    [31,232/123,876  elapsed 6.4s]
    [36,352/123,876  elapsed 7.4s]
    [41,472/123,876  elapsed 8.4s]
    [46,592/123,876  elapsed 9.5s]
    [51,712/123,876  elapsed 10.5s]
    [56,832/123,876  elapsed 11.6s]
    [61,952/123,876  elapsed 12.6s]
    [67,072/123,876  elapsed 13.6s]
    [72,192/123,876  elapsed 14.7s]
    [77,312/123,876  elapsed 15.7s]
    [82,432/123,876  elapsed 16.7s]
    [87,552/123,876  elapsed 17.7s]
    [92,672/123,876  elapsed 18.8s]
    [97,792/123,876  elapsed 19.8s]
    [102,912/123,876  elapsed 20.9s]
    [108,032/123,876  elapsed 21.9s]
    [113,152/123,876  elapsed 22.9s]
    [118,272/123,876  elapsed 24.0s]
    [123,392/123,876  elapsed 25.0s]
  eval done in 25.1s
  by-popularity NDCG@10: tail=0.0069(n=20,661)  mid=0.0220(n=20,108)  head=0.0909(n=83,107)
  epoch  16  loss=8.6040  val_NDCG=0.0731  test_NDCG=0.0657  test_HR=0.1109  (59.9s)
  evaluating 123,876 users in batches of 512...
    [512/123,876  elapsed 0.1s]
    [5,632/123,876  elapsed 1.1s]
    [10,752/123,876  elapsed 2.1s]
    [15,872/123,876  elapsed 3.2s]
    [20,992/123,876  elapsed 4.3s]
    [26,112/123,876  elapsed 5.3s]
    [31,232/123,876  elapsed 6.3s]
    [36,352/123,876  elapsed 7.4s]
    [41,472/123,876  elapsed 8.4s]
    [46,592/123,876  elapsed 9.4s]
    [51,712/123,876  elapsed 10.4s]
    [56,832/123,876  elapsed 11.5s]
    [61,952/123,876  elapsed 12.5s]
    [67,072/123,876  elapsed 13.5s]
    [72,192/123,876  elapsed 14.5s]
    [77,312/123,876  elapsed 15.5s]
    [82,432/123,876  elapsed 16.5s]
    [87,552/123,876  elapsed 17.6s]
    [92,672/123,876  elapsed 18.6s]
    [97,792/123,876  elapsed 19.6s]
    [102,912/123,876  elapsed 20.6s]
    [108,032/123,876  elapsed 21.6s]
    [113,152/123,876  elapsed 22.6s]
    [118,272/123,876  elapsed 23.6s]
    [123,392/123,876  elapsed 24.6s]
  eval done in 24.8s
  by-popularity NDCG@10: tail=0.0106(n=18,342)  mid=0.0281(n=20,089)  head=0.0972(n=85,445)
  evaluating 123,876 users in batches of 512...
    [512/123,876  elapsed 0.1s]
    [5,632/123,876  elapsed 1.1s]
    [10,752/123,876  elapsed 2.2s]
    [15,872/123,876  elapsed 3.2s]
    [20,992/123,876  elapsed 4.2s]
    [26,112/123,876  elapsed 5.2s]
    [31,232/123,876  elapsed 6.2s]
    [36,352/123,876  elapsed 7.3s]
    [41,472/123,876  elapsed 8.3s]
    [46,592/123,876  elapsed 9.3s]
    [51,712/123,876  elapsed 10.3s]
    [56,832/123,876  elapsed 11.4s]
    [61,952/123,876  elapsed 12.4s]
    [67,072/123,876  elapsed 13.4s]
    [72,192/123,876  elapsed 14.4s]
    [77,312/123,876  elapsed 15.5s]
    [82,432/123,876  elapsed 16.5s]
    [87,552/123,876  elapsed 17.5s]
    [92,672/123,876  elapsed 18.5s]
    [97,792/123,876  elapsed 19.6s]
    [102,912/123,876  elapsed 20.6s]
    [108,032/123,876  elapsed 21.6s]
    [113,152/123,876  elapsed 22.6s]
    [118,272/123,876  elapsed 23.7s]
    [123,392/123,876  elapsed 24.7s]
  eval done in 24.8s
  by-popularity NDCG@10: tail=0.0070(n=20,661)  mid=0.0220(n=20,108)  head=0.0910(n=83,107)
  epoch  17  loss=8.5799  val_NDCG=0.0732  test_NDCG=0.0658  test_HR=0.1110  (38.7s)
  evaluating 123,876 users in batches of 512...
    [512/123,876  elapsed 0.1s]
    [5,632/123,876  elapsed 1.1s]
    [10,752/123,876  elapsed 2.2s]
    [15,872/123,876  elapsed 3.2s]
    [20,992/123,876  elapsed 4.2s]
    [26,112/123,876  elapsed 5.2s]
    [31,232/123,876  elapsed 6.3s]
    [36,352/123,876  elapsed 7.3s]
    [41,472/123,876  elapsed 8.3s]
    [46,592/123,876  elapsed 9.4s]
    [51,712/123,876  elapsed 10.5s]
    [56,832/123,876  elapsed 11.5s]
    [61,952/123,876  elapsed 12.5s]
    [67,072/123,876  elapsed 13.6s]
    [72,192/123,876  elapsed 14.6s]
    [77,312/123,876  elapsed 15.6s]
    [82,432/123,876  elapsed 16.6s]
    [87,552/123,876  elapsed 17.7s]
    [92,672/123,876  elapsed 18.7s]
    [97,792/123,876  elapsed 19.7s]
    [102,912/123,876  elapsed 20.7s]
    [108,032/123,876  elapsed 21.8s]
    [113,152/123,876  elapsed 22.8s]
    [118,272/123,876  elapsed 23.8s]
    [123,392/123,876  elapsed 24.8s]
  eval done in 24.9s
  by-popularity NDCG@10: tail=0.0107(n=18,342)  mid=0.0287(n=20,089)  head=0.0973(n=85,445)
  evaluating 123,876 users in batches of 512...
    [512/123,876  elapsed 0.1s]
    [5,632/123,876  elapsed 1.1s]
    [10,752/123,876  elapsed 2.2s]
    [15,872/123,876  elapsed 3.2s]
    [20,992/123,876  elapsed 4.2s]
    [26,112/123,876  elapsed 5.3s]
    [31,232/123,876  elapsed 6.3s]
    [36,352/123,876  elapsed 7.3s]
    [41,472/123,876  elapsed 8.4s]
    [46,592/123,876  elapsed 9.4s]
    [51,712/123,876  elapsed 10.4s]
    [56,832/123,876  elapsed 11.5s]
    [61,952/123,876  elapsed 12.5s]
    [67,072/123,876  elapsed 13.5s]
    [72,192/123,876  elapsed 14.6s]
    [77,312/123,876  elapsed 15.6s]
    [82,432/123,876  elapsed 16.6s]
    [87,552/123,876  elapsed 17.7s]
    [92,672/123,876  elapsed 18.7s]
    [97,792/123,876  elapsed 19.8s]
    [102,912/123,876  elapsed 20.8s]
    [108,032/123,876  elapsed 21.8s]
    [113,152/123,876  elapsed 22.9s]
    [118,272/123,876  elapsed 23.9s]
    [123,392/123,876  elapsed 24.9s]
  eval done in 25.0s
  by-popularity NDCG@10: tail=0.0071(n=20,661)  mid=0.0223(n=20,108)  head=0.0912(n=83,107)
  epoch  18  loss=8.5609  val_NDCG=0.0734  test_NDCG=0.0660  test_HR=0.1113  (38.6s)
  evaluating 123,876 users in batches of 512...
    [512/123,876  elapsed 0.1s]
    [5,632/123,876  elapsed 1.1s]
    [10,752/123,876  elapsed 2.2s]
    [15,872/123,876  elapsed 3.2s]
    [20,992/123,876  elapsed 4.2s]
    [26,112/123,876  elapsed 5.2s]
    [31,232/123,876  elapsed 6.3s]
    [36,352/123,876  elapsed 7.3s]
    [41,472/123,876  elapsed 8.3s]
    [46,592/123,876  elapsed 9.4s]
    [51,712/123,876  elapsed 10.4s]
    [56,832/123,876  elapsed 11.4s]
    [61,952/123,876  elapsed 12.4s]
    [67,072/123,876  elapsed 13.5s]
    [72,192/123,876  elapsed 14.5s]
    [77,312/123,876  elapsed 15.6s]
    [82,432/123,876  elapsed 16.7s]
    [87,552/123,876  elapsed 17.7s]
    [92,672/123,876  elapsed 18.7s]
    [97,792/123,876  elapsed 19.7s]
    [102,912/123,876  elapsed 20.8s]
    [108,032/123,876  elapsed 21.8s]
    [113,152/123,876  elapsed 22.8s]
    [118,272/123,876  elapsed 23.8s]
    [123,392/123,876  elapsed 24.8s]
  eval done in 25.0s
  by-popularity NDCG@10: tail=0.0108(n=18,342)  mid=0.0289(n=20,089)  head=0.0973(n=85,445)
  evaluating 123,876 users in batches of 512...
    [512/123,876  elapsed 0.1s]
    [5,632/123,876  elapsed 1.2s]
    [10,752/123,876  elapsed 2.2s]
    [15,872/123,876  elapsed 3.2s]
    [20,992/123,876  elapsed 4.2s]
    [26,112/123,876  elapsed 5.3s]
    [31,232/123,876  elapsed 6.3s]
    [36,352/123,876  elapsed 7.4s]
    [41,472/123,876  elapsed 8.4s]
    [46,592/123,876  elapsed 9.4s]
    [51,712/123,876  elapsed 10.5s]
    [56,832/123,876  elapsed 11.5s]
    [61,952/123,876  elapsed 12.5s]
    [67,072/123,876  elapsed 13.5s]
    [72,192/123,876  elapsed 14.6s]
    [77,312/123,876  elapsed 15.6s]
    [82,432/123,876  elapsed 16.7s]
    [87,552/123,876  elapsed 17.7s]
    [92,672/123,876  elapsed 18.7s]
    [97,792/123,876  elapsed 19.8s]
    [102,912/123,876  elapsed 20.8s]
    [108,032/123,876  elapsed 21.8s]
    [113,152/123,876  elapsed 22.9s]
    [118,272/123,876  elapsed 23.9s]
    [123,392/123,876  elapsed 24.9s]
  eval done in 25.0s
  by-popularity NDCG@10: tail=0.0071(n=20,661)  mid=0.0224(n=20,108)  head=0.0912(n=83,107)
  epoch  19  loss=8.5495  val_NDCG=0.0734  test_NDCG=0.0660  test_HR=0.1114  (38.8s)
  evaluating 123,876 users in batches of 512...
    [512/123,876  elapsed 0.1s]
    [5,632/123,876  elapsed 1.1s]
    [10,752/123,876  elapsed 2.1s]
    [15,872/123,876  elapsed 3.1s]
    [20,992/123,876  elapsed 4.2s]
    [26,112/123,876  elapsed 5.2s]
    [31,232/123,876  elapsed 6.2s]
    [36,352/123,876  elapsed 7.2s]
    [41,472/123,876  elapsed 8.2s]
    [46,592/123,876  elapsed 9.3s]
    [51,712/123,876  elapsed 10.3s]
    [56,832/123,876  elapsed 11.3s]
    [61,952/123,876  elapsed 12.3s]
    [67,072/123,876  elapsed 13.3s]
    [72,192/123,876  elapsed 14.4s]
    [77,312/123,876  elapsed 15.4s]
    [82,432/123,876  elapsed 16.4s]
    [87,552/123,876  elapsed 17.4s]
    [92,672/123,876  elapsed 18.4s]
    [97,792/123,876  elapsed 19.5s]
    [102,912/123,876  elapsed 20.5s]
    [108,032/123,876  elapsed 21.6s]
    [113,152/123,876  elapsed 22.6s]
    [118,272/123,876  elapsed 23.7s]
    [123,392/123,876  elapsed 24.7s]
  eval done in 24.8s
  by-popularity NDCG@10: tail=0.0108(n=18,342)  mid=0.0288(n=20,089)  head=0.0973(n=85,445)
  evaluating 123,876 users in batches of 512...
    [512/123,876  elapsed 0.1s]
    [5,632/123,876  elapsed 1.1s]
    [10,752/123,876  elapsed 2.2s]
    [15,872/123,876  elapsed 3.2s]
    [20,992/123,876  elapsed 4.2s]
    [26,112/123,876  elapsed 5.2s]
    [31,232/123,876  elapsed 6.3s]
    [36,352/123,876  elapsed 7.3s]
    [41,472/123,876  elapsed 8.3s]
    [46,592/123,876  elapsed 9.3s]
    [51,712/123,876  elapsed 10.4s]
    [56,832/123,876  elapsed 11.4s]
    [61,952/123,876  elapsed 12.4s]
    [67,072/123,876  elapsed 13.4s]
    [72,192/123,876  elapsed 14.4s]
    [77,312/123,876  elapsed 15.5s]
    [82,432/123,876  elapsed 16.5s]
    [87,552/123,876  elapsed 17.5s]
    [92,672/123,876  elapsed 18.6s]
    [97,792/123,876  elapsed 19.6s]
    [102,912/123,876  elapsed 20.6s]
    [108,032/123,876  elapsed 21.6s]
    [113,152/123,876  elapsed 22.7s]
    [118,272/123,876  elapsed 23.7s]
    [123,392/123,876  elapsed 24.7s]
  eval done in 24.8s
  by-popularity NDCG@10: tail=0.0072(n=20,661)  mid=0.0223(n=20,108)  head=0.0913(n=83,107)
  epoch  20  loss=8.5414  val_NDCG=0.0734  test_NDCG=0.0661  test_HR=0.1114  (38.7s)

=== Best by val NDCG@10 ===
  val_NDCG=0.0734
  test: {'NDCG@10': 0.06608190778277483, 'HR@10': 0.11140979689366787, 'MRR': 0.05862364251099544, 'n_eval': 123876, 'by_popularity': {'tail': {'NDCG@10': 0.00715133012903336, 'HR@10': 0.013745704467353952, 'n': 20661, 'n_hit@10': 284, 'HR@20': 0.021296161850830067, 'n_hit@20': 440, 'HR@50': 0.0385266928028653, 'n_hit@50': 796, 'HR@100': 0.058612845457625476, 'n_hit@100': 1211}, 'mid': {'NDCG@10': 0.022341800519975398, 'HR@10': 0.041028446389496716, 'n': 20108, 'n_hit@10': 825, 'HR@20': 0.06166699820966779, 'n_hit@20': 1240, 'HR@50': 0.10145215834493734, 'n_hit@50': 2040, 'HR@100': 0.14248060473443405, 'n_hit@100': 2865}, 'head': {'NDCG@10': 0.09131553120492125, 'HR@10': 0.15271878421793592, 'n': 83107, 'n_hit@10': 12692, 'HR@20': 0.20232952699531928, 'n_hit@20': 16815, 'HR@50': 0.2814203376370222, 'n_hit@50': 23388, 'HR@100': 0.3513663109004055, 'n_hit@100': 29201}}}
wrote C:\Users\rayxc\Documents\R\_bestrec_run\results_CDS_COLDFUSE_base_seed20260739.users.jsonl.gz (123,876 per-user records, best epoch 20, sha256 630547b04547…)

wrote C:\Users\rayxc\Documents\R\_bestrec_run\results_CDS_COLDFUSE_base_seed20260739.json
[run] results_CDs_and_Vinyl_COLDFUSE_confirm_seed20260739.json
=== COLDFUSE confirm: CDs_and_Vinyl seed 20260739 (ease=no) ===
  [val] streaming sweep: 41 systems ...
    [512/123,876 1s]
    [20,992/123,876 15s]
    [41,472/123,876 30s]
    [61,952/123,876 45s]
    [82,432/123,876 59s]
    [102,912/123,876 74s]
    [123,392/123,876 89s]
  VAL ref overall 0.07340 tail 0.01017 | selected {'profile': 'exp0.9', 'wt_tail': 0.2, 'wt_mid': 0.0, 'wt_head': 0.0} val tail 0.01556
  [test] reference + selected ...
    [512/123,876 0s]
    [20,992/123,876 5s]
    [41,472/123,876 10s]
    [61,952/123,876 15s]
    [82,432/123,876 20s]
    [102,912/123,876 26s]
    [123,392/123,876 31s]
  TEST ref 0.06608 (tail 0.00696) -> sel 0.06614 (tail 0.01165)
wrote C:\Users\rayxc\Documents\R\_bestrec_run\results_CDs_and_Vinyl_COLDFUSE_confirm_seed20260739.json
[run] results_CDS_COLDFUSE_base_seed20260740.json
  random seed set to 20260740
=== CDs_and_Vinyl: load splits ===
  n_users=123,876  n_items=89,370  pad_id=89370
  built sequences for 123,876 users
  built timestamp sequences (12 time buckets)
  loading SBERT embeddings from C:\Users\rayxc\Documents\R\cache_5core\sbert_titles_CDs_and_Vinyl.npy...
  TAPE: k-means 89,370 text embeddings into K=512 prototypes (tau=0.05)...
  TAPE: K=512 mean max-assignment weight = 0.482 (1.0 = hard clustering)

=== Build SASRec-SBERT (d=64, layers=4, heads=2) ===
  total params: 40,208,319  device=cuda
  123,876 training examples / 484 batches per epoch
  init_state_sha256 = a691a243d675b07dea1e1117af064a0b5021bdc3c5baf90e3b7f2b57446485ae
  LR schedule: warmup_cosine (484 warmup + 9196 cosine steps)

=== Train for 20 epochs ===
  evaluating 123,876 users in batches of 512...
    [512/123,876  elapsed 0.1s]
    [5,632/123,876  elapsed 1.1s]
    [10,752/123,876  elapsed 2.2s]
    [15,872/123,876  elapsed 3.2s]
    [20,992/123,876  elapsed 4.2s]
    [26,112/123,876  elapsed 5.2s]
    [31,232/123,876  elapsed 6.2s]
    [36,352/123,876  elapsed 7.3s]
    [41,472/123,876  elapsed 8.4s]
    [46,592/123,876  elapsed 9.4s]
    [51,712/123,876  elapsed 10.5s]
    [56,832/123,876  elapsed 11.5s]
    [61,952/123,876  elapsed 12.5s]
    [67,072/123,876  elapsed 13.5s]
    [72,192/123,876  elapsed 14.5s]
    [77,312/123,876  elapsed 15.5s]
    [82,432/123,876  elapsed 16.5s]
    [87,552/123,876  elapsed 17.6s]
    [92,672/123,876  elapsed 18.6s]
    [97,792/123,876  elapsed 19.6s]
    [102,912/123,876  elapsed 20.6s]
    [108,032/123,876  elapsed 21.6s]
    [113,152/123,876  elapsed 22.6s]
    [118,272/123,876  elapsed 23.7s]
    [123,392/123,876  elapsed 24.7s]
  eval done in 24.8s
  by-popularity NDCG@10: tail=0.0000(n=18,342)  mid=0.0001(n=20,089)  head=0.0134(n=85,445)
  evaluating 123,876 users in batches of 512...
    [512/123,876  elapsed 0.1s]
    [5,632/123,876  elapsed 1.1s]
    [10,752/123,876  elapsed 2.2s]
    [15,872/123,876  elapsed 3.2s]
    [20,992/123,876  elapsed 4.2s]
    [26,112/123,876  elapsed 5.2s]
    [31,232/123,876  elapsed 6.3s]
    [36,352/123,876  elapsed 7.3s]
    [41,472/123,876  elapsed 8.3s]
    [46,592/123,876  elapsed 9.3s]
    [51,712/123,876  elapsed 10.4s]
    [56,832/123,876  elapsed 11.4s]
    [61,952/123,876  elapsed 12.4s]
    [67,072/123,876  elapsed 13.4s]
    [72,192/123,876  elapsed 14.4s]
    [77,312/123,876  elapsed 15.5s]
    [82,432/123,876  elapsed 16.5s]
    [87,552/123,876  elapsed 17.5s]
    [92,672/123,876  elapsed 18.5s]
    [97,792/123,876  elapsed 19.6s]
    [102,912/123,876  elapsed 20.6s]
    [108,032/123,876  elapsed 21.6s]
    [113,152/123,876  elapsed 22.6s]
    [118,272/123,876  elapsed 23.6s]
    [123,392/123,876  elapsed 24.6s]
  eval done in 24.7s
  by-popularity NDCG@10: tail=0.0000(n=20,661)  mid=0.0001(n=20,108)  head=0.0140(n=83,107)
  epoch   1  loss=11.0038  val_NDCG=0.0093  test_NDCG=0.0094  test_HR=0.0180  (35.9s)
  evaluating 123,876 users in batches of 512...
    [512/123,876  elapsed 0.1s]
    [5,632/123,876  elapsed 1.1s]
    [10,752/123,876  elapsed 2.1s]
    [15,872/123,876  elapsed 3.1s]
    [20,992/123,876  elapsed 4.2s]
    [26,112/123,876  elapsed 5.2s]
    [31,232/123,876  elapsed 6.2s]
    [36,352/123,876  elapsed 7.2s]
    [41,472/123,876  elapsed 8.2s]
    [46,592/123,876  elapsed 9.2s]
    [51,712/123,876  elapsed 10.2s]
    [56,832/123,876  elapsed 11.3s]
    [61,952/123,876  elapsed 12.3s]
    [67,072/123,876  elapsed 13.3s]
    [72,192/123,876  elapsed 14.3s]
    [77,312/123,876  elapsed 15.3s]
    [82,432/123,876  elapsed 16.3s]
    [87,552/123,876  elapsed 17.3s]
    [92,672/123,876  elapsed 18.4s]
    [97,792/123,876  elapsed 19.4s]
    [102,912/123,876  elapsed 20.4s]
    [108,032/123,876  elapsed 21.5s]
    [113,152/123,876  elapsed 22.6s]
    [118,272/123,876  elapsed 23.6s]
    [123,392/123,876  elapsed 24.6s]
  eval done in 24.7s
  by-popularity NDCG@10: tail=0.0001(n=18,342)  mid=0.0011(n=20,089)  head=0.0373(n=85,445)
  evaluating 123,876 users in batches of 512...
    [512/123,876  elapsed 0.1s]
    [5,632/123,876  elapsed 1.1s]
    [10,752/123,876  elapsed 2.2s]
    [15,872/123,876  elapsed 3.2s]
    [20,992/123,876  elapsed 4.2s]
    [26,112/123,876  elapsed 5.2s]
    [31,232/123,876  elapsed 6.3s]
    [36,352/123,876  elapsed 7.3s]
    [41,472/123,876  elapsed 8.3s]
    [46,592/123,876  elapsed 9.3s]
    [51,712/123,876  elapsed 10.4s]
    [56,832/123,876  elapsed 11.4s]
    [61,952/123,876  elapsed 12.4s]
    [67,072/123,876  elapsed 13.4s]
    [72,192/123,876  elapsed 14.4s]
    [77,312/123,876  elapsed 15.5s]
    [82,432/123,876  elapsed 16.5s]
    [87,552/123,876  elapsed 17.5s]
    [92,672/123,876  elapsed 18.5s]
    [97,792/123,876  elapsed 19.6s]
    [102,912/123,876  elapsed 20.6s]
    [108,032/123,876  elapsed 21.6s]
    [113,152/123,876  elapsed 22.6s]
    [118,272/123,876  elapsed 23.7s]
    [123,392/123,876  elapsed 24.7s]
  eval done in 24.8s
  by-popularity NDCG@10: tail=0.0001(n=20,661)  mid=0.0008(n=20,108)  head=0.0356(n=83,107)
  epoch   2  loss=10.2833  val_NDCG=0.0259  test_NDCG=0.0240  test_HR=0.0444  (35.7s)
  evaluating 123,876 users in batches of 512...
    [512/123,876  elapsed 0.1s]
    [5,632/123,876  elapsed 1.1s]
    [10,752/123,876  elapsed 2.1s]
    [15,872/123,876  elapsed 3.1s]
    [20,992/123,876  elapsed 4.2s]
    [26,112/123,876  elapsed 5.2s]
    [31,232/123,876  elapsed 6.2s]
    [36,352/123,876  elapsed 7.2s]
    [41,472/123,876  elapsed 8.2s]
    [46,592/123,876  elapsed 9.2s]
    [51,712/123,876  elapsed 10.3s]
    [56,832/123,876  elapsed 11.3s]
    [61,952/123,876  elapsed 12.3s]
    [67,072/123,876  elapsed 13.3s]
    [72,192/123,876  elapsed 14.3s]
    [77,312/123,876  elapsed 15.3s]
    [82,432/123,876  elapsed 16.4s]
    [87,552/123,876  elapsed 17.4s]
    [92,672/123,876  elapsed 18.4s]
    [97,792/123,876  elapsed 19.4s]
    [102,912/123,876  elapsed 20.4s]
    [108,032/123,876  elapsed 21.4s]
    [113,152/123,876  elapsed 22.5s]
    [118,272/123,876  elapsed 23.5s]
    [123,392/123,876  elapsed 24.5s]
  eval done in 24.6s
  by-popularity NDCG@10: tail=0.0004(n=18,342)  mid=0.0030(n=20,089)  head=0.0587(n=85,445)
  evaluating 123,876 users in batches of 512...
    [512/123,876  elapsed 0.1s]
    [5,632/123,876  elapsed 1.1s]
    [10,752/123,876  elapsed 2.2s]
    [15,872/123,876  elapsed 3.2s]
    [20,992/123,876  elapsed 4.2s]
    [26,112/123,876  elapsed 5.2s]
    [31,232/123,876  elapsed 6.2s]
    [36,352/123,876  elapsed 7.3s]
    [41,472/123,876  elapsed 8.3s]
    [46,592/123,876  elapsed 9.4s]
    [51,712/123,876  elapsed 10.5s]
    [56,832/123,876  elapsed 11.5s]
    [61,952/123,876  elapsed 12.5s]
    [67,072/123,876  elapsed 13.6s]
    [72,192/123,876  elapsed 14.6s]
    [77,312/123,876  elapsed 15.6s]
    [82,432/123,876  elapsed 16.6s]
    [87,552/123,876  elapsed 17.7s]
    [92,672/123,876  elapsed 18.7s]
    [97,792/123,876  elapsed 19.7s]
    [102,912/123,876  elapsed 20.8s]
    [108,032/123,876  elapsed 21.8s]
    [113,152/123,876  elapsed 22.8s]
    [118,272/123,876  elapsed 23.8s]
    [123,392/123,876  elapsed 24.8s]
  eval done in 24.9s
  by-popularity NDCG@10: tail=0.0003(n=20,661)  mid=0.0023(n=20,108)  head=0.0561(n=83,107)
  epoch   3  loss=9.8313  val_NDCG=0.0411  test_NDCG=0.0381  test_HR=0.0677  (35.7s)
  evaluating 123,876 users in batches of 512...
    [512/123,876  elapsed 0.1s]
    [5,632/123,876  elapsed 1.1s]
    [10,752/123,876  elapsed 2.1s]
    [15,872/123,876  elapsed 3.2s]
    [20,992/123,876  elapsed 4.2s]
    [26,112/123,876  elapsed 5.2s]
    [31,232/123,876  elapsed 6.2s]
    [36,352/123,876  elapsed 7.2s]
    [41,472/123,876  elapsed 8.2s]
    [46,592/123,876  elapsed 9.2s]
    [51,712/123,876  elapsed 10.2s]
    [56,832/123,876  elapsed 11.3s]
    [61,952/123,876  elapsed 12.3s]
    [67,072/123,876  elapsed 13.3s]
    [72,192/123,876  elapsed 14.3s]
    [77,312/123,876  elapsed 15.3s]
    [82,432/123,876  elapsed 16.3s]
    [87,552/123,876  elapsed 17.4s]
    [92,672/123,876  elapsed 18.4s]
    [97,792/123,876  elapsed 19.4s]
    [102,912/123,876  elapsed 20.4s]
    [108,032/123,876  elapsed 21.4s]
    [113,152/123,876  elapsed 22.5s]
    [118,272/123,876  elapsed 23.5s]
    [123,392/123,876  elapsed 24.5s]
  eval done in 24.6s
  by-popularity NDCG@10: tail=0.0008(n=18,342)  mid=0.0071(n=20,089)  head=0.0720(n=85,445)
  evaluating 123,876 users in batches of 512...
    [512/123,876  elapsed 0.1s]
    [5,632/123,876  elapsed 1.1s]
    [10,752/123,876  elapsed 2.1s]
    [15,872/123,876  elapsed 3.2s]
    [20,992/123,876  elapsed 4.2s]
    [26,112/123,876  elapsed 5.2s]
    [31,232/123,876  elapsed 6.2s]
    [36,352/123,876  elapsed 7.2s]
    [41,472/123,876  elapsed 8.3s]
    [46,592/123,876  elapsed 9.3s]
    [51,712/123,876  elapsed 10.3s]
    [56,832/123,876  elapsed 11.3s]
    [61,952/123,876  elapsed 12.4s]
    [67,072/123,876  elapsed 13.4s]
    [72,192/123,876  elapsed 14.4s]
    [77,312/123,876  elapsed 15.4s]
    [82,432/123,876  elapsed 16.5s]
    [87,552/123,876  elapsed 17.6s]
    [92,672/123,876  elapsed 18.6s]
    [97,792/123,876  elapsed 19.7s]
    [102,912/123,876  elapsed 20.7s]
    [108,032/123,876  elapsed 21.7s]
    [113,152/123,876  elapsed 22.7s]
    [118,272/123,876  elapsed 23.8s]
    [123,392/123,876  elapsed 24.8s]
  eval done in 24.9s
  by-popularity NDCG@10: tail=0.0008(n=20,661)  mid=0.0046(n=20,108)  head=0.0682(n=83,107)
  epoch   4  loss=9.5578  val_NDCG=0.0509  test_NDCG=0.0466  test_HR=0.0810  (35.7s)
  evaluating 123,876 users in batches of 512...
    [512/123,876  elapsed 0.1s]
    [5,632/123,876  elapsed 1.1s]
    [10,752/123,876  elapsed 2.1s]
    [15,872/123,876  elapsed 3.2s]
    [20,992/123,876  elapsed 4.2s]
    [26,112/123,876  elapsed 5.2s]
    [31,232/123,876  elapsed 6.2s]
    [36,352/123,876  elapsed 7.2s]
    [41,472/123,876  elapsed 8.2s]
    [46,592/123,876  elapsed 9.2s]
    [51,712/123,876  elapsed 10.3s]
    [56,832/123,876  elapsed 11.3s]
    [61,952/123,876  elapsed 12.3s]
    [67,072/123,876  elapsed 13.3s]
    [72,192/123,876  elapsed 14.3s]
    [77,312/123,876  elapsed 15.3s]
    [82,432/123,876  elapsed 16.4s]
    [87,552/123,876  elapsed 17.4s]
    [92,672/123,876  elapsed 18.4s]
    [97,792/123,876  elapsed 19.4s]
    [102,912/123,876  elapsed 20.4s]
    [108,032/123,876  elapsed 21.4s]
    [113,152/123,876  elapsed 22.4s]
    [118,272/123,876  elapsed 23.5s]
    [123,392/123,876  elapsed 24.5s]
  eval done in 24.6s
  by-popularity NDCG@10: tail=0.0024(n=18,342)  mid=0.0110(n=20,089)  head=0.0803(n=85,445)
  evaluating 123,876 users in batches of 512...
    [512/123,876  elapsed 0.1s]
    [5,632/123,876  elapsed 1.1s]
    [10,752/123,876  elapsed 2.1s]
    [15,872/123,876  elapsed 3.2s]
    [20,992/123,876  elapsed 4.2s]
    [26,112/123,876  elapsed 5.2s]
    [31,232/123,876  elapsed 6.2s]
    [36,352/123,876  elapsed 7.3s]
    [41,472/123,876  elapsed 8.3s]
    [46,592/123,876  elapsed 9.3s]
    [51,712/123,876  elapsed 10.3s]
    [56,832/123,876  elapsed 11.4s]
    [61,952/123,876  elapsed 12.4s]
    [67,072/123,876  elapsed 13.4s]
    [72,192/123,876  elapsed 14.4s]
    [77,312/123,876  elapsed 15.5s]
    [82,432/123,876  elapsed 16.6s]
    [87,552/123,876  elapsed 17.6s]
    [92,672/123,876  elapsed 18.6s]
    [97,792/123,876  elapsed 19.6s]
    [102,912/123,876  elapsed 20.7s]
    [108,032/123,876  elapsed 21.7s]
    [113,152/123,876  elapsed 22.7s]
    [118,272/123,876  elapsed 23.8s]
    [123,392/123,876  elapsed 24.8s]
  eval done in 24.9s
  by-popularity NDCG@10: tail=0.0015(n=20,661)  mid=0.0080(n=20,108)  head=0.0760(n=83,107)
  epoch   5  loss=9.3673  val_NDCG=0.0575  test_NDCG=0.0526  test_HR=0.0908  (35.7s)
  evaluating 123,876 users in batches of 512...
    [512/123,876  elapsed 0.1s]
    [5,632/123,876  elapsed 1.1s]
    [10,752/123,876  elapsed 2.1s]
    [15,872/123,876  elapsed 3.1s]
    [20,992/123,876  elapsed 4.1s]
    [26,112/123,876  elapsed 5.2s]
    [31,232/123,876  elapsed 6.2s]
    [36,352/123,876  elapsed 7.2s]
    [41,472/123,876  elapsed 8.2s]
    [46,592/123,876  elapsed 9.2s]
    [51,712/123,876  elapsed 10.2s]
    [56,832/123,876  elapsed 11.3s]
    [61,952/123,876  elapsed 12.3s]
    [67,072/123,876  elapsed 13.3s]
    [72,192/123,876  elapsed 14.3s]
    [77,312/123,876  elapsed 15.3s]
    [82,432/123,876  elapsed 16.3s]
    [87,552/123,876  elapsed 17.4s]
    [92,672/123,876  elapsed 18.4s]
    [97,792/123,876  elapsed 19.4s]
    [102,912/123,876  elapsed 20.4s]
    [108,032/123,876  elapsed 21.4s]
    [113,152/123,876  elapsed 22.4s]
    [118,272/123,876  elapsed 23.5s]
    [123,392/123,876  elapsed 24.5s]
  eval done in 24.6s
  by-popularity NDCG@10: tail=0.0039(n=18,342)  mid=0.0156(n=20,089)  head=0.0854(n=85,445)
  evaluating 123,876 users in batches of 512...
    [512/123,876  elapsed 0.1s]
    [5,632/123,876  elapsed 1.1s]
    [10,752/123,876  elapsed 2.1s]
    [15,872/123,876  elapsed 3.2s]
    [20,992/123,876  elapsed 4.2s]
    [26,112/123,876  elapsed 5.2s]
    [31,232/123,876  elapsed 6.2s]
    [36,352/123,876  elapsed 7.3s]
    [41,472/123,876  elapsed 8.3s]
    [46,592/123,876  elapsed 9.3s]
    [51,712/123,876  elapsed 10.3s]
    [56,832/123,876  elapsed 11.3s]
    [61,952/123,876  elapsed 12.4s]
    [67,072/123,876  elapsed 13.5s]
    [72,192/123,876  elapsed 14.5s]
    [77,312/123,876  elapsed 15.6s]
    [82,432/123,876  elapsed 16.6s]
    [87,552/123,876  elapsed 17.6s]
    [92,672/123,876  elapsed 18.6s]
    [97,792/123,876  elapsed 19.7s]
    [102,912/123,876  elapsed 20.7s]
    [108,032/123,876  elapsed 21.7s]
    [113,152/123,876  elapsed 22.8s]
    [118,272/123,876  elapsed 23.8s]
    [123,392/123,876  elapsed 24.8s]
  eval done in 24.9s
  by-popularity NDCG@10: tail=0.0025(n=20,661)  mid=0.0111(n=20,108)  head=0.0805(n=83,107)
  epoch   6  loss=9.2247  val_NDCG=0.0620  test_NDCG=0.0562  test_HR=0.0965  (35.7s)
  evaluating 123,876 users in batches of 512...
    [512/123,876  elapsed 0.1s]
    [5,632/123,876  elapsed 1.1s]
    [10,752/123,876  elapsed 2.1s]
    [15,872/123,876  elapsed 3.1s]
    [20,992/123,876  elapsed 4.2s]
    [26,112/123,876  elapsed 5.2s]
    [31,232/123,876  elapsed 6.2s]
    [36,352/123,876  elapsed 7.2s]
    [41,472/123,876  elapsed 8.2s]
    [46,592/123,876  elapsed 9.3s]
    [51,712/123,876  elapsed 10.3s]
    [56,832/123,876  elapsed 11.3s]
    [61,952/123,876  elapsed 12.3s]
    [67,072/123,876  elapsed 13.3s]
    [72,192/123,876  elapsed 14.3s]
    [77,312/123,876  elapsed 15.4s]
    [82,432/123,876  elapsed 16.4s]
    [87,552/123,876  elapsed 17.4s]
    [92,672/123,876  elapsed 18.4s]
    [97,792/123,876  elapsed 19.4s]
    [102,912/123,876  elapsed 20.4s]
    [108,032/123,876  elapsed 21.5s]
    [113,152/123,876  elapsed 22.5s]
    [118,272/123,876  elapsed 23.5s]
    [123,392/123,876  elapsed 24.5s]
  eval done in 24.6s
  by-popularity NDCG@10: tail=0.0054(n=18,342)  mid=0.0183(n=20,089)  head=0.0892(n=85,445)
  evaluating 123,876 users in batches of 512...
    [512/123,876  elapsed 0.1s]
    [5,632/123,876  elapsed 1.1s]
    [10,752/123,876  elapsed 2.2s]
    [15,872/123,876  elapsed 3.2s]
    [20,992/123,876  elapsed 4.2s]
    [26,112/123,876  elapsed 5.2s]
    [31,232/123,876  elapsed 6.2s]
    [36,352/123,876  elapsed 7.3s]
    [41,472/123,876  elapsed 8.4s]
    [46,592/123,876  elapsed 9.4s]
    [51,712/123,876  elapsed 10.4s]
    [56,832/123,876  elapsed 11.5s]
    [61,952/123,876  elapsed 12.5s]
    [67,072/123,876  elapsed 13.5s]
    [72,192/123,876  elapsed 14.6s]
    [77,312/123,876  elapsed 15.6s]
    [82,432/123,876  elapsed 16.6s]
    [87,552/123,876  elapsed 17.6s]
    [92,672/123,876  elapsed 18.7s]
    [97,792/123,876  elapsed 19.7s]
    [102,912/123,876  elapsed 20.7s]
    [108,032/123,876  elapsed 21.7s]
    [113,152/123,876  elapsed 22.7s]
    [118,272/123,876  elapsed 23.8s]
    [123,392/123,876  elapsed 24.8s]
  eval done in 24.9s
  by-popularity NDCG@10: tail=0.0034(n=20,661)  mid=0.0132(n=20,108)  head=0.0845(n=83,107)
  epoch   7  loss=9.1093  val_NDCG=0.0653  test_NDCG=0.0594  test_HR=0.1013  (35.8s)
  evaluating 123,876 users in batches of 512...
    [512/123,876  elapsed 0.1s]
    [5,632/123,876  elapsed 1.1s]
    [10,752/123,876  elapsed 2.1s]
    [15,872/123,876  elapsed 3.1s]
    [20,992/123,876  elapsed 4.2s]
    [26,112/123,876  elapsed 5.2s]
    [31,232/123,876  elapsed 6.2s]
    [36,352/123,876  elapsed 7.2s]
    [41,472/123,876  elapsed 8.2s]
    [46,592/123,876  elapsed 9.2s]
    [51,712/123,876  elapsed 10.2s]
    [56,832/123,876  elapsed 11.3s]
    [61,952/123,876  elapsed 12.3s]
    [67,072/123,876  elapsed 13.3s]
    [72,192/123,876  elapsed 14.3s]
    [77,312/123,876  elapsed 15.3s]
    [82,432/123,876  elapsed 16.3s]
    [87,552/123,876  elapsed 17.3s]
    [92,672/123,876  elapsed 18.3s]
    [97,792/123,876  elapsed 19.4s]
    [102,912/123,876  elapsed 20.4s]
    [108,032/123,876  elapsed 21.4s]
    [113,152/123,876  elapsed 22.4s]
    [118,272/123,876  elapsed 23.5s]
    [123,392/123,876  elapsed 24.6s]
  eval done in 24.7s
  by-popularity NDCG@10: tail=0.0065(n=18,342)  mid=0.0209(n=20,089)  head=0.0909(n=85,445)
  evaluating 123,876 users in batches of 512...
    [512/123,876  elapsed 0.1s]
    [5,632/123,876  elapsed 1.1s]
    [10,752/123,876  elapsed 2.1s]
    [15,872/123,876  elapsed 3.2s]
    [20,992/123,876  elapsed 4.2s]
    [26,112/123,876  elapsed 5.2s]
    [31,232/123,876  elapsed 6.3s]
    [36,352/123,876  elapsed 7.3s]
    [41,472/123,876  elapsed 8.3s]
    [46,592/123,876  elapsed 9.3s]
    [51,712/123,876  elapsed 10.3s]
    [56,832/123,876  elapsed 11.3s]
    [61,952/123,876  elapsed 12.4s]
    [67,072/123,876  elapsed 13.4s]
    [72,192/123,876  elapsed 14.4s]
    [77,312/123,876  elapsed 15.4s]
    [82,432/123,876  elapsed 16.5s]
    [87,552/123,876  elapsed 17.5s]
    [92,672/123,876  elapsed 18.5s]
    [97,792/123,876  elapsed 19.5s]
    [102,912/123,876  elapsed 20.6s]
    [108,032/123,876  elapsed 21.6s]
    [113,152/123,876  elapsed 22.6s]
    [118,272/123,876  elapsed 23.6s]
    [123,392/123,876  elapsed 24.7s]
  eval done in 24.7s
  by-popularity NDCG@10: tail=0.0043(n=20,661)  mid=0.0154(n=20,108)  head=0.0859(n=83,107)
  epoch   8  loss=9.0157  val_NDCG=0.0670  test_NDCG=0.0608  test_HR=0.1038  (35.7s)
  evaluating 123,876 users in batches of 512...
    [512/123,876  elapsed 0.1s]
    [5,632/123,876  elapsed 1.1s]
    [10,752/123,876  elapsed 2.1s]
    [15,872/123,876  elapsed 3.2s]
    [20,992/123,876  elapsed 4.2s]
    [26,112/123,876  elapsed 5.2s]
    [31,232/123,876  elapsed 6.2s]
    [36,352/123,876  elapsed 7.2s]
    [41,472/123,876  elapsed 8.2s]
    [46,592/123,876  elapsed 9.3s]
    [51,712/123,876  elapsed 10.3s]
    [56,832/123,876  elapsed 11.4s]
    [61,952/123,876  elapsed 12.5s]
    [67,072/123,876  elapsed 13.5s]
    [72,192/123,876  elapsed 14.5s]
    [77,312/123,876  elapsed 15.5s]
    [82,432/123,876  elapsed 16.5s]
    [87,552/123,876  elapsed 17.5s]
    [92,672/123,876  elapsed 18.5s]
    [97,792/123,876  elapsed 19.6s]
    [102,912/123,876  elapsed 20.6s]
    [108,032/123,876  elapsed 21.6s]
    [113,152/123,876  elapsed 22.6s]
    [118,272/123,876  elapsed 23.6s]
    [123,392/123,876  elapsed 24.7s]
  eval done in 24.8s
  by-popularity NDCG@10: tail=0.0073(n=18,342)  mid=0.0233(n=20,089)  head=0.0917(n=85,445)
  evaluating 123,876 users in batches of 512...
    [512/123,876  elapsed 0.1s]
    [5,632/123,876  elapsed 1.1s]
    [10,752/123,876  elapsed 2.2s]
    [15,872/123,876  elapsed 3.2s]
    [20,992/123,876  elapsed 4.2s]
    [26,112/123,876  elapsed 5.2s]
    [31,232/123,876  elapsed 6.2s]
    [36,352/123,876  elapsed 7.3s]
    [41,472/123,876  elapsed 8.3s]
    [46,592/123,876  elapsed 9.3s]
    [51,712/123,876  elapsed 10.3s]
    [56,832/123,876  elapsed 11.4s]
    [61,952/123,876  elapsed 12.4s]
    [67,072/123,876  elapsed 13.4s]
    [72,192/123,876  elapsed 14.4s]
    [77,312/123,876  elapsed 15.5s]
    [82,432/123,876  elapsed 16.5s]
    [87,552/123,876  elapsed 17.5s]
    [92,672/123,876  elapsed 18.5s]
    [97,792/123,876  elapsed 19.6s]
    [102,912/123,876  elapsed 20.6s]
    [108,032/123,876  elapsed 21.6s]
    [113,152/123,876  elapsed 22.6s]
    [118,272/123,876  elapsed 23.7s]
    [123,392/123,876  elapsed 24.7s]
  eval done in 24.8s
  by-popularity NDCG@10: tail=0.0050(n=20,661)  mid=0.0170(n=20,108)  head=0.0864(n=83,107)
  epoch   9  loss=8.9394  val_NDCG=0.0681  test_NDCG=0.0616  test_HR=0.1045  (35.7s)
  evaluating 123,876 users in batches of 512...
    [512/123,876  elapsed 0.1s]
    [5,632/123,876  elapsed 1.1s]
    [10,752/123,876  elapsed 2.1s]
    [15,872/123,876  elapsed 3.1s]
    [20,992/123,876  elapsed 4.2s]
    [26,112/123,876  elapsed 5.2s]
    [31,232/123,876  elapsed 6.2s]
    [36,352/123,876  elapsed 7.2s]
    [41,472/123,876  elapsed 8.3s]
    [46,592/123,876  elapsed 9.3s]
    [51,712/123,876  elapsed 10.3s]
    [56,832/123,876  elapsed 11.3s]
    [61,952/123,876  elapsed 12.3s]
    [67,072/123,876  elapsed 13.3s]
    [72,192/123,876  elapsed 14.4s]
    [77,312/123,876  elapsed 15.4s]
    [82,432/123,876  elapsed 16.4s]
    [87,552/123,876  elapsed 17.4s]
    [92,672/123,876  elapsed 18.4s]
    [97,792/123,876  elapsed 19.5s]
    [102,912/123,876  elapsed 20.5s]
    [108,032/123,876  elapsed 21.5s]
    [113,152/123,876  elapsed 22.5s]
    [118,272/123,876  elapsed 23.5s]
    [123,392/123,876  elapsed 24.5s]
  eval done in 24.6s
  by-popularity NDCG@10: tail=0.0079(n=18,342)  mid=0.0250(n=20,089)  head=0.0929(n=85,445)
  evaluating 123,876 users in batches of 512...
    [512/123,876  elapsed 0.1s]
    [5,632/123,876  elapsed 1.1s]
    [10,752/123,876  elapsed 2.1s]
    [15,872/123,876  elapsed 3.2s]
    [20,992/123,876  elapsed 4.2s]
    [26,112/123,876  elapsed 5.2s]
    [31,232/123,876  elapsed 6.2s]
    [36,352/123,876  elapsed 7.2s]
    [41,472/123,876  elapsed 8.3s]
    [46,592/123,876  elapsed 9.3s]
    [51,712/123,876  elapsed 10.3s]
    [56,832/123,876  elapsed 11.4s]
    [61,952/123,876  elapsed 12.4s]
    [67,072/123,876  elapsed 13.4s]
    [72,192/123,876  elapsed 14.4s]
    [77,312/123,876  elapsed 15.4s]
    [82,432/123,876  elapsed 16.5s]
    [87,552/123,876  elapsed 17.5s]
    [92,672/123,876  elapsed 18.5s]
    [97,792/123,876  elapsed 19.5s]
    [102,912/123,876  elapsed 20.5s]
    [108,032/123,876  elapsed 21.6s]
    [113,152/123,876  elapsed 22.6s]
    [118,272/123,876  elapsed 23.6s]
    [123,392/123,876  elapsed 24.6s]
  eval done in 24.7s
  by-popularity NDCG@10: tail=0.0054(n=20,661)  mid=0.0186(n=20,108)  head=0.0881(n=83,107)
  epoch  10  loss=8.8700  val_NDCG=0.0693  test_NDCG=0.0630  test_HR=0.1071  (35.8s)
  evaluating 123,876 users in batches of 512...
    [512/123,876  elapsed 0.1s]
    [5,632/123,876  elapsed 1.1s]
    [10,752/123,876  elapsed 2.1s]
    [15,872/123,876  elapsed 3.1s]
    [20,992/123,876  elapsed 4.1s]
    [26,112/123,876  elapsed 5.1s]
    [31,232/123,876  elapsed 6.2s]
    [36,352/123,876  elapsed 7.2s]
    [41,472/123,876  elapsed 8.2s]
    [46,592/123,876  elapsed 9.2s]
    [51,712/123,876  elapsed 10.2s]
    [56,832/123,876  elapsed 11.3s]
    [61,952/123,876  elapsed 12.2s]
    [67,072/123,876  elapsed 13.3s]
    [72,192/123,876  elapsed 14.3s]
    [77,312/123,876  elapsed 15.3s]
    [82,432/123,876  elapsed 16.3s]
    [87,552/123,876  elapsed 17.3s]
    [92,672/123,876  elapsed 18.3s]
    [97,792/123,876  elapsed 19.4s]
    [102,912/123,876  elapsed 20.4s]
    [108,032/123,876  elapsed 21.4s]
    [113,152/123,876  elapsed 22.4s]
    [118,272/123,876  elapsed 23.4s]
    [123,392/123,876  elapsed 24.4s]
  eval done in 24.5s
  by-popularity NDCG@10: tail=0.0081(n=18,342)  mid=0.0258(n=20,089)  head=0.0943(n=85,445)
  evaluating 123,876 users in batches of 512...
    [512/123,876  elapsed 0.1s]
    [5,632/123,876  elapsed 1.1s]
    [10,752/123,876  elapsed 2.2s]
    [15,872/123,876  elapsed 3.2s]
    [20,992/123,876  elapsed 4.2s]
    [26,112/123,876  elapsed 5.2s]
    [31,232/123,876  elapsed 6.2s]
    [36,352/123,876  elapsed 7.3s]
    [41,472/123,876  elapsed 8.3s]
    [46,592/123,876  elapsed 9.3s]
    [51,712/123,876  elapsed 10.3s]
    [56,832/123,876  elapsed 11.5s]
    [61,952/123,876  elapsed 12.5s]
    [67,072/123,876  elapsed 13.6s]
    [72,192/123,876  elapsed 14.6s]
    [77,312/123,876  elapsed 15.6s]
    [82,432/123,876  elapsed 16.6s]
    [87,552/123,876  elapsed 17.6s]
    [92,672/123,876  elapsed 18.7s]
    [97,792/123,876  elapsed 19.7s]
    [102,912/123,876  elapsed 20.7s]
    [108,032/123,876  elapsed 21.7s]
    [113,152/123,876  elapsed 22.8s]
    [118,272/123,876  elapsed 23.8s]
    [123,392/123,876  elapsed 24.8s]
  eval done in 24.9s
  by-popularity NDCG@10: tail=0.0058(n=20,661)  mid=0.0191(n=20,108)  head=0.0895(n=83,107)
  epoch  11  loss=8.8117  val_NDCG=0.0704  test_NDCG=0.0641  test_HR=0.1085  (35.7s)
  evaluating 123,876 users in batches of 512...
    [512/123,876  elapsed 0.1s]
    [5,632/123,876  elapsed 1.1s]
    [10,752/123,876  elapsed 2.1s]
    [15,872/123,876  elapsed 3.1s]
    [20,992/123,876  elapsed 4.2s]
    [26,112/123,876  elapsed 5.3s]
    [31,232/123,876  elapsed 6.3s]
    [36,352/123,876  elapsed 7.4s]
    [41,472/123,876  elapsed 8.4s]
    [46,592/123,876  elapsed 9.4s]
    [51,712/123,876  elapsed 10.4s]
    [56,832/123,876  elapsed 11.4s]
    [61,952/123,876  elapsed 12.4s]
    [67,072/123,876  elapsed 13.4s]
    [72,192/123,876  elapsed 14.4s]
    [77,312/123,876  elapsed 15.5s]
    [82,432/123,876  elapsed 16.5s]
    [87,552/123,876  elapsed 17.5s]
    [92,672/123,876  elapsed 18.5s]
    [97,792/123,876  elapsed 19.5s]
    [102,912/123,876  elapsed 20.5s]
    [108,032/123,876  elapsed 21.5s]
    [113,152/123,876  elapsed 22.5s]
    [118,272/123,876  elapsed 23.6s]
    [123,392/123,876  elapsed 24.6s]
  eval done in 24.7s
  by-popularity NDCG@10: tail=0.0087(n=18,342)  mid=0.0266(n=20,089)  head=0.0947(n=85,445)
  evaluating 123,876 users in batches of 512...
    [512/123,876  elapsed 0.1s]
    [5,632/123,876  elapsed 1.1s]
    [10,752/123,876  elapsed 2.1s]
    [15,872/123,876  elapsed 3.1s]
    [20,992/123,876  elapsed 4.2s]
    [26,112/123,876  elapsed 5.2s]
    [31,232/123,876  elapsed 6.2s]
    [36,352/123,876  elapsed 7.2s]
    [41,472/123,876  elapsed 8.3s]
    [46,592/123,876  elapsed 9.3s]
    [51,712/123,876  elapsed 10.3s]
    [56,832/123,876  elapsed 11.3s]
    [61,952/123,876  elapsed 12.4s]
    [67,072/123,876  elapsed 13.4s]
    [72,192/123,876  elapsed 14.4s]
    [77,312/123,876  elapsed 15.4s]
    [82,432/123,876  elapsed 16.4s]
    [87,552/123,876  elapsed 17.5s]
    [92,672/123,876  elapsed 18.6s]
    [97,792/123,876  elapsed 19.7s]
    [102,912/123,876  elapsed 20.7s]
    [108,032/123,876  elapsed 21.7s]
    [113,152/123,876  elapsed 22.7s]
    [118,272/123,876  elapsed 23.8s]
    [123,392/123,876  elapsed 24.8s]
  eval done in 24.9s
  by-popularity NDCG@10: tail=0.0062(n=20,661)  mid=0.0202(n=20,108)  head=0.0894(n=83,107)
  epoch  12  loss=8.7599  val_NDCG=0.0710  test_NDCG=0.0643  test_HR=0.1091  (35.7s)
  evaluating 123,876 users in batches of 512...
    [512/123,876  elapsed 0.1s]
    [5,632/123,876  elapsed 1.1s]
    [10,752/123,876  elapsed 2.1s]
    [15,872/123,876  elapsed 3.1s]
    [20,992/123,876  elapsed 4.1s]
    [26,112/123,876  elapsed 5.2s]
    [31,232/123,876  elapsed 6.2s]
    [36,352/123,876  elapsed 7.2s]
    [41,472/123,876  elapsed 8.2s]
    [46,592/123,876  elapsed 9.2s]
    [51,712/123,876  elapsed 10.2s]
    [56,832/123,876  elapsed 11.3s]
    [61,952/123,876  elapsed 12.3s]
    [67,072/123,876  elapsed 13.3s]
    [72,192/123,876  elapsed 14.3s]
    [77,312/123,876  elapsed 15.3s]
    [82,432/123,876  elapsed 16.3s]
    [87,552/123,876  elapsed 17.3s]
    [92,672/123,876  elapsed 18.3s]
    [97,792/123,876  elapsed 19.3s]
    [102,912/123,876  elapsed 20.4s]
    [108,032/123,876  elapsed 21.4s]
    [113,152/123,876  elapsed 22.4s]
    [118,272/123,876  elapsed 23.4s]
    [123,392/123,876  elapsed 24.4s]
  eval done in 24.5s
  by-popularity NDCG@10: tail=0.0092(n=18,342)  mid=0.0275(n=20,089)  head=0.0958(n=85,445)
  evaluating 123,876 users in batches of 512...
    [512/123,876  elapsed 0.1s]
    [5,632/123,876  elapsed 1.1s]
    [10,752/123,876  elapsed 2.2s]
    [15,872/123,876  elapsed 3.2s]
    [20,992/123,876  elapsed 4.3s]
    [26,112/123,876  elapsed 5.4s]
    [31,232/123,876  elapsed 6.4s]
    [36,352/123,876  elapsed 7.4s]
    [41,472/123,876  elapsed 8.4s]
    [46,592/123,876  elapsed 9.4s]
    [51,712/123,876  elapsed 10.5s]
    [56,832/123,876  elapsed 11.5s]
    [61,952/123,876  elapsed 12.5s]
    [67,072/123,876  elapsed 13.5s]
    [72,192/123,876  elapsed 14.5s]
    [77,312/123,876  elapsed 15.6s]
    [82,432/123,876  elapsed 16.6s]
    [87,552/123,876  elapsed 17.6s]
    [92,672/123,876  elapsed 18.6s]
    [97,792/123,876  elapsed 19.6s]
    [102,912/123,876  elapsed 20.7s]
    [108,032/123,876  elapsed 21.7s]
    [113,152/123,876  elapsed 22.7s]
    [118,272/123,876  elapsed 23.8s]
    [123,392/123,876  elapsed 24.8s]
  eval done in 24.9s
  by-popularity NDCG@10: tail=0.0067(n=20,661)  mid=0.0204(n=20,108)  head=0.0896(n=83,107)
  epoch  13  loss=8.7113  val_NDCG=0.0719  test_NDCG=0.0646  test_HR=0.1093  (35.7s)
  evaluating 123,876 users in batches of 512...
    [512/123,876  elapsed 0.1s]
    [5,632/123,876  elapsed 1.1s]
    [10,752/123,876  elapsed 2.1s]
    [15,872/123,876  elapsed 3.2s]
    [20,992/123,876  elapsed 4.2s]
    [26,112/123,876  elapsed 5.2s]
    [31,232/123,876  elapsed 6.2s]
    [36,352/123,876  elapsed 7.2s]
    [41,472/123,876  elapsed 8.2s]
    [46,592/123,876  elapsed 9.3s]
    [51,712/123,876  elapsed 10.3s]
    [56,832/123,876  elapsed 11.3s]
    [61,952/123,876  elapsed 12.3s]
    [67,072/123,876  elapsed 13.3s]
    [72,192/123,876  elapsed 14.3s]
    [77,312/123,876  elapsed 15.3s]
    [82,432/123,876  elapsed 16.3s]
    [87,552/123,876  elapsed 17.4s]
    [92,672/123,876  elapsed 18.4s]
    [97,792/123,876  elapsed 19.4s]
    [102,912/123,876  elapsed 20.4s]
    [108,032/123,876  elapsed 21.4s]
    [113,152/123,876  elapsed 22.4s]
    [118,272/123,876  elapsed 23.4s]
    [123,392/123,876  elapsed 24.5s]
  eval done in 24.6s
  by-popularity NDCG@10: tail=0.0096(n=18,342)  mid=0.0284(n=20,089)  head=0.0960(n=85,445)
  evaluating 123,876 users in batches of 512...
    [512/123,876  elapsed 0.1s]
    [5,632/123,876  elapsed 1.1s]
    [10,752/123,876  elapsed 2.2s]
    [15,872/123,876  elapsed 3.2s]
    [20,992/123,876  elapsed 4.2s]
    [26,112/123,876  elapsed 5.2s]
    [31,232/123,876  elapsed 6.3s]
    [36,352/123,876  elapsed 7.3s]
    [41,472/123,876  elapsed 8.3s]
    [46,592/123,876  elapsed 9.3s]
    [51,712/123,876  elapsed 10.4s]
    [56,832/123,876  elapsed 11.4s]
    [61,952/123,876  elapsed 12.4s]
    [67,072/123,876  elapsed 13.4s]
    [72,192/123,876  elapsed 14.4s]
    [77,312/123,876  elapsed 15.5s]
    [82,432/123,876  elapsed 16.5s]
    [87,552/123,876  elapsed 17.5s]
    [92,672/123,876  elapsed 18.5s]
    [97,792/123,876  elapsed 19.6s]
    [102,912/123,876  elapsed 20.8s]
    [108,032/123,876  elapsed 21.8s]
    [113,152/123,876  elapsed 22.8s]
    [118,272/123,876  elapsed 23.8s]
    [123,392/123,876  elapsed 24.8s]
  eval done in 24.9s
  by-popularity NDCG@10: tail=0.0070(n=20,661)  mid=0.0217(n=20,108)  head=0.0902(n=83,107)
  epoch  14  loss=8.6711  val_NDCG=0.0722  test_NDCG=0.0652  test_HR=0.1105  (35.7s)
  evaluating 123,876 users in batches of 512...
    [512/123,876  elapsed 0.1s]
    [5,632/123,876  elapsed 1.1s]
    [10,752/123,876  elapsed 2.1s]
    [15,872/123,876  elapsed 3.1s]
    [20,992/123,876  elapsed 4.2s]
    [26,112/123,876  elapsed 5.2s]
    [31,232/123,876  elapsed 6.3s]
    [36,352/123,876  elapsed 7.4s]
    [41,472/123,876  elapsed 8.4s]
    [46,592/123,876  elapsed 9.5s]
    [51,712/123,876  elapsed 10.6s]
    [56,832/123,876  elapsed 11.7s]
    [61,952/123,876  elapsed 12.8s]
    [67,072/123,876  elapsed 13.8s]
    [72,192/123,876  elapsed 14.9s]
    [77,312/123,876  elapsed 16.0s]
    [82,432/123,876  elapsed 17.0s]
    [87,552/123,876  elapsed 18.0s]
    [92,672/123,876  elapsed 19.1s]
    [97,792/123,876  elapsed 20.1s]
    [102,912/123,876  elapsed 21.1s]
    [108,032/123,876  elapsed 22.1s]
    [113,152/123,876  elapsed 23.1s]
    [118,272/123,876  elapsed 24.1s]
    [123,392/123,876  elapsed 25.2s]
  eval done in 25.2s
  by-popularity NDCG@10: tail=0.0095(n=18,342)  mid=0.0284(n=20,089)  head=0.0966(n=85,445)
  evaluating 123,876 users in batches of 512...
    [512/123,876  elapsed 0.1s]
    [5,632/123,876  elapsed 1.2s]
    [10,752/123,876  elapsed 2.2s]
    [15,872/123,876  elapsed 3.2s]
    [20,992/123,876  elapsed 4.2s]
    [26,112/123,876  elapsed 5.2s]
    [31,232/123,876  elapsed 6.3s]
    [36,352/123,876  elapsed 7.3s]
    [41,472/123,876  elapsed 8.4s]
    [46,592/123,876  elapsed 9.4s]
    [51,712/123,876  elapsed 10.4s]
    [56,832/123,876  elapsed 11.4s]
    [61,952/123,876  elapsed 12.4s]
    [67,072/123,876  elapsed 13.5s]
    [72,192/123,876  elapsed 14.5s]
    [77,312/123,876  elapsed 15.5s]
    [82,432/123,876  elapsed 16.6s]
    [87,552/123,876  elapsed 17.6s]
    [92,672/123,876  elapsed 18.6s]
    [97,792/123,876  elapsed 19.7s]
    [102,912/123,876  elapsed 20.7s]
    [108,032/123,876  elapsed 21.7s]
    [113,152/123,876  elapsed 22.7s]
    [118,272/123,876  elapsed 23.7s]
    [123,392/123,876  elapsed 24.8s]
  eval done in 24.9s
  by-popularity NDCG@10: tail=0.0071(n=20,661)  mid=0.0215(n=20,108)  head=0.0908(n=83,107)
  epoch  15  loss=8.6316  val_NDCG=0.0727  test_NDCG=0.0656  test_HR=0.1105  (35.7s)
  evaluating 123,876 users in batches of 512...
    [512/123,876  elapsed 0.1s]
    [5,632/123,876  elapsed 1.1s]
    [10,752/123,876  elapsed 2.2s]
    [15,872/123,876  elapsed 3.2s]
    [20,992/123,876  elapsed 4.2s]
    [26,112/123,876  elapsed 5.2s]
    [31,232/123,876  elapsed 6.2s]
    [36,352/123,876  elapsed 7.2s]
    [41,472/123,876  elapsed 8.2s]
    [46,592/123,876  elapsed 9.3s]
    [51,712/123,876  elapsed 10.3s]
    [56,832/123,876  elapsed 11.3s]
    [61,952/123,876  elapsed 12.3s]
    [67,072/123,876  elapsed 13.3s]
    [72,192/123,876  elapsed 14.3s]
    [77,312/123,876  elapsed 15.3s]
    [82,432/123,876  elapsed 16.4s]
    [87,552/123,876  elapsed 17.4s]
    [92,672/123,876  elapsed 18.4s]
    [97,792/123,876  elapsed 19.4s]
    [102,912/123,876  elapsed 20.4s]
    [108,032/123,876  elapsed 21.4s]
    [113,152/123,876  elapsed 22.4s]
    [118,272/123,876  elapsed 23.4s]
    [123,392/123,876  elapsed 24.5s]
  eval done in 24.5s
  by-popularity NDCG@10: tail=0.0099(n=18,342)  mid=0.0287(n=20,089)  head=0.0967(n=85,445)
  evaluating 123,876 users in batches of 512...
    [512/123,876  elapsed 0.1s]
    [5,632/123,876  elapsed 1.1s]
    [10,752/123,876  elapsed 2.2s]
    [15,872/123,876  elapsed 3.2s]
    [20,992/123,876  elapsed 4.2s]
    [26,112/123,876  elapsed 5.3s]
    [31,232/123,876  elapsed 6.3s]
    [36,352/123,876  elapsed 7.3s]
    [41,472/123,876  elapsed 8.3s]
    [46,592/123,876  elapsed 9.4s]
    [51,712/123,876  elapsed 10.4s]
    [56,832/123,876  elapsed 11.4s]
    [61,952/123,876  elapsed 12.4s]
    [67,072/123,876  elapsed 13.5s]
    [72,192/123,876  elapsed 14.5s]
    [77,312/123,876  elapsed 15.5s]
    [82,432/123,876  elapsed 16.5s]
    [87,552/123,876  elapsed 17.6s]
    [92,672/123,876  elapsed 18.6s]
    [97,792/123,876  elapsed 19.6s]
    [102,912/123,876  elapsed 20.6s]
    [108,032/123,876  elapsed 21.6s]
    [113,152/123,876  elapsed 22.7s]
    [118,272/123,876  elapsed 23.7s]
    [123,392/123,876  elapsed 24.7s]
  eval done in 24.8s
  by-popularity NDCG@10: tail=0.0072(n=20,661)  mid=0.0222(n=20,108)  head=0.0911(n=83,107)
  epoch  16  loss=8.6020  val_NDCG=0.0728  test_NDCG=0.0659  test_HR=0.1114  (35.7s)
  evaluating 123,876 users in batches of 512...
    [512/123,876  elapsed 0.1s]
    [5,632/123,876  elapsed 1.1s]
    [10,752/123,876  elapsed 2.1s]
    [15,872/123,876  elapsed 3.1s]
    [20,992/123,876  elapsed 4.1s]
    [26,112/123,876  elapsed 5.1s]
    [31,232/123,876  elapsed 6.1s]
    [36,352/123,876  elapsed 7.2s]
    [41,472/123,876  elapsed 8.2s]
    [46,592/123,876  elapsed 9.2s]
    [51,712/123,876  elapsed 10.2s]
    [56,832/123,876  elapsed 11.2s]
    [61,952/123,876  elapsed 12.2s]
    [67,072/123,876  elapsed 13.2s]
    [72,192/123,876  elapsed 14.2s]
    [77,312/123,876  elapsed 15.2s]
    [82,432/123,876  elapsed 16.2s]
    [87,552/123,876  elapsed 17.2s]
    [92,672/123,876  elapsed 18.2s]
    [97,792/123,876  elapsed 19.2s]
    [102,912/123,876  elapsed 20.2s]
    [108,032/123,876  elapsed 21.2s]
    [113,152/123,876  elapsed 22.2s]
    [118,272/123,876  elapsed 23.3s]
    [123,392/123,876  elapsed 24.3s]
  eval done in 24.4s
  by-popularity NDCG@10: tail=0.0099(n=18,342)  mid=0.0288(n=20,089)  head=0.0970(n=85,445)
  evaluating 123,876 users in batches of 512...
    [512/123,876  elapsed 0.1s]
    [5,632/123,876  elapsed 1.1s]
    [10,752/123,876  elapsed 2.1s]
    [15,872/123,876  elapsed 3.1s]
    [20,992/123,876  elapsed 4.1s]
    [26,112/123,876  elapsed 5.2s]
    [31,232/123,876  elapsed 6.2s]
    [36,352/123,876  elapsed 7.2s]
    [41,472/123,876  elapsed 8.2s]
    [46,592/123,876  elapsed 9.2s]
    [51,712/123,876  elapsed 10.2s]
    [56,832/123,876  elapsed 11.3s]
    [61,952/123,876  elapsed 12.3s]
    [67,072/123,876  elapsed 13.3s]
    [72,192/123,876  elapsed 14.3s]
    [77,312/123,876  elapsed 15.3s]
    [82,432/123,876  elapsed 16.3s]
    [87,552/123,876  elapsed 17.3s]
    [92,672/123,876  elapsed 18.3s]
    [97,792/123,876  elapsed 19.3s]
    [102,912/123,876  elapsed 20.4s]
    [108,032/123,876  elapsed 21.4s]
    [113,152/123,876  elapsed 22.4s]
    [118,272/123,876  elapsed 23.4s]
    [123,392/123,876  elapsed 24.4s]
  eval done in 24.5s
  by-popularity NDCG@10: tail=0.0074(n=20,661)  mid=0.0223(n=20,108)  head=0.0912(n=83,107)
  epoch  17  loss=8.5767  val_NDCG=0.0731  test_NDCG=0.0660  test_HR=0.1116  (35.7s)
  evaluating 123,876 users in batches of 512...
    [512/123,876  elapsed 0.1s]
    [5,632/123,876  elapsed 1.1s]
    [10,752/123,876  elapsed 2.2s]
    [15,872/123,876  elapsed 3.2s]
    [20,992/123,876  elapsed 4.2s]
    [26,112/123,876  elapsed 5.2s]
    [31,232/123,876  elapsed 6.2s]
    [36,352/123,876  elapsed 7.2s]
    [41,472/123,876  elapsed 8.2s]
    [46,592/123,876  elapsed 9.3s]
    [51,712/123,876  elapsed 10.3s]
    [56,832/123,876  elapsed 11.3s]
    [61,952/123,876  elapsed 12.4s]
    [67,072/123,876  elapsed 13.4s]
    [72,192/123,876  elapsed 14.4s]
    [77,312/123,876  elapsed 15.4s]
    [82,432/123,876  elapsed 16.5s]
    [87,552/123,876  elapsed 17.5s]
    [92,672/123,876  elapsed 18.6s]
    [97,792/123,876  elapsed 19.6s]
    [102,912/123,876  elapsed 20.6s]
    [108,032/123,876  elapsed 21.6s]
    [113,152/123,876  elapsed 22.6s]
    [118,272/123,876  elapsed 23.7s]
    [123,392/123,876  elapsed 24.7s]
  eval done in 24.8s
  by-popularity NDCG@10: tail=0.0100(n=18,342)  mid=0.0289(n=20,089)  head=0.0970(n=85,445)
  evaluating 123,876 users in batches of 512...
    [512/123,876  elapsed 0.1s]
    [5,632/123,876  elapsed 1.1s]
    [10,752/123,876  elapsed 2.2s]
    [15,872/123,876  elapsed 3.2s]
    [20,992/123,876  elapsed 4.2s]
    [26,112/123,876  elapsed 5.2s]
    [31,232/123,876  elapsed 6.3s]
    [36,352/123,876  elapsed 7.3s]
    [41,472/123,876  elapsed 8.3s]
    [46,592/123,876  elapsed 9.3s]
    [51,712/123,876  elapsed 10.4s]
    [56,832/123,876  elapsed 11.4s]
    [61,952/123,876  elapsed 12.4s]
    [67,072/123,876  elapsed 13.5s]
    [72,192/123,876  elapsed 14.5s]
    [77,312/123,876  elapsed 15.5s]
    [82,432/123,876  elapsed 16.6s]
    [87,552/123,876  elapsed 17.6s]
    [92,672/123,876  elapsed 18.6s]
    [97,792/123,876  elapsed 19.6s]
    [102,912/123,876  elapsed 20.7s]
    [108,032/123,876  elapsed 21.7s]
    [113,152/123,876  elapsed 22.7s]
    [118,272/123,876  elapsed 23.7s]
    [123,392/123,876  elapsed 24.8s]
  eval done in 24.8s
  by-popularity NDCG@10: tail=0.0074(n=20,661)  mid=0.0225(n=20,108)  head=0.0915(n=83,107)
  epoch  18  loss=8.5572  val_NDCG=0.0731  test_NDCG=0.0662  test_HR=0.1118  (35.7s)
  evaluating 123,876 users in batches of 512...
    [512/123,876  elapsed 0.1s]
    [5,632/123,876  elapsed 1.1s]
    [10,752/123,876  elapsed 2.1s]
    [15,872/123,876  elapsed 3.1s]
    [20,992/123,876  elapsed 4.1s]
    [26,112/123,876  elapsed 5.2s]
    [31,232/123,876  elapsed 6.2s]
    [36,352/123,876  elapsed 7.2s]
    [41,472/123,876  elapsed 8.2s]
    [46,592/123,876  elapsed 9.2s]
    [51,712/123,876  elapsed 10.2s]
    [56,832/123,876  elapsed 11.2s]
    [61,952/123,876  elapsed 12.3s]
    [67,072/123,876  elapsed 13.3s]
    [72,192/123,876  elapsed 14.3s]
    [77,312/123,876  elapsed 15.3s]
    [82,432/123,876  elapsed 16.3s]
    [87,552/123,876  elapsed 17.4s]
    [92,672/123,876  elapsed 18.4s]
    [97,792/123,876  elapsed 19.4s]
    [102,912/123,876  elapsed 20.4s]
    [108,032/123,876  elapsed 21.4s]
    [113,152/123,876  elapsed 22.4s]
    [118,272/123,876  elapsed 23.4s]
    [123,392/123,876  elapsed 24.4s]
  eval done in 24.5s
  by-popularity NDCG@10: tail=0.0100(n=18,342)  mid=0.0289(n=20,089)  head=0.0971(n=85,445)
  evaluating 123,876 users in batches of 512...
    [512/123,876  elapsed 0.1s]
    [5,632/123,876  elapsed 1.1s]
    [10,752/123,876  elapsed 2.1s]
    [15,872/123,876  elapsed 3.2s]
    [20,992/123,876  elapsed 4.2s]
    [26,112/123,876  elapsed 5.2s]
    [31,232/123,876  elapsed 6.2s]
    [36,352/123,876  elapsed 7.3s]
    [41,472/123,876  elapsed 8.3s]
    [46,592/123,876  elapsed 9.3s]
    [51,712/123,876  elapsed 10.3s]
    [56,832/123,876  elapsed 11.3s]
    [61,952/123,876  elapsed 12.4s]
    [67,072/123,876  elapsed 13.4s]
    [72,192/123,876  elapsed 14.4s]
    [77,312/123,876  elapsed 15.4s]
    [82,432/123,876  elapsed 16.5s]
    [87,552/123,876  elapsed 17.5s]
    [92,672/123,876  elapsed 18.5s]
    [97,792/123,876  elapsed 19.6s]
    [102,912/123,876  elapsed 20.6s]
    [108,032/123,876  elapsed 21.6s]
    [113,152/123,876  elapsed 22.6s]
    [118,272/123,876  elapsed 23.7s]
    [123,392/123,876  elapsed 24.7s]
  eval done in 24.8s
  by-popularity NDCG@10: tail=0.0074(n=20,661)  mid=0.0223(n=20,108)  head=0.0915(n=83,107)
  epoch  19  loss=8.5460  val_NDCG=0.0732  test_NDCG=0.0662  test_HR=0.1120  (35.8s)
  evaluating 123,876 users in batches of 512...
    [512/123,876  elapsed 0.1s]
    [5,632/123,876  elapsed 1.1s]
    [10,752/123,876  elapsed 2.1s]
    [15,872/123,876  elapsed 3.1s]
    [20,992/123,876  elapsed 4.2s]
    [26,112/123,876  elapsed 5.2s]
    [31,232/123,876  elapsed 6.2s]
    [36,352/123,876  elapsed 7.2s]
    [41,472/123,876  elapsed 8.2s]
    [46,592/123,876  elapsed 9.2s]
    [51,712/123,876  elapsed 10.2s]
    [56,832/123,876  elapsed 11.3s]
    [61,952/123,876  elapsed 12.3s]
    [67,072/123,876  elapsed 13.3s]
    [72,192/123,876  elapsed 14.3s]
    [77,312/123,876  elapsed 15.3s]
    [82,432/123,876  elapsed 16.3s]
    [87,552/123,876  elapsed 17.3s]
    [92,672/123,876  elapsed 18.4s]
    [97,792/123,876  elapsed 19.4s]
    [102,912/123,876  elapsed 20.4s]
    [108,032/123,876  elapsed 21.4s]
    [113,152/123,876  elapsed 22.4s]
    [118,272/123,876  elapsed 23.4s]
    [123,392/123,876  elapsed 24.4s]
  eval done in 24.5s
  by-popularity NDCG@10: tail=0.0100(n=18,342)  mid=0.0290(n=20,089)  head=0.0970(n=85,445)
  evaluating 123,876 users in batches of 512...
    [512/123,876  elapsed 0.1s]
    [5,632/123,876  elapsed 1.1s]
    [10,752/123,876  elapsed 2.1s]
    [15,872/123,876  elapsed 3.2s]
    [20,992/123,876  elapsed 4.2s]
    [26,112/123,876  elapsed 5.2s]
    [31,232/123,876  elapsed 6.2s]
    [36,352/123,876  elapsed 7.3s]
    [41,472/123,876  elapsed 8.3s]
    [46,592/123,876  elapsed 9.3s]
    [51,712/123,876  elapsed 10.3s]
    [56,832/123,876  elapsed 11.3s]
    [61,952/123,876  elapsed 12.4s]
    [67,072/123,876  elapsed 13.4s]
    [72,192/123,876  elapsed 14.4s]
    [77,312/123,876  elapsed 15.4s]
    [82,432/123,876  elapsed 16.4s]
    [87,552/123,876  elapsed 17.5s]
    [92,672/123,876  elapsed 18.5s]
    [97,792/123,876  elapsed 19.5s]
    [102,912/123,876  elapsed 20.5s]
    [108,032/123,876  elapsed 21.6s]
    [113,152/123,876  elapsed 22.6s]
    [118,272/123,876  elapsed 23.6s]
    [123,392/123,876  elapsed 24.7s]
  eval done in 24.8s
  by-popularity NDCG@10: tail=0.0074(n=20,661)  mid=0.0223(n=20,108)  head=0.0916(n=83,107)
  epoch  20  loss=8.5387  val_NDCG=0.0731  test_NDCG=0.0663  test_HR=0.1120  (35.7s)

=== Best by val NDCG@10 ===
  val_NDCG=0.0732
  test: {'NDCG@10': 0.0662294327354334, 'HR@10': 0.11197487810391037, 'MRR': 0.058672100725687605, 'n_eval': 123876, 'by_popularity': {'tail': {'NDCG@10': 0.007369175409598383, 'HR@10': 0.013890905570882338, 'n': 20661, 'n_hit@10': 287, 'HR@20': 0.022167368472000386, 'n_hit@20': 458, 'HR@50': 0.038962296113450465, 'n_hit@50': 805, 'HR@100': 0.05967765355016698, 'n_hit@100': 1233}, 'mid': {'NDCG@10': 0.02231343929530066, 'HR@10': 0.04142629799084941, 'n': 20108, 'n_hit@10': 833, 'HR@20': 0.06181619256017506, 'n_hit@20': 1243, 'HR@50': 0.10100457529341555, 'n_hit@50': 2031, 'HR@100': 0.14059080962800874, 'n_hit@100': 2827}, 'head': {'NDCG@10': 0.09148813023026857, 'HR@10': 0.15342871238283176, 'n': 83107, 'n_hit@10': 12751, 'HR@20': 0.20329214145619504, 'n_hit@20': 16895, 'HR@50': 0.28170912197528486, 'n_hit@50': 23412, 'HR@100': 0.3516430625579073, 'n_hit@100': 29224}}}
wrote C:\Users\rayxc\Documents\R\_bestrec_run\results_CDS_COLDFUSE_base_seed20260740.users.jsonl.gz (123,876 per-user records, best epoch 19, sha256 641dc896c674…)
wrote C:\Users\rayxc\Documents\R\_bestrec_run\results_CDS_COLDFUSE_base_seed20260740.final.users.jsonl.gz (123,876 FINAL-epoch per-user records)

wrote C:\Users\rayxc\Documents\R\_bestrec_run\results_CDS_COLDFUSE_base_seed20260740.json
[run] results_CDs_and_Vinyl_COLDFUSE_confirm_seed20260740.json
=== COLDFUSE confirm: CDs_and_Vinyl seed 20260740 (ease=no) ===
  [val] streaming sweep: 41 systems ...
    [512/123,876 1s]
    [20,992/123,876 15s]
    [41,472/123,876 30s]
    [61,952/123,876 45s]
    [82,432/123,876 60s]
    [102,912/123,876 75s]
    [123,392/123,876 89s]
  VAL ref overall 0.07315 tail 0.00943 | selected {'profile': 'exp0.9', 'wt_tail': 0.2, 'wt_mid': 0.0, 'wt_head': 0.0} val tail 0.01499
  [test] reference + selected ...
    [512/123,876 0s]
    [20,992/123,876 5s]
    [41,472/123,876 10s]
    [61,952/123,876 16s]
    [82,432/123,876 21s]
    [102,912/123,876 26s]
    [123,392/123,876 31s]
  TEST ref 0.06623 (tail 0.00717) -> sel 0.06636 (tail 0.01201)
wrote C:\Users\rayxc\Documents\R\_bestrec_run\results_CDs_and_Vinyl_COLDFUSE_confirm_seed20260740.json
COLDFUSE CONFIRM DONE: 63 ran, 0 skipped, 1 failed, 653.8 min
