PREFLIGHT OK: 38 flags validated against --help
first command:
  C:\Users\rayxc\Documents\R\_bestrec_run\.venv\Scripts\python.exe C:\Users\rayxc\Documents\R\_bestrec_run\run_sasrec_sbert.py Musical_Instruments --augment-factor 1 --batch-size 256 --chunked-full-softmax --cl-mask-prob 0.3 --cl-tau 1.0 --cl-weight 0.0 --d-model 64 --dropout 0.5 --ema-decay 0.0 --encoder hstu --epochs 20 --eval-every 1 --eval-subsample 0 --expert-heads 0 --item-chunk 32768 --label-smoothing 0.2 --lr 0.001 --lr-schedule warmup_cosine --max-seq-len 50 --mlp-dropout 0.2 --mlp-hidden 300 --n-heads 2 --n-layers 4 --niche-share-beta 0.0 --pos-rab --proto-tau 0.05 --sampled-negs 0 --score-temp 0.05 --text-distill-weight 0.0 --text-prototypes 512 --text-sim-bias --time-bias --time-decay-bases 8 --fir-v3 frozen --fir-v3-wd backbone --fir-v3-kernel 16 --seed 20260713 --out C:\Users\rayxc\Documents\R\_bestrec_run\results_MI_FIRV3_a0ident_seed20260713.json
[1/24] results_MI_FIRV3_a0ident_seed20260713.json
  random seed set to 20260713
=== Musical_Instruments: load splits ===
  n_users=57,439  n_items=24,587  pad_id=24587
  built sequences for 57,439 users
  built timestamp sequences (12 time buckets)
  loading SBERT embeddings from C:\Users\rayxc\Documents\R\cache_5core\sbert_titles_Musical_Instruments.npy...
  TAPE: k-means 24,587 text embeddings into K=512 prototypes (tau=0.05)...
  TAPE: K=512 mean max-assignment weight = 0.530 (1.0 = hard clustering)

=== Build SASRec-SBERT (d=64, layers=4, heads=2) ===
  total params: 11,186,046  device=cuda
  57,439 training examples / 225 batches per epoch
  init_state_sha256 = ff85b20d18af3a17872c0424dd9002d6b25b214d1469244d582655ab21fdc2fc
  LR schedule: warmup_cosine (225 warmup + 4275 cosine steps)

=== Train for 20 epochs ===
  evaluating 57,439 users in batches of 512...
    [512/57,439  elapsed 0.2s]
    [5,632/57,439  elapsed 1.6s]
    [10,752/57,439  elapsed 2.9s]
    [15,872/57,439  elapsed 4.3s]
    [20,992/57,439  elapsed 5.7s]
    [26,112/57,439  elapsed 7.0s]
    [31,232/57,439  elapsed 8.4s]
    [36,352/57,439  elapsed 9.8s]
    [41,472/57,439  elapsed 11.1s]
    [46,592/57,439  elapsed 12.5s]
    [51,712/57,439  elapsed 13.9s]
    [56,832/57,439  elapsed 15.2s]
  eval done in 15.4s
  by-popularity NDCG@10: tail=0.0002(n=7,762)  mid=0.0001(n=8,169)  head=0.0374(n=41,508)
  evaluating 57,439 users in batches of 512...
    [512/57,439  elapsed 0.1s]
    [5,632/57,439  elapsed 1.5s]
    [10,752/57,439  elapsed 2.9s]
    [15,872/57,439  elapsed 4.3s]
    [20,992/57,439  elapsed 5.6s]
    [26,112/57,439  elapsed 7.0s]
    [31,232/57,439  elapsed 8.4s]
    [36,352/57,439  elapsed 9.8s]
    [41,472/57,439  elapsed 11.1s]
    [46,592/57,439  elapsed 12.5s]
    [51,712/57,439  elapsed 13.9s]
    [56,832/57,439  elapsed 15.3s]
  eval done in 15.4s
  by-popularity NDCG@10: tail=0.0000(n=8,800)  mid=0.0004(n=8,657)  head=0.0345(n=39,982)
  epoch   1  loss=9.6208  val_NDCG=0.0271  test_NDCG=0.0241  test_HR=0.0459  (6.0s)
  evaluating 57,439 users in batches of 512...
    [512/57,439  elapsed 0.2s]
    [5,632/57,439  elapsed 1.6s]
    [10,752/57,439  elapsed 2.9s]
    [15,872/57,439  elapsed 4.3s]
    [20,992/57,439  elapsed 5.7s]
    [26,112/57,439  elapsed 7.1s]
    [31,232/57,439  elapsed 8.4s]
    [36,352/57,439  elapsed 9.8s]
    [41,472/57,439  elapsed 11.2s]
    [46,592/57,439  elapsed 12.6s]
    [51,712/57,439  elapsed 13.9s]
    [56,832/57,439  elapsed 15.3s]
  eval done in 15.5s
  by-popularity NDCG@10: tail=0.0000(n=7,762)  mid=0.0001(n=8,169)  head=0.0446(n=41,508)
  evaluating 57,439 users in batches of 512...
    [512/57,439  elapsed 0.1s]
    [5,632/57,439  elapsed 1.5s]
    [10,752/57,439  elapsed 2.9s]
    [15,872/57,439  elapsed 4.3s]
    [20,992/57,439  elapsed 5.7s]
    [26,112/57,439  elapsed 7.0s]
    [31,232/57,439  elapsed 8.4s]
    [36,352/57,439  elapsed 9.8s]
    [41,472/57,439  elapsed 11.2s]
    [46,592/57,439  elapsed 12.6s]
    [51,712/57,439  elapsed 14.0s]
    [56,832/57,439  elapsed 15.3s]
  eval done in 15.5s
  by-popularity NDCG@10: tail=0.0000(n=8,800)  mid=0.0001(n=8,657)  head=0.0418(n=39,982)
  epoch   2  loss=9.1019  val_NDCG=0.0323  test_NDCG=0.0291  test_HR=0.0546  (5.9s)
  evaluating 57,439 users in batches of 512...
    [512/57,439  elapsed 0.2s]
    [5,632/57,439  elapsed 1.6s]
    [10,752/57,439  elapsed 3.0s]
    [15,872/57,439  elapsed 4.3s]
    [20,992/57,439  elapsed 5.7s]
    [26,112/57,439  elapsed 7.1s]
    [31,232/57,439  elapsed 8.5s]
    [36,352/57,439  elapsed 9.8s]
    [41,472/57,439  elapsed 11.2s]
    [46,592/57,439  elapsed 12.6s]
    [51,712/57,439  elapsed 14.0s]
    [56,832/57,439  elapsed 15.4s]
  eval done in 15.5s
  by-popularity NDCG@10: tail=0.0000(n=7,762)  mid=0.0007(n=8,169)  head=0.0495(n=41,508)
  evaluating 57,439 users in batches of 512...
    [512/57,439  elapsed 0.1s]
    [5,632/57,439  elapsed 1.5s]
    [10,752/57,439  elapsed 2.9s]
    [15,872/57,439  elapsed 4.3s]
    [20,992/57,439  elapsed 5.7s]
    [26,112/57,439  elapsed 7.0s]
    [31,232/57,439  elapsed 8.4s]
    [36,352/57,439  elapsed 9.8s]
    [41,472/57,439  elapsed 11.3s]
    [46,592/57,439  elapsed 12.6s]
    [51,712/57,439  elapsed 14.0s]
    [56,832/57,439  elapsed 15.4s]
  eval done in 15.6s
  by-popularity NDCG@10: tail=0.0000(n=8,800)  mid=0.0007(n=8,657)  head=0.0474(n=39,982)
  epoch   3  loss=8.9513  val_NDCG=0.0358  test_NDCG=0.0331  test_HR=0.0611  (5.8s)
  evaluating 57,439 users in batches of 512...
    [512/57,439  elapsed 0.2s]
    [5,632/57,439  elapsed 1.5s]
    [10,752/57,439  elapsed 2.9s]
    [15,872/57,439  elapsed 4.3s]
    [20,992/57,439  elapsed 5.6s]
    [26,112/57,439  elapsed 7.0s]
    [31,232/57,439  elapsed 8.4s]
    [36,352/57,439  elapsed 9.8s]
    [41,472/57,439  elapsed 11.1s]
    [46,592/57,439  elapsed 12.5s]
    [51,712/57,439  elapsed 13.9s]
    [56,832/57,439  elapsed 15.2s]
  eval done in 15.4s
  by-popularity NDCG@10: tail=0.0000(n=7,762)  mid=0.0010(n=8,169)  head=0.0529(n=41,508)
  evaluating 57,439 users in batches of 512...
    [512/57,439  elapsed 0.1s]
    [5,632/57,439  elapsed 1.5s]
    [10,752/57,439  elapsed 2.9s]
    [15,872/57,439  elapsed 4.3s]
    [20,992/57,439  elapsed 5.7s]
    [26,112/57,439  elapsed 7.0s]
    [31,232/57,439  elapsed 8.4s]
    [36,352/57,439  elapsed 9.8s]
    [41,472/57,439  elapsed 11.2s]
    [46,592/57,439  elapsed 12.5s]
    [51,712/57,439  elapsed 13.9s]
    [56,832/57,439  elapsed 15.3s]
  eval done in 15.5s
  by-popularity NDCG@10: tail=0.0001(n=8,800)  mid=0.0013(n=8,657)  head=0.0501(n=39,982)
  epoch   4  loss=8.8520  val_NDCG=0.0384  test_NDCG=0.0351  test_HR=0.0641  (5.9s)
  evaluating 57,439 users in batches of 512...
    [512/57,439  elapsed 0.2s]
    [5,632/57,439  elapsed 1.5s]
    [10,752/57,439  elapsed 2.9s]
    [15,872/57,439  elapsed 4.2s]
    [20,992/57,439  elapsed 5.6s]
    [26,112/57,439  elapsed 7.0s]
    [31,232/57,439  elapsed 8.4s]
    [36,352/57,439  elapsed 9.7s]
    [41,472/57,439  elapsed 11.1s]
    [46,592/57,439  elapsed 12.5s]
    [51,712/57,439  elapsed 13.9s]
    [56,832/57,439  elapsed 15.2s]
  eval done in 15.4s
  by-popularity NDCG@10: tail=0.0001(n=7,762)  mid=0.0012(n=8,169)  head=0.0542(n=41,508)
  evaluating 57,439 users in batches of 512...
    [512/57,439  elapsed 0.1s]
    [5,632/57,439  elapsed 1.5s]
    [10,752/57,439  elapsed 2.9s]
    [15,872/57,439  elapsed 4.3s]
    [20,992/57,439  elapsed 5.7s]
    [26,112/57,439  elapsed 7.1s]
    [31,232/57,439  elapsed 8.5s]
    [36,352/57,439  elapsed 9.9s]
    [41,472/57,439  elapsed 11.3s]
    [46,592/57,439  elapsed 12.7s]
    [51,712/57,439  elapsed 14.1s]
    [56,832/57,439  elapsed 15.5s]
  eval done in 15.6s
  by-popularity NDCG@10: tail=0.0001(n=8,800)  mid=0.0018(n=8,657)  head=0.0516(n=39,982)
  epoch   5  loss=8.7760  val_NDCG=0.0393  test_NDCG=0.0362  test_HR=0.0663  (6.0s)
  evaluating 57,439 users in batches of 512...
    [512/57,439  elapsed 0.2s]
    [5,632/57,439  elapsed 1.6s]
    [10,752/57,439  elapsed 2.9s]
    [15,872/57,439  elapsed 4.3s]
    [20,992/57,439  elapsed 5.7s]
    [26,112/57,439  elapsed 7.1s]
    [31,232/57,439  elapsed 8.4s]
    [36,352/57,439  elapsed 9.8s]
    [41,472/57,439  elapsed 11.2s]
    [46,592/57,439  elapsed 12.6s]
    [51,712/57,439  elapsed 14.0s]
    [56,832/57,439  elapsed 15.3s]
  eval done in 15.5s
  by-popularity NDCG@10: tail=0.0002(n=7,762)  mid=0.0019(n=8,169)  head=0.0554(n=41,508)
  evaluating 57,439 users in batches of 512...
    [512/57,439  elapsed 0.1s]
    [5,632/57,439  elapsed 1.5s]
    [10,752/57,439  elapsed 2.9s]
    [15,872/57,439  elapsed 4.3s]
    [20,992/57,439  elapsed 5.7s]
    [26,112/57,439  elapsed 7.0s]
    [31,232/57,439  elapsed 8.4s]
    [36,352/57,439  elapsed 9.8s]
    [41,472/57,439  elapsed 11.2s]
    [46,592/57,439  elapsed 12.6s]
    [51,712/57,439  elapsed 13.9s]
    [56,832/57,439  elapsed 15.3s]
  eval done in 15.5s
  by-popularity NDCG@10: tail=0.0002(n=8,800)  mid=0.0023(n=8,657)  head=0.0513(n=39,982)
  epoch   6  loss=8.7157  val_NDCG=0.0403  test_NDCG=0.0361  test_HR=0.0659  (5.9s)
  evaluating 57,439 users in batches of 512...
    [512/57,439  elapsed 0.2s]
    [5,632/57,439  elapsed 1.6s]
    [10,752/57,439  elapsed 2.9s]
    [15,872/57,439  elapsed 4.4s]
    [20,992/57,439  elapsed 5.8s]
    [26,112/57,439  elapsed 7.2s]
    [31,232/57,439  elapsed 8.6s]
    [36,352/57,439  elapsed 10.0s]
    [41,472/57,439  elapsed 11.4s]
    [46,592/57,439  elapsed 12.8s]
    [51,712/57,439  elapsed 14.2s]
    [56,832/57,439  elapsed 15.6s]
  eval done in 15.8s
  by-popularity NDCG@10: tail=0.0003(n=7,762)  mid=0.0027(n=8,169)  head=0.0562(n=41,508)
  evaluating 57,439 users in batches of 512...
    [512/57,439  elapsed 0.1s]
    [5,632/57,439  elapsed 1.6s]
    [10,752/57,439  elapsed 3.0s]
    [15,872/57,439  elapsed 4.4s]
    [20,992/57,439  elapsed 5.8s]
    [26,112/57,439  elapsed 7.2s]
    [31,232/57,439  elapsed 8.6s]
    [36,352/57,439  elapsed 10.0s]
    [41,472/57,439  elapsed 11.4s]
    [46,592/57,439  elapsed 12.9s]
    [51,712/57,439  elapsed 14.3s]
    [56,832/57,439  elapsed 15.7s]
  eval done in 15.9s
  by-popularity NDCG@10: tail=0.0003(n=8,800)  mid=0.0026(n=8,657)  head=0.0532(n=39,982)
  epoch   7  loss=8.6642  val_NDCG=0.0410  test_NDCG=0.0375  test_HR=0.0672  (5.9s)
  evaluating 57,439 users in batches of 512...
    [512/57,439  elapsed 0.1s]
    [5,632/57,439  elapsed 1.5s]
    [10,752/57,439  elapsed 2.9s]
    [15,872/57,439  elapsed 4.3s]
    [20,992/57,439  elapsed 5.6s]
    [26,112/57,439  elapsed 7.0s]
    [31,232/57,439  elapsed 8.4s]
    [36,352/57,439  elapsed 9.8s]
    [41,472/57,439  elapsed 11.2s]
    [46,592/57,439  elapsed 12.6s]
    [51,712/57,439  elapsed 14.0s]
    [56,832/57,439  elapsed 15.4s]
  eval done in 15.5s
  by-popularity NDCG@10: tail=0.0004(n=7,762)  mid=0.0033(n=8,169)  head=0.0576(n=41,508)
  evaluating 57,439 users in batches of 512...
    [512/57,439  elapsed 0.1s]
    [5,632/57,439  elapsed 1.5s]
    [10,752/57,439  elapsed 2.9s]
    [15,872/57,439  elapsed 4.3s]
    [20,992/57,439  elapsed 5.7s]
    [26,112/57,439  elapsed 7.1s]
    [31,232/57,439  elapsed 8.5s]
    [36,352/57,439  elapsed 9.9s]
    [41,472/57,439  elapsed 11.2s]
    [46,592/57,439  elapsed 12.6s]
    [51,712/57,439  elapsed 14.0s]
    [56,832/57,439  elapsed 15.4s]
  eval done in 15.6s
  by-popularity NDCG@10: tail=0.0004(n=8,800)  mid=0.0034(n=8,657)  head=0.0539(n=39,982)
  epoch   8  loss=8.6155  val_NDCG=0.0421  test_NDCG=0.0381  test_HR=0.0689  (5.9s)
  evaluating 57,439 users in batches of 512...
    [512/57,439  elapsed 0.2s]
    [5,632/57,439  elapsed 1.5s]
    [10,752/57,439  elapsed 2.9s]
    [15,872/57,439  elapsed 4.3s]
    [20,992/57,439  elapsed 5.7s]
    [26,112/57,439  elapsed 7.0s]
    [31,232/57,439  elapsed 8.4s]
    [36,352/57,439  elapsed 9.8s]
    [41,472/57,439  elapsed 11.2s]
    [46,592/57,439  elapsed 12.5s]
    [51,712/57,439  elapsed 13.9s]
    [56,832/57,439  elapsed 15.3s]
  eval done in 15.5s
  by-popularity NDCG@10: tail=0.0006(n=7,762)  mid=0.0035(n=8,169)  head=0.0584(n=41,508)
  evaluating 57,439 users in batches of 512...
    [512/57,439  elapsed 0.1s]
    [5,632/57,439  elapsed 1.5s]
    [10,752/57,439  elapsed 2.9s]
    [15,872/57,439  elapsed 4.3s]
    [20,992/57,439  elapsed 5.7s]
    [26,112/57,439  elapsed 7.1s]
    [31,232/57,439  elapsed 8.4s]
    [36,352/57,439  elapsed 9.8s]
    [41,472/57,439  elapsed 11.2s]
    [46,592/57,439  elapsed 12.6s]
    [51,712/57,439  elapsed 14.0s]
    [56,832/57,439  elapsed 15.4s]
  eval done in 15.5s
  by-popularity NDCG@10: tail=0.0006(n=8,800)  mid=0.0035(n=8,657)  head=0.0548(n=39,982)
  epoch   9  loss=8.5720  val_NDCG=0.0428  test_NDCG=0.0387  test_HR=0.0701  (5.8s)
  evaluating 57,439 users in batches of 512...
    [512/57,439  elapsed 0.2s]
    [5,632/57,439  elapsed 1.6s]
    [10,752/57,439  elapsed 2.9s]
    [15,872/57,439  elapsed 4.3s]
    [20,992/57,439  elapsed 5.7s]
    [26,112/57,439  elapsed 7.1s]
    [31,232/57,439  elapsed 8.4s]
    [36,352/57,439  elapsed 9.8s]
    [41,472/57,439  elapsed 11.2s]
    [46,592/57,439  elapsed 12.6s]
    [51,712/57,439  elapsed 14.0s]
    [56,832/57,439  elapsed 15.3s]
  eval done in 15.5s
  by-popularity NDCG@10: tail=0.0008(n=7,762)  mid=0.0039(n=8,169)  head=0.0587(n=41,508)
  evaluating 57,439 users in batches of 512...
    [512/57,439  elapsed 0.1s]
    [5,632/57,439  elapsed 1.5s]
    [10,752/57,439  elapsed 2.9s]
    [15,872/57,439  elapsed 4.3s]
    [20,992/57,439  elapsed 5.7s]
    [26,112/57,439  elapsed 7.1s]
    [31,232/57,439  elapsed 8.4s]
    [36,352/57,439  elapsed 9.8s]
    [41,472/57,439  elapsed 11.2s]
    [46,592/57,439  elapsed 12.6s]
    [51,712/57,439  elapsed 14.0s]
    [56,832/57,439  elapsed 15.4s]
  eval done in 15.5s
  by-popularity NDCG@10: tail=0.0006(n=8,800)  mid=0.0044(n=8,657)  head=0.0550(n=39,982)
  epoch  10  loss=8.5326  val_NDCG=0.0431  test_NDCG=0.0390  test_HR=0.0699  (5.8s)
  evaluating 57,439 users in batches of 512...
    [512/57,439  elapsed 0.2s]
    [5,632/57,439  elapsed 1.5s]
    [10,752/57,439  elapsed 2.9s]
    [15,872/57,439  elapsed 4.3s]
    [20,992/57,439  elapsed 5.7s]
    [26,112/57,439  elapsed 7.1s]
    [31,232/57,439  elapsed 8.4s]
    [36,352/57,439  elapsed 9.8s]
    [41,472/57,439  elapsed 11.2s]
    [46,592/57,439  elapsed 12.6s]
    [51,712/57,439  elapsed 13.9s]
    [56,832/57,439  elapsed 15.3s]
  eval done in 15.5s
  by-popularity NDCG@10: tail=0.0011(n=7,762)  mid=0.0043(n=8,169)  head=0.0590(n=41,508)
  evaluating 57,439 users in batches of 512...
    [512/57,439  elapsed 0.1s]
    [5,632/57,439  elapsed 1.5s]
    [10,752/57,439  elapsed 2.9s]
    [15,872/57,439  elapsed 4.3s]
    [20,992/57,439  elapsed 5.7s]
    [26,112/57,439  elapsed 7.1s]
    [31,232/57,439  elapsed 8.4s]
    [36,352/57,439  elapsed 9.8s]
    [41,472/57,439  elapsed 11.2s]
    [46,592/57,439  elapsed 12.6s]
    [51,712/57,439  elapsed 14.0s]
    [56,832/57,439  elapsed 15.3s]
  eval done in 15.5s
  by-popularity NDCG@10: tail=0.0008(n=8,800)  mid=0.0045(n=8,657)  head=0.0551(n=39,982)
  epoch  11  loss=8.4972  val_NDCG=0.0434  test_NDCG=0.0391  test_HR=0.0702  (6.0s)
  evaluating 57,439 users in batches of 512...
    [512/57,439  elapsed 0.2s]
    [5,632/57,439  elapsed 1.6s]
    [10,752/57,439  elapsed 3.0s]
    [15,872/57,439  elapsed 4.4s]
    [20,992/57,439  elapsed 5.7s]
    [26,112/57,439  elapsed 7.1s]
    [31,232/57,439  elapsed 8.5s]
    [36,352/57,439  elapsed 9.9s]
    [41,472/57,439  elapsed 11.3s]
    [46,592/57,439  elapsed 12.7s]
    [51,712/57,439  elapsed 14.1s]
    [56,832/57,439  elapsed 15.5s]
  eval done in 15.6s
  by-popularity NDCG@10: tail=0.0011(n=7,762)  mid=0.0049(n=8,169)  head=0.0591(n=41,508)
  evaluating 57,439 users in batches of 512...
    [512/57,439  elapsed 0.1s]
    [5,632/57,439  elapsed 1.5s]
    [10,752/57,439  elapsed 2.9s]
    [15,872/57,439  elapsed 4.3s]
    [20,992/57,439  elapsed 5.7s]
    [26,112/57,439  elapsed 7.1s]
    [31,232/57,439  elapsed 8.4s]
    [36,352/57,439  elapsed 9.8s]
    [41,472/57,439  elapsed 11.2s]
    [46,592/57,439  elapsed 12.6s]
    [51,712/57,439  elapsed 14.0s]
    [56,832/57,439  elapsed 15.4s]
  eval done in 15.5s
  by-popularity NDCG@10: tail=0.0008(n=8,800)  mid=0.0047(n=8,657)  head=0.0547(n=39,982)
  epoch  12  loss=8.4654  val_NDCG=0.0435  test_NDCG=0.0389  test_HR=0.0701  (5.9s)
  evaluating 57,439 users in batches of 512...
    [512/57,439  elapsed 0.2s]
    [5,632/57,439  elapsed 1.5s]
    [10,752/57,439  elapsed 2.9s]
    [15,872/57,439  elapsed 4.3s]
    [20,992/57,439  elapsed 5.6s]
    [26,112/57,439  elapsed 7.0s]
    [31,232/57,439  elapsed 8.4s]
    [36,352/57,439  elapsed 9.8s]
    [41,472/57,439  elapsed 11.2s]
    [46,592/57,439  elapsed 12.5s]
    [51,712/57,439  elapsed 13.9s]
    [56,832/57,439  elapsed 15.3s]
  eval done in 15.5s
  by-popularity NDCG@10: tail=0.0011(n=7,762)  mid=0.0049(n=8,169)  head=0.0591(n=41,508)
  evaluating 57,439 users in batches of 512...
    [512/57,439  elapsed 0.1s]
    [5,632/57,439  elapsed 1.5s]
    [10,752/57,439  elapsed 2.9s]
    [15,872/57,439  elapsed 4.3s]
    [20,992/57,439  elapsed 5.7s]
    [26,112/57,439  elapsed 7.1s]
    [31,232/57,439  elapsed 8.4s]
    [36,352/57,439  elapsed 9.8s]
    [41,472/57,439  elapsed 11.2s]
    [46,592/57,439  elapsed 12.6s]
    [51,712/57,439  elapsed 14.0s]
    [56,832/57,439  elapsed 15.3s]
  eval done in 15.5s
  by-popularity NDCG@10: tail=0.0008(n=8,800)  mid=0.0047(n=8,657)  head=0.0554(n=39,982)
  epoch  13  loss=8.4356  val_NDCG=0.0435  test_NDCG=0.0394  test_HR=0.0710  (5.9s)
  evaluating 57,439 users in batches of 512...
    [512/57,439  elapsed 0.2s]
    [5,632/57,439  elapsed 1.6s]
    [10,752/57,439  elapsed 2.9s]
    [15,872/57,439  elapsed 4.3s]
    [20,992/57,439  elapsed 5.6s]
    [26,112/57,439  elapsed 7.0s]
    [31,232/57,439  elapsed 8.4s]
    [36,352/57,439  elapsed 9.7s]
    [41,472/57,439  elapsed 11.1s]
    [46,592/57,439  elapsed 12.5s]
    [51,712/57,439  elapsed 13.9s]
    [56,832/57,439  elapsed 15.3s]
  eval done in 15.4s
  by-popularity NDCG@10: tail=0.0013(n=7,762)  mid=0.0048(n=8,169)  head=0.0592(n=41,508)
  evaluating 57,439 users in batches of 512...
    [512/57,439  elapsed 0.1s]
    [5,632/57,439  elapsed 1.5s]
    [10,752/57,439  elapsed 2.9s]
    [15,872/57,439  elapsed 4.3s]
    [20,992/57,439  elapsed 5.7s]
    [26,112/57,439  elapsed 7.1s]
    [31,232/57,439  elapsed 8.5s]
    [36,352/57,439  elapsed 9.9s]
    [41,472/57,439  elapsed 11.3s]
    [46,592/57,439  elapsed 12.7s]
    [51,712/57,439  elapsed 14.0s]
    [56,832/57,439  elapsed 15.4s]
  eval done in 15.6s
  by-popularity NDCG@10: tail=0.0008(n=8,800)  mid=0.0047(n=8,657)  head=0.0556(n=39,982)
  epoch  14  loss=8.4096  val_NDCG=0.0437  test_NDCG=0.0395  test_HR=0.0708  (5.9s)
  evaluating 57,439 users in batches of 512...
    [512/57,439  elapsed 0.1s]
    [5,632/57,439  elapsed 1.5s]
    [10,752/57,439  elapsed 2.9s]
    [15,872/57,439  elapsed 4.2s]
    [20,992/57,439  elapsed 5.6s]
    [26,112/57,439  elapsed 7.0s]
    [31,232/57,439  elapsed 8.4s]
    [36,352/57,439  elapsed 9.7s]
    [41,472/57,439  elapsed 11.1s]
    [46,592/57,439  elapsed 12.5s]
    [51,712/57,439  elapsed 13.9s]
    [56,832/57,439  elapsed 15.2s]
  eval done in 15.4s
  by-popularity NDCG@10: tail=0.0013(n=7,762)  mid=0.0052(n=8,169)  head=0.0591(n=41,508)
  evaluating 57,439 users in batches of 512...
    [512/57,439  elapsed 0.1s]
    [5,632/57,439  elapsed 1.5s]
    [10,752/57,439  elapsed 2.9s]
    [15,872/57,439  elapsed 4.3s]
    [20,992/57,439  elapsed 5.7s]
    [26,112/57,439  elapsed 7.1s]
    [31,232/57,439  elapsed 8.5s]
    [36,352/57,439  elapsed 9.9s]
    [41,472/57,439  elapsed 11.2s]
    [46,592/57,439  elapsed 12.6s]
    [51,712/57,439  elapsed 14.0s]
    [56,832/57,439  elapsed 15.4s]
  eval done in 15.5s
  by-popularity NDCG@10: tail=0.0009(n=8,800)  mid=0.0050(n=8,657)  head=0.0548(n=39,982)
  epoch  15  loss=8.3919  val_NDCG=0.0436  test_NDCG=0.0390  test_HR=0.0701  (5.9s)
  evaluating 57,439 users in batches of 512...
    [512/57,439  elapsed 0.1s]
    [5,632/57,439  elapsed 1.5s]
    [10,752/57,439  elapsed 2.9s]
    [15,872/57,439  elapsed 4.2s]
    [20,992/57,439  elapsed 5.6s]
    [26,112/57,439  elapsed 7.0s]
    [31,232/57,439  elapsed 8.4s]
    [36,352/57,439  elapsed 9.7s]
    [41,472/57,439  elapsed 11.1s]
    [46,592/57,439  elapsed 12.5s]
    [51,712/57,439  elapsed 13.9s]
    [56,832/57,439  elapsed 15.2s]
  eval done in 15.4s
  by-popularity NDCG@10: tail=0.0014(n=7,762)  mid=0.0050(n=8,169)  head=0.0598(n=41,508)
  evaluating 57,439 users in batches of 512...
    [512/57,439  elapsed 0.1s]
    [5,632/57,439  elapsed 1.5s]
    [10,752/57,439  elapsed 2.9s]
    [15,872/57,439  elapsed 4.3s]
    [20,992/57,439  elapsed 5.7s]
    [26,112/57,439  elapsed 7.1s]
    [31,232/57,439  elapsed 8.4s]
    [36,352/57,439  elapsed 9.8s]
    [41,472/57,439  elapsed 11.2s]
    [46,592/57,439  elapsed 12.6s]
    [51,712/57,439  elapsed 14.0s]
    [56,832/57,439  elapsed 15.3s]
  eval done in 15.5s
  by-popularity NDCG@10: tail=0.0009(n=8,800)  mid=0.0049(n=8,657)  head=0.0554(n=39,982)
  epoch  16  loss=8.3715  val_NDCG=0.0441  test_NDCG=0.0395  test_HR=0.0707  (5.9s)
  evaluating 57,439 users in batches of 512...
    [512/57,439  elapsed 0.1s]
    [5,632/57,439  elapsed 1.5s]
    [10,752/57,439  elapsed 2.9s]
    [15,872/57,439  elapsed 4.2s]
    [20,992/57,439  elapsed 5.6s]
    [26,112/57,439  elapsed 7.0s]
    [31,232/57,439  elapsed 8.3s]
    [36,352/57,439  elapsed 9.7s]
    [41,472/57,439  elapsed 11.1s]
    [46,592/57,439  elapsed 12.5s]
    [51,712/57,439  elapsed 13.8s]
    [56,832/57,439  elapsed 15.2s]
  eval done in 15.4s
  by-popularity NDCG@10: tail=0.0015(n=7,762)  mid=0.0052(n=8,169)  head=0.0593(n=41,508)
  evaluating 57,439 users in batches of 512...
    [512/57,439  elapsed 0.1s]
    [5,632/57,439  elapsed 1.5s]
    [10,752/57,439  elapsed 2.9s]
    [15,872/57,439  elapsed 4.3s]
    [20,992/57,439  elapsed 5.7s]
    [26,112/57,439  elapsed 7.0s]
    [31,232/57,439  elapsed 8.4s]
    [36,352/57,439  elapsed 9.8s]
    [41,472/57,439  elapsed 11.2s]
    [46,592/57,439  elapsed 12.6s]
    [51,712/57,439  elapsed 13.9s]
    [56,832/57,439  elapsed 15.3s]
  eval done in 15.5s
  by-popularity NDCG@10: tail=0.0010(n=8,800)  mid=0.0051(n=8,657)  head=0.0550(n=39,982)
  epoch  17  loss=8.3602  val_NDCG=0.0438  test_NDCG=0.0392  test_HR=0.0705  (5.8s)
  evaluating 57,439 users in batches of 512...
    [512/57,439  elapsed 0.2s]
    [5,632/57,439  elapsed 1.5s]
    [10,752/57,439  elapsed 2.9s]
    [15,872/57,439  elapsed 4.3s]
    [20,992/57,439  elapsed 5.7s]
    [26,112/57,439  elapsed 7.0s]
    [31,232/57,439  elapsed 8.4s]
    [36,352/57,439  elapsed 9.8s]
    [41,472/57,439  elapsed 11.2s]
    [46,592/57,439  elapsed 12.5s]
    [51,712/57,439  elapsed 13.9s]
    [56,832/57,439  elapsed 15.3s]
  eval done in 15.5s
  by-popularity NDCG@10: tail=0.0014(n=7,762)  mid=0.0052(n=8,169)  head=0.0595(n=41,508)
  evaluating 57,439 users in batches of 512...
    [512/57,439  elapsed 0.1s]
    [5,632/57,439  elapsed 1.5s]
    [10,752/57,439  elapsed 2.9s]
    [15,872/57,439  elapsed 4.3s]
    [20,992/57,439  elapsed 5.7s]
    [26,112/57,439  elapsed 7.1s]
    [31,232/57,439  elapsed 8.4s]
    [36,352/57,439  elapsed 9.8s]
    [41,472/57,439  elapsed 11.2s]
    [46,592/57,439  elapsed 12.6s]
    [51,712/57,439  elapsed 13.9s]
    [56,832/57,439  elapsed 15.3s]
  eval done in 15.5s
  by-popularity NDCG@10: tail=0.0010(n=8,800)  mid=0.0051(n=8,657)  head=0.0551(n=39,982)
  epoch  18  loss=8.3492  val_NDCG=0.0439  test_NDCG=0.0393  test_HR=0.0708  (5.8s)
  evaluating 57,439 users in batches of 512...
    [512/57,439  elapsed 0.1s]
    [5,632/57,439  elapsed 1.5s]
    [10,752/57,439  elapsed 2.9s]
    [15,872/57,439  elapsed 4.2s]
    [20,992/57,439  elapsed 5.6s]
    [26,112/57,439  elapsed 7.0s]
    [31,232/57,439  elapsed 8.4s]
    [36,352/57,439  elapsed 9.8s]
    [41,472/57,439  elapsed 11.2s]
    [46,592/57,439  elapsed 12.5s]
    [51,712/57,439  elapsed 13.9s]
    [56,832/57,439  elapsed 15.3s]
  eval done in 15.4s
  by-popularity NDCG@10: tail=0.0014(n=7,762)  mid=0.0052(n=8,169)  head=0.0595(n=41,508)
  evaluating 57,439 users in batches of 512...
    [512/57,439  elapsed 0.1s]
    [5,632/57,439  elapsed 1.5s]
    [10,752/57,439  elapsed 2.9s]
    [15,872/57,439  elapsed 4.3s]
    [20,992/57,439  elapsed 5.7s]
    [26,112/57,439  elapsed 7.0s]
    [31,232/57,439  elapsed 8.4s]
    [36,352/57,439  elapsed 9.8s]
    [41,472/57,439  elapsed 11.2s]
    [46,592/57,439  elapsed 12.6s]
    [51,712/57,439  elapsed 13.9s]
    [56,832/57,439  elapsed 15.3s]
  eval done in 15.5s
  by-popularity NDCG@10: tail=0.0010(n=8,800)  mid=0.0051(n=8,657)  head=0.0552(n=39,982)
  epoch  19  loss=8.3421  val_NDCG=0.0439  test_NDCG=0.0394  test_HR=0.0706  (5.8s)
  evaluating 57,439 users in batches of 512...
    [512/57,439  elapsed 0.2s]
    [5,632/57,439  elapsed 1.5s]
    [10,752/57,439  elapsed 2.9s]
    [15,872/57,439  elapsed 4.3s]
    [20,992/57,439  elapsed 5.6s]
    [26,112/57,439  elapsed 7.0s]
    [31,232/57,439  elapsed 8.4s]
    [36,352/57,439  elapsed 9.8s]
    [41,472/57,439  elapsed 11.1s]
    [46,592/57,439  elapsed 12.5s]
    [51,712/57,439  elapsed 13.9s]
    [56,832/57,439  elapsed 15.3s]
  eval done in 15.4s
  by-popularity NDCG@10: tail=0.0014(n=7,762)  mid=0.0052(n=8,169)  head=0.0594(n=41,508)
  evaluating 57,439 users in batches of 512...
    [512/57,439  elapsed 0.1s]
    [5,632/57,439  elapsed 1.5s]
    [10,752/57,439  elapsed 2.9s]
    [15,872/57,439  elapsed 4.3s]
    [20,992/57,439  elapsed 5.7s]
    [26,112/57,439  elapsed 7.1s]
    [31,232/57,439  elapsed 8.4s]
    [36,352/57,439  elapsed 9.8s]
    [41,472/57,439  elapsed 11.2s]
    [46,592/57,439  elapsed 12.6s]
    [51,712/57,439  elapsed 14.0s]
    [56,832/57,439  elapsed 15.3s]
  eval done in 15.5s
  by-popularity NDCG@10: tail=0.0010(n=8,800)  mid=0.0051(n=8,657)  head=0.0553(n=39,982)
  epoch  20  loss=8.3415  val_NDCG=0.0439  test_NDCG=0.0394  test_HR=0.0707  (5.8s)

=== Best by val NDCG@10 ===
  val_NDCG=0.0441
  test: {'NDCG@10': 0.03946237060304512, 'HR@10': 0.07068368181897317, 'MRR': 0.036076139235473634, 'n_eval': 57439, 'by_popularity': {'tail': {'NDCG@10': 0.0009322490983676479, 'HR@10': 0.001931818181818182, 'n': 8800, 'n_hit@10': 17, 'HR@20': 0.0036363636363636364, 'n_hit@20': 32, 'HR@50': 0.011363636363636364, 'n_hit@50': 100, 'HR@100': 0.025, 'n_hit@100': 220}, 'mid': {'NDCG@10': 0.004854249229251616, 'HR@10': 0.009587616957375535, 'n': 8657, 'n_hit@10': 83, 'HR@20': 0.017442532054984406, 'n_hit@20': 151, 'HR@50': 0.03939008894536213, 'n_hit@50': 341, 'HR@100': 0.07184937045165762, 'n_hit@100': 622}, 'head': {'NDCG@10': 0.055436248247337346, 'HR@10': 0.09904457005652544, 'n': 39982, 'n_hit@10': 3960, 'HR@20': 0.14103846731028963, 'n_hit@20': 5639, 'HR@50': 0.2199989995497974, 'n_hit@50': 8796, 'HR@100': 0.29805912660697315, 'n_hit@100': 11917}}}
wrote C:\Users\rayxc\Documents\R\_bestrec_run\results_MI_FIRV3_a0ident_seed20260713.users.jsonl.gz (57,439 per-user records, best epoch 16, sha256 8da3ac83acd4…)
wrote C:\Users\rayxc\Documents\R\_bestrec_run\results_MI_FIRV3_a0ident_seed20260713.final.users.jsonl.gz (57,439 FINAL-epoch per-user records)
  fir_v3 final ||DELTA||_2 = 0.000000

wrote C:\Users\rayxc\Documents\R\_bestrec_run\results_MI_FIRV3_a0ident_seed20260713.json
[2/24] results_MI_FIRV3_a1learned_seed20260713.json
  random seed set to 20260713
=== Musical_Instruments: load splits ===
  n_users=57,439  n_items=24,587  pad_id=24587
  built sequences for 57,439 users
  built timestamp sequences (12 time buckets)
  loading SBERT embeddings from C:\Users\rayxc\Documents\R\cache_5core\sbert_titles_Musical_Instruments.npy...
  TAPE: k-means 24,587 text embeddings into K=512 prototypes (tau=0.05)...
  TAPE: K=512 mean max-assignment weight = 0.530 (1.0 = hard clustering)

=== Build SASRec-SBERT (d=64, layers=4, heads=2) ===
  total params: 11,186,046  device=cuda
  57,439 training examples / 225 batches per epoch
  init_state_sha256 = ff85b20d18af3a17872c0424dd9002d6b25b214d1469244d582655ab21fdc2fc
  LR schedule: warmup_cosine (225 warmup + 4275 cosine steps)

=== Train for 20 epochs ===
  evaluating 57,439 users in batches of 512...
    [512/57,439  elapsed 0.1s]
    [5,632/57,439  elapsed 1.5s]
    [10,752/57,439  elapsed 2.8s]
    [15,872/57,439  elapsed 4.2s]
    [20,992/57,439  elapsed 5.6s]
    [26,112/57,439  elapsed 7.0s]
    [31,232/57,439  elapsed 8.3s]
    [36,352/57,439  elapsed 9.7s]
    [41,472/57,439  elapsed 11.1s]
    [46,592/57,439  elapsed 12.4s]
    [51,712/57,439  elapsed 13.8s]
    [56,832/57,439  elapsed 15.2s]
  eval done in 15.3s
  by-popularity NDCG@10: tail=0.0002(n=7,762)  mid=0.0002(n=8,169)  head=0.0380(n=41,508)
  evaluating 57,439 users in batches of 512...
    [512/57,439  elapsed 0.1s]
    [5,632/57,439  elapsed 1.5s]
    [10,752/57,439  elapsed 2.9s]
    [15,872/57,439  elapsed 4.3s]
    [20,992/57,439  elapsed 5.6s]
    [26,112/57,439  elapsed 7.0s]
    [31,232/57,439  elapsed 8.4s]
    [36,352/57,439  elapsed 9.8s]
    [41,472/57,439  elapsed 11.1s]
    [46,592/57,439  elapsed 12.5s]
    [51,712/57,439  elapsed 13.9s]
    [56,832/57,439  elapsed 15.3s]
  eval done in 15.4s
  by-popularity NDCG@10: tail=0.0001(n=8,800)  mid=0.0006(n=8,657)  head=0.0352(n=39,982)
  epoch   1  loss=9.6155  val_NDCG=0.0275  test_NDCG=0.0246  test_HR=0.0472  (6.0s)
  evaluating 57,439 users in batches of 512...
    [512/57,439  elapsed 0.2s]
    [5,632/57,439  elapsed 1.5s]
    [10,752/57,439  elapsed 2.9s]
    [15,872/57,439  elapsed 4.2s]
    [20,992/57,439  elapsed 5.6s]
    [26,112/57,439  elapsed 7.0s]
    [31,232/57,439  elapsed 8.3s]
    [36,352/57,439  elapsed 9.7s]
    [41,472/57,439  elapsed 11.1s]
    [46,592/57,439  elapsed 12.4s]
    [51,712/57,439  elapsed 13.8s]
    [56,832/57,439  elapsed 15.2s]
  eval done in 15.3s
  by-popularity NDCG@10: tail=0.0000(n=7,762)  mid=0.0003(n=8,169)  head=0.0466(n=41,508)
  evaluating 57,439 users in batches of 512...
    [512/57,439  elapsed 0.1s]
    [5,632/57,439  elapsed 1.5s]
    [10,752/57,439  elapsed 2.9s]
    [15,872/57,439  elapsed 4.3s]
    [20,992/57,439  elapsed 5.6s]
    [26,112/57,439  elapsed 7.0s]
    [31,232/57,439  elapsed 8.4s]
    [36,352/57,439  elapsed 9.8s]
    [41,472/57,439  elapsed 11.1s]
    [46,592/57,439  elapsed 12.5s]
    [51,712/57,439  elapsed 13.9s]
    [56,832/57,439  elapsed 15.2s]
  eval done in 15.4s
  by-popularity NDCG@10: tail=0.0000(n=8,800)  mid=0.0003(n=8,657)  head=0.0442(n=39,982)
  epoch   2  loss=9.0885  val_NDCG=0.0338  test_NDCG=0.0308  test_HR=0.0574  (5.8s)
  evaluating 57,439 users in batches of 512...
    [512/57,439  elapsed 0.2s]
    [5,632/57,439  elapsed 1.6s]
    [10,752/57,439  elapsed 2.9s]
    [15,872/57,439  elapsed 4.3s]
    [20,992/57,439  elapsed 5.7s]
    [26,112/57,439  elapsed 7.1s]
    [31,232/57,439  elapsed 8.4s]
    [36,352/57,439  elapsed 9.8s]
    [41,472/57,439  elapsed 11.2s]
    [46,592/57,439  elapsed 12.6s]
    [51,712/57,439  elapsed 13.9s]
    [56,832/57,439  elapsed 15.3s]
  eval done in 15.5s
  by-popularity NDCG@10: tail=0.0000(n=7,762)  mid=0.0009(n=8,169)  head=0.0520(n=41,508)
  evaluating 57,439 users in batches of 512...
    [512/57,439  elapsed 0.1s]
    [5,632/57,439  elapsed 1.5s]
    [10,752/57,439  elapsed 2.9s]
    [15,872/57,439  elapsed 4.3s]
    [20,992/57,439  elapsed 5.7s]
    [26,112/57,439  elapsed 7.0s]
    [31,232/57,439  elapsed 8.4s]
    [36,352/57,439  elapsed 9.8s]
    [41,472/57,439  elapsed 11.2s]
    [46,592/57,439  elapsed 12.6s]
    [51,712/57,439  elapsed 14.0s]
    [56,832/57,439  elapsed 15.3s]
  eval done in 15.5s
  by-popularity NDCG@10: tail=0.0001(n=8,800)  mid=0.0008(n=8,657)  head=0.0501(n=39,982)
  epoch   3  loss=8.9285  val_NDCG=0.0377  test_NDCG=0.0350  test_HR=0.0650  (5.8s)
  evaluating 57,439 users in batches of 512...
    [512/57,439  elapsed 0.2s]
    [5,632/57,439  elapsed 1.5s]
    [10,752/57,439  elapsed 2.9s]
    [15,872/57,439  elapsed 4.2s]
    [20,992/57,439  elapsed 5.6s]
    [26,112/57,439  elapsed 7.0s]
    [31,232/57,439  elapsed 8.4s]
    [36,352/57,439  elapsed 9.7s]
    [41,472/57,439  elapsed 11.1s]
    [46,592/57,439  elapsed 12.5s]
    [51,712/57,439  elapsed 13.9s]
    [56,832/57,439  elapsed 15.2s]
  eval done in 15.4s
  by-popularity NDCG@10: tail=0.0001(n=7,762)  mid=0.0015(n=8,169)  head=0.0559(n=41,508)
  evaluating 57,439 users in batches of 512...
    [512/57,439  elapsed 0.1s]
    [5,632/57,439  elapsed 1.5s]
    [10,752/57,439  elapsed 2.9s]
    [15,872/57,439  elapsed 4.3s]
    [20,992/57,439  elapsed 5.7s]
    [26,112/57,439  elapsed 7.1s]
    [31,232/57,439  elapsed 8.5s]
    [36,352/57,439  elapsed 9.9s]
    [41,472/57,439  elapsed 11.3s]
    [46,592/57,439  elapsed 12.7s]
    [51,712/57,439  elapsed 14.1s]
    [56,832/57,439  elapsed 15.5s]
  eval done in 15.6s
  by-popularity NDCG@10: tail=0.0001(n=8,800)  mid=0.0015(n=8,657)  head=0.0538(n=39,982)
  epoch   4  loss=8.8227  val_NDCG=0.0406  test_NDCG=0.0377  test_HR=0.0691  (5.8s)
  evaluating 57,439 users in batches of 512...
    [512/57,439  elapsed 0.2s]
    [5,632/57,439  elapsed 1.5s]
    [10,752/57,439  elapsed 2.9s]
    [15,872/57,439  elapsed 4.3s]
    [20,992/57,439  elapsed 5.6s]
    [26,112/57,439  elapsed 7.0s]
    [31,232/57,439  elapsed 8.4s]
    [36,352/57,439  elapsed 9.7s]
    [41,472/57,439  elapsed 11.1s]
    [46,592/57,439  elapsed 12.5s]
    [51,712/57,439  elapsed 13.8s]
    [56,832/57,439  elapsed 15.2s]
  eval done in 15.4s
  by-popularity NDCG@10: tail=0.0002(n=7,762)  mid=0.0022(n=8,169)  head=0.0573(n=41,508)
  evaluating 57,439 users in batches of 512...
    [512/57,439  elapsed 0.1s]
    [5,632/57,439  elapsed 1.5s]
    [10,752/57,439  elapsed 2.9s]
    [15,872/57,439  elapsed 4.3s]
    [20,992/57,439  elapsed 5.6s]
    [26,112/57,439  elapsed 7.0s]
    [31,232/57,439  elapsed 8.4s]
    [36,352/57,439  elapsed 9.8s]
    [41,472/57,439  elapsed 11.1s]
    [46,592/57,439  elapsed 12.5s]
    [51,712/57,439  elapsed 13.9s]
    [56,832/57,439  elapsed 15.3s]
  eval done in 15.4s
  by-popularity NDCG@10: tail=0.0003(n=8,800)  mid=0.0023(n=8,657)  head=0.0550(n=39,982)
  epoch   5  loss=8.7413  val_NDCG=0.0418  test_NDCG=0.0387  test_HR=0.0704  (5.9s)
  evaluating 57,439 users in batches of 512...
    [512/57,439  elapsed 0.2s]
    [5,632/57,439  elapsed 1.5s]
    [10,752/57,439  elapsed 2.9s]
    [15,872/57,439  elapsed 4.3s]
    [20,992/57,439  elapsed 5.6s]
    [26,112/57,439  elapsed 7.0s]
    [31,232/57,439  elapsed 8.4s]
    [36,352/57,439  elapsed 9.8s]
    [41,472/57,439  elapsed 11.1s]
    [46,592/57,439  elapsed 12.5s]
    [51,712/57,439  elapsed 13.9s]
    [56,832/57,439  elapsed 15.2s]
  eval done in 15.4s
  by-popularity NDCG@10: tail=0.0003(n=7,762)  mid=0.0033(n=8,169)  head=0.0588(n=41,508)
  evaluating 57,439 users in batches of 512...
    [512/57,439  elapsed 0.1s]
    [5,632/57,439  elapsed 1.5s]
    [10,752/57,439  elapsed 2.9s]
    [15,872/57,439  elapsed 4.3s]
    [20,992/57,439  elapsed 5.6s]
    [26,112/57,439  elapsed 7.0s]
    [31,232/57,439  elapsed 8.4s]
    [36,352/57,439  elapsed 9.8s]
    [41,472/57,439  elapsed 11.1s]
    [46,592/57,439  elapsed 12.5s]
    [51,712/57,439  elapsed 13.9s]
    [56,832/57,439  elapsed 15.3s]
  eval done in 15.4s
  by-popularity NDCG@10: tail=0.0006(n=8,800)  mid=0.0035(n=8,657)  head=0.0547(n=39,982)
  epoch   6  loss=8.6762  val_NDCG=0.0430  test_NDCG=0.0387  test_HR=0.0702  (5.8s)
  evaluating 57,439 users in batches of 512...
    [512/57,439  elapsed 0.1s]
    [5,632/57,439  elapsed 1.5s]
    [10,752/57,439  elapsed 2.8s]
    [15,872/57,439  elapsed 4.2s]
    [20,992/57,439  elapsed 5.6s]
    [26,112/57,439  elapsed 6.9s]
    [31,232/57,439  elapsed 8.3s]
    [36,352/57,439  elapsed 9.7s]
    [41,472/57,439  elapsed 11.0s]
    [46,592/57,439  elapsed 12.4s]
    [51,712/57,439  elapsed 13.8s]
    [56,832/57,439  elapsed 15.1s]
  eval done in 15.3s
  by-popularity NDCG@10: tail=0.0008(n=7,762)  mid=0.0044(n=8,169)  head=0.0601(n=41,508)
  evaluating 57,439 users in batches of 512...
    [512/57,439  elapsed 0.1s]
    [5,632/57,439  elapsed 1.5s]
    [10,752/57,439  elapsed 2.9s]
    [15,872/57,439  elapsed 4.2s]
    [20,992/57,439  elapsed 5.6s]
    [26,112/57,439  elapsed 7.0s]
    [31,232/57,439  elapsed 8.3s]
    [36,352/57,439  elapsed 9.7s]
    [41,472/57,439  elapsed 11.1s]
    [46,592/57,439  elapsed 12.4s]
    [51,712/57,439  elapsed 13.8s]
    [56,832/57,439  elapsed 15.2s]
  eval done in 15.4s
  by-popularity NDCG@10: tail=0.0006(n=8,800)  mid=0.0042(n=8,657)  head=0.0563(n=39,982)
  epoch   7  loss=8.6199  val_NDCG=0.0441  test_NDCG=0.0399  test_HR=0.0720  (5.9s)
  evaluating 57,439 users in batches of 512...
    [512/57,439  elapsed 0.1s]
    [5,632/57,439  elapsed 1.5s]
    [10,752/57,439  elapsed 2.9s]
    [15,872/57,439  elapsed 4.2s]
    [20,992/57,439  elapsed 5.6s]
    [26,112/57,439  elapsed 7.0s]
    [31,232/57,439  elapsed 8.3s]
    [36,352/57,439  elapsed 9.7s]
    [41,472/57,439  elapsed 11.1s]
    [46,592/57,439  elapsed 12.4s]
    [51,712/57,439  elapsed 13.8s]
    [56,832/57,439  elapsed 15.2s]
  eval done in 15.4s
  by-popularity NDCG@10: tail=0.0009(n=7,762)  mid=0.0050(n=8,169)  head=0.0614(n=41,508)
  evaluating 57,439 users in batches of 512...
    [512/57,439  elapsed 0.1s]
    [5,632/57,439  elapsed 1.5s]
    [10,752/57,439  elapsed 2.9s]
    [15,872/57,439  elapsed 4.3s]
    [20,992/57,439  elapsed 5.7s]
    [26,112/57,439  elapsed 7.0s]
    [31,232/57,439  elapsed 8.4s]
    [36,352/57,439  elapsed 9.8s]
    [41,472/57,439  elapsed 11.2s]
    [46,592/57,439  elapsed 12.5s]
    [51,712/57,439  elapsed 13.9s]
    [56,832/57,439  elapsed 15.3s]
  eval done in 15.5s
  by-popularity NDCG@10: tail=0.0006(n=8,800)  mid=0.0047(n=8,657)  head=0.0575(n=39,982)
  epoch   8  loss=8.5664  val_NDCG=0.0452  test_NDCG=0.0408  test_HR=0.0736  (5.8s)
  evaluating 57,439 users in batches of 512...
    [512/57,439  elapsed 0.2s]
    [5,632/57,439  elapsed 1.5s]
    [10,752/57,439  elapsed 2.9s]
    [15,872/57,439  elapsed 4.3s]
    [20,992/57,439  elapsed 5.6s]
    [26,112/57,439  elapsed 7.0s]
    [31,232/57,439  elapsed 8.4s]
    [36,352/57,439  elapsed 9.7s]
    [41,472/57,439  elapsed 11.1s]
    [46,592/57,439  elapsed 12.5s]
    [51,712/57,439  elapsed 13.9s]
    [56,832/57,439  elapsed 15.3s]
  eval done in 15.4s
  by-popularity NDCG@10: tail=0.0013(n=7,762)  mid=0.0054(n=8,169)  head=0.0617(n=41,508)
  evaluating 57,439 users in batches of 512...
    [512/57,439  elapsed 0.1s]
    [5,632/57,439  elapsed 1.5s]
    [10,752/57,439  elapsed 2.9s]
    [15,872/57,439  elapsed 4.3s]
    [20,992/57,439  elapsed 5.7s]
    [26,112/57,439  elapsed 7.1s]
    [31,232/57,439  elapsed 8.5s]
    [36,352/57,439  elapsed 9.9s]
    [41,472/57,439  elapsed 11.2s]
    [46,592/57,439  elapsed 12.6s]
    [51,712/57,439  elapsed 14.0s]
    [56,832/57,439  elapsed 15.4s]
  eval done in 15.5s
  by-popularity NDCG@10: tail=0.0009(n=8,800)  mid=0.0051(n=8,657)  head=0.0580(n=39,982)
  epoch   9  loss=8.5196  val_NDCG=0.0456  test_NDCG=0.0413  test_HR=0.0744  (5.8s)
  evaluating 57,439 users in batches of 512...
    [512/57,439  elapsed 0.1s]
    [5,632/57,439  elapsed 1.5s]
    [10,752/57,439  elapsed 2.8s]
    [15,872/57,439  elapsed 4.2s]
    [20,992/57,439  elapsed 5.6s]
    [26,112/57,439  elapsed 6.9s]
    [31,232/57,439  elapsed 8.3s]
    [36,352/57,439  elapsed 9.7s]
    [41,472/57,439  elapsed 11.0s]
    [46,592/57,439  elapsed 12.4s]
    [51,712/57,439  elapsed 13.8s]
    [56,832/57,439  elapsed 15.1s]
  eval done in 15.3s
  by-popularity NDCG@10: tail=0.0015(n=7,762)  mid=0.0056(n=8,169)  head=0.0620(n=41,508)
  evaluating 57,439 users in batches of 512...
    [512/57,439  elapsed 0.1s]
    [5,632/57,439  elapsed 1.5s]
    [10,752/57,439  elapsed 2.9s]
    [15,872/57,439  elapsed 4.2s]
    [20,992/57,439  elapsed 5.6s]
    [26,112/57,439  elapsed 7.0s]
    [31,232/57,439  elapsed 8.4s]
    [36,352/57,439  elapsed 9.7s]
    [41,472/57,439  elapsed 11.1s]
    [46,592/57,439  elapsed 12.5s]
    [51,712/57,439  elapsed 13.9s]
    [56,832/57,439  elapsed 15.3s]
  eval done in 15.4s
  by-popularity NDCG@10: tail=0.0011(n=8,800)  mid=0.0056(n=8,657)  head=0.0583(n=39,982)
  epoch  10  loss=8.4777  val_NDCG=0.0458  test_NDCG=0.0416  test_HR=0.0744  (5.8s)
  evaluating 57,439 users in batches of 512...
    [512/57,439  elapsed 0.2s]
    [5,632/57,439  elapsed 1.6s]
    [10,752/57,439  elapsed 3.0s]
    [15,872/57,439  elapsed 4.3s]
    [20,992/57,439  elapsed 5.7s]
    [26,112/57,439  elapsed 7.1s]
    [31,232/57,439  elapsed 8.4s]
    [36,352/57,439  elapsed 9.8s]
    [41,472/57,439  elapsed 11.2s]
    [46,592/57,439  elapsed 12.5s]
    [51,712/57,439  elapsed 13.9s]
    [56,832/57,439  elapsed 15.3s]
  eval done in 15.4s
  by-popularity NDCG@10: tail=0.0018(n=7,762)  mid=0.0062(n=8,169)  head=0.0622(n=41,508)
  evaluating 57,439 users in batches of 512...
    [512/57,439  elapsed 0.1s]
    [5,632/57,439  elapsed 1.5s]
    [10,752/57,439  elapsed 2.9s]
    [15,872/57,439  elapsed 4.3s]
    [20,992/57,439  elapsed 5.6s]
    [26,112/57,439  elapsed 7.0s]
    [31,232/57,439  elapsed 8.4s]
    [36,352/57,439  elapsed 9.8s]
    [41,472/57,439  elapsed 11.1s]
    [46,592/57,439  elapsed 12.5s]
    [51,712/57,439  elapsed 13.9s]
    [56,832/57,439  elapsed 15.3s]
  eval done in 15.4s
  by-popularity NDCG@10: tail=0.0013(n=8,800)  mid=0.0058(n=8,657)  head=0.0582(n=39,982)
  epoch  11  loss=8.4389  val_NDCG=0.0460  test_NDCG=0.0416  test_HR=0.0745  (5.9s)
  evaluating 57,439 users in batches of 512...
    [512/57,439  elapsed 0.2s]
    [5,632/57,439  elapsed 1.5s]
    [10,752/57,439  elapsed 2.9s]
    [15,872/57,439  elapsed 4.2s]
    [20,992/57,439  elapsed 5.6s]
    [26,112/57,439  elapsed 7.0s]
    [31,232/57,439  elapsed 8.4s]
    [36,352/57,439  elapsed 9.7s]
    [41,472/57,439  elapsed 11.1s]
    [46,592/57,439  elapsed 12.5s]
    [51,712/57,439  elapsed 13.8s]
    [56,832/57,439  elapsed 15.2s]
  eval done in 15.4s
  by-popularity NDCG@10: tail=0.0018(n=7,762)  mid=0.0066(n=8,169)  head=0.0620(n=41,508)
  evaluating 57,439 users in batches of 512...
    [512/57,439  elapsed 0.1s]
    [5,632/57,439  elapsed 1.5s]
    [10,752/57,439  elapsed 2.9s]
    [15,872/57,439  elapsed 4.3s]
    [20,992/57,439  elapsed 5.6s]
    [26,112/57,439  elapsed 7.0s]
    [31,232/57,439  elapsed 8.4s]
    [36,352/57,439  elapsed 9.8s]
    [41,472/57,439  elapsed 11.1s]
    [46,592/57,439  elapsed 12.5s]
    [51,712/57,439  elapsed 13.9s]
    [56,832/57,439  elapsed 15.3s]
  eval done in 15.4s
  by-popularity NDCG@10: tail=0.0014(n=8,800)  mid=0.0063(n=8,657)  head=0.0575(n=39,982)
  epoch  12  loss=8.4042  val_NDCG=0.0460  test_NDCG=0.0412  test_HR=0.0741  (5.8s)
  evaluating 57,439 users in batches of 512...
    [512/57,439  elapsed 0.2s]
    [5,632/57,439  elapsed 1.5s]
    [10,752/57,439  elapsed 2.9s]
    [15,872/57,439  elapsed 4.3s]
    [20,992/57,439  elapsed 5.7s]
    [26,112/57,439  elapsed 7.0s]
    [31,232/57,439  elapsed 8.4s]
    [36,352/57,439  elapsed 9.8s]
    [41,472/57,439  elapsed 11.1s]
    [46,592/57,439  elapsed 12.5s]
    [51,712/57,439  elapsed 13.9s]
    [56,832/57,439  elapsed 15.2s]
  eval done in 15.4s
  by-popularity NDCG@10: tail=0.0020(n=7,762)  mid=0.0068(n=8,169)  head=0.0622(n=41,508)
  evaluating 57,439 users in batches of 512...
    [512/57,439  elapsed 0.1s]
    [5,632/57,439  elapsed 1.5s]
    [10,752/57,439  elapsed 2.9s]
    [15,872/57,439  elapsed 4.3s]
    [20,992/57,439  elapsed 5.6s]
    [26,112/57,439  elapsed 7.0s]
    [31,232/57,439  elapsed 8.4s]
    [36,352/57,439  elapsed 9.8s]
    [41,472/57,439  elapsed 11.2s]
    [46,592/57,439  elapsed 12.5s]
    [51,712/57,439  elapsed 13.9s]
    [56,832/57,439  elapsed 15.3s]
  eval done in 15.5s
  by-popularity NDCG@10: tail=0.0015(n=8,800)  mid=0.0063(n=8,657)  head=0.0582(n=39,982)
  epoch  13  loss=8.3733  val_NDCG=0.0462  test_NDCG=0.0417  test_HR=0.0747  (5.8s)
  evaluating 57,439 users in batches of 512...
    [512/57,439  elapsed 0.1s]
    [5,632/57,439  elapsed 1.5s]
    [10,752/57,439  elapsed 2.9s]
    [15,872/57,439  elapsed 4.3s]
    [20,992/57,439  elapsed 5.6s]
    [26,112/57,439  elapsed 7.0s]
    [31,232/57,439  elapsed 8.4s]
    [36,352/57,439  elapsed 9.7s]
    [41,472/57,439  elapsed 11.1s]
    [46,592/57,439  elapsed 12.5s]
    [51,712/57,439  elapsed 13.9s]
    [56,832/57,439  elapsed 15.2s]
  eval done in 15.4s
  by-popularity NDCG@10: tail=0.0022(n=7,762)  mid=0.0068(n=8,169)  head=0.0620(n=41,508)
  evaluating 57,439 users in batches of 512...
    [512/57,439  elapsed 0.1s]
    [5,632/57,439  elapsed 1.5s]
    [10,752/57,439  elapsed 2.9s]
    [15,872/57,439  elapsed 4.3s]
    [20,992/57,439  elapsed 5.6s]
    [26,112/57,439  elapsed 7.0s]
    [31,232/57,439  elapsed 8.4s]
    [36,352/57,439  elapsed 9.7s]
    [41,472/57,439  elapsed 11.1s]
    [46,592/57,439  elapsed 12.5s]
    [51,712/57,439  elapsed 13.9s]
    [56,832/57,439  elapsed 15.3s]
  eval done in 15.5s
  by-popularity NDCG@10: tail=0.0017(n=8,800)  mid=0.0066(n=8,657)  head=0.0580(n=39,982)
  epoch  14  loss=8.3457  val_NDCG=0.0460  test_NDCG=0.0416  test_HR=0.0745  (5.8s)
  evaluating 57,439 users in batches of 512...
    [512/57,439  elapsed 0.2s]
    [5,632/57,439  elapsed 1.5s]
    [10,752/57,439  elapsed 2.9s]
    [15,872/57,439  elapsed 4.3s]
    [20,992/57,439  elapsed 5.6s]
    [26,112/57,439  elapsed 7.0s]
    [31,232/57,439  elapsed 8.4s]
    [36,352/57,439  elapsed 9.7s]
    [41,472/57,439  elapsed 11.1s]
    [46,592/57,439  elapsed 12.5s]
    [51,712/57,439  elapsed 13.9s]
    [56,832/57,439  elapsed 15.2s]
  eval done in 15.4s
  by-popularity NDCG@10: tail=0.0023(n=7,762)  mid=0.0070(n=8,169)  head=0.0616(n=41,508)
  evaluating 57,439 users in batches of 512...
    [512/57,439  elapsed 0.1s]
    [5,632/57,439  elapsed 1.5s]
    [10,752/57,439  elapsed 2.9s]
    [15,872/57,439  elapsed 4.3s]
    [20,992/57,439  elapsed 5.6s]
    [26,112/57,439  elapsed 7.0s]
    [31,232/57,439  elapsed 8.4s]
    [36,352/57,439  elapsed 9.8s]
    [41,472/57,439  elapsed 11.1s]
    [46,592/57,439  elapsed 12.5s]
    [51,712/57,439  elapsed 13.9s]
    [56,832/57,439  elapsed 15.3s]
  eval done in 15.4s
  by-popularity NDCG@10: tail=0.0018(n=8,800)  mid=0.0067(n=8,657)  head=0.0574(n=39,982)
  epoch  15  loss=8.3256  val_NDCG=0.0458  test_NDCG=0.0412  test_HR=0.0743  (5.8s)
  evaluating 57,439 users in batches of 512...
    [512/57,439  elapsed 0.1s]
    [5,632/57,439  elapsed 1.5s]
    [10,752/57,439  elapsed 2.8s]
    [15,872/57,439  elapsed 4.2s]
    [20,992/57,439  elapsed 5.6s]
    [26,112/57,439  elapsed 7.0s]
    [31,232/57,439  elapsed 8.3s]
    [36,352/57,439  elapsed 9.7s]
    [41,472/57,439  elapsed 11.1s]
    [46,592/57,439  elapsed 12.4s]
    [51,712/57,439  elapsed 13.8s]
    [56,832/57,439  elapsed 15.2s]
  eval done in 15.3s
  by-popularity NDCG@10: tail=0.0024(n=7,762)  mid=0.0068(n=8,169)  head=0.0621(n=41,508)
  evaluating 57,439 users in batches of 512...
    [512/57,439  elapsed 0.1s]
    [5,632/57,439  elapsed 1.5s]
    [10,752/57,439  elapsed 2.9s]
    [15,872/57,439  elapsed 4.2s]
    [20,992/57,439  elapsed 5.6s]
    [26,112/57,439  elapsed 7.0s]
    [31,232/57,439  elapsed 8.4s]
    [36,352/57,439  elapsed 9.7s]
    [41,472/57,439  elapsed 11.1s]
    [46,592/57,439  elapsed 12.5s]
    [51,712/57,439  elapsed 13.9s]
    [56,832/57,439  elapsed 15.2s]
  eval done in 15.4s
  by-popularity NDCG@10: tail=0.0018(n=8,800)  mid=0.0066(n=8,657)  head=0.0578(n=39,982)
  epoch  16  loss=8.3050  val_NDCG=0.0461  test_NDCG=0.0415  test_HR=0.0749  (5.8s)
  evaluating 57,439 users in batches of 512...
    [512/57,439  elapsed 0.1s]
    [5,632/57,439  elapsed 1.5s]
    [10,752/57,439  elapsed 2.9s]
    [15,872/57,439  elapsed 4.3s]
    [20,992/57,439  elapsed 5.6s]
    [26,112/57,439  elapsed 7.0s]
    [31,232/57,439  elapsed 8.4s]
    [36,352/57,439  elapsed 9.7s]
    [41,472/57,439  elapsed 11.1s]
    [46,592/57,439  elapsed 12.5s]
    [51,712/57,439  elapsed 13.8s]
    [56,832/57,439  elapsed 15.2s]
  eval done in 15.4s
  by-popularity NDCG@10: tail=0.0024(n=7,762)  mid=0.0070(n=8,169)  head=0.0617(n=41,508)
  evaluating 57,439 users in batches of 512...
    [512/57,439  elapsed 0.1s]
    [5,632/57,439  elapsed 1.5s]
    [10,752/57,439  elapsed 2.9s]
    [15,872/57,439  elapsed 4.3s]
    [20,992/57,439  elapsed 5.6s]
    [26,112/57,439  elapsed 7.0s]
    [31,232/57,439  elapsed 8.4s]
    [36,352/57,439  elapsed 9.8s]
    [41,472/57,439  elapsed 11.2s]
    [46,592/57,439  elapsed 12.5s]
    [51,712/57,439  elapsed 13.9s]
    [56,832/57,439  elapsed 15.3s]
  eval done in 15.4s
  by-popularity NDCG@10: tail=0.0018(n=8,800)  mid=0.0067(n=8,657)  head=0.0576(n=39,982)
  epoch  17  loss=8.2930  val_NDCG=0.0459  test_NDCG=0.0414  test_HR=0.0744  (5.8s)
  evaluating 57,439 users in batches of 512...
    [512/57,439  elapsed 0.2s]
    [5,632/57,439  elapsed 1.5s]
    [10,752/57,439  elapsed 2.9s]
    [15,872/57,439  elapsed 4.2s]
    [20,992/57,439  elapsed 5.6s]
    [26,112/57,439  elapsed 7.0s]
    [31,232/57,439  elapsed 8.3s]
    [36,352/57,439  elapsed 9.7s]
    [41,472/57,439  elapsed 11.1s]
    [46,592/57,439  elapsed 12.4s]
    [51,712/57,439  elapsed 13.8s]
    [56,832/57,439  elapsed 15.2s]
  eval done in 15.3s
  by-popularity NDCG@10: tail=0.0024(n=7,762)  mid=0.0071(n=8,169)  head=0.0617(n=41,508)
  evaluating 57,439 users in batches of 512...
    [512/57,439  elapsed 0.1s]
    [5,632/57,439  elapsed 1.5s]
    [10,752/57,439  elapsed 2.9s]
    [15,872/57,439  elapsed 4.3s]
    [20,992/57,439  elapsed 5.6s]
    [26,112/57,439  elapsed 7.0s]
    [31,232/57,439  elapsed 8.4s]
    [36,352/57,439  elapsed 9.8s]
    [41,472/57,439  elapsed 11.1s]
    [46,592/57,439  elapsed 12.5s]
    [51,712/57,439  elapsed 13.9s]
    [56,832/57,439  elapsed 15.3s]
  eval done in 15.4s
  by-popularity NDCG@10: tail=0.0019(n=8,800)  mid=0.0068(n=8,657)  head=0.0576(n=39,982)
  epoch  18  loss=8.2821  val_NDCG=0.0459  test_NDCG=0.0414  test_HR=0.0745  (5.8s)
  evaluating 57,439 users in batches of 512...
    [512/57,439  elapsed 0.2s]
    [5,632/57,439  elapsed 1.5s]
    [10,752/57,439  elapsed 2.9s]
    [15,872/57,439  elapsed 4.3s]
    [20,992/57,439  elapsed 5.6s]
    [26,112/57,439  elapsed 7.0s]
    [31,232/57,439  elapsed 8.4s]
    [36,352/57,439  elapsed 9.8s]
    [41,472/57,439  elapsed 11.1s]
    [46,592/57,439  elapsed 12.5s]
    [51,712/57,439  elapsed 13.9s]
    [56,832/57,439  elapsed 15.2s]
  eval done in 15.4s
  by-popularity NDCG@10: tail=0.0024(n=7,762)  mid=0.0071(n=8,169)  head=0.0616(n=41,508)
  evaluating 57,439 users in batches of 512...
    [512/57,439  elapsed 0.1s]
    [5,632/57,439  elapsed 1.5s]
    [10,752/57,439  elapsed 2.9s]
    [15,872/57,439  elapsed 4.3s]
    [20,992/57,439  elapsed 5.7s]
    [26,112/57,439  elapsed 7.0s]
    [31,232/57,439  elapsed 8.4s]
    [36,352/57,439  elapsed 9.8s]
    [41,472/57,439  elapsed 11.2s]
    [46,592/57,439  elapsed 12.5s]
    [51,712/57,439  elapsed 13.9s]
    [56,832/57,439  elapsed 15.3s]
  eval done in 15.5s
  by-popularity NDCG@10: tail=0.0019(n=8,800)  mid=0.0067(n=8,657)  head=0.0577(n=39,982)
  epoch  19  loss=8.2754  val_NDCG=0.0458  test_NDCG=0.0414  test_HR=0.0744  (5.8s)
  evaluating 57,439 users in batches of 512...
    [512/57,439  elapsed 0.2s]
    [5,632/57,439  elapsed 1.5s]
    [10,752/57,439  elapsed 2.9s]
    [15,872/57,439  elapsed 4.3s]
    [20,992/57,439  elapsed 5.7s]
    [26,112/57,439  elapsed 7.1s]
    [31,232/57,439  elapsed 8.4s]
    [36,352/57,439  elapsed 9.8s]
    [41,472/57,439  elapsed 11.2s]
    [46,592/57,439  elapsed 12.5s]
    [51,712/57,439  elapsed 13.9s]
    [56,832/57,439  elapsed 15.3s]
  eval done in 15.4s
  by-popularity NDCG@10: tail=0.0024(n=7,762)  mid=0.0071(n=8,169)  head=0.0616(n=41,508)
  evaluating 57,439 users in batches of 512...
    [512/57,439  elapsed 0.1s]
    [5,632/57,439  elapsed 1.5s]
    [10,752/57,439  elapsed 2.9s]
    [15,872/57,439  elapsed 4.3s]
    [20,992/57,439  elapsed 5.6s]
    [26,112/57,439  elapsed 7.0s]
    [31,232/57,439  elapsed 8.4s]
    [36,352/57,439  elapsed 9.8s]
    [41,472/57,439  elapsed 11.1s]
    [46,592/57,439  elapsed 12.5s]
    [51,712/57,439  elapsed 13.9s]
    [56,832/57,439  elapsed 15.3s]
  eval done in 15.4s
  by-popularity NDCG@10: tail=0.0019(n=8,800)  mid=0.0068(n=8,657)  head=0.0576(n=39,982)
  epoch  20  loss=8.2735  val_NDCG=0.0459  test_NDCG=0.0414  test_HR=0.0745  (5.8s)

=== Best by val NDCG@10 ===
  val_NDCG=0.0462
  test: {'NDCG@10': 0.0416996787632409, 'HR@10': 0.07465311025609778, 'MRR': 0.037975643179841784, 'n_eval': 57439, 'by_popularity': {'tail': {'NDCG@10': 0.0015375450397983816, 'HR@10': 0.003522727272727273, 'n': 8800, 'n_hit@10': 31, 'HR@20': 0.0060227272727272725, 'n_hit@20': 53, 'HR@50': 0.016022727272727272, 'n_hit@50': 141, 'HR@100': 0.030454545454545453, 'n_hit@100': 268}, 'mid': {'NDCG@10': 0.006323159551117946, 'HR@10': 0.011782372646413308, 'n': 8657, 'n_hit@10': 102, 'HR@20': 0.02044588194524662, 'n_hit@20': 177, 'HR@50': 0.04401062723807324, 'n_hit@50': 381, 'HR@100': 0.07739401640291094, 'n_hit@100': 670}, 'head': {'NDCG@10': 0.05819913610868742, 'HR@10': 0.10392176479415736, 'n': 39982, 'n_hit@10': 4155, 'HR@20': 0.14866690010504727, 'n_hit@20': 5944, 'HR@50': 0.22782752238507328, 'n_hit@50': 9109, 'HR@100': 0.30631284077835025, 'n_hit@100': 12247}}}
wrote C:\Users\rayxc\Documents\R\_bestrec_run\results_MI_FIRV3_a1learned_seed20260713.users.jsonl.gz (57,439 per-user records, best epoch 13, sha256 9ac0f752dea7…)
wrote C:\Users\rayxc\Documents\R\_bestrec_run\results_MI_FIRV3_a1learned_seed20260713.final.users.jsonl.gz (57,439 FINAL-epoch per-user records)
  fir_v3 final ||DELTA||_2 = 5.053848

wrote C:\Users\rayxc\Documents\R\_bestrec_run\results_MI_FIRV3_a1learned_seed20260713.json
[3/24] results_MI_FIRV3_a2learnedwd0_seed20260713.json
  random seed set to 20260713
=== Musical_Instruments: load splits ===
  n_users=57,439  n_items=24,587  pad_id=24587
  built sequences for 57,439 users
  built timestamp sequences (12 time buckets)
  loading SBERT embeddings from C:\Users\rayxc\Documents\R\cache_5core\sbert_titles_Musical_Instruments.npy...
  TAPE: k-means 24,587 text embeddings into K=512 prototypes (tau=0.05)...
  TAPE: K=512 mean max-assignment weight = 0.530 (1.0 = hard clustering)

=== Build SASRec-SBERT (d=64, layers=4, heads=2) ===
  total params: 11,186,046  device=cuda
  57,439 training examples / 225 batches per epoch
  init_state_sha256 = ff85b20d18af3a17872c0424dd9002d6b25b214d1469244d582655ab21fdc2fc
  LR schedule: warmup_cosine (225 warmup + 4275 cosine steps)

=== Train for 20 epochs ===
  evaluating 57,439 users in batches of 512...
    [512/57,439  elapsed 0.1s]
    [5,632/57,439  elapsed 1.5s]
    [10,752/57,439  elapsed 2.8s]
    [15,872/57,439  elapsed 4.2s]
    [20,992/57,439  elapsed 5.6s]
    [26,112/57,439  elapsed 6.9s]
    [31,232/57,439  elapsed 8.3s]
    [36,352/57,439  elapsed 9.7s]
    [41,472/57,439  elapsed 11.0s]
    [46,592/57,439  elapsed 12.4s]
    [51,712/57,439  elapsed 13.7s]
    [56,832/57,439  elapsed 15.1s]
  eval done in 15.3s
  by-popularity NDCG@10: tail=0.0002(n=7,762)  mid=0.0002(n=8,169)  head=0.0380(n=41,508)
  evaluating 57,439 users in batches of 512...
    [512/57,439  elapsed 0.1s]
    [5,632/57,439  elapsed 1.5s]
    [10,752/57,439  elapsed 2.9s]
    [15,872/57,439  elapsed 4.3s]
    [20,992/57,439  elapsed 5.6s]
    [26,112/57,439  elapsed 7.0s]
    [31,232/57,439  elapsed 8.4s]
    [36,352/57,439  elapsed 9.7s]
    [41,472/57,439  elapsed 11.1s]
    [46,592/57,439  elapsed 12.5s]
    [51,712/57,439  elapsed 13.8s]
    [56,832/57,439  elapsed 15.2s]
  eval done in 15.4s
  by-popularity NDCG@10: tail=0.0001(n=8,800)  mid=0.0006(n=8,657)  head=0.0352(n=39,982)
  epoch   1  loss=9.6155  val_NDCG=0.0275  test_NDCG=0.0246  test_HR=0.0472  (6.0s)
  evaluating 57,439 users in batches of 512...
    [512/57,439  elapsed 0.1s]
    [5,632/57,439  elapsed 1.5s]
    [10,752/57,439  elapsed 2.8s]
    [15,872/57,439  elapsed 4.2s]
    [20,992/57,439  elapsed 5.6s]
    [26,112/57,439  elapsed 7.0s]
    [31,232/57,439  elapsed 8.4s]
    [36,352/57,439  elapsed 9.7s]
    [41,472/57,439  elapsed 11.1s]
    [46,592/57,439  elapsed 12.5s]
    [51,712/57,439  elapsed 13.9s]
    [56,832/57,439  elapsed 15.2s]
  eval done in 15.4s
  by-popularity NDCG@10: tail=0.0000(n=7,762)  mid=0.0003(n=8,169)  head=0.0467(n=41,508)
  evaluating 57,439 users in batches of 512...
    [512/57,439  elapsed 0.1s]
    [5,632/57,439  elapsed 1.5s]
    [10,752/57,439  elapsed 2.9s]
    [15,872/57,439  elapsed 4.3s]
    [20,992/57,439  elapsed 5.7s]
    [26,112/57,439  elapsed 7.0s]
    [31,232/57,439  elapsed 8.4s]
    [36,352/57,439  elapsed 9.8s]
    [41,472/57,439  elapsed 11.2s]
    [46,592/57,439  elapsed 12.6s]
    [51,712/57,439  elapsed 13.9s]
    [56,832/57,439  elapsed 15.3s]
  eval done in 15.5s
  by-popularity NDCG@10: tail=0.0000(n=8,800)  mid=0.0003(n=8,657)  head=0.0442(n=39,982)
  epoch   2  loss=9.0884  val_NDCG=0.0338  test_NDCG=0.0308  test_HR=0.0574  (5.9s)
  evaluating 57,439 users in batches of 512...
    [512/57,439  elapsed 0.2s]
    [5,632/57,439  elapsed 1.6s]
    [10,752/57,439  elapsed 3.0s]
    [15,872/57,439  elapsed 4.4s]
    [20,992/57,439  elapsed 5.8s]
    [26,112/57,439  elapsed 7.2s]
    [31,232/57,439  elapsed 8.6s]
    [36,352/57,439  elapsed 10.0s]
    [41,472/57,439  elapsed 11.4s]
    [46,592/57,439  elapsed 12.8s]
    [51,712/57,439  elapsed 14.2s]
    [56,832/57,439  elapsed 15.6s]
  eval done in 15.8s
  by-popularity NDCG@10: tail=0.0000(n=7,762)  mid=0.0009(n=8,169)  head=0.0521(n=41,508)
  evaluating 57,439 users in batches of 512...
    [512/57,439  elapsed 0.1s]
    [5,632/57,439  elapsed 1.5s]
    [10,752/57,439  elapsed 2.9s]
    [15,872/57,439  elapsed 4.3s]
    [20,992/57,439  elapsed 5.7s]
    [26,112/57,439  elapsed 7.2s]
    [31,232/57,439  elapsed 8.6s]
    [36,352/57,439  elapsed 9.9s]
    [41,472/57,439  elapsed 11.3s]
    [46,592/57,439  elapsed 12.7s]
    [51,712/57,439  elapsed 14.2s]
    [56,832/57,439  elapsed 15.6s]
  eval done in 15.7s
  by-popularity NDCG@10: tail=0.0001(n=8,800)  mid=0.0008(n=8,657)  head=0.0501(n=39,982)
  epoch   3  loss=8.9284  val_NDCG=0.0377  test_NDCG=0.0350  test_HR=0.0650  (5.8s)
  evaluating 57,439 users in batches of 512...
    [512/57,439  elapsed 0.1s]
    [5,632/57,439  elapsed 1.5s]
    [10,752/57,439  elapsed 2.9s]
    [15,872/57,439  elapsed 4.2s]
    [20,992/57,439  elapsed 5.6s]
    [26,112/57,439  elapsed 7.0s]
    [31,232/57,439  elapsed 8.4s]
    [36,352/57,439  elapsed 9.7s]
    [41,472/57,439  elapsed 11.1s]
    [46,592/57,439  elapsed 12.5s]
    [51,712/57,439  elapsed 13.9s]
    [56,832/57,439  elapsed 15.2s]
  eval done in 15.4s
  by-popularity NDCG@10: tail=0.0001(n=7,762)  mid=0.0015(n=8,169)  head=0.0559(n=41,508)
  evaluating 57,439 users in batches of 512...
    [512/57,439  elapsed 0.1s]
    [5,632/57,439  elapsed 1.5s]
    [10,752/57,439  elapsed 2.9s]
    [15,872/57,439  elapsed 4.3s]
    [20,992/57,439  elapsed 5.7s]
    [26,112/57,439  elapsed 7.0s]
    [31,232/57,439  elapsed 8.4s]
    [36,352/57,439  elapsed 9.8s]
    [41,472/57,439  elapsed 11.2s]
    [46,592/57,439  elapsed 12.5s]
    [51,712/57,439  elapsed 13.9s]
    [56,832/57,439  elapsed 15.3s]
  eval done in 15.5s
  by-popularity NDCG@10: tail=0.0001(n=8,800)  mid=0.0015(n=8,657)  head=0.0538(n=39,982)
  epoch   4  loss=8.8227  val_NDCG=0.0406  test_NDCG=0.0377  test_HR=0.0690  (5.9s)
  evaluating 57,439 users in batches of 512...
    [512/57,439  elapsed 0.1s]
    [5,632/57,439  elapsed 1.5s]
    [10,752/57,439  elapsed 2.9s]
    [15,872/57,439  elapsed 4.2s]
    [20,992/57,439  elapsed 5.6s]
    [26,112/57,439  elapsed 7.0s]
    [31,232/57,439  elapsed 8.3s]
    [36,352/57,439  elapsed 9.7s]
    [41,472/57,439  elapsed 11.1s]
    [46,592/57,439  elapsed 12.5s]
    [51,712/57,439  elapsed 13.9s]
    [56,832/57,439  elapsed 15.2s]
  eval done in 15.4s
  by-popularity NDCG@10: tail=0.0002(n=7,762)  mid=0.0022(n=8,169)  head=0.0572(n=41,508)
  evaluating 57,439 users in batches of 512...
    [512/57,439  elapsed 0.1s]
    [5,632/57,439  elapsed 1.5s]
    [10,752/57,439  elapsed 2.9s]
    [15,872/57,439  elapsed 4.3s]
    [20,992/57,439  elapsed 5.7s]
    [26,112/57,439  elapsed 7.0s]
    [31,232/57,439  elapsed 8.4s]
    [36,352/57,439  elapsed 9.8s]
    [41,472/57,439  elapsed 11.2s]
    [46,592/57,439  elapsed 12.6s]
    [51,712/57,439  elapsed 14.0s]
    [56,832/57,439  elapsed 15.4s]
  eval done in 15.5s
  by-popularity NDCG@10: tail=0.0003(n=8,800)  mid=0.0023(n=8,657)  head=0.0549(n=39,982)
  epoch   5  loss=8.7413  val_NDCG=0.0417  test_NDCG=0.0386  test_HR=0.0704  (5.9s)
  evaluating 57,439 users in batches of 512...
    [512/57,439  elapsed 0.1s]
    [5,632/57,439  elapsed 1.5s]
    [10,752/57,439  elapsed 2.9s]
    [15,872/57,439  elapsed 4.3s]
    [20,992/57,439  elapsed 5.6s]
    [26,112/57,439  elapsed 7.0s]
    [31,232/57,439  elapsed 8.4s]
    [36,352/57,439  elapsed 9.8s]
    [41,472/57,439  elapsed 11.2s]
    [46,592/57,439  elapsed 12.6s]
    [51,712/57,439  elapsed 13.9s]
    [56,832/57,439  elapsed 15.3s]
  eval done in 15.5s
  by-popularity NDCG@10: tail=0.0003(n=7,762)  mid=0.0033(n=8,169)  head=0.0587(n=41,508)
  evaluating 57,439 users in batches of 512...
    [512/57,439  elapsed 0.1s]
    [5,632/57,439  elapsed 1.5s]
    [10,752/57,439  elapsed 2.9s]
    [15,872/57,439  elapsed 4.3s]
    [20,992/57,439  elapsed 5.7s]
    [26,112/57,439  elapsed 7.1s]
    [31,232/57,439  elapsed 8.5s]
    [36,352/57,439  elapsed 9.9s]
    [41,472/57,439  elapsed 11.3s]
    [46,592/57,439  elapsed 12.7s]
    [51,712/57,439  elapsed 14.1s]
    [56,832/57,439  elapsed 15.4s]
  eval done in 15.6s
  by-popularity NDCG@10: tail=0.0006(n=8,800)  mid=0.0034(n=8,657)  head=0.0548(n=39,982)
  epoch   6  loss=8.6761  val_NDCG=0.0429  test_NDCG=0.0388  test_HR=0.0703  (5.9s)
  evaluating 57,439 users in batches of 512...
    [512/57,439  elapsed 0.2s]
    [5,632/57,439  elapsed 1.6s]
    [10,752/57,439  elapsed 2.9s]
    [15,872/57,439  elapsed 4.3s]
    [20,992/57,439  elapsed 5.7s]
    [26,112/57,439  elapsed 7.0s]
    [31,232/57,439  elapsed 8.4s]
    [36,352/57,439  elapsed 9.8s]
    [41,472/57,439  elapsed 11.2s]
    [46,592/57,439  elapsed 12.5s]
    [51,712/57,439  elapsed 13.9s]
    [56,832/57,439  elapsed 15.3s]
  eval done in 15.4s
  by-popularity NDCG@10: tail=0.0008(n=7,762)  mid=0.0043(n=8,169)  head=0.0601(n=41,508)
  evaluating 57,439 users in batches of 512...
    [512/57,439  elapsed 0.1s]
    [5,632/57,439  elapsed 1.5s]
    [10,752/57,439  elapsed 2.9s]
    [15,872/57,439  elapsed 4.3s]
    [20,992/57,439  elapsed 5.6s]
    [26,112/57,439  elapsed 7.0s]
    [31,232/57,439  elapsed 8.4s]
    [36,352/57,439  elapsed 9.8s]
    [41,472/57,439  elapsed 11.2s]
    [46,592/57,439  elapsed 12.6s]
    [51,712/57,439  elapsed 13.9s]
    [56,832/57,439  elapsed 15.3s]
  eval done in 15.5s
  by-popularity NDCG@10: tail=0.0006(n=8,800)  mid=0.0042(n=8,657)  head=0.0563(n=39,982)
  epoch   7  loss=8.6198  val_NDCG=0.0441  test_NDCG=0.0399  test_HR=0.0720  (5.8s)
  evaluating 57,439 users in batches of 512...
    [512/57,439  elapsed 0.2s]
    [5,632/57,439  elapsed 1.5s]
    [10,752/57,439  elapsed 2.9s]
    [15,872/57,439  elapsed 4.3s]
    [20,992/57,439  elapsed 5.7s]
    [26,112/57,439  elapsed 7.1s]
    [31,232/57,439  elapsed 8.4s]
    [36,352/57,439  elapsed 9.8s]
    [41,472/57,439  elapsed 11.2s]
    [46,592/57,439  elapsed 12.6s]
    [51,712/57,439  elapsed 13.9s]
    [56,832/57,439  elapsed 15.3s]
  eval done in 15.5s
  by-popularity NDCG@10: tail=0.0009(n=7,762)  mid=0.0049(n=8,169)  head=0.0613(n=41,508)
  evaluating 57,439 users in batches of 512...
    [512/57,439  elapsed 0.1s]
    [5,632/57,439  elapsed 1.5s]
    [10,752/57,439  elapsed 2.9s]
    [15,872/57,439  elapsed 4.3s]
    [20,992/57,439  elapsed 5.7s]
    [26,112/57,439  elapsed 7.0s]
    [31,232/57,439  elapsed 8.4s]
    [36,352/57,439  elapsed 9.8s]
    [41,472/57,439  elapsed 11.2s]
    [46,592/57,439  elapsed 12.6s]
    [51,712/57,439  elapsed 14.0s]
    [56,832/57,439  elapsed 15.3s]
  eval done in 15.5s
  by-popularity NDCG@10: tail=0.0006(n=8,800)  mid=0.0048(n=8,657)  head=0.0576(n=39,982)
  epoch   8  loss=8.5663  val_NDCG=0.0451  test_NDCG=0.0409  test_HR=0.0737  (5.8s)
  evaluating 57,439 users in batches of 512...
    [512/57,439  elapsed 0.1s]
    [5,632/57,439  elapsed 1.5s]
    [10,752/57,439  elapsed 2.9s]
    [15,872/57,439  elapsed 4.2s]
    [20,992/57,439  elapsed 5.6s]
    [26,112/57,439  elapsed 7.0s]
    [31,232/57,439  elapsed 8.4s]
    [36,352/57,439  elapsed 9.8s]
    [41,472/57,439  elapsed 11.1s]
    [46,592/57,439  elapsed 12.5s]
    [51,712/57,439  elapsed 13.9s]
    [56,832/57,439  elapsed 15.3s]
  eval done in 15.4s
  by-popularity NDCG@10: tail=0.0013(n=7,762)  mid=0.0054(n=8,169)  head=0.0619(n=41,508)
  evaluating 57,439 users in batches of 512...
    [512/57,439  elapsed 0.1s]
    [5,632/57,439  elapsed 1.5s]
    [10,752/57,439  elapsed 2.9s]
    [15,872/57,439  elapsed 4.3s]
    [20,992/57,439  elapsed 5.7s]
    [26,112/57,439  elapsed 7.0s]
    [31,232/57,439  elapsed 8.4s]
    [36,352/57,439  elapsed 9.8s]
    [41,472/57,439  elapsed 11.2s]
    [46,592/57,439  elapsed 12.6s]
    [51,712/57,439  elapsed 13.9s]
    [56,832/57,439  elapsed 15.3s]
  eval done in 15.5s
  by-popularity NDCG@10: tail=0.0009(n=8,800)  mid=0.0052(n=8,657)  head=0.0580(n=39,982)
  epoch   9  loss=8.5195  val_NDCG=0.0456  test_NDCG=0.0413  test_HR=0.0742  (5.8s)
  evaluating 57,439 users in batches of 512...
    [512/57,439  elapsed 0.2s]
    [5,632/57,439  elapsed 1.6s]
    [10,752/57,439  elapsed 2.9s]
    [15,872/57,439  elapsed 4.3s]
    [20,992/57,439  elapsed 5.7s]
    [26,112/57,439  elapsed 7.1s]
    [31,232/57,439  elapsed 8.5s]
    [36,352/57,439  elapsed 9.9s]
    [41,472/57,439  elapsed 11.2s]
    [46,592/57,439  elapsed 12.6s]
    [51,712/57,439  elapsed 14.0s]
    [56,832/57,439  elapsed 15.4s]
  eval done in 15.6s
  by-popularity NDCG@10: tail=0.0015(n=7,762)  mid=0.0057(n=8,169)  head=0.0620(n=41,508)
  evaluating 57,439 users in batches of 512...
    [512/57,439  elapsed 0.1s]
    [5,632/57,439  elapsed 1.5s]
    [10,752/57,439  elapsed 2.9s]
    [15,872/57,439  elapsed 4.3s]
    [20,992/57,439  elapsed 5.7s]
    [26,112/57,439  elapsed 7.1s]
    [31,232/57,439  elapsed 8.5s]
    [36,352/57,439  elapsed 9.9s]
    [41,472/57,439  elapsed 11.3s]
    [46,592/57,439  elapsed 12.7s]
    [51,712/57,439  elapsed 14.1s]
    [56,832/57,439  elapsed 15.4s]
  eval done in 15.6s
  by-popularity NDCG@10: tail=0.0011(n=8,800)  mid=0.0056(n=8,657)  head=0.0583(n=39,982)
  epoch  10  loss=8.4776  val_NDCG=0.0459  test_NDCG=0.0416  test_HR=0.0744  (5.9s)
  evaluating 57,439 users in batches of 512...
    [512/57,439  elapsed 0.2s]
    [5,632/57,439  elapsed 1.5s]
    [10,752/57,439  elapsed 2.9s]
    [15,872/57,439  elapsed 4.3s]
    [20,992/57,439  elapsed 5.6s]
    [26,112/57,439  elapsed 7.0s]
    [31,232/57,439  elapsed 8.4s]
    [36,352/57,439  elapsed 9.8s]
    [41,472/57,439  elapsed 11.1s]
    [46,592/57,439  elapsed 12.5s]
    [51,712/57,439  elapsed 13.9s]
    [56,832/57,439  elapsed 15.3s]
  eval done in 15.4s
  by-popularity NDCG@10: tail=0.0018(n=7,762)  mid=0.0061(n=8,169)  head=0.0622(n=41,508)
  evaluating 57,439 users in batches of 512...
    [512/57,439  elapsed 0.1s]
    [5,632/57,439  elapsed 1.5s]
    [10,752/57,439  elapsed 2.9s]
    [15,872/57,439  elapsed 4.3s]
    [20,992/57,439  elapsed 5.7s]
    [26,112/57,439  elapsed 7.1s]
    [31,232/57,439  elapsed 8.4s]
    [36,352/57,439  elapsed 9.8s]
    [41,472/57,439  elapsed 11.2s]
    [46,592/57,439  elapsed 12.6s]
    [51,712/57,439  elapsed 14.0s]
    [56,832/57,439  elapsed 15.3s]
  eval done in 15.5s
  by-popularity NDCG@10: tail=0.0013(n=8,800)  mid=0.0058(n=8,657)  head=0.0583(n=39,982)
  epoch  11  loss=8.4389  val_NDCG=0.0461  test_NDCG=0.0416  test_HR=0.0747  (5.9s)
  evaluating 57,439 users in batches of 512...
    [512/57,439  elapsed 0.1s]
    [5,632/57,439  elapsed 1.5s]
    [10,752/57,439  elapsed 2.9s]
    [15,872/57,439  elapsed 4.2s]
    [20,992/57,439  elapsed 5.6s]
    [26,112/57,439  elapsed 7.0s]
    [31,232/57,439  elapsed 8.4s]
    [36,352/57,439  elapsed 9.8s]
    [41,472/57,439  elapsed 11.1s]
    [46,592/57,439  elapsed 12.5s]
    [51,712/57,439  elapsed 13.9s]
    [56,832/57,439  elapsed 15.3s]
  eval done in 15.4s
  by-popularity NDCG@10: tail=0.0018(n=7,762)  mid=0.0065(n=8,169)  head=0.0620(n=41,508)
  evaluating 57,439 users in batches of 512...
    [512/57,439  elapsed 0.1s]
    [5,632/57,439  elapsed 1.5s]
    [10,752/57,439  elapsed 2.9s]
    [15,872/57,439  elapsed 4.3s]
    [20,992/57,439  elapsed 5.7s]
    [26,112/57,439  elapsed 7.1s]
    [31,232/57,439  elapsed 8.5s]
    [36,352/57,439  elapsed 9.8s]
    [41,472/57,439  elapsed 11.3s]
    [46,592/57,439  elapsed 12.7s]
    [51,712/57,439  elapsed 14.1s]
    [56,832/57,439  elapsed 15.4s]
  eval done in 15.6s
  by-popularity NDCG@10: tail=0.0014(n=8,800)  mid=0.0063(n=8,657)  head=0.0575(n=39,982)
  epoch  12  loss=8.4040  val_NDCG=0.0460  test_NDCG=0.0412  test_HR=0.0739  (5.8s)
  evaluating 57,439 users in batches of 512...
    [512/57,439  elapsed 0.2s]
    [5,632/57,439  elapsed 1.6s]
    [10,752/57,439  elapsed 2.9s]
    [15,872/57,439  elapsed 4.3s]
    [20,992/57,439  elapsed 5.7s]
    [26,112/57,439  elapsed 7.1s]
    [31,232/57,439  elapsed 8.4s]
    [36,352/57,439  elapsed 9.8s]
    [41,472/57,439  elapsed 11.2s]
    [46,592/57,439  elapsed 12.6s]
    [51,712/57,439  elapsed 14.0s]
    [56,832/57,439  elapsed 15.3s]
  eval done in 15.5s
  by-popularity NDCG@10: tail=0.0020(n=7,762)  mid=0.0068(n=8,169)  head=0.0622(n=41,508)
  evaluating 57,439 users in batches of 512...
    [512/57,439  elapsed 0.1s]
    [5,632/57,439  elapsed 1.5s]
    [10,752/57,439  elapsed 2.9s]
    [15,872/57,439  elapsed 4.3s]
    [20,992/57,439  elapsed 5.7s]
    [26,112/57,439  elapsed 7.1s]
    [31,232/57,439  elapsed 8.4s]
    [36,352/57,439  elapsed 9.8s]
    [41,472/57,439  elapsed 11.2s]
    [46,592/57,439  elapsed 12.6s]
    [51,712/57,439  elapsed 14.0s]
    [56,832/57,439  elapsed 15.3s]
  eval done in 15.5s
  by-popularity NDCG@10: tail=0.0016(n=8,800)  mid=0.0062(n=8,657)  head=0.0580(n=39,982)
  epoch  13  loss=8.3733  val_NDCG=0.0462  test_NDCG=0.0416  test_HR=0.0745  (5.9s)
  evaluating 57,439 users in batches of 512...
    [512/57,439  elapsed 0.1s]
    [5,632/57,439  elapsed 1.5s]
    [10,752/57,439  elapsed 2.8s]
    [15,872/57,439  elapsed 4.2s]
    [20,992/57,439  elapsed 5.6s]
    [26,112/57,439  elapsed 7.0s]
    [31,232/57,439  elapsed 8.4s]
    [36,352/57,439  elapsed 9.7s]
    [41,472/57,439  elapsed 11.1s]
    [46,592/57,439  elapsed 12.5s]
    [51,712/57,439  elapsed 13.9s]
    [56,832/57,439  elapsed 15.3s]
  eval done in 15.5s
  by-popularity NDCG@10: tail=0.0021(n=7,762)  mid=0.0066(n=8,169)  head=0.0618(n=41,508)
  evaluating 57,439 users in batches of 512...
    [512/57,439  elapsed 0.1s]
    [5,632/57,439  elapsed 1.5s]
    [10,752/57,439  elapsed 2.9s]
    [15,872/57,439  elapsed 4.3s]
    [20,992/57,439  elapsed 5.7s]
    [26,112/57,439  elapsed 7.1s]
    [31,232/57,439  elapsed 8.5s]
    [36,352/57,439  elapsed 9.8s]
    [41,472/57,439  elapsed 11.2s]
    [46,592/57,439  elapsed 12.6s]
    [51,712/57,439  elapsed 14.0s]
    [56,832/57,439  elapsed 15.4s]
  eval done in 15.5s
  by-popularity NDCG@10: tail=0.0017(n=8,800)  mid=0.0066(n=8,657)  head=0.0579(n=39,982)
  epoch  14  loss=8.3456  val_NDCG=0.0459  test_NDCG=0.0416  test_HR=0.0744  (5.7s)
  evaluating 57,439 users in batches of 512...
    [512/57,439  elapsed 0.1s]
    [5,632/57,439  elapsed 1.5s]
    [10,752/57,439  elapsed 2.8s]
    [15,872/57,439  elapsed 4.2s]
    [20,992/57,439  elapsed 5.6s]
    [26,112/57,439  elapsed 7.0s]
    [31,232/57,439  elapsed 8.3s]
    [36,352/57,439  elapsed 9.7s]
    [41,472/57,439  elapsed 11.1s]
    [46,592/57,439  elapsed 12.5s]
    [51,712/57,439  elapsed 13.9s]
    [56,832/57,439  elapsed 15.2s]
  eval done in 15.4s
  by-popularity NDCG@10: tail=0.0023(n=7,762)  mid=0.0071(n=8,169)  head=0.0616(n=41,508)
  evaluating 57,439 users in batches of 512...
    [512/57,439  elapsed 0.1s]
    [5,632/57,439  elapsed 1.5s]
    [10,752/57,439  elapsed 2.9s]
    [15,872/57,439  elapsed 4.3s]
    [20,992/57,439  elapsed 5.6s]
    [26,112/57,439  elapsed 7.0s]
    [31,232/57,439  elapsed 8.4s]
    [36,352/57,439  elapsed 9.8s]
    [41,472/57,439  elapsed 11.2s]
    [46,592/57,439  elapsed 12.6s]
    [51,712/57,439  elapsed 13.9s]
    [56,832/57,439  elapsed 15.3s]
  eval done in 15.5s
  by-popularity NDCG@10: tail=0.0018(n=8,800)  mid=0.0066(n=8,657)  head=0.0573(n=39,982)
  epoch  15  loss=8.3254  val_NDCG=0.0458  test_NDCG=0.0412  test_HR=0.0743  (5.7s)
  evaluating 57,439 users in batches of 512...
    [512/57,439  elapsed 0.1s]
    [5,632/57,439  elapsed 1.5s]
    [10,752/57,439  elapsed 2.8s]
    [15,872/57,439  elapsed 4.2s]
    [20,992/57,439  elapsed 5.6s]
    [26,112/57,439  elapsed 7.0s]
    [31,232/57,439  elapsed 8.3s]
    [36,352/57,439  elapsed 9.7s]
    [41,472/57,439  elapsed 11.1s]
    [46,592/57,439  elapsed 12.5s]
    [51,712/57,439  elapsed 13.8s]
    [56,832/57,439  elapsed 15.2s]
  eval done in 15.4s
  by-popularity NDCG@10: tail=0.0023(n=7,762)  mid=0.0068(n=8,169)  head=0.0621(n=41,508)
  evaluating 57,439 users in batches of 512...
    [512/57,439  elapsed 0.1s]
    [5,632/57,439  elapsed 1.5s]
    [10,752/57,439  elapsed 2.9s]
    [15,872/57,439  elapsed 4.3s]
    [20,992/57,439  elapsed 5.7s]
    [26,112/57,439  elapsed 7.0s]
    [31,232/57,439  elapsed 8.4s]
    [36,352/57,439  elapsed 9.8s]
    [41,472/57,439  elapsed 11.2s]
    [46,592/57,439  elapsed 12.6s]
    [51,712/57,439  elapsed 13.9s]
    [56,832/57,439  elapsed 15.3s]
  eval done in 15.5s
  by-popularity NDCG@10: tail=0.0019(n=8,800)  mid=0.0066(n=8,657)  head=0.0579(n=39,982)
  epoch  16  loss=8.3048  val_NDCG=0.0462  test_NDCG=0.0415  test_HR=0.0749  (5.7s)
  evaluating 57,439 users in batches of 512...
    [512/57,439  elapsed 0.2s]
    [5,632/57,439  elapsed 1.5s]
    [10,752/57,439  elapsed 2.9s]
    [15,872/57,439  elapsed 4.3s]
    [20,992/57,439  elapsed 5.6s]
    [26,112/57,439  elapsed 7.0s]
    [31,232/57,439  elapsed 8.4s]
    [36,352/57,439  elapsed 9.8s]
    [41,472/57,439  elapsed 11.1s]
    [46,592/57,439  elapsed 12.5s]
    [51,712/57,439  elapsed 13.9s]
    [56,832/57,439  elapsed 15.3s]
  eval done in 15.4s
  by-popularity NDCG@10: tail=0.0024(n=7,762)  mid=0.0070(n=8,169)  head=0.0617(n=41,508)
  evaluating 57,439 users in batches of 512...
    [512/57,439  elapsed 0.1s]
    [5,632/57,439  elapsed 1.5s]
    [10,752/57,439  elapsed 2.9s]
    [15,872/57,439  elapsed 4.3s]
    [20,992/57,439  elapsed 5.6s]
    [26,112/57,439  elapsed 7.0s]
    [31,232/57,439  elapsed 8.4s]
    [36,352/57,439  elapsed 9.8s]
    [41,472/57,439  elapsed 11.2s]
    [46,592/57,439  elapsed 12.5s]
    [51,712/57,439  elapsed 13.9s]
    [56,832/57,439  elapsed 15.3s]
  eval done in 15.5s
  by-popularity NDCG@10: tail=0.0018(n=8,800)  mid=0.0067(n=8,657)  head=0.0575(n=39,982)
  epoch  17  loss=8.2929  val_NDCG=0.0459  test_NDCG=0.0413  test_HR=0.0743  (5.8s)
  evaluating 57,439 users in batches of 512...
    [512/57,439  elapsed 0.2s]
    [5,632/57,439  elapsed 1.6s]
    [10,752/57,439  elapsed 2.9s]
    [15,872/57,439  elapsed 4.3s]
    [20,992/57,439  elapsed 5.7s]
    [26,112/57,439  elapsed 7.0s]
    [31,232/57,439  elapsed 8.4s]
    [36,352/57,439  elapsed 9.8s]
    [41,472/57,439  elapsed 11.2s]
    [46,592/57,439  elapsed 12.5s]
    [51,712/57,439  elapsed 13.9s]
    [56,832/57,439  elapsed 15.3s]
  eval done in 15.4s
  by-popularity NDCG@10: tail=0.0024(n=7,762)  mid=0.0071(n=8,169)  head=0.0616(n=41,508)
  evaluating 57,439 users in batches of 512...
    [512/57,439  elapsed 0.1s]
    [5,632/57,439  elapsed 1.5s]
    [10,752/57,439  elapsed 2.9s]
    [15,872/57,439  elapsed 4.3s]
    [20,992/57,439  elapsed 5.7s]
    [26,112/57,439  elapsed 7.0s]
    [31,232/57,439  elapsed 8.4s]
    [36,352/57,439  elapsed 9.8s]
    [41,472/57,439  elapsed 11.2s]
    [46,592/57,439  elapsed 12.6s]
    [51,712/57,439  elapsed 14.0s]
    [56,832/57,439  elapsed 15.3s]
  eval done in 15.5s
  by-popularity NDCG@10: tail=0.0019(n=8,800)  mid=0.0068(n=8,657)  head=0.0576(n=39,982)
  epoch  18  loss=8.2819  val_NDCG=0.0459  test_NDCG=0.0414  test_HR=0.0745  (5.7s)
  evaluating 57,439 users in batches of 512...
    [512/57,439  elapsed 0.2s]
    [5,632/57,439  elapsed 1.5s]
    [10,752/57,439  elapsed 2.9s]
    [15,872/57,439  elapsed 4.3s]
    [20,992/57,439  elapsed 5.7s]
    [26,112/57,439  elapsed 7.0s]
    [31,232/57,439  elapsed 8.4s]
    [36,352/57,439  elapsed 9.8s]
    [41,472/57,439  elapsed 11.2s]
    [46,592/57,439  elapsed 12.6s]
    [51,712/57,439  elapsed 13.9s]
    [56,832/57,439  elapsed 15.3s]
  eval done in 15.5s
  by-popularity NDCG@10: tail=0.0024(n=7,762)  mid=0.0072(n=8,169)  head=0.0616(n=41,508)
  evaluating 57,439 users in batches of 512...
    [512/57,439  elapsed 0.1s]
    [5,632/57,439  elapsed 1.5s]
    [10,752/57,439  elapsed 2.9s]
    [15,872/57,439  elapsed 4.3s]
    [20,992/57,439  elapsed 5.7s]
    [26,112/57,439  elapsed 7.1s]
    [31,232/57,439  elapsed 8.5s]
    [36,352/57,439  elapsed 9.8s]
    [41,472/57,439  elapsed 11.2s]
    [46,592/57,439  elapsed 12.6s]
    [51,712/57,439  elapsed 14.0s]
    [56,832/57,439  elapsed 15.4s]
  eval done in 15.6s
  by-popularity NDCG@10: tail=0.0019(n=8,800)  mid=0.0068(n=8,657)  head=0.0576(n=39,982)
  epoch  19  loss=8.2752  val_NDCG=0.0458  test_NDCG=0.0414  test_HR=0.0745  (5.7s)
  evaluating 57,439 users in batches of 512...
    [512/57,439  elapsed 0.2s]
    [5,632/57,439  elapsed 1.5s]
    [10,752/57,439  elapsed 2.9s]
    [15,872/57,439  elapsed 4.3s]
    [20,992/57,439  elapsed 5.7s]
    [26,112/57,439  elapsed 7.1s]
    [31,232/57,439  elapsed 8.4s]
    [36,352/57,439  elapsed 9.8s]
    [41,472/57,439  elapsed 11.2s]
    [46,592/57,439  elapsed 12.6s]
    [51,712/57,439  elapsed 14.0s]
    [56,832/57,439  elapsed 15.3s]
  eval done in 15.5s
  by-popularity NDCG@10: tail=0.0024(n=7,762)  mid=0.0072(n=8,169)  head=0.0616(n=41,508)
  evaluating 57,439 users in batches of 512...
    [512/57,439  elapsed 0.1s]
    [5,632/57,439  elapsed 1.5s]
    [10,752/57,439  elapsed 2.9s]
    [15,872/57,439  elapsed 4.3s]
    [20,992/57,439  elapsed 5.7s]
    [26,112/57,439  elapsed 7.1s]
    [31,232/57,439  elapsed 8.4s]
    [36,352/57,439  elapsed 9.8s]
    [41,472/57,439  elapsed 11.2s]
    [46,592/57,439  elapsed 12.6s]
    [51,712/57,439  elapsed 14.0s]
    [56,832/57,439  elapsed 15.4s]
  eval done in 15.5s
  by-popularity NDCG@10: tail=0.0019(n=8,800)  mid=0.0068(n=8,657)  head=0.0576(n=39,982)
  epoch  20  loss=8.2733  val_NDCG=0.0459  test_NDCG=0.0414  test_HR=0.0745  (5.7s)

=== Best by val NDCG@10 ===
  val_NDCG=0.0462
  test: {'NDCG@10': 0.041556506965584696, 'HR@10': 0.07451383206532147, 'MRR': 0.03783539448111462, 'n_eval': 57439, 'by_popularity': {'tail': {'NDCG@10': 0.0015712764707835765, 'HR@10': 0.0036363636363636364, 'n': 8800, 'n_hit@10': 32, 'HR@20': 0.0060227272727272725, 'n_hit@20': 53, 'HR@50': 0.016136363636363636, 'n_hit@50': 142, 'HR@100': 0.029886363636363638, 'n_hit@100': 263}, 'mid': {'NDCG@10': 0.006202550805354705, 'HR@10': 0.011666859189095529, 'n': 8657, 'n_hit@10': 101, 'HR@20': 0.020099341573293288, 'n_hit@20': 174, 'HR@50': 0.04412614069539101, 'n_hit@50': 382, 'HR@100': 0.07670093565900428, 'n_hit@100': 664}, 'head': {'NDCG@10': 0.05801214267248682, 'HR@10': 0.10372167475363914, 'n': 39982, 'n_hit@10': 4147, 'HR@20': 0.14874193387024162, 'n_hit@20': 5947, 'HR@50': 0.22817767995598018, 'n_hit@50': 9123, 'HR@100': 0.3056375368916012, 'n_hit@100': 12220}}}
wrote C:\Users\rayxc\Documents\R\_bestrec_run\results_MI_FIRV3_a2learnedwd0_seed20260713.users.jsonl.gz (57,439 per-user records, best epoch 13, sha256 f0963b8e18fb…)
wrote C:\Users\rayxc\Documents\R\_bestrec_run\results_MI_FIRV3_a2learnedwd0_seed20260713.final.users.jsonl.gz (57,439 FINAL-epoch per-user records)
  fir_v3 final ||DELTA||_2 = 5.100538

wrote C:\Users\rayxc\Documents\R\_bestrec_run\results_MI_FIRV3_a2learnedwd0_seed20260713.json
[4/24] results_MI_FIRV3_a0ident_seed20260714.json
  random seed set to 20260714
=== Musical_Instruments: load splits ===
  n_users=57,439  n_items=24,587  pad_id=24587
  built sequences for 57,439 users
  built timestamp sequences (12 time buckets)
  loading SBERT embeddings from C:\Users\rayxc\Documents\R\cache_5core\sbert_titles_Musical_Instruments.npy...
  TAPE: k-means 24,587 text embeddings into K=512 prototypes (tau=0.05)...
  TAPE: K=512 mean max-assignment weight = 0.522 (1.0 = hard clustering)

=== Build SASRec-SBERT (d=64, layers=4, heads=2) ===
  total params: 11,186,046  device=cuda
  57,439 training examples / 225 batches per epoch
  init_state_sha256 = d6a8d686c332eeb114cd9028dc9db663d77d751856669dd3e96e7462019de76e
  LR schedule: warmup_cosine (225 warmup + 4275 cosine steps)

=== Train for 20 epochs ===
  evaluating 57,439 users in batches of 512...
    [512/57,439  elapsed 0.2s]
    [5,632/57,439  elapsed 1.5s]
    [10,752/57,439  elapsed 2.9s]
    [15,872/57,439  elapsed 4.2s]
    [20,992/57,439  elapsed 5.6s]
    [26,112/57,439  elapsed 7.0s]
    [31,232/57,439  elapsed 8.4s]
    [36,352/57,439  elapsed 9.7s]
    [41,472/57,439  elapsed 11.1s]
    [46,592/57,439  elapsed 12.5s]
    [51,712/57,439  elapsed 13.9s]
    [56,832/57,439  elapsed 15.2s]
  eval done in 15.4s
  by-popularity NDCG@10: tail=0.0000(n=7,762)  mid=0.0005(n=8,169)  head=0.0365(n=41,508)
  evaluating 57,439 users in batches of 512...
    [512/57,439  elapsed 0.1s]
    [5,632/57,439  elapsed 1.5s]
    [10,752/57,439  elapsed 2.9s]
    [15,872/57,439  elapsed 4.3s]
    [20,992/57,439  elapsed 5.7s]
    [26,112/57,439  elapsed 7.0s]
    [31,232/57,439  elapsed 8.4s]
    [36,352/57,439  elapsed 9.8s]
    [41,472/57,439  elapsed 11.2s]
    [46,592/57,439  elapsed 12.6s]
    [51,712/57,439  elapsed 14.0s]
    [56,832/57,439  elapsed 15.3s]
  eval done in 15.5s
  by-popularity NDCG@10: tail=0.0000(n=8,800)  mid=0.0003(n=8,657)  head=0.0339(n=39,982)
  epoch   1  loss=9.6250  val_NDCG=0.0265  test_NDCG=0.0237  test_HR=0.0453  (5.9s)
  evaluating 57,439 users in batches of 512...
    [512/57,439  elapsed 0.2s]
    [5,632/57,439  elapsed 1.5s]
    [10,752/57,439  elapsed 2.9s]
    [15,872/57,439  elapsed 4.3s]
    [20,992/57,439  elapsed 5.7s]
    [26,112/57,439  elapsed 7.0s]
    [31,232/57,439  elapsed 8.4s]
    [36,352/57,439  elapsed 9.8s]
    [41,472/57,439  elapsed 11.1s]
    [46,592/57,439  elapsed 12.5s]
    [51,712/57,439  elapsed 13.9s]
    [56,832/57,439  elapsed 15.3s]
  eval done in 15.4s
  by-popularity NDCG@10: tail=0.0000(n=7,762)  mid=0.0001(n=8,169)  head=0.0454(n=41,508)
  evaluating 57,439 users in batches of 512...
    [512/57,439  elapsed 0.1s]
    [5,632/57,439  elapsed 1.5s]
    [10,752/57,439  elapsed 2.9s]
    [15,872/57,439  elapsed 4.3s]
    [20,992/57,439  elapsed 5.7s]
    [26,112/57,439  elapsed 7.0s]
    [31,232/57,439  elapsed 8.4s]
    [36,352/57,439  elapsed 9.8s]
    [41,472/57,439  elapsed 11.2s]
    [46,592/57,439  elapsed 12.5s]
    [51,712/57,439  elapsed 13.9s]
    [56,832/57,439  elapsed 15.3s]
  eval done in 15.4s
  by-popularity NDCG@10: tail=0.0000(n=8,800)  mid=0.0004(n=8,657)  head=0.0437(n=39,982)
  epoch   2  loss=9.1007  val_NDCG=0.0328  test_NDCG=0.0305  test_HR=0.0562  (5.7s)
  evaluating 57,439 users in batches of 512...
    [512/57,439  elapsed 0.2s]
    [5,632/57,439  elapsed 1.6s]
    [10,752/57,439  elapsed 2.9s]
    [15,872/57,439  elapsed 4.4s]
    [20,992/57,439  elapsed 5.8s]
    [26,112/57,439  elapsed 7.2s]
    [31,232/57,439  elapsed 8.5s]
    [36,352/57,439  elapsed 9.9s]
    [41,472/57,439  elapsed 11.3s]
    [46,592/57,439  elapsed 12.7s]
    [51,712/57,439  elapsed 14.1s]
    [56,832/57,439  elapsed 15.5s]
  eval done in 15.7s
  by-popularity NDCG@10: tail=0.0000(n=7,762)  mid=0.0010(n=8,169)  head=0.0508(n=41,508)
  evaluating 57,439 users in batches of 512...
    [512/57,439  elapsed 0.1s]
    [5,632/57,439  elapsed 1.5s]
    [10,752/57,439  elapsed 2.9s]
    [15,872/57,439  elapsed 4.3s]
    [20,992/57,439  elapsed 5.7s]
    [26,112/57,439  elapsed 7.1s]
    [31,232/57,439  elapsed 8.5s]
    [36,352/57,439  elapsed 9.9s]
    [41,472/57,439  elapsed 11.2s]
    [46,592/57,439  elapsed 12.6s]
    [51,712/57,439  elapsed 14.0s]
    [56,832/57,439  elapsed 15.4s]
  eval done in 15.6s
  by-popularity NDCG@10: tail=0.0000(n=8,800)  mid=0.0008(n=8,657)  head=0.0479(n=39,982)
  epoch   3  loss=8.9526  val_NDCG=0.0368  test_NDCG=0.0335  test_HR=0.0615  (5.7s)
  evaluating 57,439 users in batches of 512...
    [512/57,439  elapsed 0.2s]
    [5,632/57,439  elapsed 1.6s]
    [10,752/57,439  elapsed 2.9s]
    [15,872/57,439  elapsed 4.3s]
    [20,992/57,439  elapsed 5.7s]
    [26,112/57,439  elapsed 7.0s]
    [31,232/57,439  elapsed 8.4s]
    [36,352/57,439  elapsed 9.8s]
    [41,472/57,439  elapsed 11.2s]
    [46,592/57,439  elapsed 12.5s]
    [51,712/57,439  elapsed 13.9s]
    [56,832/57,439  elapsed 15.3s]
  eval done in 15.5s
  by-popularity NDCG@10: tail=0.0000(n=7,762)  mid=0.0009(n=8,169)  head=0.0530(n=41,508)
  evaluating 57,439 users in batches of 512...
    [512/57,439  elapsed 0.1s]
    [5,632/57,439  elapsed 1.5s]
    [10,752/57,439  elapsed 2.9s]
    [15,872/57,439  elapsed 4.3s]
    [20,992/57,439  elapsed 5.7s]
    [26,112/57,439  elapsed 7.0s]
    [31,232/57,439  elapsed 8.4s]
    [36,352/57,439  elapsed 9.8s]
    [41,472/57,439  elapsed 11.2s]
    [46,592/57,439  elapsed 12.6s]
    [51,712/57,439  elapsed 14.0s]
    [56,832/57,439  elapsed 15.3s]
  eval done in 15.5s
  by-popularity NDCG@10: tail=0.0000(n=8,800)  mid=0.0010(n=8,657)  head=0.0498(n=39,982)
  epoch   4  loss=8.8527  val_NDCG=0.0384  test_NDCG=0.0348  test_HR=0.0634  (5.7s)
  evaluating 57,439 users in batches of 512...
    [512/57,439  elapsed 0.2s]
    [5,632/57,439  elapsed 1.5s]
    [10,752/57,439  elapsed 2.9s]
    [15,872/57,439  elapsed 4.3s]
    [20,992/57,439  elapsed 5.7s]
    [26,112/57,439  elapsed 7.0s]
    [31,232/57,439  elapsed 8.4s]
    [36,352/57,439  elapsed 9.8s]
    [41,472/57,439  elapsed 11.2s]
    [46,592/57,439  elapsed 12.6s]
    [51,712/57,439  elapsed 13.9s]
    [56,832/57,439  elapsed 15.3s]
  eval done in 15.5s
  by-popularity NDCG@10: tail=0.0000(n=7,762)  mid=0.0015(n=8,169)  head=0.0552(n=41,508)
  evaluating 57,439 users in batches of 512...
    [512/57,439  elapsed 0.1s]
    [5,632/57,439  elapsed 1.5s]
    [10,752/57,439  elapsed 2.9s]
    [15,872/57,439  elapsed 4.3s]
    [20,992/57,439  elapsed 5.7s]
    [26,112/57,439  elapsed 7.1s]
    [31,232/57,439  elapsed 8.4s]
    [36,352/57,439  elapsed 9.8s]
    [41,472/57,439  elapsed 11.2s]
    [46,592/57,439  elapsed 12.6s]
    [51,712/57,439  elapsed 14.0s]
    [56,832/57,439  elapsed 15.4s]
  eval done in 15.5s
  by-popularity NDCG@10: tail=0.0000(n=8,800)  mid=0.0012(n=8,657)  head=0.0519(n=39,982)
  epoch   5  loss=8.7782  val_NDCG=0.0401  test_NDCG=0.0363  test_HR=0.0667  (5.7s)
  evaluating 57,439 users in batches of 512...
    [512/57,439  elapsed 0.2s]
    [5,632/57,439  elapsed 1.5s]
    [10,752/57,439  elapsed 2.9s]
    [15,872/57,439  elapsed 4.3s]
    [20,992/57,439  elapsed 5.7s]
    [26,112/57,439  elapsed 7.0s]
    [31,232/57,439  elapsed 8.4s]
    [36,352/57,439  elapsed 9.8s]
    [41,472/57,439  elapsed 11.2s]
    [46,592/57,439  elapsed 12.6s]
    [51,712/57,439  elapsed 14.0s]
    [56,832/57,439  elapsed 15.3s]
  eval done in 15.5s
  by-popularity NDCG@10: tail=0.0002(n=7,762)  mid=0.0020(n=8,169)  head=0.0551(n=41,508)
  evaluating 57,439 users in batches of 512...
    [512/57,439  elapsed 0.1s]
    [5,632/57,439  elapsed 1.5s]
    [10,752/57,439  elapsed 2.9s]
    [15,872/57,439  elapsed 4.3s]
    [20,992/57,439  elapsed 5.7s]
    [26,112/57,439  elapsed 7.0s]
    [31,232/57,439  elapsed 8.4s]
    [36,352/57,439  elapsed 9.8s]
    [41,472/57,439  elapsed 11.2s]
    [46,592/57,439  elapsed 12.6s]
    [51,712/57,439  elapsed 13.9s]
    [56,832/57,439  elapsed 15.3s]
  eval done in 15.5s
  by-popularity NDCG@10: tail=0.0002(n=8,800)  mid=0.0021(n=8,657)  head=0.0518(n=39,982)
  epoch   6  loss=8.7165  val_NDCG=0.0401  test_NDCG=0.0364  test_HR=0.0665  (5.7s)
  evaluating 57,439 users in batches of 512...
    [512/57,439  elapsed 0.2s]
    [5,632/57,439  elapsed 1.5s]
    [10,752/57,439  elapsed 2.9s]
    [15,872/57,439  elapsed 4.3s]
    [20,992/57,439  elapsed 5.6s]
    [26,112/57,439  elapsed 7.0s]
    [31,232/57,439  elapsed 8.4s]
    [36,352/57,439  elapsed 9.8s]
    [41,472/57,439  elapsed 11.1s]
    [46,592/57,439  elapsed 12.5s]
    [51,712/57,439  elapsed 13.9s]
    [56,832/57,439  elapsed 15.3s]
  eval done in 15.4s
  by-popularity NDCG@10: tail=0.0004(n=7,762)  mid=0.0032(n=8,169)  head=0.0558(n=41,508)
  evaluating 57,439 users in batches of 512...
    [512/57,439  elapsed 0.1s]
    [5,632/57,439  elapsed 1.5s]
    [10,752/57,439  elapsed 2.9s]
    [15,872/57,439  elapsed 4.3s]
    [20,992/57,439  elapsed 5.7s]
    [26,112/57,439  elapsed 7.1s]
    [31,232/57,439  elapsed 8.4s]
    [36,352/57,439  elapsed 9.8s]
    [41,472/57,439  elapsed 11.2s]
    [46,592/57,439  elapsed 12.6s]
    [51,712/57,439  elapsed 14.0s]
    [56,832/57,439  elapsed 15.3s]
  eval done in 15.5s
  by-popularity NDCG@10: tail=0.0004(n=8,800)  mid=0.0031(n=8,657)  head=0.0525(n=39,982)
  epoch   7  loss=8.6635  val_NDCG=0.0408  test_NDCG=0.0371  test_HR=0.0680  (5.7s)
  evaluating 57,439 users in batches of 512...
    [512/57,439  elapsed 0.2s]
    [5,632/57,439  elapsed 1.5s]
    [10,752/57,439  elapsed 2.9s]
    [15,872/57,439  elapsed 4.3s]
    [20,992/57,439  elapsed 5.6s]
    [26,112/57,439  elapsed 7.0s]
    [31,232/57,439  elapsed 8.4s]
    [36,352/57,439  elapsed 9.8s]
    [41,472/57,439  elapsed 11.1s]
    [46,592/57,439  elapsed 12.5s]
    [51,712/57,439  elapsed 13.9s]
    [56,832/57,439  elapsed 15.3s]
  eval done in 15.4s
  by-popularity NDCG@10: tail=0.0005(n=7,762)  mid=0.0033(n=8,169)  head=0.0579(n=41,508)
  evaluating 57,439 users in batches of 512...
    [512/57,439  elapsed 0.1s]
    [5,632/57,439  elapsed 1.5s]
    [10,752/57,439  elapsed 2.9s]
    [15,872/57,439  elapsed 4.3s]
    [20,992/57,439  elapsed 5.7s]
    [26,112/57,439  elapsed 7.0s]
    [31,232/57,439  elapsed 8.4s]
    [36,352/57,439  elapsed 9.8s]
    [41,472/57,439  elapsed 11.2s]
    [46,592/57,439  elapsed 12.6s]
    [51,712/57,439  elapsed 13.9s]
    [56,832/57,439  elapsed 15.3s]
  eval done in 15.5s
  by-popularity NDCG@10: tail=0.0005(n=8,800)  mid=0.0031(n=8,657)  head=0.0547(n=39,982)
  epoch   8  loss=8.6156  val_NDCG=0.0424  test_NDCG=0.0386  test_HR=0.0699  (5.6s)
  evaluating 57,439 users in batches of 512...
    [512/57,439  elapsed 0.2s]
    [5,632/57,439  elapsed 1.5s]
    [10,752/57,439  elapsed 2.9s]
    [15,872/57,439  elapsed 4.3s]
    [20,992/57,439  elapsed 5.6s]
    [26,112/57,439  elapsed 7.0s]
    [31,232/57,439  elapsed 8.4s]
    [36,352/57,439  elapsed 9.7s]
    [41,472/57,439  elapsed 11.1s]
    [46,592/57,439  elapsed 12.5s]
    [51,712/57,439  elapsed 13.9s]
    [56,832/57,439  elapsed 15.2s]
  eval done in 15.4s
  by-popularity NDCG@10: tail=0.0008(n=7,762)  mid=0.0037(n=8,169)  head=0.0579(n=41,508)
  evaluating 57,439 users in batches of 512...
    [512/57,439  elapsed 0.1s]
    [5,632/57,439  elapsed 1.5s]
    [10,752/57,439  elapsed 2.9s]
    [15,872/57,439  elapsed 4.3s]
    [20,992/57,439  elapsed 5.7s]
    [26,112/57,439  elapsed 7.0s]
    [31,232/57,439  elapsed 8.4s]
    [36,352/57,439  elapsed 9.8s]
    [41,472/57,439  elapsed 11.2s]
    [46,592/57,439  elapsed 12.5s]
    [51,712/57,439  elapsed 13.9s]
    [56,832/57,439  elapsed 15.3s]
  eval done in 15.5s
  by-popularity NDCG@10: tail=0.0009(n=8,800)  mid=0.0038(n=8,657)  head=0.0544(n=39,982)
  epoch   9  loss=8.5724  val_NDCG=0.0424  test_NDCG=0.0385  test_HR=0.0698  (5.6s)
  evaluating 57,439 users in batches of 512...
    [512/57,439  elapsed 0.2s]
    [5,632/57,439  elapsed 1.5s]
    [10,752/57,439  elapsed 2.9s]
    [15,872/57,439  elapsed 4.3s]
    [20,992/57,439  elapsed 5.7s]
    [26,112/57,439  elapsed 7.0s]
    [31,232/57,439  elapsed 8.4s]
    [36,352/57,439  elapsed 9.8s]
    [41,472/57,439  elapsed 11.2s]
    [46,592/57,439  elapsed 12.5s]
    [51,712/57,439  elapsed 13.9s]
    [56,832/57,439  elapsed 15.3s]
  eval done in 15.5s
  by-popularity NDCG@10: tail=0.0010(n=7,762)  mid=0.0041(n=8,169)  head=0.0586(n=41,508)
  evaluating 57,439 users in batches of 512...
    [512/57,439  elapsed 0.1s]
    [5,632/57,439  elapsed 1.5s]
    [10,752/57,439  elapsed 2.9s]
    [15,872/57,439  elapsed 4.3s]
    [20,992/57,439  elapsed 5.7s]
    [26,112/57,439  elapsed 7.0s]
    [31,232/57,439  elapsed 8.4s]
    [36,352/57,439  elapsed 9.8s]
    [41,472/57,439  elapsed 11.2s]
    [46,592/57,439  elapsed 12.6s]
    [51,712/57,439  elapsed 13.9s]
    [56,832/57,439  elapsed 15.3s]
  eval done in 15.5s
  by-popularity NDCG@10: tail=0.0009(n=8,800)  mid=0.0043(n=8,657)  head=0.0545(n=39,982)
  epoch  10  loss=8.5313  val_NDCG=0.0431  test_NDCG=0.0387  test_HR=0.0697  (5.7s)
  evaluating 57,439 users in batches of 512...
    [512/57,439  elapsed 0.2s]
    [5,632/57,439  elapsed 1.5s]
    [10,752/57,439  elapsed 2.9s]
    [15,872/57,439  elapsed 4.3s]
    [20,992/57,439  elapsed 5.6s]
    [26,112/57,439  elapsed 7.0s]
    [31,232/57,439  elapsed 8.4s]
    [36,352/57,439  elapsed 9.7s]
    [41,472/57,439  elapsed 11.1s]
    [46,592/57,439  elapsed 12.5s]
    [51,712/57,439  elapsed 13.9s]
    [56,832/57,439  elapsed 15.2s]
  eval done in 15.4s
  by-popularity NDCG@10: tail=0.0008(n=7,762)  mid=0.0043(n=8,169)  head=0.0589(n=41,508)
  evaluating 57,439 users in batches of 512...
    [512/57,439  elapsed 0.1s]
    [5,632/57,439  elapsed 1.5s]
    [10,752/57,439  elapsed 2.9s]
    [15,872/57,439  elapsed 4.3s]
    [20,992/57,439  elapsed 5.7s]
    [26,112/57,439  elapsed 7.0s]
    [31,232/57,439  elapsed 8.4s]
    [36,352/57,439  elapsed 9.8s]
    [41,472/57,439  elapsed 11.2s]
    [46,592/57,439  elapsed 12.6s]
    [51,712/57,439  elapsed 14.0s]
    [56,832/57,439  elapsed 15.3s]
  eval done in 15.5s
  by-popularity NDCG@10: tail=0.0009(n=8,800)  mid=0.0043(n=8,657)  head=0.0546(n=39,982)
  epoch  11  loss=8.4944  val_NDCG=0.0433  test_NDCG=0.0388  test_HR=0.0701  (5.6s)
  evaluating 57,439 users in batches of 512...
    [512/57,439  elapsed 0.2s]
    [5,632/57,439  elapsed 1.5s]
    [10,752/57,439  elapsed 2.9s]
    [15,872/57,439  elapsed 4.3s]
    [20,992/57,439  elapsed 5.6s]
    [26,112/57,439  elapsed 7.0s]
    [31,232/57,439  elapsed 8.4s]
    [36,352/57,439  elapsed 9.8s]
    [41,472/57,439  elapsed 11.2s]
    [46,592/57,439  elapsed 12.5s]
    [51,712/57,439  elapsed 13.9s]
    [56,832/57,439  elapsed 15.3s]
  eval done in 15.5s
  by-popularity NDCG@10: tail=0.0010(n=7,762)  mid=0.0048(n=8,169)  head=0.0592(n=41,508)
  evaluating 57,439 users in batches of 512...
    [512/57,439  elapsed 0.1s]
    [5,632/57,439  elapsed 1.5s]
    [10,752/57,439  elapsed 2.9s]
    [15,872/57,439  elapsed 4.3s]
    [20,992/57,439  elapsed 5.6s]
    [26,112/57,439  elapsed 7.0s]
    [31,232/57,439  elapsed 8.4s]
    [36,352/57,439  elapsed 9.8s]
    [41,472/57,439  elapsed 11.2s]
    [46,592/57,439  elapsed 12.6s]
    [51,712/57,439  elapsed 13.9s]
    [56,832/57,439  elapsed 15.3s]
  eval done in 15.5s
  by-popularity NDCG@10: tail=0.0010(n=8,800)  mid=0.0049(n=8,657)  head=0.0549(n=39,982)
  epoch  12  loss=8.4629  val_NDCG=0.0436  test_NDCG=0.0391  test_HR=0.0700  (5.7s)
  evaluating 57,439 users in batches of 512...
    [512/57,439  elapsed 0.2s]
    [5,632/57,439  elapsed 1.5s]
    [10,752/57,439  elapsed 2.9s]
    [15,872/57,439  elapsed 4.3s]
    [20,992/57,439  elapsed 5.6s]
    [26,112/57,439  elapsed 7.0s]
    [31,232/57,439  elapsed 8.4s]
    [36,352/57,439  elapsed 9.8s]
    [41,472/57,439  elapsed 11.2s]
    [46,592/57,439  elapsed 12.5s]
    [51,712/57,439  elapsed 13.9s]
    [56,832/57,439  elapsed 15.3s]
  eval done in 15.4s
  by-popularity NDCG@10: tail=0.0012(n=7,762)  mid=0.0048(n=8,169)  head=0.0594(n=41,508)
  evaluating 57,439 users in batches of 512...
    [512/57,439  elapsed 0.1s]
    [5,632/57,439  elapsed 1.5s]
    [10,752/57,439  elapsed 2.9s]
    [15,872/57,439  elapsed 4.3s]
    [20,992/57,439  elapsed 5.7s]
    [26,112/57,439  elapsed 7.0s]
    [31,232/57,439  elapsed 8.4s]
    [36,352/57,439  elapsed 9.8s]
    [41,472/57,439  elapsed 11.2s]
    [46,592/57,439  elapsed 12.6s]
    [51,712/57,439  elapsed 13.9s]
    [56,832/57,439  elapsed 15.3s]
  eval done in 15.5s
  by-popularity NDCG@10: tail=0.0010(n=8,800)  mid=0.0050(n=8,657)  head=0.0552(n=39,982)
  epoch  13  loss=8.4348  val_NDCG=0.0438  test_NDCG=0.0393  test_HR=0.0700  (5.6s)
  evaluating 57,439 users in batches of 512...
    [512/57,439  elapsed 0.2s]
    [5,632/57,439  elapsed 1.6s]
    [10,752/57,439  elapsed 2.9s]
    [15,872/57,439  elapsed 4.3s]
    [20,992/57,439  elapsed 5.7s]
    [26,112/57,439  elapsed 7.0s]
    [31,232/57,439  elapsed 8.4s]
    [36,352/57,439  elapsed 9.8s]
    [41,472/57,439  elapsed 11.2s]
    [46,592/57,439  elapsed 12.5s]
    [51,712/57,439  elapsed 13.9s]
    [56,832/57,439  elapsed 15.3s]
  eval done in 15.4s
  by-popularity NDCG@10: tail=0.0012(n=7,762)  mid=0.0051(n=8,169)  head=0.0597(n=41,508)
  evaluating 57,439 users in batches of 512...
    [512/57,439  elapsed 0.1s]
    [5,632/57,439  elapsed 1.5s]
    [10,752/57,439  elapsed 2.9s]
    [15,872/57,439  elapsed 4.3s]
    [20,992/57,439  elapsed 5.6s]
    [26,112/57,439  elapsed 7.0s]
    [31,232/57,439  elapsed 8.4s]
    [36,352/57,439  elapsed 9.8s]
    [41,472/57,439  elapsed 11.2s]
    [46,592/57,439  elapsed 12.6s]
    [51,712/57,439  elapsed 14.0s]
    [56,832/57,439  elapsed 15.4s]
  eval done in 15.5s
  by-popularity NDCG@10: tail=0.0012(n=8,800)  mid=0.0054(n=8,657)  head=0.0555(n=39,982)
  epoch  14  loss=8.4081  val_NDCG=0.0440  test_NDCG=0.0396  test_HR=0.0712  (5.6s)
  evaluating 57,439 users in batches of 512...
    [512/57,439  elapsed 0.2s]
    [5,632/57,439  elapsed 1.5s]
    [10,752/57,439  elapsed 2.9s]
    [15,872/57,439  elapsed 4.3s]
    [20,992/57,439  elapsed 5.7s]
    [26,112/57,439  elapsed 7.1s]
    [31,232/57,439  elapsed 8.4s]
    [36,352/57,439  elapsed 9.8s]
    [41,472/57,439  elapsed 11.2s]
    [46,592/57,439  elapsed 12.6s]
    [51,712/57,439  elapsed 14.0s]
    [56,832/57,439  elapsed 15.3s]
  eval done in 15.5s
  by-popularity NDCG@10: tail=0.0013(n=7,762)  mid=0.0052(n=8,169)  head=0.0595(n=41,508)
  evaluating 57,439 users in batches of 512...
    [512/57,439  elapsed 0.1s]
    [5,632/57,439  elapsed 1.5s]
    [10,752/57,439  elapsed 2.9s]
    [15,872/57,439  elapsed 4.3s]
    [20,992/57,439  elapsed 5.7s]
    [26,112/57,439  elapsed 7.1s]
    [31,232/57,439  elapsed 8.5s]
    [36,352/57,439  elapsed 9.8s]
    [41,472/57,439  elapsed 11.2s]
    [46,592/57,439  elapsed 12.6s]
    [51,712/57,439  elapsed 14.0s]
    [56,832/57,439  elapsed 15.4s]
  eval done in 15.5s
  by-popularity NDCG@10: tail=0.0013(n=8,800)  mid=0.0054(n=8,657)  head=0.0555(n=39,982)
  epoch  15  loss=8.3865  val_NDCG=0.0439  test_NDCG=0.0396  test_HR=0.0710  (5.6s)
  evaluating 57,439 users in batches of 512...
    [512/57,439  elapsed 0.2s]
    [5,632/57,439  elapsed 1.6s]
    [10,752/57,439  elapsed 2.9s]
    [15,872/57,439  elapsed 4.3s]
    [20,992/57,439  elapsed 5.7s]
    [26,112/57,439  elapsed 7.0s]
    [31,232/57,439  elapsed 8.4s]
    [36,352/57,439  elapsed 9.8s]
    [41,472/57,439  elapsed 11.1s]
    [46,592/57,439  elapsed 12.5s]
    [51,712/57,439  elapsed 13.9s]
    [56,832/57,439  elapsed 15.3s]
  eval done in 15.4s
  by-popularity NDCG@10: tail=0.0013(n=7,762)  mid=0.0054(n=8,169)  head=0.0598(n=41,508)
  evaluating 57,439 users in batches of 512...
    [512/57,439  elapsed 0.1s]
    [5,632/57,439  elapsed 1.5s]
    [10,752/57,439  elapsed 2.9s]
    [15,872/57,439  elapsed 4.3s]
    [20,992/57,439  elapsed 5.6s]
    [26,112/57,439  elapsed 7.0s]
    [31,232/57,439  elapsed 8.4s]
    [36,352/57,439  elapsed 9.8s]
    [41,472/57,439  elapsed 11.2s]
    [46,592/57,439  elapsed 12.5s]
    [51,712/57,439  elapsed 13.9s]
    [56,832/57,439  elapsed 15.3s]
  eval done in 15.5s
  by-popularity NDCG@10: tail=0.0012(n=8,800)  mid=0.0053(n=8,657)  head=0.0557(n=39,982)
  epoch  16  loss=8.3687  val_NDCG=0.0441  test_NDCG=0.0397  test_HR=0.0711  (5.7s)
  evaluating 57,439 users in batches of 512...
    [512/57,439  elapsed 0.1s]
    [5,632/57,439  elapsed 1.5s]
    [10,752/57,439  elapsed 2.8s]
    [15,872/57,439  elapsed 4.2s]
    [20,992/57,439  elapsed 5.6s]
    [26,112/57,439  elapsed 7.0s]
    [31,232/57,439  elapsed 8.4s]
    [36,352/57,439  elapsed 9.7s]
    [41,472/57,439  elapsed 11.1s]
    [46,592/57,439  elapsed 12.5s]
    [51,712/57,439  elapsed 13.9s]
    [56,832/57,439  elapsed 15.2s]
  eval done in 15.4s
  by-popularity NDCG@10: tail=0.0013(n=7,762)  mid=0.0054(n=8,169)  head=0.0595(n=41,508)
  evaluating 57,439 users in batches of 512...
    [512/57,439  elapsed 0.1s]
    [5,632/57,439  elapsed 1.5s]
    [10,752/57,439  elapsed 2.9s]
    [15,872/57,439  elapsed 4.3s]
    [20,992/57,439  elapsed 5.6s]
    [26,112/57,439  elapsed 7.0s]
    [31,232/57,439  elapsed 8.4s]
    [36,352/57,439  elapsed 9.8s]
    [41,472/57,439  elapsed 11.2s]
    [46,592/57,439  elapsed 12.5s]
    [51,712/57,439  elapsed 13.9s]
    [56,832/57,439  elapsed 15.3s]
  eval done in 15.5s
  by-popularity NDCG@10: tail=0.0013(n=8,800)  mid=0.0054(n=8,657)  head=0.0554(n=39,982)
  epoch  17  loss=8.3541  val_NDCG=0.0440  test_NDCG=0.0396  test_HR=0.0708  (5.6s)
  evaluating 57,439 users in batches of 512...
    [512/57,439  elapsed 0.2s]
    [5,632/57,439  elapsed 1.5s]
    [10,752/57,439  elapsed 2.9s]
    [15,872/57,439  elapsed 4.3s]
    [20,992/57,439  elapsed 5.6s]
    [26,112/57,439  elapsed 7.0s]
    [31,232/57,439  elapsed 8.4s]
    [36,352/57,439  elapsed 9.8s]
    [41,472/57,439  elapsed 11.1s]
    [46,592/57,439  elapsed 12.5s]
    [51,712/57,439  elapsed 13.9s]
    [56,832/57,439  elapsed 15.3s]
  eval done in 15.4s
  by-popularity NDCG@10: tail=0.0014(n=7,762)  mid=0.0055(n=8,169)  head=0.0598(n=41,508)
  evaluating 57,439 users in batches of 512...
    [512/57,439  elapsed 0.1s]
    [5,632/57,439  elapsed 1.5s]
    [10,752/57,439  elapsed 2.9s]
    [15,872/57,439  elapsed 4.3s]
    [20,992/57,439  elapsed 5.7s]
    [26,112/57,439  elapsed 7.1s]
    [31,232/57,439  elapsed 8.4s]
    [36,352/57,439  elapsed 9.8s]
    [41,472/57,439  elapsed 11.2s]
    [46,592/57,439  elapsed 12.6s]
    [51,712/57,439  elapsed 13.9s]
    [56,832/57,439  elapsed 15.3s]
  eval done in 15.5s
  by-popularity NDCG@10: tail=0.0013(n=8,800)  mid=0.0055(n=8,657)  head=0.0556(n=39,982)
  epoch  18  loss=8.3443  val_NDCG=0.0442  test_NDCG=0.0397  test_HR=0.0711  (5.7s)
  evaluating 57,439 users in batches of 512...
    [512/57,439  elapsed 0.2s]
    [5,632/57,439  elapsed 1.6s]
    [10,752/57,439  elapsed 2.9s]
    [15,872/57,439  elapsed 4.3s]
    [20,992/57,439  elapsed 5.7s]
    [26,112/57,439  elapsed 7.0s]
    [31,232/57,439  elapsed 8.4s]
    [36,352/57,439  elapsed 9.8s]
    [41,472/57,439  elapsed 11.2s]
    [46,592/57,439  elapsed 12.5s]
    [51,712/57,439  elapsed 13.9s]
    [56,832/57,439  elapsed 15.3s]
  eval done in 15.5s
  by-popularity NDCG@10: tail=0.0014(n=7,762)  mid=0.0056(n=8,169)  head=0.0596(n=41,508)
  evaluating 57,439 users in batches of 512...
    [512/57,439  elapsed 0.1s]
    [5,632/57,439  elapsed 1.5s]
    [10,752/57,439  elapsed 2.9s]
    [15,872/57,439  elapsed 4.3s]
    [20,992/57,439  elapsed 5.7s]
    [26,112/57,439  elapsed 7.0s]
    [31,232/57,439  elapsed 8.4s]
    [36,352/57,439  elapsed 9.8s]
    [41,472/57,439  elapsed 11.2s]
    [46,592/57,439  elapsed 12.6s]
    [51,712/57,439  elapsed 14.0s]
    [56,832/57,439  elapsed 15.3s]
  eval done in 15.5s
  by-popularity NDCG@10: tail=0.0013(n=8,800)  mid=0.0056(n=8,657)  head=0.0556(n=39,982)
  epoch  19  loss=8.3408  val_NDCG=0.0440  test_NDCG=0.0397  test_HR=0.0711  (5.7s)
  evaluating 57,439 users in batches of 512...
    [512/57,439  elapsed 0.2s]
    [5,632/57,439  elapsed 1.5s]
    [10,752/57,439  elapsed 2.9s]
    [15,872/57,439  elapsed 4.3s]
    [20,992/57,439  elapsed 5.6s]
    [26,112/57,439  elapsed 7.0s]
    [31,232/57,439  elapsed 8.4s]
    [36,352/57,439  elapsed 9.8s]
    [41,472/57,439  elapsed 11.2s]
    [46,592/57,439  elapsed 12.5s]
    [51,712/57,439  elapsed 13.9s]
    [56,832/57,439  elapsed 15.3s]
  eval done in 15.5s
  by-popularity NDCG@10: tail=0.0014(n=7,762)  mid=0.0055(n=8,169)  head=0.0596(n=41,508)
  evaluating 57,439 users in batches of 512...
    [512/57,439  elapsed 0.1s]
    [5,632/57,439  elapsed 1.5s]
    [10,752/57,439  elapsed 2.9s]
    [15,872/57,439  elapsed 4.3s]
    [20,992/57,439  elapsed 5.7s]
    [26,112/57,439  elapsed 7.1s]
    [31,232/57,439  elapsed 8.4s]
    [36,352/57,439  elapsed 9.8s]
    [41,472/57,439  elapsed 11.2s]
    [46,592/57,439  elapsed 12.6s]
    [51,712/57,439  elapsed 14.0s]
    [56,832/57,439  elapsed 15.3s]
  eval done in 15.5s
  by-popularity NDCG@10: tail=0.0013(n=8,800)  mid=0.0055(n=8,657)  head=0.0555(n=39,982)
  epoch  20  loss=8.3376  val_NDCG=0.0441  test_NDCG=0.0397  test_HR=0.0710  (5.7s)

=== Best by val NDCG@10 ===
  val_NDCG=0.0442
  test: {'NDCG@10': 0.039746406085718576, 'HR@10': 0.07108410661745504, 'MRR': 0.03634487102245555, 'n_eval': 57439, 'by_popularity': {'tail': {'NDCG@10': 0.0012886365719571335, 'HR@10': 0.0027272727272727275, 'n': 8800, 'n_hit@10': 24, 'HR@20': 0.004318181818181818, 'n_hit@20': 38, 'HR@50': 0.011931818181818182, 'n_hit@50': 105, 'HR@100': 0.026477272727272728, 'n_hit@100': 233}, 'mid': {'NDCG@10': 0.005543177047619005, 'HR@10': 0.010396211158599978, 'n': 8657, 'n_hit@10': 90, 'HR@20': 0.01917523391475107, 'n_hit@20': 166, 'HR@50': 0.04146933117708213, 'n_hit@50': 359, 'HR@100': 0.07358207231142429, 'n_hit@100': 637}, 'head': {'NDCG@10': 0.055616690851461384, 'HR@10': 0.09926967135210844, 'n': 39982, 'n_hit@10': 3969, 'HR@20': 0.14156370366665, 'n_hit@20': 5660, 'HR@50': 0.22159971987394328, 'n_hit@50': 8860, 'HR@100': 0.29900955429943477, 'n_hit@100': 11955}}}
wrote C:\Users\rayxc\Documents\R\_bestrec_run\results_MI_FIRV3_a0ident_seed20260714.users.jsonl.gz (57,439 per-user records, best epoch 18, sha256 119f65293b70…)
wrote C:\Users\rayxc\Documents\R\_bestrec_run\results_MI_FIRV3_a0ident_seed20260714.final.users.jsonl.gz (57,439 FINAL-epoch per-user records)
  fir_v3 final ||DELTA||_2 = 0.000000

wrote C:\Users\rayxc\Documents\R\_bestrec_run\results_MI_FIRV3_a0ident_seed20260714.json
[5/24] results_MI_FIRV3_a1learned_seed20260714.json
  random seed set to 20260714
=== Musical_Instruments: load splits ===
  n_users=57,439  n_items=24,587  pad_id=24587
  built sequences for 57,439 users
  built timestamp sequences (12 time buckets)
  loading SBERT embeddings from C:\Users\rayxc\Documents\R\cache_5core\sbert_titles_Musical_Instruments.npy...
  TAPE: k-means 24,587 text embeddings into K=512 prototypes (tau=0.05)...
  TAPE: K=512 mean max-assignment weight = 0.522 (1.0 = hard clustering)

=== Build SASRec-SBERT (d=64, layers=4, heads=2) ===
  total params: 11,186,046  device=cuda
  57,439 training examples / 225 batches per epoch
  init_state_sha256 = d6a8d686c332eeb114cd9028dc9db663d77d751856669dd3e96e7462019de76e
  LR schedule: warmup_cosine (225 warmup + 4275 cosine steps)

=== Train for 20 epochs ===
  evaluating 57,439 users in batches of 512...
    [512/57,439  elapsed 0.2s]
    [5,632/57,439  elapsed 1.5s]
    [10,752/57,439  elapsed 2.8s]
    [15,872/57,439  elapsed 4.2s]
    [20,992/57,439  elapsed 5.5s]
    [26,112/57,439  elapsed 6.9s]
    [31,232/57,439  elapsed 8.3s]
    [36,352/57,439  elapsed 9.6s]
    [41,472/57,439  elapsed 11.0s]
    [46,592/57,439  elapsed 12.3s]
    [51,712/57,439  elapsed 13.7s]
    [56,832/57,439  elapsed 15.0s]
  eval done in 15.2s
  by-popularity NDCG@10: tail=0.0000(n=7,762)  mid=0.0005(n=8,169)  head=0.0373(n=41,508)
  evaluating 57,439 users in batches of 512...
    [512/57,439  elapsed 0.1s]
    [5,632/57,439  elapsed 1.5s]
    [10,752/57,439  elapsed 2.8s]
    [15,872/57,439  elapsed 4.2s]
    [20,992/57,439  elapsed 5.6s]
    [26,112/57,439  elapsed 6.9s]
    [31,232/57,439  elapsed 8.3s]
    [36,352/57,439  elapsed 9.7s]
    [41,472/57,439  elapsed 11.1s]
    [46,592/57,439  elapsed 12.5s]
    [51,712/57,439  elapsed 13.9s]
    [56,832/57,439  elapsed 15.3s]
  eval done in 15.4s
  by-popularity NDCG@10: tail=0.0000(n=8,800)  mid=0.0003(n=8,657)  head=0.0345(n=39,982)
  epoch   1  loss=9.6196  val_NDCG=0.0270  test_NDCG=0.0241  test_HR=0.0458  (5.9s)
  evaluating 57,439 users in batches of 512...
    [512/57,439  elapsed 0.2s]
    [5,632/57,439  elapsed 1.5s]
    [10,752/57,439  elapsed 2.9s]
    [15,872/57,439  elapsed 4.2s]
    [20,992/57,439  elapsed 5.6s]
    [26,112/57,439  elapsed 7.0s]
    [31,232/57,439  elapsed 8.3s]
    [36,352/57,439  elapsed 9.7s]
    [41,472/57,439  elapsed 11.0s]
    [46,592/57,439  elapsed 12.4s]
    [51,712/57,439  elapsed 13.8s]
    [56,832/57,439  elapsed 15.1s]
  eval done in 15.3s
  by-popularity NDCG@10: tail=0.0000(n=7,762)  mid=0.0002(n=8,169)  head=0.0473(n=41,508)
  evaluating 57,439 users in batches of 512...
    [512/57,439  elapsed 0.1s]
    [5,632/57,439  elapsed 1.5s]
    [10,752/57,439  elapsed 2.9s]
    [15,872/57,439  elapsed 4.3s]
    [20,992/57,439  elapsed 5.7s]
    [26,112/57,439  elapsed 7.0s]
    [31,232/57,439  elapsed 8.4s]
    [36,352/57,439  elapsed 9.8s]
    [41,472/57,439  elapsed 11.2s]
    [46,592/57,439  elapsed 12.6s]
    [51,712/57,439  elapsed 13.9s]
    [56,832/57,439  elapsed 15.3s]
  eval done in 15.5s
  by-popularity NDCG@10: tail=0.0001(n=8,800)  mid=0.0005(n=8,657)  head=0.0452(n=39,982)
  epoch   2  loss=9.0872  val_NDCG=0.0342  test_NDCG=0.0315  test_HR=0.0585  (5.7s)
  evaluating 57,439 users in batches of 512...
    [512/57,439  elapsed 0.2s]
    [5,632/57,439  elapsed 1.5s]
    [10,752/57,439  elapsed 2.9s]
    [15,872/57,439  elapsed 4.2s]
    [20,992/57,439  elapsed 5.6s]
    [26,112/57,439  elapsed 7.0s]
    [31,232/57,439  elapsed 8.3s]
    [36,352/57,439  elapsed 9.7s]
    [41,472/57,439  elapsed 11.1s]
    [46,592/57,439  elapsed 12.4s]
    [51,712/57,439  elapsed 13.8s]
    [56,832/57,439  elapsed 15.2s]
  eval done in 15.3s
  by-popularity NDCG@10: tail=0.0000(n=7,762)  mid=0.0010(n=8,169)  head=0.0535(n=41,508)
  evaluating 57,439 users in batches of 512...
    [512/57,439  elapsed 0.1s]
    [5,632/57,439  elapsed 1.5s]
    [10,752/57,439  elapsed 2.9s]
    [15,872/57,439  elapsed 4.2s]
    [20,992/57,439  elapsed 5.6s]
    [26,112/57,439  elapsed 7.0s]
    [31,232/57,439  elapsed 8.4s]
    [36,352/57,439  elapsed 9.7s]
    [41,472/57,439  elapsed 11.1s]
    [46,592/57,439  elapsed 12.5s]
    [51,712/57,439  elapsed 13.9s]
    [56,832/57,439  elapsed 15.2s]
  eval done in 15.4s
  by-popularity NDCG@10: tail=0.0000(n=8,800)  mid=0.0009(n=8,657)  head=0.0507(n=39,982)
  epoch   3  loss=8.9291  val_NDCG=0.0388  test_NDCG=0.0354  test_HR=0.0660  (5.7s)
  evaluating 57,439 users in batches of 512...
    [512/57,439  elapsed 0.1s]
    [5,632/57,439  elapsed 1.5s]
    [10,752/57,439  elapsed 2.8s]
    [15,872/57,439  elapsed 4.2s]
    [20,992/57,439  elapsed 5.6s]
    [26,112/57,439  elapsed 6.9s]
    [31,232/57,439  elapsed 8.3s]
    [36,352/57,439  elapsed 9.7s]
    [41,472/57,439  elapsed 11.1s]
    [46,592/57,439  elapsed 12.4s]
    [51,712/57,439  elapsed 13.8s]
    [56,832/57,439  elapsed 15.2s]
  eval done in 15.3s
  by-popularity NDCG@10: tail=0.0000(n=7,762)  mid=0.0012(n=8,169)  head=0.0561(n=41,508)
  evaluating 57,439 users in batches of 512...
    [512/57,439  elapsed 0.1s]
    [5,632/57,439  elapsed 1.5s]
    [10,752/57,439  elapsed 2.9s]
    [15,872/57,439  elapsed 4.3s]
    [20,992/57,439  elapsed 5.7s]
    [26,112/57,439  elapsed 7.0s]
    [31,232/57,439  elapsed 8.4s]
    [36,352/57,439  elapsed 9.8s]
    [41,472/57,439  elapsed 11.2s]
    [46,592/57,439  elapsed 12.6s]
    [51,712/57,439  elapsed 13.9s]
    [56,832/57,439  elapsed 15.3s]
  eval done in 15.5s
  by-popularity NDCG@10: tail=0.0001(n=8,800)  mid=0.0012(n=8,657)  head=0.0527(n=39,982)
  epoch   4  loss=8.8228  val_NDCG=0.0407  test_NDCG=0.0369  test_HR=0.0672  (5.7s)
  evaluating 57,439 users in batches of 512...
    [512/57,439  elapsed 0.1s]
    [5,632/57,439  elapsed 1.5s]
    [10,752/57,439  elapsed 2.8s]
    [15,872/57,439  elapsed 4.2s]
    [20,992/57,439  elapsed 5.5s]
    [26,112/57,439  elapsed 6.9s]
    [31,232/57,439  elapsed 8.3s]
    [36,352/57,439  elapsed 9.6s]
    [41,472/57,439  elapsed 11.0s]
    [46,592/57,439  elapsed 12.4s]
    [51,712/57,439  elapsed 13.7s]
    [56,832/57,439  elapsed 15.1s]
  eval done in 15.3s
  by-popularity NDCG@10: tail=0.0002(n=7,762)  mid=0.0020(n=8,169)  head=0.0586(n=41,508)
  evaluating 57,439 users in batches of 512...
    [512/57,439  elapsed 0.1s]
    [5,632/57,439  elapsed 1.5s]
    [10,752/57,439  elapsed 2.9s]
    [15,872/57,439  elapsed 4.2s]
    [20,992/57,439  elapsed 5.6s]
    [26,112/57,439  elapsed 7.0s]
    [31,232/57,439  elapsed 8.4s]
    [36,352/57,439  elapsed 9.7s]
    [41,472/57,439  elapsed 11.1s]
    [46,592/57,439  elapsed 12.5s]
    [51,712/57,439  elapsed 13.8s]
    [56,832/57,439  elapsed 15.2s]
  eval done in 15.4s
  by-popularity NDCG@10: tail=0.0002(n=8,800)  mid=0.0019(n=8,657)  head=0.0552(n=39,982)
  epoch   5  loss=8.7432  val_NDCG=0.0427  test_NDCG=0.0388  test_HR=0.0709  (5.7s)
  evaluating 57,439 users in batches of 512...
    [512/57,439  elapsed 0.1s]
    [5,632/57,439  elapsed 1.5s]
    [10,752/57,439  elapsed 2.8s]
    [15,872/57,439  elapsed 4.2s]
    [20,992/57,439  elapsed 5.6s]
    [26,112/57,439  elapsed 6.9s]
    [31,232/57,439  elapsed 8.3s]
    [36,352/57,439  elapsed 9.7s]
    [41,472/57,439  elapsed 11.1s]
    [46,592/57,439  elapsed 12.4s]
    [51,712/57,439  elapsed 13.8s]
    [56,832/57,439  elapsed 15.2s]
  eval done in 15.3s
  by-popularity NDCG@10: tail=0.0005(n=7,762)  mid=0.0031(n=8,169)  head=0.0593(n=41,508)
  evaluating 57,439 users in batches of 512...
    [512/57,439  elapsed 0.1s]
    [5,632/57,439  elapsed 1.5s]
    [10,752/57,439  elapsed 2.9s]
    [15,872/57,439  elapsed 4.3s]
    [20,992/57,439  elapsed 5.6s]
    [26,112/57,439  elapsed 7.0s]
    [31,232/57,439  elapsed 8.4s]
    [36,352/57,439  elapsed 9.8s]
    [41,472/57,439  elapsed 11.1s]
    [46,592/57,439  elapsed 12.5s]
    [51,712/57,439  elapsed 13.9s]
    [56,832/57,439  elapsed 15.3s]
  eval done in 15.4s
  by-popularity NDCG@10: tail=0.0005(n=8,800)  mid=0.0035(n=8,657)  head=0.0555(n=39,982)
  epoch   6  loss=8.6760  val_NDCG=0.0433  test_NDCG=0.0392  test_HR=0.0716  (5.7s)
  evaluating 57,439 users in batches of 512...
    [512/57,439  elapsed 0.1s]
    [5,632/57,439  elapsed 1.5s]
    [10,752/57,439  elapsed 2.8s]
    [15,872/57,439  elapsed 4.2s]
    [20,992/57,439  elapsed 5.6s]
    [26,112/57,439  elapsed 6.9s]
    [31,232/57,439  elapsed 8.3s]
    [36,352/57,439  elapsed 9.7s]
    [41,472/57,439  elapsed 11.0s]
    [46,592/57,439  elapsed 12.4s]
    [51,712/57,439  elapsed 13.8s]
    [56,832/57,439  elapsed 15.2s]
  eval done in 15.3s
  by-popularity NDCG@10: tail=0.0009(n=7,762)  mid=0.0042(n=8,169)  head=0.0603(n=41,508)
  evaluating 57,439 users in batches of 512...
    [512/57,439  elapsed 0.1s]
    [5,632/57,439  elapsed 1.5s]
    [10,752/57,439  elapsed 2.9s]
    [15,872/57,439  elapsed 4.3s]
    [20,992/57,439  elapsed 5.6s]
    [26,112/57,439  elapsed 7.0s]
    [31,232/57,439  elapsed 8.4s]
    [36,352/57,439  elapsed 9.8s]
    [41,472/57,439  elapsed 11.2s]
    [46,592/57,439  elapsed 12.5s]
    [51,712/57,439  elapsed 13.9s]
    [56,832/57,439  elapsed 15.3s]
  eval done in 15.5s
  by-popularity NDCG@10: tail=0.0006(n=8,800)  mid=0.0039(n=8,657)  head=0.0567(n=39,982)
  epoch   7  loss=8.6175  val_NDCG=0.0443  test_NDCG=0.0402  test_HR=0.0724  (5.8s)
  evaluating 57,439 users in batches of 512...
    [512/57,439  elapsed 0.2s]
    [5,632/57,439  elapsed 1.5s]
    [10,752/57,439  elapsed 2.9s]
    [15,872/57,439  elapsed 4.2s]
    [20,992/57,439  elapsed 5.6s]
    [26,112/57,439  elapsed 7.0s]
    [31,232/57,439  elapsed 8.4s]
    [36,352/57,439  elapsed 9.7s]
    [41,472/57,439  elapsed 11.1s]
    [46,592/57,439  elapsed 12.5s]
    [51,712/57,439  elapsed 13.8s]
    [56,832/57,439  elapsed 15.2s]
  eval done in 15.4s
  by-popularity NDCG@10: tail=0.0010(n=7,762)  mid=0.0049(n=8,169)  head=0.0613(n=41,508)
  evaluating 57,439 users in batches of 512...
    [512/57,439  elapsed 0.1s]
    [5,632/57,439  elapsed 1.5s]
    [10,752/57,439  elapsed 2.9s]
    [15,872/57,439  elapsed 4.3s]
    [20,992/57,439  elapsed 5.7s]
    [26,112/57,439  elapsed 7.0s]
    [31,232/57,439  elapsed 8.4s]
    [36,352/57,439  elapsed 9.8s]
    [41,472/57,439  elapsed 11.2s]
    [46,592/57,439  elapsed 12.5s]
    [51,712/57,439  elapsed 13.9s]
    [56,832/57,439  elapsed 15.3s]
  eval done in 15.5s
  by-popularity NDCG@10: tail=0.0008(n=8,800)  mid=0.0043(n=8,657)  head=0.0577(n=39,982)
  epoch   8  loss=8.5652  val_NDCG=0.0451  test_NDCG=0.0409  test_HR=0.0741  (5.7s)
  evaluating 57,439 users in batches of 512...
    [512/57,439  elapsed 0.2s]
    [5,632/57,439  elapsed 1.5s]
    [10,752/57,439  elapsed 2.9s]
    [15,872/57,439  elapsed 4.3s]
    [20,992/57,439  elapsed 5.6s]
    [26,112/57,439  elapsed 7.0s]
    [31,232/57,439  elapsed 8.4s]
    [36,352/57,439  elapsed 9.8s]
    [41,472/57,439  elapsed 11.1s]
    [46,592/57,439  elapsed 12.5s]
    [51,712/57,439  elapsed 13.9s]
    [56,832/57,439  elapsed 15.3s]
  eval done in 15.4s
  by-popularity NDCG@10: tail=0.0012(n=7,762)  mid=0.0057(n=8,169)  head=0.0606(n=41,508)
  evaluating 57,439 users in batches of 512...
    [512/57,439  elapsed 0.1s]
    [5,632/57,439  elapsed 1.5s]
    [10,752/57,439  elapsed 2.9s]
    [15,872/57,439  elapsed 4.3s]
    [20,992/57,439  elapsed 5.7s]
    [26,112/57,439  elapsed 7.0s]
    [31,232/57,439  elapsed 8.4s]
    [36,352/57,439  elapsed 9.8s]
    [41,472/57,439  elapsed 11.2s]
    [46,592/57,439  elapsed 12.6s]
    [51,712/57,439  elapsed 13.9s]
    [56,832/57,439  elapsed 15.3s]
  eval done in 15.5s
  by-popularity NDCG@10: tail=0.0010(n=8,800)  mid=0.0050(n=8,657)  head=0.0580(n=39,982)
  epoch   9  loss=8.5185  val_NDCG=0.0448  test_NDCG=0.0413  test_HR=0.0751  (5.8s)
  evaluating 57,439 users in batches of 512...
    [512/57,439  elapsed 0.2s]
    [5,632/57,439  elapsed 1.5s]
    [10,752/57,439  elapsed 2.9s]
    [15,872/57,439  elapsed 4.2s]
    [20,992/57,439  elapsed 5.6s]
    [26,112/57,439  elapsed 7.0s]
    [31,232/57,439  elapsed 8.3s]
    [36,352/57,439  elapsed 9.7s]
    [41,472/57,439  elapsed 11.1s]
    [46,592/57,439  elapsed 12.5s]
    [51,712/57,439  elapsed 13.8s]
    [56,832/57,439  elapsed 15.2s]
  eval done in 15.4s
  by-popularity NDCG@10: tail=0.0015(n=7,762)  mid=0.0059(n=8,169)  head=0.0613(n=41,508)
  evaluating 57,439 users in batches of 512...
    [512/57,439  elapsed 0.1s]
    [5,632/57,439  elapsed 1.5s]
    [10,752/57,439  elapsed 2.9s]
    [15,872/57,439  elapsed 4.3s]
    [20,992/57,439  elapsed 5.6s]
    [26,112/57,439  elapsed 7.0s]
    [31,232/57,439  elapsed 8.4s]
    [36,352/57,439  elapsed 9.8s]
    [41,472/57,439  elapsed 11.2s]
    [46,592/57,439  elapsed 12.6s]
    [51,712/57,439  elapsed 11.8s]
    [56,832/57,439  elapsed 13.2s]
  eval done in 13.4s
  by-popularity NDCG@10: tail=0.0013(n=8,800)  mid=0.0054(n=8,657)  head=0.0578(n=39,982)
  epoch  10  loss=8.4734  val_NDCG=0.0453  test_NDCG=0.0412  test_HR=0.0743  (5.8s)
  evaluating 57,439 users in batches of 512...
    [512/57,439  elapsed 0.2s]
    [5,632/57,439  elapsed 1.5s]
    [10,752/57,439  elapsed 2.9s]
    [15,872/57,439  elapsed 4.3s]
    [20,992/57,439  elapsed 5.6s]
    [26,112/57,439  elapsed 7.0s]
    [31,232/57,439  elapsed 8.4s]
    [36,352/57,439  elapsed 9.8s]
    [41,472/57,439  elapsed 11.2s]
    [46,592/57,439  elapsed 12.5s]
    [51,712/57,439  elapsed 13.9s]
    [56,832/57,439  elapsed 15.3s]
  eval done in 15.5s
  by-popularity NDCG@10: tail=0.0014(n=7,762)  mid=0.0059(n=8,169)  head=0.0610(n=41,508)
  evaluating 57,439 users in batches of 512...
    [512/57,439  elapsed 0.1s]
    [5,632/57,439  elapsed 1.5s]
    [10,752/57,439  elapsed 2.9s]
    [15,872/57,439  elapsed 4.3s]
    [20,992/57,439  elapsed 5.7s]
    [26,112/57,439  elapsed 7.1s]
    [31,232/57,439  elapsed 8.5s]
    [36,352/57,439  elapsed 9.9s]
    [41,472/57,439  elapsed 11.3s]
    [46,592/57,439  elapsed 12.6s]
    [51,712/57,439  elapsed 14.0s]
    [56,832/57,439  elapsed 15.4s]
  eval done in 15.6s
  by-popularity NDCG@10: tail=0.0014(n=8,800)  mid=0.0058(n=8,657)  head=0.0580(n=39,982)
  epoch  11  loss=8.4342  val_NDCG=0.0451  test_NDCG=0.0414  test_HR=0.0746  (5.8s)
  evaluating 57,439 users in batches of 512...
    [512/57,439  elapsed 0.1s]
    [5,632/57,439  elapsed 1.5s]
    [10,752/57,439  elapsed 2.9s]
    [15,872/57,439  elapsed 4.2s]
    [20,992/57,439  elapsed 5.6s]
    [26,112/57,439  elapsed 7.0s]
    [31,232/57,439  elapsed 8.4s]
    [36,352/57,439  elapsed 9.8s]
    [41,472/57,439  elapsed 11.1s]
    [46,592/57,439  elapsed 12.5s]
    [51,712/57,439  elapsed 13.9s]
    [56,832/57,439  elapsed 15.3s]
  eval done in 15.4s
  by-popularity NDCG@10: tail=0.0016(n=7,762)  mid=0.0065(n=8,169)  head=0.0617(n=41,508)
  evaluating 57,439 users in batches of 512...
    [512/57,439  elapsed 0.1s]
    [5,632/57,439  elapsed 1.5s]
    [10,752/57,439  elapsed 2.9s]
    [15,872/57,439  elapsed 4.3s]
    [20,992/57,439  elapsed 5.7s]
    [26,112/57,439  elapsed 7.1s]
    [31,232/57,439  elapsed 8.5s]
    [36,352/57,439  elapsed 9.9s]
    [41,472/57,439  elapsed 11.2s]
    [46,592/57,439  elapsed 12.6s]
    [51,712/57,439  elapsed 14.0s]
    [56,832/57,439  elapsed 15.4s]
  eval done in 15.6s
  by-popularity NDCG@10: tail=0.0013(n=8,800)  mid=0.0058(n=8,657)  head=0.0583(n=39,982)
  epoch  12  loss=8.4012  val_NDCG=0.0458  test_NDCG=0.0417  test_HR=0.0744  (5.8s)
  evaluating 57,439 users in batches of 512...
    [512/57,439  elapsed 0.2s]
    [5,632/57,439  elapsed 1.5s]
    [10,752/57,439  elapsed 2.9s]
    [15,872/57,439  elapsed 4.3s]
    [20,992/57,439  elapsed 5.7s]
    [26,112/57,439  elapsed 7.0s]
    [31,232/57,439  elapsed 8.4s]
    [36,352/57,439  elapsed 9.8s]
    [41,472/57,439  elapsed 11.2s]
    [46,592/57,439  elapsed 12.5s]
    [51,712/57,439  elapsed 13.9s]
    [56,832/57,439  elapsed 15.3s]
  eval done in 15.5s
  by-popularity NDCG@10: tail=0.0019(n=7,762)  mid=0.0068(n=8,169)  head=0.0613(n=41,508)
  evaluating 57,439 users in batches of 512...
    [512/57,439  elapsed 0.1s]
    [5,632/57,439  elapsed 1.5s]
    [10,752/57,439  elapsed 2.9s]
    [15,872/57,439  elapsed 4.3s]
    [20,992/57,439  elapsed 5.6s]
    [26,112/57,439  elapsed 7.0s]
    [31,232/57,439  elapsed 8.4s]
    [36,352/57,439  elapsed 9.8s]
    [41,472/57,439  elapsed 11.2s]
    [46,592/57,439  elapsed 12.6s]
    [51,712/57,439  elapsed 13.9s]
    [56,832/57,439  elapsed 15.3s]
  eval done in 15.5s
  by-popularity NDCG@10: tail=0.0016(n=8,800)  mid=0.0062(n=8,657)  head=0.0583(n=39,982)
  epoch  13  loss=8.3705  val_NDCG=0.0455  test_NDCG=0.0418  test_HR=0.0748  (5.8s)
  evaluating 57,439 users in batches of 512...
    [512/57,439  elapsed 0.2s]
    [5,632/57,439  elapsed 1.5s]
    [10,752/57,439  elapsed 2.9s]
    [15,872/57,439  elapsed 4.3s]
    [20,992/57,439  elapsed 5.7s]
    [26,112/57,439  elapsed 7.0s]
    [31,232/57,439  elapsed 8.4s]
    [36,352/57,439  elapsed 9.8s]
    [41,472/57,439  elapsed 11.1s]
    [46,592/57,439  elapsed 12.5s]
    [51,712/57,439  elapsed 13.9s]
    [56,832/57,439  elapsed 15.3s]
  eval done in 15.4s
  by-popularity NDCG@10: tail=0.0020(n=7,762)  mid=0.0069(n=8,169)  head=0.0616(n=41,508)
  evaluating 57,439 users in batches of 512...
    [512/57,439  elapsed 0.1s]
    [5,632/57,439  elapsed 1.5s]
    [10,752/57,439  elapsed 2.9s]
    [15,872/57,439  elapsed 4.3s]
    [20,992/57,439  elapsed 5.7s]
    [26,112/57,439  elapsed 7.1s]
    [31,232/57,439  elapsed 8.4s]
    [36,352/57,439  elapsed 9.8s]
    [41,472/57,439  elapsed 11.2s]
    [46,592/57,439  elapsed 12.6s]
    [51,712/57,439  elapsed 14.0s]
    [56,832/57,439  elapsed 15.4s]
  eval done in 15.5s
  by-popularity NDCG@10: tail=0.0018(n=8,800)  mid=0.0065(n=8,657)  head=0.0587(n=39,982)
  epoch  14  loss=8.3425  val_NDCG=0.0458  test_NDCG=0.0421  test_HR=0.0756  (5.8s)
  evaluating 57,439 users in batches of 512...
    [512/57,439  elapsed 0.2s]
    [5,632/57,439  elapsed 1.6s]
    [10,752/57,439  elapsed 2.9s]
    [15,872/57,439  elapsed 4.3s]
    [20,992/57,439  elapsed 5.7s]
    [26,112/57,439  elapsed 7.0s]
    [31,232/57,439  elapsed 8.4s]
    [36,352/57,439  elapsed 9.8s]
    [41,472/57,439  elapsed 11.2s]
    [46,592/57,439  elapsed 12.5s]
    [51,712/57,439  elapsed 13.9s]
    [56,832/57,439  elapsed 15.3s]
  eval done in 15.5s
  by-popularity NDCG@10: tail=0.0019(n=7,762)  mid=0.0072(n=8,169)  head=0.0618(n=41,508)
  evaluating 57,439 users in batches of 512...
    [512/57,439  elapsed 0.1s]
    [5,632/57,439  elapsed 1.5s]
    [10,752/57,439  elapsed 2.9s]
    [15,872/57,439  elapsed 4.3s]
    [20,992/57,439  elapsed 5.7s]
    [26,112/57,439  elapsed 7.0s]
    [31,232/57,439  elapsed 8.4s]
    [36,352/57,439  elapsed 9.8s]
    [41,472/57,439  elapsed 11.2s]
    [46,592/57,439  elapsed 12.6s]
    [51,712/57,439  elapsed 14.0s]
    [56,832/57,439  elapsed 15.4s]
  eval done in 15.5s
  by-popularity NDCG@10: tail=0.0019(n=8,800)  mid=0.0067(n=8,657)  head=0.0584(n=39,982)
  epoch  15  loss=8.3194  val_NDCG=0.0460  test_NDCG=0.0419  test_HR=0.0752  (5.9s)
  evaluating 57,439 users in batches of 512...
    [512/57,439  elapsed 0.1s]
    [5,632/57,439  elapsed 1.5s]
    [10,752/57,439  elapsed 2.8s]
    [15,872/57,439  elapsed 4.2s]
    [20,992/57,439  elapsed 5.6s]
    [26,112/57,439  elapsed 6.9s]
    [31,232/57,439  elapsed 8.3s]
    [36,352/57,439  elapsed 9.7s]
    [41,472/57,439  elapsed 11.1s]
    [46,592/57,439  elapsed 12.4s]
    [51,712/57,439  elapsed 13.8s]
    [56,832/57,439  elapsed 15.2s]
  eval done in 15.3s
  by-popularity NDCG@10: tail=0.0021(n=7,762)  mid=0.0074(n=8,169)  head=0.0619(n=41,508)
  evaluating 57,439 users in batches of 512...
    [512/57,439  elapsed 0.1s]
    [5,632/57,439  elapsed 1.5s]
    [10,752/57,439  elapsed 2.9s]
    [15,872/57,439  elapsed 4.3s]
    [20,992/57,439  elapsed 5.7s]
    [26,112/57,439  elapsed 7.0s]
    [31,232/57,439  elapsed 8.4s]
    [36,352/57,439  elapsed 9.8s]
    [41,472/57,439  elapsed 11.2s]
    [46,592/57,439  elapsed 12.5s]
    [51,712/57,439  elapsed 13.9s]
    [56,832/57,439  elapsed 15.3s]
  eval done in 15.5s
  by-popularity NDCG@10: tail=0.0020(n=8,800)  mid=0.0068(n=8,657)  head=0.0586(n=39,982)
  epoch  16  loss=8.3011  val_NDCG=0.0461  test_NDCG=0.0421  test_HR=0.0755  (5.9s)
  evaluating 57,439 users in batches of 512...
    [512/57,439  elapsed 0.1s]
    [5,632/57,439  elapsed 1.5s]
    [10,752/57,439  elapsed 2.8s]
    [15,872/57,439  elapsed 4.2s]
    [20,992/57,439  elapsed 5.6s]
    [26,112/57,439  elapsed 7.0s]
    [31,232/57,439  elapsed 8.3s]
    [36,352/57,439  elapsed 9.7s]
    [41,472/57,439  elapsed 11.1s]
    [46,592/57,439  elapsed 12.5s]
    [51,712/57,439  elapsed 13.9s]
    [56,832/57,439  elapsed 15.3s]
  eval done in 15.5s
  by-popularity NDCG@10: tail=0.0022(n=7,762)  mid=0.0073(n=8,169)  head=0.0615(n=41,508)
  evaluating 57,439 users in batches of 512...
    [512/57,439  elapsed 0.1s]
    [5,632/57,439  elapsed 1.5s]
    [10,752/57,439  elapsed 2.9s]
    [15,872/57,439  elapsed 4.3s]
    [20,992/57,439  elapsed 5.7s]
    [26,112/57,439  elapsed 7.1s]
    [31,232/57,439  elapsed 8.4s]
    [36,352/57,439  elapsed 9.8s]
    [41,472/57,439  elapsed 11.2s]
    [46,592/57,439  elapsed 12.6s]
    [51,712/57,439  elapsed 14.0s]
    [56,832/57,439  elapsed 15.3s]
  eval done in 15.5s
  by-popularity NDCG@10: tail=0.0020(n=8,800)  mid=0.0069(n=8,657)  head=0.0584(n=39,982)
  epoch  17  loss=8.2850  val_NDCG=0.0458  test_NDCG=0.0420  test_HR=0.0754  (6.0s)
  evaluating 57,439 users in batches of 512...
    [512/57,439  elapsed 0.1s]
    [5,632/57,439  elapsed 1.5s]
    [10,752/57,439  elapsed 2.8s]
    [15,872/57,439  elapsed 4.2s]
    [20,992/57,439  elapsed 5.6s]
    [26,112/57,439  elapsed 7.0s]
    [31,232/57,439  elapsed 8.3s]
    [36,352/57,439  elapsed 9.7s]
    [41,472/57,439  elapsed 11.1s]
    [46,592/57,439  elapsed 12.5s]
    [51,712/57,439  elapsed 13.9s]
    [56,832/57,439  elapsed 15.3s]
  eval done in 15.4s
  by-popularity NDCG@10: tail=0.0022(n=7,762)  mid=0.0075(n=8,169)  head=0.0618(n=41,508)
  evaluating 57,439 users in batches of 512...
    [512/57,439  elapsed 0.1s]
    [5,632/57,439  elapsed 1.5s]
    [10,752/57,439  elapsed 2.9s]
    [15,872/57,439  elapsed 4.3s]
    [20,992/57,439  elapsed 5.7s]
    [26,112/57,439  elapsed 7.1s]
    [31,232/57,439  elapsed 8.5s]
    [36,352/57,439  elapsed 9.9s]
    [41,472/57,439  elapsed 11.3s]
    [46,592/57,439  elapsed 12.7s]
    [51,712/57,439  elapsed 14.1s]
    [56,832/57,439  elapsed 15.5s]
  eval done in 15.7s
  by-popularity NDCG@10: tail=0.0020(n=8,800)  mid=0.0068(n=8,657)  head=0.0583(n=39,982)
  epoch  18  loss=8.2754  val_NDCG=0.0460  test_NDCG=0.0419  test_HR=0.0752  (5.9s)
  evaluating 57,439 users in batches of 512...
    [512/57,439  elapsed 0.2s]
    [5,632/57,439  elapsed 1.6s]
    [10,752/57,439  elapsed 2.9s]
    [15,872/57,439  elapsed 4.3s]
    [20,992/57,439  elapsed 5.7s]
    [26,112/57,439  elapsed 7.1s]
    [31,232/57,439  elapsed 8.4s]
    [36,352/57,439  elapsed 9.8s]
    [41,472/57,439  elapsed 11.2s]
    [46,592/57,439  elapsed 12.6s]
    [51,712/57,439  elapsed 13.9s]
    [56,832/57,439  elapsed 15.3s]
  eval done in 15.5s
  by-popularity NDCG@10: tail=0.0022(n=7,762)  mid=0.0075(n=8,169)  head=0.0617(n=41,508)
  evaluating 57,439 users in batches of 512...
    [512/57,439  elapsed 0.1s]
    [5,632/57,439  elapsed 1.5s]
    [10,752/57,439  elapsed 2.9s]
    [15,872/57,439  elapsed 4.3s]
    [20,992/57,439  elapsed 5.7s]
    [26,112/57,439  elapsed 7.0s]
    [31,232/57,439  elapsed 8.4s]
    [36,352/57,439  elapsed 9.8s]
    [41,472/57,439  elapsed 11.2s]
    [46,592/57,439  elapsed 12.6s]
    [51,712/57,439  elapsed 14.0s]
    [56,832/57,439  elapsed 15.3s]
  eval done in 15.5s
  by-popularity NDCG@10: tail=0.0020(n=8,800)  mid=0.0067(n=8,657)  head=0.0583(n=39,982)
  epoch  19  loss=8.2708  val_NDCG=0.0460  test_NDCG=0.0419  test_HR=0.0753  (5.9s)
  evaluating 57,439 users in batches of 512...
    [512/57,439  elapsed 0.2s]
    [5,632/57,439  elapsed 1.6s]
    [10,752/57,439  elapsed 2.9s]
    [15,872/57,439  elapsed 4.3s]
    [20,992/57,439  elapsed 5.7s]
    [26,112/57,439  elapsed 7.1s]
    [31,232/57,439  elapsed 8.4s]
    [36,352/57,439  elapsed 9.8s]
    [41,472/57,439  elapsed 11.2s]
    [46,592/57,439  elapsed 12.6s]
    [51,712/57,439  elapsed 13.9s]
    [56,832/57,439  elapsed 15.3s]
  eval done in 15.5s
  by-popularity NDCG@10: tail=0.0022(n=7,762)  mid=0.0075(n=8,169)  head=0.0617(n=41,508)
  evaluating 57,439 users in batches of 512...
    [512/57,439  elapsed 0.1s]
    [5,632/57,439  elapsed 1.5s]
    [10,752/57,439  elapsed 2.9s]
    [15,872/57,439  elapsed 4.3s]
    [20,992/57,439  elapsed 5.7s]
    [26,112/57,439  elapsed 7.0s]
    [31,232/57,439  elapsed 8.4s]
    [36,352/57,439  elapsed 9.8s]
    [41,472/57,439  elapsed 11.2s]
    [46,592/57,439  elapsed 12.6s]
    [51,712/57,439  elapsed 14.0s]
    [56,832/57,439  elapsed 15.4s]
  eval done in 15.5s
  by-popularity NDCG@10: tail=0.0020(n=8,800)  mid=0.0067(n=8,657)  head=0.0583(n=39,982)
  epoch  20  loss=8.2680  val_NDCG=0.0460  test_NDCG=0.0419  test_HR=0.0752  (6.0s)

=== Best by val NDCG@10 ===
  val_NDCG=0.0461
  test: {'NDCG@10': 0.04213165691472297, 'HR@10': 0.07545395985306151, 'MRR': 0.03825534600752552, 'n_eval': 57439, 'by_popularity': {'tail': {'NDCG@10': 0.002010822941532684, 'HR@10': 0.004545454545454545, 'n': 8800, 'n_hit@10': 40, 'HR@20': 0.007159090909090909, 'n_hit@20': 63, 'HR@50': 0.018068181818181817, 'n_hit@50': 159, 'HR@100': 0.03431818181818182, 'n_hit@100': 302}, 'mid': {'NDCG@10': 0.006750977403162834, 'HR@10': 0.01259096684763775, 'n': 8657, 'n_hit@10': 109, 'HR@20': 0.023102691463555505, 'n_hit@20': 200, 'HR@50': 0.04608986946979323, 'n_hit@50': 399, 'HR@100': 0.07878017789072427, 'n_hit@100': 682}, 'head': {'NDCG@10': 0.05862292502276285, 'HR@10': 0.10467210244610074, 'n': 39982, 'n_hit@10': 4185, 'HR@20': 0.14761642739232655, 'n_hit@20': 5902, 'HR@50': 0.2297283777699965, 'n_hit@50': 9185, 'HR@100': 0.30858886498924515, 'n_hit@100': 12338}}}
wrote C:\Users\rayxc\Documents\R\_bestrec_run\results_MI_FIRV3_a1learned_seed20260714.users.jsonl.gz (57,439 per-user records, best epoch 16, sha256 6beabe275dd0…)
wrote C:\Users\rayxc\Documents\R\_bestrec_run\results_MI_FIRV3_a1learned_seed20260714.final.users.jsonl.gz (57,439 FINAL-epoch per-user records)
  fir_v3 final ||DELTA||_2 = 4.965405

wrote C:\Users\rayxc\Documents\R\_bestrec_run\results_MI_FIRV3_a1learned_seed20260714.json
[6/24] results_MI_FIRV3_a2learnedwd0_seed20260714.json
  random seed set to 20260714
=== Musical_Instruments: load splits ===
  n_users=57,439  n_items=24,587  pad_id=24587
  built sequences for 57,439 users
  built timestamp sequences (12 time buckets)
  loading SBERT embeddings from C:\Users\rayxc\Documents\R\cache_5core\sbert_titles_Musical_Instruments.npy...
  TAPE: k-means 24,587 text embeddings into K=512 prototypes (tau=0.05)...
  TAPE: K=512 mean max-assignment weight = 0.522 (1.0 = hard clustering)

=== Build SASRec-SBERT (d=64, layers=4, heads=2) ===
  total params: 11,186,046  device=cuda
  57,439 training examples / 225 batches per epoch
  init_state_sha256 = d6a8d686c332eeb114cd9028dc9db663d77d751856669dd3e96e7462019de76e
  LR schedule: warmup_cosine (225 warmup + 4275 cosine steps)

=== Train for 20 epochs ===
  evaluating 57,439 users in batches of 512...
    [512/57,439  elapsed 0.1s]
    [5,632/57,439  elapsed 1.5s]
    [10,752/57,439  elapsed 2.8s]
    [15,872/57,439  elapsed 4.2s]
    [20,992/57,439  elapsed 5.6s]
    [26,112/57,439  elapsed 7.0s]
    [31,232/57,439  elapsed 8.3s]
    [36,352/57,439  elapsed 9.7s]
    [41,472/57,439  elapsed 11.1s]
    [46,592/57,439  elapsed 12.5s]
    [51,712/57,439  elapsed 13.9s]
    [56,832/57,439  elapsed 15.3s]
  eval done in 15.4s
  by-popularity NDCG@10: tail=0.0000(n=7,762)  mid=0.0005(n=8,169)  head=0.0373(n=41,508)
  evaluating 57,439 users in batches of 512...
    [512/57,439  elapsed 0.1s]
    [5,632/57,439  elapsed 1.5s]
    [10,752/57,439  elapsed 2.9s]
    [15,872/57,439  elapsed 4.3s]
    [20,992/57,439  elapsed 5.7s]
    [26,112/57,439  elapsed 7.1s]
    [31,232/57,439  elapsed 8.5s]
    [36,352/57,439  elapsed 9.9s]
    [41,472/57,439  elapsed 11.3s]
    [46,592/57,439  elapsed 12.6s]
    [51,712/57,439  elapsed 14.0s]
    [56,832/57,439  elapsed 15.4s]
  eval done in 15.6s
  by-popularity NDCG@10: tail=0.0000(n=8,800)  mid=0.0003(n=8,657)  head=0.0345(n=39,982)
  epoch   1  loss=9.6196  val_NDCG=0.0270  test_NDCG=0.0241  test_HR=0.0458  (6.1s)
  evaluating 57,439 users in batches of 512...
    [512/57,439  elapsed 0.2s]
    [5,632/57,439  elapsed 1.6s]
    [10,752/57,439  elapsed 2.9s]
    [15,872/57,439  elapsed 4.3s]
    [20,992/57,439  elapsed 5.7s]
    [26,112/57,439  elapsed 7.1s]
    [31,232/57,439  elapsed 8.5s]
    [36,352/57,439  elapsed 9.9s]
    [41,472/57,439  elapsed 11.2s]
    [46,592/57,439  elapsed 12.6s]
    [51,712/57,439  elapsed 14.0s]
    [56,832/57,439  elapsed 15.4s]
  eval done in 15.5s
  by-popularity NDCG@10: tail=0.0000(n=7,762)  mid=0.0002(n=8,169)  head=0.0473(n=41,508)
  evaluating 57,439 users in batches of 512...
    [512/57,439  elapsed 0.1s]
    [5,632/57,439  elapsed 1.5s]
    [10,752/57,439  elapsed 2.9s]
    [15,872/57,439  elapsed 4.3s]
    [20,992/57,439  elapsed 5.7s]
    [26,112/57,439  elapsed 7.1s]
    [31,232/57,439  elapsed 8.5s]
    [36,352/57,439  elapsed 9.9s]
    [41,472/57,439  elapsed 11.3s]
    [46,592/57,439  elapsed 12.6s]
    [51,712/57,439  elapsed 14.0s]
    [56,832/57,439  elapsed 15.4s]
  eval done in 15.6s
  by-popularity NDCG@10: tail=0.0001(n=8,800)  mid=0.0005(n=8,657)  head=0.0452(n=39,982)
  epoch   2  loss=9.0872  val_NDCG=0.0342  test_NDCG=0.0315  test_HR=0.0585  (5.8s)
  evaluating 57,439 users in batches of 512...
    [512/57,439  elapsed 0.3s]
    [5,632/57,439  elapsed 1.6s]
    [10,752/57,439  elapsed 3.0s]
    [15,872/57,439  elapsed 4.4s]
    [20,992/57,439  elapsed 5.7s]
    [26,112/57,439  elapsed 7.1s]
    [31,232/57,439  elapsed 8.5s]
    [36,352/57,439  elapsed 9.9s]
    [41,472/57,439  elapsed 11.2s]
    [46,592/57,439  elapsed 12.6s]
    [51,712/57,439  elapsed 14.0s]
    [56,832/57,439  elapsed 15.4s]
  eval done in 15.5s
  by-popularity NDCG@10: tail=0.0000(n=7,762)  mid=0.0010(n=8,169)  head=0.0535(n=41,508)
  evaluating 57,439 users in batches of 512...
    [512/57,439  elapsed 0.1s]
    [5,632/57,439  elapsed 1.5s]
    [10,752/57,439  elapsed 2.9s]
    [15,872/57,439  elapsed 4.3s]
    [20,992/57,439  elapsed 5.7s]
    [26,112/57,439  elapsed 7.1s]
    [31,232/57,439  elapsed 8.4s]
    [36,352/57,439  elapsed 9.8s]
    [41,472/57,439  elapsed 11.2s]
    [46,592/57,439  elapsed 12.6s]
    [51,712/57,439  elapsed 14.0s]
    [56,832/57,439  elapsed 15.4s]
  eval done in 15.5s
  by-popularity NDCG@10: tail=0.0000(n=8,800)  mid=0.0009(n=8,657)  head=0.0507(n=39,982)
  epoch   3  loss=8.9291  val_NDCG=0.0388  test_NDCG=0.0354  test_HR=0.0660  (6.0s)
  evaluating 57,439 users in batches of 512...
    [512/57,439  elapsed 0.2s]
    [5,632/57,439  elapsed 1.5s]
    [10,752/57,439  elapsed 2.9s]
    [15,872/57,439  elapsed 4.3s]
    [20,992/57,439  elapsed 5.7s]
    [26,112/57,439  elapsed 7.1s]
    [31,232/57,439  elapsed 8.5s]
    [36,352/57,439  elapsed 9.9s]
    [41,472/57,439  elapsed 11.3s]
    [46,592/57,439  elapsed 12.7s]
    [51,712/57,439  elapsed 14.1s]
    [56,832/57,439  elapsed 15.5s]
  eval done in 15.7s
  by-popularity NDCG@10: tail=0.0000(n=7,762)  mid=0.0012(n=8,169)  head=0.0561(n=41,508)
  evaluating 57,439 users in batches of 512...
    [512/57,439  elapsed 0.1s]
    [5,632/57,439  elapsed 1.5s]
    [10,752/57,439  elapsed 2.9s]
    [15,872/57,439  elapsed 4.3s]
    [20,992/57,439  elapsed 5.7s]
    [26,112/57,439  elapsed 7.1s]
    [31,232/57,439  elapsed 8.5s]
    [36,352/57,439  elapsed 9.9s]
    [41,472/57,439  elapsed 11.3s]
    [46,592/57,439  elapsed 12.7s]
    [51,712/57,439  elapsed 14.1s]
    [56,832/57,439  elapsed 15.5s]
  eval done in 15.7s
  by-popularity NDCG@10: tail=0.0001(n=8,800)  mid=0.0012(n=8,657)  head=0.0527(n=39,982)
  epoch   4  loss=8.8228  val_NDCG=0.0407  test_NDCG=0.0369  test_HR=0.0672  (6.0s)
  evaluating 57,439 users in batches of 512...
    [512/57,439  elapsed 0.2s]
    [5,632/57,439  elapsed 1.5s]
    [10,752/57,439  elapsed 2.9s]
    [15,872/57,439  elapsed 4.3s]
    [20,992/57,439  elapsed 5.7s]
    [26,112/57,439  elapsed 7.1s]
    [31,232/57,439  elapsed 8.4s]
    [36,352/57,439  elapsed 9.8s]
    [41,472/57,439  elapsed 11.2s]
    [46,592/57,439  elapsed 12.6s]
    [51,712/57,439  elapsed 14.0s]
    [56,832/57,439  elapsed 15.3s]
  eval done in 15.5s
  by-popularity NDCG@10: tail=0.0002(n=7,762)  mid=0.0020(n=8,169)  head=0.0586(n=41,508)
  evaluating 57,439 users in batches of 512...
    [512/57,439  elapsed 0.1s]
    [5,632/57,439  elapsed 1.5s]
    [10,752/57,439  elapsed 2.9s]
    [15,872/57,439  elapsed 4.3s]
    [20,992/57,439  elapsed 5.7s]
    [26,112/57,439  elapsed 7.1s]
    [31,232/57,439  elapsed 8.4s]
    [36,352/57,439  elapsed 9.8s]
    [41,472/57,439  elapsed 11.2s]
    [46,592/57,439  elapsed 12.6s]
    [51,712/57,439  elapsed 14.0s]
    [56,832/57,439  elapsed 15.4s]
  eval done in 15.5s
  by-popularity NDCG@10: tail=0.0002(n=8,800)  mid=0.0019(n=8,657)  head=0.0552(n=39,982)
  epoch   5  loss=8.7431  val_NDCG=0.0427  test_NDCG=0.0387  test_HR=0.0709  (5.9s)
  evaluating 57,439 users in batches of 512...
    [512/57,439  elapsed 0.1s]
    [5,632/57,439  elapsed 1.5s]
    [10,752/57,439  elapsed 2.8s]
    [15,872/57,439  elapsed 4.2s]
    [20,992/57,439  elapsed 5.6s]
    [26,112/57,439  elapsed 7.0s]
    [31,232/57,439  elapsed 8.4s]
    [36,352/57,439  elapsed 9.7s]
    [41,472/57,439  elapsed 11.1s]
    [46,592/57,439  elapsed 12.5s]
    [51,712/57,439  elapsed 13.9s]
    [56,832/57,439  elapsed 15.2s]
  eval done in 15.4s
  by-popularity NDCG@10: tail=0.0005(n=7,762)  mid=0.0031(n=8,169)  head=0.0593(n=41,508)
  evaluating 57,439 users in batches of 512...
    [512/57,439  elapsed 0.1s]
    [5,632/57,439  elapsed 1.5s]
    [10,752/57,439  elapsed 2.9s]
    [15,872/57,439  elapsed 4.3s]
    [20,992/57,439  elapsed 5.7s]
    [26,112/57,439  elapsed 7.1s]
    [31,232/57,439  elapsed 8.4s]
    [36,352/57,439  elapsed 9.8s]
    [41,472/57,439  elapsed 11.2s]
    [46,592/57,439  elapsed 12.6s]
    [51,712/57,439  elapsed 14.0s]
    [56,832/57,439  elapsed 15.4s]
  eval done in 15.5s
  by-popularity NDCG@10: tail=0.0005(n=8,800)  mid=0.0035(n=8,657)  head=0.0555(n=39,982)
  epoch   6  loss=8.6760  val_NDCG=0.0434  test_NDCG=0.0392  test_HR=0.0716  (5.9s)
  evaluating 57,439 users in batches of 512...
    [512/57,439  elapsed 0.2s]
    [5,632/57,439  elapsed 1.6s]
    [10,752/57,439  elapsed 3.0s]
    [15,872/57,439  elapsed 4.3s]
    [20,992/57,439  elapsed 5.7s]
    [26,112/57,439  elapsed 7.1s]
    [31,232/57,439  elapsed 8.5s]
    [36,352/57,439  elapsed 9.9s]
    [41,472/57,439  elapsed 11.2s]
    [46,592/57,439  elapsed 12.6s]
    [51,712/57,439  elapsed 14.0s]
    [56,832/57,439  elapsed 15.4s]
  eval done in 15.6s
  by-popularity NDCG@10: tail=0.0009(n=7,762)  mid=0.0042(n=8,169)  head=0.0603(n=41,508)
  evaluating 57,439 users in batches of 512...
    [512/57,439  elapsed 0.1s]
    [5,632/57,439  elapsed 1.5s]
    [10,752/57,439  elapsed 2.9s]
    [15,872/57,439  elapsed 4.3s]
    [20,992/57,439  elapsed 5.7s]
    [26,112/57,439  elapsed 7.1s]
    [31,232/57,439  elapsed 8.5s]
    [36,352/57,439  elapsed 9.9s]
    [41,472/57,439  elapsed 11.3s]
    [46,592/57,439  elapsed 12.7s]
    [51,712/57,439  elapsed 14.0s]
    [56,832/57,439  elapsed 15.4s]
  eval done in 15.6s
  by-popularity NDCG@10: tail=0.0006(n=8,800)  mid=0.0039(n=8,657)  head=0.0567(n=39,982)
  epoch   7  loss=8.6174  val_NDCG=0.0443  test_NDCG=0.0402  test_HR=0.0724  (5.8s)
  evaluating 57,439 users in batches of 512...
    [512/57,439  elapsed 0.2s]
    [5,632/57,439  elapsed 1.6s]
    [10,752/57,439  elapsed 2.9s]
    [15,872/57,439  elapsed 4.3s]
    [20,992/57,439  elapsed 5.7s]
    [26,112/57,439  elapsed 7.1s]
    [31,232/57,439  elapsed 8.5s]
    [36,352/57,439  elapsed 9.9s]
    [41,472/57,439  elapsed 11.3s]
    [46,592/57,439  elapsed 12.7s]
    [51,712/57,439  elapsed 14.0s]
    [56,832/57,439  elapsed 15.4s]
  eval done in 15.6s
  by-popularity NDCG@10: tail=0.0010(n=7,762)  mid=0.0049(n=8,169)  head=0.0613(n=41,508)
  evaluating 57,439 users in batches of 512...
    [512/57,439  elapsed 0.1s]
    [5,632/57,439  elapsed 1.5s]
    [10,752/57,439  elapsed 3.0s]
    [15,872/57,439  elapsed 4.4s]
    [20,992/57,439  elapsed 5.8s]
    [26,112/57,439  elapsed 7.2s]
    [31,232/57,439  elapsed 8.6s]
    [36,352/57,439  elapsed 10.0s]
    [41,472/57,439  elapsed 11.4s]
    [46,592/57,439  elapsed 12.8s]
    [51,712/57,439  elapsed 14.2s]
    [56,832/57,439  elapsed 15.5s]
  eval done in 15.7s
  by-popularity NDCG@10: tail=0.0008(n=8,800)  mid=0.0043(n=8,657)  head=0.0577(n=39,982)
  epoch   8  loss=8.5651  val_NDCG=0.0452  test_NDCG=0.0409  test_HR=0.0742  (5.9s)
  evaluating 57,439 users in batches of 512...
    [512/57,439  elapsed 0.2s]
    [5,632/57,439  elapsed 1.5s]
    [10,752/57,439  elapsed 2.9s]
    [15,872/57,439  elapsed 4.3s]
    [20,992/57,439  elapsed 5.7s]
    [26,112/57,439  elapsed 7.1s]
    [31,232/57,439  elapsed 8.5s]
    [36,352/57,439  elapsed 9.9s]
    [41,472/57,439  elapsed 11.3s]
    [46,592/57,439  elapsed 12.7s]
    [51,712/57,439  elapsed 14.1s]
    [56,832/57,439  elapsed 15.5s]
  eval done in 15.7s
  by-popularity NDCG@10: tail=0.0012(n=7,762)  mid=0.0057(n=8,169)  head=0.0606(n=41,508)
  evaluating 57,439 users in batches of 512...
    [512/57,439  elapsed 0.1s]
    [5,632/57,439  elapsed 1.5s]
    [10,752/57,439  elapsed 2.9s]
    [15,872/57,439  elapsed 4.3s]
    [20,992/57,439  elapsed 5.7s]
    [26,112/57,439  elapsed 7.1s]
    [31,232/57,439  elapsed 8.5s]
    [36,352/57,439  elapsed 9.9s]
    [41,472/57,439  elapsed 11.2s]
    [46,592/57,439  elapsed 12.6s]
    [51,712/57,439  elapsed 14.0s]
    [56,832/57,439  elapsed 15.4s]
  eval done in 15.6s
  by-popularity NDCG@10: tail=0.0010(n=8,800)  mid=0.0050(n=8,657)  head=0.0580(n=39,982)
  epoch   9  loss=8.5184  val_NDCG=0.0448  test_NDCG=0.0413  test_HR=0.0752  (5.9s)
  evaluating 57,439 users in batches of 512...
    [512/57,439  elapsed 0.2s]
    [5,632/57,439  elapsed 1.5s]
    [10,752/57,439  elapsed 2.9s]
    [15,872/57,439  elapsed 4.3s]
    [20,992/57,439  elapsed 5.7s]
    [26,112/57,439  elapsed 7.0s]
    [31,232/57,439  elapsed 8.4s]
    [36,352/57,439  elapsed 9.8s]
    [41,472/57,439  elapsed 11.2s]
    [46,592/57,439  elapsed 12.6s]
    [51,712/57,439  elapsed 13.9s]
    [56,832/57,439  elapsed 15.3s]
  eval done in 15.5s
  by-popularity NDCG@10: tail=0.0015(n=7,762)  mid=0.0059(n=8,169)  head=0.0613(n=41,508)
  evaluating 57,439 users in batches of 512...
    [512/57,439  elapsed 0.1s]
    [5,632/57,439  elapsed 1.5s]
    [10,752/57,439  elapsed 2.9s]
    [15,872/57,439  elapsed 4.3s]
    [20,992/57,439  elapsed 5.7s]
    [26,112/57,439  elapsed 7.1s]
    [31,232/57,439  elapsed 8.5s]
    [36,352/57,439  elapsed 9.8s]
    [41,472/57,439  elapsed 11.2s]
    [46,592/57,439  elapsed 12.6s]
    [51,712/57,439  elapsed 14.0s]
    [56,832/57,439  elapsed 15.4s]
  eval done in 15.5s
  by-popularity NDCG@10: tail=0.0013(n=8,800)  mid=0.0054(n=8,657)  head=0.0578(n=39,982)
  epoch  10  loss=8.4733  val_NDCG=0.0453  test_NDCG=0.0412  test_HR=0.0743  (6.0s)
  evaluating 57,439 users in batches of 512...
    [512/57,439  elapsed 0.1s]
    [5,632/57,439  elapsed 1.5s]
    [10,752/57,439  elapsed 2.9s]
    [15,872/57,439  elapsed 4.2s]
    [20,992/57,439  elapsed 5.6s]
    [26,112/57,439  elapsed 7.0s]
    [31,232/57,439  elapsed 8.4s]
    [36,352/57,439  elapsed 9.8s]
    [41,472/57,439  elapsed 11.2s]
    [46,592/57,439  elapsed 12.5s]
    [51,712/57,439  elapsed 13.9s]
    [56,832/57,439  elapsed 15.3s]
  eval done in 15.5s
  by-popularity NDCG@10: tail=0.0014(n=7,762)  mid=0.0059(n=8,169)  head=0.0610(n=41,508)
  evaluating 57,439 users in batches of 512...
    [512/57,439  elapsed 0.1s]
    [5,632/57,439  elapsed 1.5s]
    [10,752/57,439  elapsed 2.9s]
    [15,872/57,439  elapsed 4.3s]
    [20,992/57,439  elapsed 5.7s]
    [26,112/57,439  elapsed 7.1s]
    [31,232/57,439  elapsed 8.5s]
    [36,352/57,439  elapsed 9.9s]
    [41,472/57,439  elapsed 11.3s]
    [46,592/57,439  elapsed 12.6s]
    [51,712/57,439  elapsed 14.0s]
    [56,832/57,439  elapsed 15.4s]
  eval done in 15.6s
  by-popularity NDCG@10: tail=0.0014(n=8,800)  mid=0.0058(n=8,657)  head=0.0580(n=39,982)
  epoch  11  loss=8.4341  val_NDCG=0.0451  test_NDCG=0.0415  test_HR=0.0746  (5.8s)
  evaluating 57,439 users in batches of 512...
    [512/57,439  elapsed 0.1s]
    [5,632/57,439  elapsed 1.5s]
    [10,752/57,439  elapsed 2.9s]
    [15,872/57,439  elapsed 4.3s]
    [20,992/57,439  elapsed 5.7s]
    [26,112/57,439  elapsed 7.0s]
    [31,232/57,439  elapsed 8.4s]
    [36,352/57,439  elapsed 9.8s]
    [41,472/57,439  elapsed 11.2s]
    [46,592/57,439  elapsed 12.6s]
    [51,712/57,439  elapsed 14.0s]
    [56,832/57,439  elapsed 15.4s]
  eval done in 15.5s
  by-popularity NDCG@10: tail=0.0016(n=7,762)  mid=0.0066(n=8,169)  head=0.0618(n=41,508)
  evaluating 57,439 users in batches of 512...
    [512/57,439  elapsed 0.1s]
    [5,632/57,439  elapsed 1.5s]
    [10,752/57,439  elapsed 2.9s]
    [15,872/57,439  elapsed 4.3s]
    [20,992/57,439  elapsed 5.7s]
    [26,112/57,439  elapsed 7.1s]
    [31,232/57,439  elapsed 8.5s]
    [36,352/57,439  elapsed 9.9s]
    [41,472/57,439  elapsed 11.3s]
    [46,592/57,439  elapsed 12.7s]
    [51,712/57,439  elapsed 14.1s]
    [56,832/57,439  elapsed 15.5s]
  eval done in 15.6s
  by-popularity NDCG@10: tail=0.0013(n=8,800)  mid=0.0058(n=8,657)  head=0.0582(n=39,982)
  epoch  12  loss=8.4010  val_NDCG=0.0458  test_NDCG=0.0416  test_HR=0.0744  (5.9s)
  evaluating 57,439 users in batches of 512...
    [512/57,439  elapsed 0.2s]
    [5,632/57,439  elapsed 1.5s]
    [10,752/57,439  elapsed 2.9s]
    [15,872/57,439  elapsed 4.2s]
    [20,992/57,439  elapsed 5.6s]
    [26,112/57,439  elapsed 7.0s]
    [31,232/57,439  elapsed 8.4s]
    [36,352/57,439  elapsed 9.7s]
    [41,472/57,439  elapsed 11.1s]
    [46,592/57,439  elapsed 12.5s]
    [51,712/57,439  elapsed 13.9s]
    [56,832/57,439  elapsed 15.3s]
  eval done in 15.4s
  by-popularity NDCG@10: tail=0.0019(n=7,762)  mid=0.0068(n=8,169)  head=0.0613(n=41,508)
  evaluating 57,439 users in batches of 512...
    [512/57,439  elapsed 0.1s]
    [5,632/57,439  elapsed 1.5s]
    [10,752/57,439  elapsed 2.9s]
    [15,872/57,439  elapsed 4.3s]
    [20,992/57,439  elapsed 5.7s]
    [26,112/57,439  elapsed 7.1s]
    [31,232/57,439  elapsed 8.5s]
    [36,352/57,439  elapsed 9.8s]
    [41,472/57,439  elapsed 11.2s]
    [46,592/57,439  elapsed 12.6s]
    [51,712/57,439  elapsed 14.0s]
    [56,832/57,439  elapsed 15.4s]
  eval done in 15.5s
  by-popularity NDCG@10: tail=0.0016(n=8,800)  mid=0.0062(n=8,657)  head=0.0583(n=39,982)
  epoch  13  loss=8.3704  val_NDCG=0.0455  test_NDCG=0.0417  test_HR=0.0747  (5.9s)
  evaluating 57,439 users in batches of 512...
    [512/57,439  elapsed 0.1s]
    [5,632/57,439  elapsed 1.5s]
    [10,752/57,439  elapsed 2.8s]
    [15,872/57,439  elapsed 4.2s]
    [20,992/57,439  elapsed 5.6s]
    [26,112/57,439  elapsed 7.0s]
    [31,232/57,439  elapsed 8.3s]
    [36,352/57,439  elapsed 9.7s]
    [41,472/57,439  elapsed 11.1s]
    [46,592/57,439  elapsed 12.5s]
    [51,712/57,439  elapsed 13.8s]
    [56,832/57,439  elapsed 15.2s]
  eval done in 15.4s
  by-popularity NDCG@10: tail=0.0020(n=7,762)  mid=0.0069(n=8,169)  head=0.0617(n=41,508)
  evaluating 57,439 users in batches of 512...
    [512/57,439  elapsed 0.1s]
    [5,632/57,439  elapsed 1.5s]
    [10,752/57,439  elapsed 2.9s]
    [15,872/57,439  elapsed 4.3s]
    [20,992/57,439  elapsed 5.7s]
    [26,112/57,439  elapsed 7.1s]
    [31,232/57,439  elapsed 8.5s]
    [36,352/57,439  elapsed 9.9s]
    [41,472/57,439  elapsed 11.3s]
    [46,592/57,439  elapsed 12.6s]
    [51,712/57,439  elapsed 14.0s]
    [56,832/57,439  elapsed 15.4s]
  eval done in 15.6s
  by-popularity NDCG@10: tail=0.0018(n=8,800)  mid=0.0066(n=8,657)  head=0.0588(n=39,982)
  epoch  14  loss=8.3424  val_NDCG=0.0458  test_NDCG=0.0422  test_HR=0.0756  (5.9s)
  evaluating 57,439 users in batches of 512...
    [512/57,439  elapsed 0.1s]
    [5,632/57,439  elapsed 1.5s]
    [10,752/57,439  elapsed 2.8s]
    [15,872/57,439  elapsed 4.2s]
    [20,992/57,439  elapsed 5.6s]
    [26,112/57,439  elapsed 7.0s]
    [31,232/57,439  elapsed 8.4s]
    [36,352/57,439  elapsed 9.7s]
    [41,472/57,439  elapsed 11.1s]
    [46,592/57,439  elapsed 12.5s]
    [51,712/57,439  elapsed 13.9s]
    [56,832/57,439  elapsed 15.2s]
  eval done in 15.4s
  by-popularity NDCG@10: tail=0.0019(n=7,762)  mid=0.0072(n=8,169)  head=0.0618(n=41,508)
  evaluating 57,439 users in batches of 512...
    [512/57,439  elapsed 0.1s]
    [5,632/57,439  elapsed 1.5s]
    [10,752/57,439  elapsed 2.9s]
    [15,872/57,439  elapsed 4.3s]
    [20,992/57,439  elapsed 5.7s]
    [26,112/57,439  elapsed 7.1s]
    [31,232/57,439  elapsed 8.5s]
    [36,352/57,439  elapsed 9.9s]
    [41,472/57,439  elapsed 11.3s]
    [46,592/57,439  elapsed 12.7s]
    [51,712/57,439  elapsed 14.1s]
    [56,832/57,439  elapsed 15.5s]
  eval done in 15.7s
  by-popularity NDCG@10: tail=0.0019(n=8,800)  mid=0.0067(n=8,657)  head=0.0583(n=39,982)
  epoch  15  loss=8.3193  val_NDCG=0.0460  test_NDCG=0.0419  test_HR=0.0752  (5.9s)
  evaluating 57,439 users in batches of 512...
    [512/57,439  elapsed 0.2s]
    [5,632/57,439  elapsed 1.6s]
    [10,752/57,439  elapsed 2.9s]
    [15,872/57,439  elapsed 4.3s]
    [20,992/57,439  elapsed 5.7s]
    [26,112/57,439  elapsed 7.1s]
    [31,232/57,439  elapsed 8.5s]
    [36,352/57,439  elapsed 9.9s]
    [41,472/57,439  elapsed 11.3s]
    [46,592/57,439  elapsed 12.7s]
    [51,712/57,439  elapsed 14.1s]
    [56,832/57,439  elapsed 15.5s]
  eval done in 15.6s
  by-popularity NDCG@10: tail=0.0021(n=7,762)  mid=0.0073(n=8,169)  head=0.0618(n=41,508)
  evaluating 57,439 users in batches of 512...
    [512/57,439  elapsed 0.1s]
    [5,632/57,439  elapsed 1.5s]
    [10,752/57,439  elapsed 2.9s]
    [15,872/57,439  elapsed 4.3s]
    [20,992/57,439  elapsed 5.7s]
    [26,112/57,439  elapsed 7.1s]
    [31,232/57,439  elapsed 8.5s]
    [36,352/57,439  elapsed 9.8s]
    [41,472/57,439  elapsed 11.2s]
    [46,592/57,439  elapsed 12.6s]
    [51,712/57,439  elapsed 14.0s]
    [56,832/57,439  elapsed 15.4s]
  eval done in 15.6s
  by-popularity NDCG@10: tail=0.0019(n=8,800)  mid=0.0067(n=8,657)  head=0.0586(n=39,982)
  epoch  16  loss=8.3009  val_NDCG=0.0460  test_NDCG=0.0421  test_HR=0.0754  (5.9s)
  evaluating 57,439 users in batches of 512...
    [512/57,439  elapsed 0.2s]
    [5,632/57,439  elapsed 1.6s]
    [10,752/57,439  elapsed 2.9s]
    [15,872/57,439  elapsed 4.3s]
    [20,992/57,439  elapsed 5.7s]
    [26,112/57,439  elapsed 7.1s]
    [31,232/57,439  elapsed 8.4s]
    [36,352/57,439  elapsed 9.8s]
    [41,472/57,439  elapsed 11.2s]
    [46,592/57,439  elapsed 12.6s]
    [51,712/57,439  elapsed 14.0s]
    [56,832/57,439  elapsed 15.3s]
  eval done in 15.5s
  by-popularity NDCG@10: tail=0.0022(n=7,762)  mid=0.0073(n=8,169)  head=0.0615(n=41,508)
  evaluating 57,439 users in batches of 512...
    [512/57,439  elapsed 0.1s]
    [5,632/57,439  elapsed 1.5s]
    [10,752/57,439  elapsed 2.9s]
    [15,872/57,439  elapsed 4.3s]
    [20,992/57,439  elapsed 5.7s]
    [26,112/57,439  elapsed 7.1s]
    [31,232/57,439  elapsed 8.4s]
    [36,352/57,439  elapsed 9.8s]
    [41,472/57,439  elapsed 11.2s]
    [46,592/57,439  elapsed 12.6s]
    [51,712/57,439  elapsed 14.0s]
    [56,832/57,439  elapsed 15.4s]
  eval done in 15.5s
  by-popularity NDCG@10: tail=0.0020(n=8,800)  mid=0.0068(n=8,657)  head=0.0584(n=39,982)
  epoch  17  loss=8.2849  val_NDCG=0.0458  test_NDCG=0.0420  test_HR=0.0754  (5.8s)
  evaluating 57,439 users in batches of 512...
    [512/57,439  elapsed 0.2s]
    [5,632/57,439  elapsed 1.5s]
    [10,752/57,439  elapsed 2.9s]
    [15,872/57,439  elapsed 4.3s]
    [20,992/57,439  elapsed 5.6s]
    [26,112/57,439  elapsed 7.0s]
    [31,232/57,439  elapsed 8.4s]
    [36,352/57,439  elapsed 9.8s]
    [41,472/57,439  elapsed 11.2s]
    [46,592/57,439  elapsed 12.5s]
    [51,712/57,439  elapsed 13.9s]
    [56,832/57,439  elapsed 15.3s]
  eval done in 15.4s
  by-popularity NDCG@10: tail=0.0022(n=7,762)  mid=0.0075(n=8,169)  head=0.0618(n=41,508)
  evaluating 57,439 users in batches of 512...
    [512/57,439  elapsed 0.1s]
    [5,632/57,439  elapsed 1.5s]
    [10,752/57,439  elapsed 2.9s]
    [15,872/57,439  elapsed 4.3s]
    [20,992/57,439  elapsed 5.7s]
    [26,112/57,439  elapsed 7.0s]
    [31,232/57,439  elapsed 8.4s]
    [36,352/57,439  elapsed 9.8s]
    [41,472/57,439  elapsed 11.2s]
    [46,592/57,439  elapsed 12.6s]
    [51,712/57,439  elapsed 13.9s]
    [56,832/57,439  elapsed 15.3s]
  eval done in 15.5s
  by-popularity NDCG@10: tail=0.0020(n=8,800)  mid=0.0068(n=8,657)  head=0.0583(n=39,982)
  epoch  18  loss=8.2752  val_NDCG=0.0460  test_NDCG=0.0419  test_HR=0.0752  (5.8s)
  evaluating 57,439 users in batches of 512...
    [512/57,439  elapsed 0.2s]
    [5,632/57,439  elapsed 1.5s]
    [10,752/57,439  elapsed 2.9s]
    [15,872/57,439  elapsed 4.3s]
    [20,992/57,439  elapsed 5.7s]
    [26,112/57,439  elapsed 7.0s]
    [31,232/57,439  elapsed 8.4s]
    [36,352/57,439  elapsed 9.8s]
    [41,472/57,439  elapsed 11.2s]
    [46,592/57,439  elapsed 12.5s]
    [51,712/57,439  elapsed 13.9s]
    [56,832/57,439  elapsed 15.3s]
  eval done in 15.5s
  by-popularity NDCG@10: tail=0.0022(n=7,762)  mid=0.0075(n=8,169)  head=0.0617(n=41,508)
  evaluating 57,439 users in batches of 512...
    [512/57,439  elapsed 0.1s]
    [5,632/57,439  elapsed 1.5s]
    [10,752/57,439  elapsed 2.9s]
    [15,872/57,439  elapsed 4.3s]
    [20,992/57,439  elapsed 5.7s]
    [26,112/57,439  elapsed 7.1s]
    [31,232/57,439  elapsed 8.5s]
    [36,352/57,439  elapsed 9.9s]
    [41,472/57,439  elapsed 11.2s]
    [46,592/57,439  elapsed 12.6s]
    [51,712/57,439  elapsed 14.0s]
    [56,832/57,439  elapsed 15.4s]
  eval done in 15.6s
  by-popularity NDCG@10: tail=0.0020(n=8,800)  mid=0.0068(n=8,657)  head=0.0583(n=39,982)
  epoch  19  loss=8.2706  val_NDCG=0.0460  test_NDCG=0.0419  test_HR=0.0753  (5.9s)
  evaluating 57,439 users in batches of 512...
    [512/57,439  elapsed 0.2s]
    [5,632/57,439  elapsed 1.5s]
    [10,752/57,439  elapsed 2.9s]
    [15,872/57,439  elapsed 4.3s]
    [20,992/57,439  elapsed 5.7s]
    [26,112/57,439  elapsed 7.0s]
    [31,232/57,439  elapsed 8.4s]
    [36,352/57,439  elapsed 9.8s]
    [41,472/57,439  elapsed 11.2s]
    [46,592/57,439  elapsed 12.6s]
    [51,712/57,439  elapsed 13.9s]
    [56,832/57,439  elapsed 15.3s]
  eval done in 15.5s
  by-popularity NDCG@10: tail=0.0022(n=7,762)  mid=0.0075(n=8,169)  head=0.0617(n=41,508)
  evaluating 57,439 users in batches of 512...
    [512/57,439  elapsed 0.1s]
    [5,632/57,439  elapsed 1.5s]
    [10,752/57,439  elapsed 2.9s]
    [15,872/57,439  elapsed 4.3s]
    [20,992/57,439  elapsed 5.7s]
    [26,112/57,439  elapsed 7.1s]
    [31,232/57,439  elapsed 8.4s]
    [36,352/57,439  elapsed 9.8s]
    [41,472/57,439  elapsed 11.2s]
    [46,592/57,439  elapsed 12.6s]
    [51,712/57,439  elapsed 14.0s]
    [56,832/57,439  elapsed 15.4s]
  eval done in 15.5s
  by-popularity NDCG@10: tail=0.0020(n=8,800)  mid=0.0068(n=8,657)  head=0.0583(n=39,982)
  epoch  20  loss=8.2678  val_NDCG=0.0460  test_NDCG=0.0419  test_HR=0.0752  (5.8s)

=== Best by val NDCG@10 ===
  val_NDCG=0.0460
  test: {'NDCG@10': 0.04212771112110005, 'HR@10': 0.07541914030536744, 'MRR': 0.03826416107520114, 'n_eval': 57439, 'by_popularity': {'tail': {'NDCG@10': 0.0019490853699968894, 'HR@10': 0.004318181818181818, 'n': 8800, 'n_hit@10': 38, 'HR@20': 0.006931818181818182, 'n_hit@20': 61, 'HR@50': 0.017954545454545456, 'n_hit@50': 158, 'HR@100': 0.03431818181818182, 'n_hit@100': 302}, 'mid': {'NDCG@10': 0.0067391881007107185, 'HR@10': 0.01259096684763775, 'n': 8657, 'n_hit@10': 109, 'HR@20': 0.023333718378191058, 'n_hit@20': 202, 'HR@50': 0.04608986946979323, 'n_hit@50': 399, 'HR@100': 0.07878017789072427, 'n_hit@100': 682}, 'head': {'NDCG@10': 0.05863339743987396, 'HR@10': 0.10467210244610074, 'n': 39982, 'n_hit@10': 4185, 'HR@20': 0.14769146115752088, 'n_hit@20': 5905, 'HR@50': 0.22980341153519085, 'n_hit@50': 9188, 'HR@100': 0.30851383122405085, 'n_hit@100': 12335}}}
wrote C:\Users\rayxc\Documents\R\_bestrec_run\results_MI_FIRV3_a2learnedwd0_seed20260714.users.jsonl.gz (57,439 per-user records, best epoch 16, sha256 acdc7f094454…)
wrote C:\Users\rayxc\Documents\R\_bestrec_run\results_MI_FIRV3_a2learnedwd0_seed20260714.final.users.jsonl.gz (57,439 FINAL-epoch per-user records)
  fir_v3 final ||DELTA||_2 = 5.011419

wrote C:\Users\rayxc\Documents\R\_bestrec_run\results_MI_FIRV3_a2learnedwd0_seed20260714.json
[7/24] results_MI_FIRV3_a0ident_seed20260715.json
  random seed set to 20260715
=== Musical_Instruments: load splits ===
  n_users=57,439  n_items=24,587  pad_id=24587
  built sequences for 57,439 users
  built timestamp sequences (12 time buckets)
  loading SBERT embeddings from C:\Users\rayxc\Documents\R\cache_5core\sbert_titles_Musical_Instruments.npy...
  TAPE: k-means 24,587 text embeddings into K=512 prototypes (tau=0.05)...
  TAPE: K=512 mean max-assignment weight = 0.526 (1.0 = hard clustering)

=== Build SASRec-SBERT (d=64, layers=4, heads=2) ===
  total params: 11,186,046  device=cuda
  57,439 training examples / 225 batches per epoch
  init_state_sha256 = 0143fd5390412938c96badee46ec1131bca306ac1ac51ea8c282aa6c5d37bebb
  LR schedule: warmup_cosine (225 warmup + 4275 cosine steps)

=== Train for 20 epochs ===
  evaluating 57,439 users in batches of 512...
    [512/57,439  elapsed 0.2s]
    [5,632/57,439  elapsed 1.5s]
    [10,752/57,439  elapsed 2.9s]
    [15,872/57,439  elapsed 4.3s]
    [20,992/57,439  elapsed 5.6s]
    [26,112/57,439  elapsed 7.0s]
    [31,232/57,439  elapsed 8.4s]
    [36,352/57,439  elapsed 9.8s]
    [41,472/57,439  elapsed 11.1s]
    [46,592/57,439  elapsed 12.5s]
    [51,712/57,439  elapsed 13.9s]
    [56,832/57,439  elapsed 15.3s]
  eval done in 15.4s
  by-popularity NDCG@10: tail=0.0001(n=7,762)  mid=0.0003(n=8,169)  head=0.0371(n=41,508)
  evaluating 57,439 users in batches of 512...
    [512/57,439  elapsed 0.1s]
    [5,632/57,439  elapsed 1.5s]
    [10,752/57,439  elapsed 2.9s]
    [15,872/57,439  elapsed 4.3s]
    [20,992/57,439  elapsed 5.7s]
    [26,112/57,439  elapsed 7.0s]
    [31,232/57,439  elapsed 8.4s]
    [36,352/57,439  elapsed 9.8s]
    [41,472/57,439  elapsed 11.2s]
    [46,592/57,439  elapsed 12.6s]
    [51,712/57,439  elapsed 14.0s]
    [56,832/57,439  elapsed 15.4s]
  eval done in 15.5s
  by-popularity NDCG@10: tail=0.0001(n=8,800)  mid=0.0008(n=8,657)  head=0.0336(n=39,982)
  epoch   1  loss=9.6232  val_NDCG=0.0269  test_NDCG=0.0235  test_HR=0.0444  (6.0s)
  evaluating 57,439 users in batches of 512...
    [512/57,439  elapsed 0.2s]
    [5,632/57,439  elapsed 1.6s]
    [10,752/57,439  elapsed 3.0s]
    [15,872/57,439  elapsed 4.4s]
    [20,992/57,439  elapsed 5.8s]
    [26,112/57,439  elapsed 7.2s]
    [31,232/57,439  elapsed 8.6s]
    [36,352/57,439  elapsed 10.0s]
    [41,472/57,439  elapsed 11.4s]
    [46,592/57,439  elapsed 12.8s]
    [51,712/57,439  elapsed 14.2s]
    [56,832/57,439  elapsed 15.6s]
  eval done in 15.8s
  by-popularity NDCG@10: tail=0.0000(n=7,762)  mid=0.0002(n=8,169)  head=0.0448(n=41,508)
  evaluating 57,439 users in batches of 512...
    [512/57,439  elapsed 0.1s]
    [5,632/57,439  elapsed 1.6s]
    [10,752/57,439  elapsed 3.0s]
    [15,872/57,439  elapsed 4.4s]
    [20,992/57,439  elapsed 5.8s]
    [26,112/57,439  elapsed 7.2s]
    [31,232/57,439  elapsed 8.6s]
    [36,352/57,439  elapsed 10.0s]
    [41,472/57,439  elapsed 11.5s]
    [46,592/57,439  elapsed 12.9s]
    [51,712/57,439  elapsed 14.3s]
    [56,832/57,439  elapsed 15.7s]
  eval done in 15.8s
  by-popularity NDCG@10: tail=0.0000(n=8,800)  mid=0.0004(n=8,657)  head=0.0420(n=39,982)
  epoch   2  loss=9.1022  val_NDCG=0.0324  test_NDCG=0.0293  test_HR=0.0552  (5.8s)
  evaluating 57,439 users in batches of 512...
    [512/57,439  elapsed 0.1s]
    [5,632/57,439  elapsed 1.5s]
    [10,752/57,439  elapsed 2.8s]
    [15,872/57,439  elapsed 4.2s]
    [20,992/57,439  elapsed 5.6s]
    [26,112/57,439  elapsed 7.0s]
    [31,232/57,439  elapsed 8.3s]
    [36,352/57,439  elapsed 9.7s]
    [41,472/57,439  elapsed 11.1s]
    [46,592/57,439  elapsed 12.5s]
    [51,712/57,439  elapsed 13.8s]
    [56,832/57,439  elapsed 15.2s]
  eval done in 15.4s
  by-popularity NDCG@10: tail=0.0000(n=7,762)  mid=0.0008(n=8,169)  head=0.0493(n=41,508)
  evaluating 57,439 users in batches of 512...
    [512/57,439  elapsed 0.1s]
    [5,632/57,439  elapsed 1.5s]
    [10,752/57,439  elapsed 2.9s]
    [15,872/57,439  elapsed 4.3s]
    [20,992/57,439  elapsed 5.7s]
    [26,112/57,439  elapsed 7.0s]
    [31,232/57,439  elapsed 8.4s]
    [36,352/57,439  elapsed 9.8s]
    [41,472/57,439  elapsed 11.2s]
    [46,592/57,439  elapsed 12.6s]
    [51,712/57,439  elapsed 14.0s]
    [56,832/57,439  elapsed 15.3s]
  eval done in 15.5s
  by-popularity NDCG@10: tail=0.0001(n=8,800)  mid=0.0008(n=8,657)  head=0.0468(n=39,982)
  epoch   3  loss=8.9498  val_NDCG=0.0357  test_NDCG=0.0327  test_HR=0.0607  (5.8s)
  evaluating 57,439 users in batches of 512...
    [512/57,439  elapsed 0.2s]
    [5,632/57,439  elapsed 1.5s]
    [10,752/57,439  elapsed 2.9s]
    [15,872/57,439  elapsed 4.3s]
    [20,992/57,439  elapsed 5.6s]
    [26,112/57,439  elapsed 7.0s]
    [31,232/57,439  elapsed 8.4s]
    [36,352/57,439  elapsed 9.8s]
    [41,472/57,439  elapsed 11.1s]
    [46,592/57,439  elapsed 12.5s]
    [51,712/57,439  elapsed 13.9s]
    [56,832/57,439  elapsed 15.3s]
  eval done in 15.4s
  by-popularity NDCG@10: tail=0.0000(n=7,762)  mid=0.0009(n=8,169)  head=0.0525(n=41,508)
  evaluating 57,439 users in batches of 512...
    [512/57,439  elapsed 0.1s]
    [5,632/57,439  elapsed 1.5s]
    [10,752/57,439  elapsed 2.9s]
    [15,872/57,439  elapsed 4.3s]
    [20,992/57,439  elapsed 5.7s]
    [26,112/57,439  elapsed 7.1s]
    [31,232/57,439  elapsed 8.4s]
    [36,352/57,439  elapsed 9.8s]
    [41,472/57,439  elapsed 11.2s]
    [46,592/57,439  elapsed 12.6s]
    [51,712/57,439  elapsed 14.0s]
    [56,832/57,439  elapsed 15.4s]
  eval done in 15.5s
  by-popularity NDCG@10: tail=0.0002(n=8,800)  mid=0.0012(n=8,657)  head=0.0495(n=39,982)
  epoch   4  loss=8.8534  val_NDCG=0.0381  test_NDCG=0.0347  test_HR=0.0632  (5.8s)
  evaluating 57,439 users in batches of 512...
    [512/57,439  elapsed 0.2s]
    [5,632/57,439  elapsed 1.5s]
    [10,752/57,439  elapsed 2.9s]
    [15,872/57,439  elapsed 4.3s]
    [20,992/57,439  elapsed 5.6s]
    [26,112/57,439  elapsed 7.0s]
    [31,232/57,439  elapsed 8.4s]
    [36,352/57,439  elapsed 9.8s]
    [41,472/57,439  elapsed 11.2s]
    [46,592/57,439  elapsed 12.6s]
    [51,712/57,439  elapsed 13.9s]
    [56,832/57,439  elapsed 15.3s]
  eval done in 15.5s
  by-popularity NDCG@10: tail=0.0000(n=7,762)  mid=0.0016(n=8,169)  head=0.0549(n=41,508)
  evaluating 57,439 users in batches of 512...
    [512/57,439  elapsed 0.1s]
    [5,632/57,439  elapsed 1.5s]
    [10,752/57,439  elapsed 2.9s]
    [15,872/57,439  elapsed 4.3s]
    [20,992/57,439  elapsed 5.7s]
    [26,112/57,439  elapsed 7.0s]
    [31,232/57,439  elapsed 8.4s]
    [36,352/57,439  elapsed 9.8s]
    [41,472/57,439  elapsed 11.2s]
    [46,592/57,439  elapsed 12.6s]
    [51,712/57,439  elapsed 14.0s]
    [56,832/57,439  elapsed 15.4s]
  eval done in 15.5s
  by-popularity NDCG@10: tail=0.0001(n=8,800)  mid=0.0016(n=8,657)  head=0.0517(n=39,982)
  epoch   5  loss=8.7802  val_NDCG=0.0399  test_NDCG=0.0363  test_HR=0.0665  (5.8s)
  evaluating 57,439 users in batches of 512...
    [512/57,439  elapsed 0.2s]
    [5,632/57,439  elapsed 1.5s]
    [10,752/57,439  elapsed 2.9s]
    [15,872/57,439  elapsed 4.3s]
    [20,992/57,439  elapsed 5.6s]
    [26,112/57,439  elapsed 7.0s]
    [31,232/57,439  elapsed 8.4s]
    [36,352/57,439  elapsed 9.8s]
    [41,472/57,439  elapsed 11.2s]
    [46,592/57,439  elapsed 12.6s]
    [51,712/57,439  elapsed 13.9s]
    [56,832/57,439  elapsed 15.3s]
  eval done in 15.5s
  by-popularity NDCG@10: tail=0.0000(n=7,762)  mid=0.0019(n=8,169)  head=0.0562(n=41,508)
  evaluating 57,439 users in batches of 512...
    [512/57,439  elapsed 0.1s]
    [5,632/57,439  elapsed 1.5s]
    [10,752/57,439  elapsed 2.9s]
    [15,872/57,439  elapsed 4.3s]
    [20,992/57,439  elapsed 5.7s]
    [26,112/57,439  elapsed 7.1s]
    [31,232/57,439  elapsed 8.4s]
    [36,352/57,439  elapsed 9.8s]
    [41,472/57,439  elapsed 11.2s]
    [46,592/57,439  elapsed 12.6s]
    [51,712/57,439  elapsed 14.0s]
    [56,832/57,439  elapsed 15.4s]
  eval done in 15.5s
  by-popularity NDCG@10: tail=0.0002(n=8,800)  mid=0.0020(n=8,657)  head=0.0529(n=39,982)
  epoch   6  loss=8.7175  val_NDCG=0.0409  test_NDCG=0.0371  test_HR=0.0682  (5.8s)
  evaluating 57,439 users in batches of 512...
    [512/57,439  elapsed 0.1s]
    [5,632/57,439  elapsed 1.5s]
    [10,752/57,439  elapsed 2.9s]
    [15,872/57,439  elapsed 4.2s]
    [20,992/57,439  elapsed 5.6s]
    [26,112/57,439  elapsed 7.0s]
    [31,232/57,439  elapsed 8.4s]
    [36,352/57,439  elapsed 9.8s]
    [41,472/57,439  elapsed 11.1s]
    [46,592/57,439  elapsed 12.5s]
    [51,712/57,439  elapsed 13.9s]
    [56,832/57,439  elapsed 15.3s]
  eval done in 15.4s
  by-popularity NDCG@10: tail=0.0002(n=7,762)  mid=0.0027(n=8,169)  head=0.0570(n=41,508)
  evaluating 57,439 users in batches of 512...
    [512/57,439  elapsed 0.1s]
    [5,632/57,439  elapsed 1.5s]
    [10,752/57,439  elapsed 2.9s]
    [15,872/57,439  elapsed 4.3s]
    [20,992/57,439  elapsed 5.7s]
    [26,112/57,439  elapsed 7.1s]
    [31,232/57,439  elapsed 8.4s]
    [36,352/57,439  elapsed 9.8s]
    [41,472/57,439  elapsed 11.2s]
    [46,592/57,439  elapsed 12.6s]
    [51,712/57,439  elapsed 14.0s]
    [56,832/57,439  elapsed 15.4s]
  eval done in 15.5s
  by-popularity NDCG@10: tail=0.0004(n=8,800)  mid=0.0029(n=8,657)  head=0.0536(n=39,982)
  epoch   7  loss=8.6669  val_NDCG=0.0416  test_NDCG=0.0378  test_HR=0.0687  (5.8s)
  evaluating 57,439 users in batches of 512...
    [512/57,439  elapsed 0.2s]
    [5,632/57,439  elapsed 1.5s]
    [10,752/57,439  elapsed 2.9s]
    [15,872/57,439  elapsed 4.2s]
    [20,992/57,439  elapsed 5.6s]
    [26,112/57,439  elapsed 7.0s]
    [31,232/57,439  elapsed 8.4s]
    [36,352/57,439  elapsed 9.7s]
    [41,472/57,439  elapsed 11.1s]
    [46,592/57,439  elapsed 12.5s]
    [51,712/57,439  elapsed 13.9s]
    [56,832/57,439  elapsed 15.3s]
  eval done in 15.4s
  by-popularity NDCG@10: tail=0.0006(n=7,762)  mid=0.0032(n=8,169)  head=0.0573(n=41,508)
  evaluating 57,439 users in batches of 512...
    [512/57,439  elapsed 0.1s]
    [5,632/57,439  elapsed 1.5s]
    [10,752/57,439  elapsed 2.9s]
    [15,872/57,439  elapsed 4.3s]
    [20,992/57,439  elapsed 5.7s]
    [26,112/57,439  elapsed 7.1s]
    [31,232/57,439  elapsed 8.4s]
    [36,352/57,439  elapsed 9.8s]
    [41,472/57,439  elapsed 11.2s]
    [46,592/57,439  elapsed 12.6s]
    [51,712/57,439  elapsed 14.0s]
    [56,832/57,439  elapsed 15.4s]
  eval done in 15.5s
  by-popularity NDCG@10: tail=0.0004(n=8,800)  mid=0.0032(n=8,657)  head=0.0527(n=39,982)
  epoch   8  loss=8.6196  val_NDCG=0.0419  test_NDCG=0.0372  test_HR=0.0677  (5.8s)
  evaluating 57,439 users in batches of 512...
    [512/57,439  elapsed 0.1s]
    [5,632/57,439  elapsed 1.5s]
    [10,752/57,439  elapsed 2.8s]
    [15,872/57,439  elapsed 4.2s]
    [20,992/57,439  elapsed 5.6s]
    [26,112/57,439  elapsed 7.0s]
    [31,232/57,439  elapsed 8.4s]
    [36,352/57,439  elapsed 9.7s]
    [41,472/57,439  elapsed 11.1s]
    [46,592/57,439  elapsed 12.5s]
    [51,712/57,439  elapsed 13.9s]
    [56,832/57,439  elapsed 15.3s]
  eval done in 15.4s
  by-popularity NDCG@10: tail=0.0007(n=7,762)  mid=0.0037(n=8,169)  head=0.0584(n=41,508)
  evaluating 57,439 users in batches of 512...
    [512/57,439  elapsed 0.1s]
    [5,632/57,439  elapsed 1.5s]
    [10,752/57,439  elapsed 2.9s]
    [15,872/57,439  elapsed 4.3s]
    [20,992/57,439  elapsed 5.7s]
    [26,112/57,439  elapsed 7.1s]
    [31,232/57,439  elapsed 8.5s]
    [36,352/57,439  elapsed 9.8s]
    [41,472/57,439  elapsed 11.2s]
    [46,592/57,439  elapsed 12.6s]
    [51,712/57,439  elapsed 14.0s]
    [56,832/57,439  elapsed 15.4s]
  eval done in 15.5s
  by-popularity NDCG@10: tail=0.0005(n=8,800)  mid=0.0036(n=8,657)  head=0.0549(n=39,982)
  epoch   9  loss=8.5773  val_NDCG=0.0428  test_NDCG=0.0388  test_HR=0.0699  (5.8s)
  evaluating 57,439 users in batches of 512...
    [512/57,439  elapsed 0.2s]
    [5,632/57,439  elapsed 1.5s]
    [10,752/57,439  elapsed 2.9s]
    [15,872/57,439  elapsed 4.3s]
    [20,992/57,439  elapsed 5.6s]
    [26,112/57,439  elapsed 7.0s]
    [31,232/57,439  elapsed 8.4s]
    [36,352/57,439  elapsed 9.8s]
    [41,472/57,439  elapsed 11.2s]
    [46,592/57,439  elapsed 12.5s]
    [51,712/57,439  elapsed 13.9s]
    [56,832/57,439  elapsed 15.3s]
  eval done in 15.5s
  by-popularity NDCG@10: tail=0.0008(n=7,762)  mid=0.0042(n=8,169)  head=0.0585(n=41,508)
  evaluating 57,439 users in batches of 512...
    [512/57,439  elapsed 0.1s]
    [5,632/57,439  elapsed 1.5s]
    [10,752/57,439  elapsed 2.9s]
    [15,872/57,439  elapsed 4.3s]
    [20,992/57,439  elapsed 5.7s]
    [26,112/57,439  elapsed 7.1s]
    [31,232/57,439  elapsed 8.5s]
    [36,352/57,439  elapsed 9.8s]
    [41,472/57,439  elapsed 11.2s]
    [46,592/57,439  elapsed 12.6s]
    [51,712/57,439  elapsed 14.0s]
    [56,832/57,439  elapsed 15.4s]
  eval done in 15.6s
  by-popularity NDCG@10: tail=0.0006(n=8,800)  mid=0.0042(n=8,657)  head=0.0544(n=39,982)
  epoch  10  loss=8.5367  val_NDCG=0.0430  test_NDCG=0.0386  test_HR=0.0697  (5.8s)
  evaluating 57,439 users in batches of 512...
    [512/57,439  elapsed 0.2s]
    [5,632/57,439  elapsed 1.5s]
    [10,752/57,439  elapsed 2.9s]
    [15,872/57,439  elapsed 4.3s]
    [20,992/57,439  elapsed 5.6s]
    [26,112/57,439  elapsed 7.0s]
    [31,232/57,439  elapsed 8.4s]
    [36,352/57,439  elapsed 9.8s]
    [41,472/57,439  elapsed 11.2s]
    [46,592/57,439  elapsed 12.5s]
    [51,712/57,439  elapsed 13.9s]
    [56,832/57,439  elapsed 15.3s]
  eval done in 15.5s
  by-popularity NDCG@10: tail=0.0010(n=7,762)  mid=0.0046(n=8,169)  head=0.0585(n=41,508)
  evaluating 57,439 users in batches of 512...
    [512/57,439  elapsed 0.1s]
    [5,632/57,439  elapsed 1.5s]
    [10,752/57,439  elapsed 2.9s]
    [15,872/57,439  elapsed 4.3s]
    [20,992/57,439  elapsed 5.7s]
    [26,112/57,439  elapsed 7.1s]
    [31,232/57,439  elapsed 8.4s]
    [36,352/57,439  elapsed 9.8s]
    [41,472/57,439  elapsed 11.2s]
    [46,592/57,439  elapsed 12.6s]
    [51,712/57,439  elapsed 14.0s]
    [56,832/57,439  elapsed 15.4s]
  eval done in 15.5s
  by-popularity NDCG@10: tail=0.0006(n=8,800)  mid=0.0040(n=8,657)  head=0.0551(n=39,982)
  epoch  11  loss=8.5017  val_NDCG=0.0431  test_NDCG=0.0391  test_HR=0.0705  (5.8s)
  evaluating 57,439 users in batches of 512...
    [512/57,439  elapsed 0.2s]
    [5,632/57,439  elapsed 1.5s]
    [10,752/57,439  elapsed 2.9s]
    [15,872/57,439  elapsed 4.3s]
    [20,992/57,439  elapsed 5.6s]
    [26,112/57,439  elapsed 7.0s]
    [31,232/57,439  elapsed 8.4s]
    [36,352/57,439  elapsed 9.8s]
    [41,472/57,439  elapsed 11.1s]
    [46,592/57,439  elapsed 12.5s]
    [51,712/57,439  elapsed 13.9s]
    [56,832/57,439  elapsed 15.3s]
  eval done in 15.4s
  by-popularity NDCG@10: tail=0.0011(n=7,762)  mid=0.0045(n=8,169)  head=0.0591(n=41,508)
  evaluating 57,439 users in batches of 512...
    [512/57,439  elapsed 0.1s]
    [5,632/57,439  elapsed 1.5s]
    [10,752/57,439  elapsed 2.9s]
    [15,872/57,439  elapsed 4.3s]
    [20,992/57,439  elapsed 5.7s]
    [26,112/57,439  elapsed 7.0s]
    [31,232/57,439  elapsed 8.4s]
    [36,352/57,439  elapsed 9.8s]
    [41,472/57,439  elapsed 11.2s]
    [46,592/57,439  elapsed 12.6s]
    [51,712/57,439  elapsed 14.0s]
    [56,832/57,439  elapsed 15.3s]
  eval done in 15.5s
  by-popularity NDCG@10: tail=0.0008(n=8,800)  mid=0.0046(n=8,657)  head=0.0552(n=39,982)
  epoch  12  loss=8.4677  val_NDCG=0.0435  test_NDCG=0.0393  test_HR=0.0707  (5.8s)
  evaluating 57,439 users in batches of 512...
    [512/57,439  elapsed 0.1s]
    [5,632/57,439  elapsed 1.5s]
    [10,752/57,439  elapsed 2.9s]
    [15,872/57,439  elapsed 4.2s]
    [20,992/57,439  elapsed 5.6s]
    [26,112/57,439  elapsed 7.0s]
    [31,232/57,439  elapsed 8.4s]
    [36,352/57,439  elapsed 9.8s]
    [41,472/57,439  elapsed 11.1s]
    [46,592/57,439  elapsed 12.5s]
    [51,712/57,439  elapsed 13.9s]
    [56,832/57,439  elapsed 15.3s]
  eval done in 15.4s
  by-popularity NDCG@10: tail=0.0011(n=7,762)  mid=0.0052(n=8,169)  head=0.0592(n=41,508)
  evaluating 57,439 users in batches of 512...
    [512/57,439  elapsed 0.1s]
    [5,632/57,439  elapsed 1.5s]
    [10,752/57,439  elapsed 2.9s]
    [15,872/57,439  elapsed 4.3s]
    [20,992/57,439  elapsed 5.7s]
    [26,112/57,439  elapsed 7.1s]
    [31,232/57,439  elapsed 8.5s]
    [36,352/57,439  elapsed 9.9s]
    [41,472/57,439  elapsed 11.2s]
    [46,592/57,439  elapsed 12.6s]
    [51,712/57,439  elapsed 14.0s]
    [56,832/57,439  elapsed 15.4s]
  eval done in 15.6s
  by-popularity NDCG@10: tail=0.0008(n=8,800)  mid=0.0047(n=8,657)  head=0.0553(n=39,982)
  epoch  13  loss=8.4402  val_NDCG=0.0437  test_NDCG=0.0393  test_HR=0.0709  (5.7s)
  evaluating 57,439 users in batches of 512...
    [512/57,439  elapsed 0.2s]
    [5,632/57,439  elapsed 1.5s]
    [10,752/57,439  elapsed 2.9s]
    [15,872/57,439  elapsed 4.3s]
    [20,992/57,439  elapsed 5.7s]
    [26,112/57,439  elapsed 7.0s]
    [31,232/57,439  elapsed 8.4s]
    [36,352/57,439  elapsed 9.8s]
    [41,472/57,439  elapsed 11.2s]
    [46,592/57,439  elapsed 12.6s]
    [51,712/57,439  elapsed 13.9s]
    [56,832/57,439  elapsed 15.3s]
  eval done in 15.5s
  by-popularity NDCG@10: tail=0.0011(n=7,762)  mid=0.0053(n=8,169)  head=0.0583(n=41,508)
  evaluating 57,439 users in batches of 512...
    [512/57,439  elapsed 0.1s]
    [5,632/57,439  elapsed 1.5s]
    [10,752/57,439  elapsed 2.9s]
    [15,872/57,439  elapsed 4.3s]
    [20,992/57,439  elapsed 5.7s]
    [26,112/57,439  elapsed 7.1s]
    [31,232/57,439  elapsed 8.5s]
    [36,352/57,439  elapsed 9.8s]
    [41,472/57,439  elapsed 11.2s]
    [46,592/57,439  elapsed 12.6s]
    [51,712/57,439  elapsed 14.0s]
    [56,832/57,439  elapsed 15.4s]
  eval done in 15.6s
  by-popularity NDCG@10: tail=0.0009(n=8,800)  mid=0.0052(n=8,657)  head=0.0548(n=39,982)
  epoch  14  loss=8.4152  val_NDCG=0.0430  test_NDCG=0.0390  test_HR=0.0703  (5.8s)
  evaluating 57,439 users in batches of 512...
    [512/57,439  elapsed 0.2s]
    [5,632/57,439  elapsed 1.6s]
    [10,752/57,439  elapsed 2.9s]
    [15,872/57,439  elapsed 4.3s]
    [20,992/57,439  elapsed 5.7s]
    [26,112/57,439  elapsed 7.1s]
    [31,232/57,439  elapsed 8.5s]
    [36,352/57,439  elapsed 9.9s]
    [41,472/57,439  elapsed 11.3s]
    [46,592/57,439  elapsed 12.7s]
    [51,712/57,439  elapsed 14.1s]
    [56,832/57,439  elapsed 15.5s]
  eval done in 15.6s
  by-popularity NDCG@10: tail=0.0012(n=7,762)  mid=0.0051(n=8,169)  head=0.0590(n=41,508)
  evaluating 57,439 users in batches of 512...
    [512/57,439  elapsed 0.1s]
    [5,632/57,439  elapsed 1.5s]
    [10,752/57,439  elapsed 2.9s]
    [15,872/57,439  elapsed 4.3s]
    [20,992/57,439  elapsed 5.7s]
    [26,112/57,439  elapsed 7.1s]
    [31,232/57,439  elapsed 8.5s]
    [36,352/57,439  elapsed 9.9s]
    [41,472/57,439  elapsed 11.3s]
    [46,592/57,439  elapsed 12.7s]
    [51,712/57,439  elapsed 14.1s]
    [56,832/57,439  elapsed 15.5s]
  eval done in 15.7s
  by-popularity NDCG@10: tail=0.0009(n=8,800)  mid=0.0050(n=8,657)  head=0.0550(n=39,982)
  epoch  15  loss=8.3931  val_NDCG=0.0435  test_NDCG=0.0392  test_HR=0.0705  (5.8s)
  evaluating 57,439 users in batches of 512...
    [512/57,439  elapsed 0.2s]
    [5,632/57,439  elapsed 1.5s]
    [10,752/57,439  elapsed 2.9s]
    [15,872/57,439  elapsed 4.3s]
    [20,992/57,439  elapsed 5.7s]
    [26,112/57,439  elapsed 7.0s]
    [31,232/57,439  elapsed 8.4s]
    [36,352/57,439  elapsed 9.8s]
    [41,472/57,439  elapsed 11.1s]
    [46,592/57,439  elapsed 12.5s]
    [51,712/57,439  elapsed 13.9s]
    [56,832/57,439  elapsed 15.3s]
  eval done in 15.4s
  by-popularity NDCG@10: tail=0.0012(n=7,762)  mid=0.0055(n=8,169)  head=0.0587(n=41,508)
  evaluating 57,439 users in batches of 512...
    [512/57,439  elapsed 0.1s]
    [5,632/57,439  elapsed 1.5s]
    [10,752/57,439  elapsed 2.9s]
    [15,872/57,439  elapsed 4.3s]
    [20,992/57,439  elapsed 5.6s]
    [26,112/57,439  elapsed 7.0s]
    [31,232/57,439  elapsed 8.4s]
    [36,352/57,439  elapsed 9.8s]
    [41,472/57,439  elapsed 11.2s]
    [46,592/57,439  elapsed 12.6s]
    [51,712/57,439  elapsed 13.9s]
    [56,832/57,439  elapsed 15.3s]
  eval done in 15.5s
  by-popularity NDCG@10: tail=0.0010(n=8,800)  mid=0.0055(n=8,657)  head=0.0552(n=39,982)
  epoch  16  loss=8.3772  val_NDCG=0.0434  test_NDCG=0.0394  test_HR=0.0707  (5.8s)
  evaluating 57,439 users in batches of 512...
    [512/57,439  elapsed 0.1s]
    [5,632/57,439  elapsed 1.5s]
    [10,752/57,439  elapsed 2.8s]
    [15,872/57,439  elapsed 4.2s]
    [20,992/57,439  elapsed 5.5s]
    [26,112/57,439  elapsed 6.9s]
    [31,232/57,439  elapsed 8.3s]
    [36,352/57,439  elapsed 9.7s]
    [41,472/57,439  elapsed 11.0s]
    [46,592/57,439  elapsed 12.4s]
    [51,712/57,439  elapsed 13.8s]
    [56,832/57,439  elapsed 15.1s]
  eval done in 15.3s
  by-popularity NDCG@10: tail=0.0012(n=7,762)  mid=0.0055(n=8,169)  head=0.0589(n=41,508)
  evaluating 57,439 users in batches of 512...
    [512/57,439  elapsed 0.1s]
    [5,632/57,439  elapsed 1.5s]
    [10,752/57,439  elapsed 2.9s]
    [15,872/57,439  elapsed 4.3s]
    [20,992/57,439  elapsed 5.6s]
    [26,112/57,439  elapsed 7.0s]
    [31,232/57,439  elapsed 8.4s]
    [36,352/57,439  elapsed 9.8s]
    [41,472/57,439  elapsed 11.2s]
    [46,592/57,439  elapsed 12.5s]
    [51,712/57,439  elapsed 13.9s]
    [56,832/57,439  elapsed 15.3s]
  eval done in 15.5s
  by-popularity NDCG@10: tail=0.0011(n=8,800)  mid=0.0055(n=8,657)  head=0.0555(n=39,982)
  epoch  17  loss=8.3620  val_NDCG=0.0435  test_NDCG=0.0396  test_HR=0.0712  (5.7s)
  evaluating 57,439 users in batches of 512...
    [512/57,439  elapsed 0.1s]
    [5,632/57,439  elapsed 1.5s]
    [10,752/57,439  elapsed 2.9s]
    [15,872/57,439  elapsed 4.2s]
    [20,992/57,439  elapsed 5.6s]
    [26,112/57,439  elapsed 7.0s]
    [31,232/57,439  elapsed 8.4s]
    [36,352/57,439  elapsed 9.8s]
    [41,472/57,439  elapsed 11.1s]
    [46,592/57,439  elapsed 12.5s]
    [51,712/57,439  elapsed 13.9s]
    [56,832/57,439  elapsed 15.3s]
  eval done in 15.4s
  by-popularity NDCG@10: tail=0.0012(n=7,762)  mid=0.0054(n=8,169)  head=0.0589(n=41,508)
  evaluating 57,439 users in batches of 512...
    [512/57,439  elapsed 0.1s]
    [5,632/57,439  elapsed 1.5s]
    [10,752/57,439  elapsed 2.9s]
    [15,872/57,439  elapsed 4.3s]
    [20,992/57,439  elapsed 5.7s]
    [26,112/57,439  elapsed 7.1s]
    [31,232/57,439  elapsed 8.5s]
    [36,352/57,439  elapsed 9.8s]
    [41,472/57,439  elapsed 11.2s]
    [46,592/57,439  elapsed 12.6s]
    [51,712/57,439  elapsed 14.0s]
    [56,832/57,439  elapsed 15.4s]
  eval done in 15.5s
  by-popularity NDCG@10: tail=0.0011(n=8,800)  mid=0.0056(n=8,657)  head=0.0554(n=39,982)
  epoch  18  loss=8.3522  val_NDCG=0.0435  test_NDCG=0.0396  test_HR=0.0712  (5.6s)
  evaluating 57,439 users in batches of 512...
    [512/57,439  elapsed 0.2s]
    [5,632/57,439  elapsed 1.5s]
    [10,752/57,439  elapsed 2.9s]
    [15,872/57,439  elapsed 4.2s]
    [20,992/57,439  elapsed 5.6s]
    [26,112/57,439  elapsed 7.0s]
    [31,232/57,439  elapsed 8.4s]
    [36,352/57,439  elapsed 9.8s]
    [41,472/57,439  elapsed 11.1s]
    [46,592/57,439  elapsed 12.5s]
    [51,712/57,439  elapsed 13.9s]
    [56,832/57,439  elapsed 15.3s]
  eval done in 15.4s
  by-popularity NDCG@10: tail=0.0012(n=7,762)  mid=0.0054(n=8,169)  head=0.0590(n=41,508)
  evaluating 57,439 users in batches of 512...
    [512/57,439  elapsed 0.1s]
    [5,632/57,439  elapsed 1.5s]
    [10,752/57,439  elapsed 2.9s]
    [15,872/57,439  elapsed 4.3s]
    [20,992/57,439  elapsed 5.7s]
    [26,112/57,439  elapsed 7.0s]
    [31,232/57,439  elapsed 8.4s]
    [36,352/57,439  elapsed 9.8s]
    [41,472/57,439  elapsed 11.2s]
    [46,592/57,439  elapsed 12.6s]
    [51,712/57,439  elapsed 13.9s]
    [56,832/57,439  elapsed 15.3s]
  eval done in 15.5s
  by-popularity NDCG@10: tail=0.0011(n=8,800)  mid=0.0055(n=8,657)  head=0.0554(n=39,982)
  epoch  19  loss=8.3475  val_NDCG=0.0436  test_NDCG=0.0396  test_HR=0.0712  (5.6s)
  evaluating 57,439 users in batches of 512...
    [512/57,439  elapsed 0.2s]
    [5,632/57,439  elapsed 1.5s]
    [10,752/57,439  elapsed 2.9s]
    [15,872/57,439  elapsed 4.3s]
    [20,992/57,439  elapsed 5.6s]
    [26,112/57,439  elapsed 7.0s]
    [31,232/57,439  elapsed 8.4s]
    [36,352/57,439  elapsed 9.8s]
    [41,472/57,439  elapsed 11.1s]
    [46,592/57,439  elapsed 12.5s]
    [51,712/57,439  elapsed 13.9s]
    [56,832/57,439  elapsed 15.3s]
  eval done in 15.4s
  by-popularity NDCG@10: tail=0.0012(n=7,762)  mid=0.0054(n=8,169)  head=0.0589(n=41,508)
  evaluating 57,439 users in batches of 512...
    [512/57,439  elapsed 0.1s]
    [5,632/57,439  elapsed 1.5s]
    [10,752/57,439  elapsed 2.9s]
    [15,872/57,439  elapsed 4.3s]
    [20,992/57,439  elapsed 5.7s]
    [26,112/57,439  elapsed 7.1s]
    [31,232/57,439  elapsed 8.4s]
    [36,352/57,439  elapsed 9.8s]
    [41,472/57,439  elapsed 11.2s]
    [46,592/57,439  elapsed 12.6s]
    [51,712/57,439  elapsed 14.0s]
    [56,832/57,439  elapsed 15.3s]
  eval done in 15.5s
  by-popularity NDCG@10: tail=0.0011(n=8,800)  mid=0.0055(n=8,657)  head=0.0555(n=39,982)
  epoch  20  loss=8.3448  val_NDCG=0.0435  test_NDCG=0.0396  test_HR=0.0712  (5.7s)

=== Best by val NDCG@10 ===
  val_NDCG=0.0437
  test: {'NDCG@10': 0.03930659073042558, 'HR@10': 0.0709274186528317, 'MRR': 0.03598988661868691, 'n_eval': 57439, 'by_popularity': {'tail': {'NDCG@10': 0.000846061788914404, 'HR@10': 0.0018181818181818182, 'n': 8800, 'n_hit@10': 16, 'HR@20': 0.003863636363636364, 'n_hit@20': 34, 'HR@50': 0.01090909090909091, 'n_hit@50': 96, 'HR@100': 0.02465909090909091, 'n_hit@100': 217}, 'mid': {'NDCG@10': 0.004708290349182272, 'HR@10': 0.009010049670786646, 'n': 8657, 'n_hit@10': 78, 'HR@20': 0.017789072426937738, 'n_hit@20': 154, 'HR@50': 0.03915906203072658, 'n_hit@50': 339, 'HR@100': 0.07023218204920874, 'n_hit@100': 608}, 'head': {'NDCG@10': 0.05526302465283371, 'HR@10': 0.09954479515782103, 'n': 39982, 'n_hit@10': 3980, 'HR@20': 0.14499024561052473, 'n_hit@20': 5797, 'HR@50': 0.22487619428742933, 'n_hit@50': 8991, 'HR@100': 0.30556250312640687, 'n_hit@100': 12217}}}
wrote C:\Users\rayxc\Documents\R\_bestrec_run\results_MI_FIRV3_a0ident_seed20260715.users.jsonl.gz (57,439 per-user records, best epoch 13, sha256 d008b9bdb80c…)
wrote C:\Users\rayxc\Documents\R\_bestrec_run\results_MI_FIRV3_a0ident_seed20260715.final.users.jsonl.gz (57,439 FINAL-epoch per-user records)
  fir_v3 final ||DELTA||_2 = 0.000000

wrote C:\Users\rayxc\Documents\R\_bestrec_run\results_MI_FIRV3_a0ident_seed20260715.json
[8/24] results_MI_FIRV3_a1learned_seed20260715.json
  random seed set to 20260715
=== Musical_Instruments: load splits ===
  n_users=57,439  n_items=24,587  pad_id=24587
  built sequences for 57,439 users
  built timestamp sequences (12 time buckets)
  loading SBERT embeddings from C:\Users\rayxc\Documents\R\cache_5core\sbert_titles_Musical_Instruments.npy...
  TAPE: k-means 24,587 text embeddings into K=512 prototypes (tau=0.05)...
  TAPE: K=512 mean max-assignment weight = 0.526 (1.0 = hard clustering)

=== Build SASRec-SBERT (d=64, layers=4, heads=2) ===
  total params: 11,186,046  device=cuda
  57,439 training examples / 225 batches per epoch
  init_state_sha256 = 0143fd5390412938c96badee46ec1131bca306ac1ac51ea8c282aa6c5d37bebb
  LR schedule: warmup_cosine (225 warmup + 4275 cosine steps)

=== Train for 20 epochs ===
  evaluating 57,439 users in batches of 512...
    [512/57,439  elapsed 0.1s]
    [5,632/57,439  elapsed 1.5s]
    [10,752/57,439  elapsed 2.8s]
    [15,872/57,439  elapsed 4.2s]
    [20,992/57,439  elapsed 5.5s]
    [26,112/57,439  elapsed 6.9s]
    [31,232/57,439  elapsed 8.3s]
    [36,352/57,439  elapsed 9.6s]
    [41,472/57,439  elapsed 11.0s]
    [46,592/57,439  elapsed 12.3s]
    [51,712/57,439  elapsed 13.7s]
    [56,832/57,439  elapsed 15.0s]
  eval done in 15.2s
  by-popularity NDCG@10: tail=0.0001(n=7,762)  mid=0.0003(n=8,169)  head=0.0379(n=41,508)
  evaluating 57,439 users in batches of 512...
    [512/57,439  elapsed 0.1s]
    [5,632/57,439  elapsed 1.5s]
    [10,752/57,439  elapsed 2.9s]
    [15,872/57,439  elapsed 4.3s]
    [20,992/57,439  elapsed 5.6s]
    [26,112/57,439  elapsed 7.0s]
    [31,232/57,439  elapsed 8.4s]
    [36,352/57,439  elapsed 9.8s]
    [41,472/57,439  elapsed 11.1s]
    [46,592/57,439  elapsed 12.5s]
    [51,712/57,439  elapsed 13.9s]
    [56,832/57,439  elapsed 15.3s]
  eval done in 15.5s
  by-popularity NDCG@10: tail=0.0002(n=8,800)  mid=0.0009(n=8,657)  head=0.0343(n=39,982)
  epoch   1  loss=9.6179  val_NDCG=0.0274  test_NDCG=0.0240  test_HR=0.0451  (5.9s)
  evaluating 57,439 users in batches of 512...
    [512/57,439  elapsed 0.2s]
    [5,632/57,439  elapsed 1.6s]
    [10,752/57,439  elapsed 2.9s]
    [15,872/57,439  elapsed 4.3s]
    [20,992/57,439  elapsed 5.7s]
    [26,112/57,439  elapsed 7.0s]
    [31,232/57,439  elapsed 8.4s]
    [36,352/57,439  elapsed 9.8s]
    [41,472/57,439  elapsed 11.1s]
    [46,592/57,439  elapsed 12.5s]
    [51,712/57,439  elapsed 13.9s]
    [56,832/57,439  elapsed 15.3s]
  eval done in 15.4s
  by-popularity NDCG@10: tail=0.0000(n=7,762)  mid=0.0003(n=8,169)  head=0.0467(n=41,508)
  evaluating 57,439 users in batches of 512...
    [512/57,439  elapsed 0.1s]
    [5,632/57,439  elapsed 1.5s]
    [10,752/57,439  elapsed 2.9s]
    [15,872/57,439  elapsed 4.3s]
    [20,992/57,439  elapsed 5.6s]
    [26,112/57,439  elapsed 7.0s]
    [31,232/57,439  elapsed 8.4s]
    [36,352/57,439  elapsed 9.8s]
    [41,472/57,439  elapsed 11.1s]
    [46,592/57,439  elapsed 12.5s]
    [51,712/57,439  elapsed 13.9s]
    [56,832/57,439  elapsed 15.3s]
  eval done in 15.4s
  by-popularity NDCG@10: tail=0.0001(n=8,800)  mid=0.0005(n=8,657)  head=0.0443(n=39,982)
  epoch   2  loss=9.0892  val_NDCG=0.0338  test_NDCG=0.0309  test_HR=0.0578  (5.7s)
  evaluating 57,439 users in batches of 512...
    [512/57,439  elapsed 0.2s]
    [5,632/57,439  elapsed 1.5s]
    [10,752/57,439  elapsed 2.9s]
    [15,872/57,439  elapsed 4.2s]
    [20,992/57,439  elapsed 5.6s]
    [26,112/57,439  elapsed 7.0s]
    [31,232/57,439  elapsed 8.3s]
    [36,352/57,439  elapsed 9.7s]
    [41,472/57,439  elapsed 11.1s]
    [46,592/57,439  elapsed 12.4s]
    [51,712/57,439  elapsed 13.8s]
    [56,832/57,439  elapsed 15.2s]
  eval done in 15.3s
  by-popularity NDCG@10: tail=0.0000(n=7,762)  mid=0.0012(n=8,169)  head=0.0526(n=41,508)
  evaluating 57,439 users in batches of 512...
    [512/57,439  elapsed 0.1s]
    [5,632/57,439  elapsed 1.5s]
    [10,752/57,439  elapsed 2.9s]
    [15,872/57,439  elapsed 4.3s]
    [20,992/57,439  elapsed 5.6s]
    [26,112/57,439  elapsed 7.0s]
    [31,232/57,439  elapsed 8.4s]
    [36,352/57,439  elapsed 9.8s]
    [41,472/57,439  elapsed 11.2s]
    [46,592/57,439  elapsed 12.5s]
    [51,712/57,439  elapsed 13.9s]
    [56,832/57,439  elapsed 15.3s]
  eval done in 15.5s
  by-popularity NDCG@10: tail=0.0002(n=8,800)  mid=0.0011(n=8,657)  head=0.0502(n=39,982)
  epoch   3  loss=8.9270  val_NDCG=0.0382  test_NDCG=0.0351  test_HR=0.0651  (5.7s)
  evaluating 57,439 users in batches of 512...
    [512/57,439  elapsed 0.2s]
    [5,632/57,439  elapsed 1.5s]
    [10,752/57,439  elapsed 2.9s]
    [15,872/57,439  elapsed 4.3s]
    [20,992/57,439  elapsed 5.7s]
    [26,112/57,439  elapsed 7.0s]
    [31,232/57,439  elapsed 8.4s]
    [36,352/57,439  elapsed 9.8s]
    [41,472/57,439  elapsed 11.2s]
    [46,592/57,439  elapsed 12.5s]
    [51,712/57,439  elapsed 13.9s]
    [56,832/57,439  elapsed 15.3s]
  eval done in 15.4s
  by-popularity NDCG@10: tail=0.0000(n=7,762)  mid=0.0015(n=8,169)  head=0.0556(n=41,508)
  evaluating 57,439 users in batches of 512...
    [512/57,439  elapsed 0.1s]
    [5,632/57,439  elapsed 1.5s]
    [10,752/57,439  elapsed 2.9s]
    [15,872/57,439  elapsed 4.3s]
    [20,992/57,439  elapsed 5.6s]
    [26,112/57,439  elapsed 7.0s]
    [31,232/57,439  elapsed 8.4s]
    [36,352/57,439  elapsed 9.8s]
    [41,472/57,439  elapsed 11.1s]
    [46,592/57,439  elapsed 12.5s]
    [51,712/57,439  elapsed 13.9s]
    [56,832/57,439  elapsed 15.3s]
  eval done in 15.4s
  by-popularity NDCG@10: tail=0.0002(n=8,800)  mid=0.0014(n=8,657)  head=0.0528(n=39,982)
  epoch   4  loss=8.8223  val_NDCG=0.0404  test_NDCG=0.0370  test_HR=0.0675  (5.7s)
  evaluating 57,439 users in batches of 512...
    [512/57,439  elapsed 0.2s]
    [5,632/57,439  elapsed 1.5s]
    [10,752/57,439  elapsed 2.9s]
    [15,872/57,439  elapsed 4.3s]
    [20,992/57,439  elapsed 5.6s]
    [26,112/57,439  elapsed 7.0s]
    [31,232/57,439  elapsed 8.4s]
    [36,352/57,439  elapsed 9.8s]
    [41,472/57,439  elapsed 11.1s]
    [46,592/57,439  elapsed 12.5s]
    [51,712/57,439  elapsed 13.9s]
    [56,832/57,439  elapsed 15.3s]
  eval done in 15.4s
  by-popularity NDCG@10: tail=0.0001(n=7,762)  mid=0.0027(n=8,169)  head=0.0586(n=41,508)
  evaluating 57,439 users in batches of 512...
    [512/57,439  elapsed 0.1s]
    [5,632/57,439  elapsed 1.5s]
    [10,752/57,439  elapsed 2.9s]
    [15,872/57,439  elapsed 4.3s]
    [20,992/57,439  elapsed 5.7s]
    [26,112/57,439  elapsed 7.0s]
    [31,232/57,439  elapsed 8.4s]
    [36,352/57,439  elapsed 9.8s]
    [41,472/57,439  elapsed 11.2s]
    [46,592/57,439  elapsed 12.6s]
    [51,712/57,439  elapsed 13.9s]
    [56,832/57,439  elapsed 15.3s]
  eval done in 15.5s
  by-popularity NDCG@10: tail=0.0003(n=8,800)  mid=0.0023(n=8,657)  head=0.0545(n=39,982)
  epoch   5  loss=8.7434  val_NDCG=0.0427  test_NDCG=0.0383  test_HR=0.0702  (5.7s)
  evaluating 57,439 users in batches of 512...
    [512/57,439  elapsed 0.2s]
    [5,632/57,439  elapsed 1.5s]
    [10,752/57,439  elapsed 2.9s]
    [15,872/57,439  elapsed 4.2s]
    [20,992/57,439  elapsed 5.6s]
    [26,112/57,439  elapsed 7.0s]
    [31,232/57,439  elapsed 8.4s]
    [36,352/57,439  elapsed 9.8s]
    [41,472/57,439  elapsed 11.1s]
    [46,592/57,439  elapsed 12.5s]
    [51,712/57,439  elapsed 13.9s]
    [56,832/57,439  elapsed 15.3s]
  eval done in 15.4s
  by-popularity NDCG@10: tail=0.0004(n=7,762)  mid=0.0033(n=8,169)  head=0.0597(n=41,508)
  evaluating 57,439 users in batches of 512...
    [512/57,439  elapsed 0.1s]
    [5,632/57,439  elapsed 1.5s]
    [10,752/57,439  elapsed 2.9s]
    [15,872/57,439  elapsed 4.3s]
    [20,992/57,439  elapsed 5.7s]
    [26,112/57,439  elapsed 7.0s]
    [31,232/57,439  elapsed 8.4s]
    [36,352/57,439  elapsed 9.8s]
    [41,472/57,439  elapsed 11.2s]
    [46,592/57,439  elapsed 12.6s]
    [51,712/57,439  elapsed 14.0s]
    [56,832/57,439  elapsed 15.4s]
  eval done in 15.5s
  by-popularity NDCG@10: tail=0.0003(n=8,800)  mid=0.0032(n=8,657)  head=0.0562(n=39,982)
  epoch   6  loss=8.6750  val_NDCG=0.0437  test_NDCG=0.0396  test_HR=0.0724  (5.7s)
  evaluating 57,439 users in batches of 512...
    [512/57,439  elapsed 0.2s]
    [5,632/57,439  elapsed 1.5s]
    [10,752/57,439  elapsed 2.9s]
    [15,872/57,439  elapsed 4.3s]
    [20,992/57,439  elapsed 5.6s]
    [26,112/57,439  elapsed 7.0s]
    [31,232/57,439  elapsed 8.4s]
    [36,352/57,439  elapsed 9.8s]
    [41,472/57,439  elapsed 11.1s]
    [46,592/57,439  elapsed 12.5s]
    [51,712/57,439  elapsed 13.9s]
    [56,832/57,439  elapsed 15.3s]
  eval done in 15.4s
  by-popularity NDCG@10: tail=0.0008(n=7,762)  mid=0.0044(n=8,169)  head=0.0602(n=41,508)
  evaluating 57,439 users in batches of 512...
    [512/57,439  elapsed 0.1s]
    [5,632/57,439  elapsed 1.5s]
    [10,752/57,439  elapsed 2.9s]
    [15,872/57,439  elapsed 4.3s]
    [20,992/57,439  elapsed 5.7s]
    [26,112/57,439  elapsed 7.0s]
    [31,232/57,439  elapsed 8.4s]
    [36,352/57,439  elapsed 9.8s]
    [41,472/57,439  elapsed 11.2s]
    [46,592/57,439  elapsed 12.6s]
    [51,712/57,439  elapsed 14.0s]
    [56,832/57,439  elapsed 15.3s]
  eval done in 15.5s
  by-popularity NDCG@10: tail=0.0006(n=8,800)  mid=0.0040(n=8,657)  head=0.0571(n=39,982)
  epoch   7  loss=8.6183  val_NDCG=0.0443  test_NDCG=0.0405  test_HR=0.0737  (5.7s)
  evaluating 57,439 users in batches of 512...
    [512/57,439  elapsed 0.2s]
    [5,632/57,439  elapsed 1.6s]
    [10,752/57,439  elapsed 2.9s]
    [15,872/57,439  elapsed 4.3s]
    [20,992/57,439  elapsed 5.7s]
    [26,112/57,439  elapsed 7.0s]
    [31,232/57,439  elapsed 8.4s]
    [36,352/57,439  elapsed 9.8s]
    [41,472/57,439  elapsed 11.2s]
    [46,592/57,439  elapsed 12.6s]
    [51,712/57,439  elapsed 13.9s]
    [56,832/57,439  elapsed 15.3s]
  eval done in 15.5s
  by-popularity NDCG@10: tail=0.0012(n=7,762)  mid=0.0050(n=8,169)  head=0.0610(n=41,508)
  evaluating 57,439 users in batches of 512...
    [512/57,439  elapsed 0.1s]
    [5,632/57,439  elapsed 1.5s]
    [10,752/57,439  elapsed 2.9s]
    [15,872/57,439  elapsed 4.3s]
    [20,992/57,439  elapsed 5.7s]
    [26,112/57,439  elapsed 7.1s]
    [31,232/57,439  elapsed 8.4s]
    [36,352/57,439  elapsed 9.8s]
    [41,472/57,439  elapsed 11.2s]
    [46,592/57,439  elapsed 12.6s]
    [51,712/57,439  elapsed 14.0s]
    [56,832/57,439  elapsed 15.3s]
  eval done in 15.5s
  by-popularity NDCG@10: tail=0.0008(n=8,800)  mid=0.0050(n=8,657)  head=0.0566(n=39,982)
  epoch   8  loss=8.5654  val_NDCG=0.0449  test_NDCG=0.0403  test_HR=0.0727  (5.7s)
  evaluating 57,439 users in batches of 512...
    [512/57,439  elapsed 0.2s]
    [5,632/57,439  elapsed 1.6s]
    [10,752/57,439  elapsed 2.9s]
    [15,872/57,439  elapsed 4.3s]
    [20,992/57,439  elapsed 5.7s]
    [26,112/57,439  elapsed 7.0s]
    [31,232/57,439  elapsed 8.4s]
    [36,352/57,439  elapsed 9.8s]
    [41,472/57,439  elapsed 11.2s]
    [46,592/57,439  elapsed 12.6s]
    [51,712/57,439  elapsed 13.9s]
    [56,832/57,439  elapsed 15.3s]
  eval done in 15.5s
  by-popularity NDCG@10: tail=0.0011(n=7,762)  mid=0.0054(n=8,169)  head=0.0620(n=41,508)
  evaluating 57,439 users in batches of 512...
    [512/57,439  elapsed 0.1s]
    [5,632/57,439  elapsed 1.5s]
    [10,752/57,439  elapsed 2.9s]
    [15,872/57,439  elapsed 4.3s]
    [20,992/57,439  elapsed 5.7s]
    [26,112/57,439  elapsed 7.0s]
    [31,232/57,439  elapsed 8.4s]
    [36,352/57,439  elapsed 9.8s]
    [41,472/57,439  elapsed 11.2s]
    [46,592/57,439  elapsed 12.5s]
    [51,712/57,439  elapsed 13.9s]
    [56,832/57,439  elapsed 15.3s]
  eval done in 15.5s
  by-popularity NDCG@10: tail=0.0006(n=8,800)  mid=0.0055(n=8,657)  head=0.0584(n=39,982)
  epoch   9  loss=8.5190  val_NDCG=0.0457  test_NDCG=0.0416  test_HR=0.0743  (5.7s)
  evaluating 57,439 users in batches of 512...
    [512/57,439  elapsed 0.2s]
    [5,632/57,439  elapsed 1.5s]
    [10,752/57,439  elapsed 2.9s]
    [15,872/57,439  elapsed 4.3s]
    [20,992/57,439  elapsed 5.6s]
    [26,112/57,439  elapsed 7.0s]
    [31,232/57,439  elapsed 8.4s]
    [36,352/57,439  elapsed 9.8s]
    [41,472/57,439  elapsed 11.1s]
    [46,592/57,439  elapsed 12.5s]
    [51,712/57,439  elapsed 13.9s]
    [56,832/57,439  elapsed 15.2s]
  eval done in 15.4s
  by-popularity NDCG@10: tail=0.0013(n=7,762)  mid=0.0056(n=8,169)  head=0.0621(n=41,508)
  evaluating 57,439 users in batches of 512...
    [512/57,439  elapsed 0.1s]
    [5,632/57,439  elapsed 1.5s]
    [10,752/57,439  elapsed 2.9s]
    [15,872/57,439  elapsed 4.3s]
    [20,992/57,439  elapsed 5.6s]
    [26,112/57,439  elapsed 7.0s]
    [31,232/57,439  elapsed 8.4s]
    [36,352/57,439  elapsed 9.8s]
    [41,472/57,439  elapsed 11.2s]
    [46,592/57,439  elapsed 12.5s]
    [51,712/57,439  elapsed 13.9s]
    [56,832/57,439  elapsed 15.3s]
  eval done in 15.5s
  by-popularity NDCG@10: tail=0.0008(n=8,800)  mid=0.0059(n=8,657)  head=0.0575(n=39,982)
  epoch  10  loss=8.4744  val_NDCG=0.0459  test_NDCG=0.0411  test_HR=0.0736  (5.7s)
  evaluating 57,439 users in batches of 512...
    [512/57,439  elapsed 0.2s]
    [5,632/57,439  elapsed 1.5s]
    [10,752/57,439  elapsed 2.9s]
    [15,872/57,439  elapsed 4.3s]
    [20,992/57,439  elapsed 5.6s]
    [26,112/57,439  elapsed 7.0s]
    [31,232/57,439  elapsed 8.4s]
    [36,352/57,439  elapsed 9.8s]
    [41,472/57,439  elapsed 11.1s]
    [46,592/57,439  elapsed 12.5s]
    [51,712/57,439  elapsed 13.9s]
    [56,832/57,439  elapsed 15.3s]
  eval done in 15.4s
  by-popularity NDCG@10: tail=0.0016(n=7,762)  mid=0.0062(n=8,169)  head=0.0619(n=41,508)
  evaluating 57,439 users in batches of 512...
    [512/57,439  elapsed 0.1s]
    [5,632/57,439  elapsed 1.5s]
    [10,752/57,439  elapsed 2.9s]
    [15,872/57,439  elapsed 4.3s]
    [20,992/57,439  elapsed 5.7s]
    [26,112/57,439  elapsed 7.0s]
    [31,232/57,439  elapsed 8.4s]
    [36,352/57,439  elapsed 9.8s]
    [41,472/57,439  elapsed 11.2s]
    [46,592/57,439  elapsed 12.6s]
    [51,712/57,439  elapsed 13.9s]
    [56,832/57,439  elapsed 15.3s]
  eval done in 15.5s
  by-popularity NDCG@10: tail=0.0012(n=8,800)  mid=0.0063(n=8,657)  head=0.0578(n=39,982)
  epoch  11  loss=8.4351  val_NDCG=0.0458  test_NDCG=0.0413  test_HR=0.0742  (5.7s)
  evaluating 57,439 users in batches of 512...
    [512/57,439  elapsed 0.2s]
    [5,632/57,439  elapsed 1.5s]
    [10,752/57,439  elapsed 2.9s]
    [15,872/57,439  elapsed 4.3s]
    [20,992/57,439  elapsed 5.7s]
    [26,112/57,439  elapsed 7.0s]
    [31,232/57,439  elapsed 8.4s]
    [36,352/57,439  elapsed 9.8s]
    [41,472/57,439  elapsed 11.2s]
    [46,592/57,439  elapsed 12.5s]
    [51,712/57,439  elapsed 13.9s]
    [56,832/57,439  elapsed 15.3s]
  eval done in 15.4s
  by-popularity NDCG@10: tail=0.0018(n=7,762)  mid=0.0064(n=8,169)  head=0.0622(n=41,508)
  evaluating 57,439 users in batches of 512...
    [512/57,439  elapsed 0.1s]
    [5,632/57,439  elapsed 1.5s]
    [10,752/57,439  elapsed 2.9s]
    [15,872/57,439  elapsed 4.3s]
    [20,992/57,439  elapsed 5.7s]
    [26,112/57,439  elapsed 7.0s]
    [31,232/57,439  elapsed 8.4s]
    [36,352/57,439  elapsed 9.8s]
    [41,472/57,439  elapsed 11.2s]
    [46,592/57,439  elapsed 12.5s]
    [51,712/57,439  elapsed 13.9s]
    [56,832/57,439  elapsed 15.3s]
  eval done in 15.5s
  by-popularity NDCG@10: tail=0.0012(n=8,800)  mid=0.0070(n=8,657)  head=0.0579(n=39,982)
  epoch  12  loss=8.4006  val_NDCG=0.0461  test_NDCG=0.0416  test_HR=0.0739  (5.7s)
  evaluating 57,439 users in batches of 512...
    [512/57,439  elapsed 0.2s]
    [5,632/57,439  elapsed 1.5s]
    [10,752/57,439  elapsed 2.9s]
    [15,872/57,439  elapsed 4.3s]
    [20,992/57,439  elapsed 5.6s]
    [26,112/57,439  elapsed 7.0s]
    [31,232/57,439  elapsed 8.4s]
    [36,352/57,439  elapsed 9.8s]
    [41,472/57,439  elapsed 11.1s]
    [46,592/57,439  elapsed 12.5s]
    [51,712/57,439  elapsed 13.9s]
    [56,832/57,439  elapsed 15.3s]
  eval done in 15.4s
  by-popularity NDCG@10: tail=0.0018(n=7,762)  mid=0.0069(n=8,169)  head=0.0620(n=41,508)
  evaluating 57,439 users in batches of 512...
    [512/57,439  elapsed 0.1s]
    [5,632/57,439  elapsed 1.5s]
    [10,752/57,439  elapsed 2.9s]
    [15,872/57,439  elapsed 4.3s]
    [20,992/57,439  elapsed 5.6s]
    [26,112/57,439  elapsed 7.0s]
    [31,232/57,439  elapsed 8.4s]
    [36,352/57,439  elapsed 9.8s]
    [41,472/57,439  elapsed 11.2s]
    [46,592/57,439  elapsed 12.5s]
    [51,712/57,439  elapsed 13.9s]
    [56,832/57,439  elapsed 15.3s]
  eval done in 15.5s
  by-popularity NDCG@10: tail=0.0014(n=8,800)  mid=0.0068(n=8,657)  head=0.0578(n=39,982)
  epoch  13  loss=8.3697  val_NDCG=0.0460  test_NDCG=0.0415  test_HR=0.0742  (5.7s)
  evaluating 57,439 users in batches of 512...
    [512/57,439  elapsed 0.2s]
    [5,632/57,439  elapsed 1.6s]
    [10,752/57,439  elapsed 2.9s]
    [15,872/57,439  elapsed 4.3s]
    [20,992/57,439  elapsed 5.7s]
    [26,112/57,439  elapsed 7.0s]
    [31,232/57,439  elapsed 8.4s]
    [36,352/57,439  elapsed 9.8s]
    [41,472/57,439  elapsed 11.2s]
    [46,592/57,439  elapsed 12.5s]
    [51,712/57,439  elapsed 13.9s]
    [56,832/57,439  elapsed 15.3s]
  eval done in 15.4s
  by-popularity NDCG@10: tail=0.0019(n=7,762)  mid=0.0070(n=8,169)  head=0.0616(n=41,508)
  evaluating 57,439 users in batches of 512...
    [512/57,439  elapsed 0.1s]
    [5,632/57,439  elapsed 1.5s]
    [10,752/57,439  elapsed 2.9s]
    [15,872/57,439  elapsed 4.3s]
    [20,992/57,439  elapsed 5.7s]
    [26,112/57,439  elapsed 7.1s]
    [31,232/57,439  elapsed 8.4s]
    [36,352/57,439  elapsed 9.8s]
    [41,472/57,439  elapsed 11.2s]
    [46,592/57,439  elapsed 12.6s]
    [51,712/57,439  elapsed 14.0s]
    [56,832/57,439  elapsed 15.3s]
  eval done in 15.5s
  by-popularity NDCG@10: tail=0.0015(n=8,800)  mid=0.0072(n=8,657)  head=0.0570(n=39,982)
  epoch  14  loss=8.3427  val_NDCG=0.0458  test_NDCG=0.0410  test_HR=0.0735  (5.7s)
  evaluating 57,439 users in batches of 512...
    [512/57,439  elapsed 0.2s]
    [5,632/57,439  elapsed 1.5s]
    [10,752/57,439  elapsed 2.9s]
    [15,872/57,439  elapsed 4.3s]
    [20,992/57,439  elapsed 5.6s]
    [26,112/57,439  elapsed 7.0s]
    [31,232/57,439  elapsed 8.4s]
    [36,352/57,439  elapsed 9.8s]
    [41,472/57,439  elapsed 11.1s]
    [46,592/57,439  elapsed 12.5s]
    [51,712/57,439  elapsed 13.9s]
    [56,832/57,439  elapsed 15.3s]
  eval done in 15.4s
  by-popularity NDCG@10: tail=0.0018(n=7,762)  mid=0.0071(n=8,169)  head=0.0620(n=41,508)
  evaluating 57,439 users in batches of 512...
    [512/57,439  elapsed 0.1s]
    [5,632/57,439  elapsed 1.5s]
    [10,752/57,439  elapsed 2.9s]
    [15,872/57,439  elapsed 4.3s]
    [20,992/57,439  elapsed 5.7s]
    [26,112/57,439  elapsed 7.0s]
    [31,232/57,439  elapsed 8.4s]
    [36,352/57,439  elapsed 9.8s]
    [41,472/57,439  elapsed 11.2s]
    [46,592/57,439  elapsed 12.5s]
    [51,712/57,439  elapsed 13.9s]
    [56,832/57,439  elapsed 15.3s]
  eval done in 15.5s
  by-popularity NDCG@10: tail=0.0015(n=8,800)  mid=0.0073(n=8,657)  head=0.0572(n=39,982)
  epoch  15  loss=8.3201  val_NDCG=0.0460  test_NDCG=0.0411  test_HR=0.0733  (5.7s)
  evaluating 57,439 users in batches of 512...
    [512/57,439  elapsed 0.2s]
    [5,632/57,439  elapsed 1.5s]
    [10,752/57,439  elapsed 2.9s]
    [15,872/57,439  elapsed 4.3s]
    [20,992/57,439  elapsed 5.7s]
    [26,112/57,439  elapsed 7.0s]
    [31,232/57,439  elapsed 8.4s]
    [36,352/57,439  elapsed 9.8s]
    [41,472/57,439  elapsed 11.2s]
    [46,592/57,439  elapsed 12.6s]
    [51,712/57,439  elapsed 13.9s]
    [56,832/57,439  elapsed 15.3s]
  eval done in 15.5s
  by-popularity NDCG@10: tail=0.0018(n=7,762)  mid=0.0075(n=8,169)  head=0.0620(n=41,508)
  evaluating 57,439 users in batches of 512...
    [512/57,439  elapsed 0.1s]
    [5,632/57,439  elapsed 1.5s]
    [10,752/57,439  elapsed 2.9s]
    [15,872/57,439  elapsed 4.3s]
    [20,992/57,439  elapsed 5.7s]
    [26,112/57,439  elapsed 7.0s]
    [31,232/57,439  elapsed 8.4s]
    [36,352/57,439  elapsed 9.8s]
    [41,472/57,439  elapsed 11.2s]
    [46,592/57,439  elapsed 12.6s]
    [51,712/57,439  elapsed 13.9s]
    [56,832/57,439  elapsed 15.3s]
  eval done in 15.5s
  by-popularity NDCG@10: tail=0.0015(n=8,800)  mid=0.0076(n=8,657)  head=0.0572(n=39,982)
  epoch  16  loss=8.3015  val_NDCG=0.0461  test_NDCG=0.0412  test_HR=0.0732  (5.7s)
  evaluating 57,439 users in batches of 512...
    [512/57,439  elapsed 0.2s]
    [5,632/57,439  elapsed 1.6s]
    [10,752/57,439  elapsed 2.9s]
    [15,872/57,439  elapsed 4.3s]
    [20,992/57,439  elapsed 5.7s]
    [26,112/57,439  elapsed 7.1s]
    [31,232/57,439  elapsed 8.4s]
    [36,352/57,439  elapsed 9.8s]
    [41,472/57,439  elapsed 11.2s]
    [46,592/57,439  elapsed 12.6s]
    [51,712/57,439  elapsed 14.0s]
    [56,832/57,439  elapsed 15.3s]
  eval done in 15.5s
  by-popularity NDCG@10: tail=0.0018(n=7,762)  mid=0.0075(n=8,169)  head=0.0619(n=41,508)
  evaluating 57,439 users in batches of 512...
    [512/57,439  elapsed 0.1s]
    [5,632/57,439  elapsed 1.5s]
    [10,752/57,439  elapsed 2.9s]
    [15,872/57,439  elapsed 4.3s]
    [20,992/57,439  elapsed 5.7s]
    [26,112/57,439  elapsed 7.0s]
    [31,232/57,439  elapsed 8.4s]
    [36,352/57,439  elapsed 9.8s]
    [41,472/57,439  elapsed 11.2s]
    [46,592/57,439  elapsed 12.6s]
    [51,712/57,439  elapsed 14.0s]
    [56,832/57,439  elapsed 15.4s]
  eval done in 15.5s
  by-popularity NDCG@10: tail=0.0016(n=8,800)  mid=0.0074(n=8,657)  head=0.0574(n=39,982)
  epoch  17  loss=8.2866  val_NDCG=0.0460  test_NDCG=0.0413  test_HR=0.0736  (5.7s)
  evaluating 57,439 users in batches of 512...
    [512/57,439  elapsed 0.2s]
    [5,632/57,439  elapsed 1.6s]
    [10,752/57,439  elapsed 3.0s]
    [15,872/57,439  elapsed 4.4s]
    [20,992/57,439  elapsed 5.8s]
    [26,112/57,439  elapsed 7.2s]
    [31,232/57,439  elapsed 8.6s]
    [36,352/57,439  elapsed 10.0s]
    [41,472/57,439  elapsed 11.4s]
    [46,592/57,439  elapsed 12.8s]
    [51,712/57,439  elapsed 14.2s]
    [56,832/57,439  elapsed 15.7s]
  eval done in 15.8s
  by-popularity NDCG@10: tail=0.0019(n=7,762)  mid=0.0076(n=8,169)  head=0.0621(n=41,508)
  evaluating 57,439 users in batches of 512...
    [512/57,439  elapsed 0.1s]
    [5,632/57,439  elapsed 1.6s]
    [10,752/57,439  elapsed 3.0s]
    [15,872/57,439  elapsed 4.4s]
    [20,992/57,439  elapsed 5.8s]
    [26,112/57,439  elapsed 7.2s]
    [31,232/57,439  elapsed 8.6s]
    [36,352/57,439  elapsed 10.0s]
    [41,472/57,439  elapsed 11.4s]
    [46,592/57,439  elapsed 12.8s]
    [51,712/57,439  elapsed 14.3s]
    [56,832/57,439  elapsed 15.7s]
  eval done in 15.8s
  by-popularity NDCG@10: tail=0.0016(n=8,800)  mid=0.0074(n=8,657)  head=0.0575(n=39,982)
  epoch  18  loss=8.2767  val_NDCG=0.0462  test_NDCG=0.0414  test_HR=0.0734  (5.7s)
  evaluating 57,439 users in batches of 512...
    [512/57,439  elapsed 0.2s]
    [5,632/57,439  elapsed 1.6s]
    [10,752/57,439  elapsed 3.0s]
    [15,872/57,439  elapsed 4.4s]
    [20,992/57,439  elapsed 5.8s]
    [26,112/57,439  elapsed 7.2s]
    [31,232/57,439  elapsed 8.6s]
    [36,352/57,439  elapsed 10.0s]
    [41,472/57,439  elapsed 11.4s]
    [46,592/57,439  elapsed 12.8s]
    [51,712/57,439  elapsed 14.2s]
    [56,832/57,439  elapsed 15.6s]
  eval done in 15.8s
  by-popularity NDCG@10: tail=0.0019(n=7,762)  mid=0.0076(n=8,169)  head=0.0622(n=41,508)
  evaluating 57,439 users in batches of 512...
    [512/57,439  elapsed 0.1s]
    [5,632/57,439  elapsed 1.6s]
    [10,752/57,439  elapsed 3.0s]
    [15,872/57,439  elapsed 4.4s]
    [20,992/57,439  elapsed 5.8s]
    [26,112/57,439  elapsed 7.2s]
    [31,232/57,439  elapsed 8.6s]
    [36,352/57,439  elapsed 10.0s]
    [41,472/57,439  elapsed 11.4s]
    [46,592/57,439  elapsed 12.8s]
    [51,712/57,439  elapsed 14.2s]
    [56,832/57,439  elapsed 15.6s]
  eval done in 15.8s
  by-popularity NDCG@10: tail=0.0016(n=8,800)  mid=0.0074(n=8,657)  head=0.0574(n=39,982)
  epoch  19  loss=8.2703  val_NDCG=0.0463  test_NDCG=0.0413  test_HR=0.0734  (5.7s)
  evaluating 57,439 users in batches of 512...
    [512/57,439  elapsed 0.2s]
    [5,632/57,439  elapsed 1.6s]
    [10,752/57,439  elapsed 3.0s]
    [15,872/57,439  elapsed 4.4s]
    [20,992/57,439  elapsed 5.8s]
    [26,112/57,439  elapsed 7.2s]
    [31,232/57,439  elapsed 8.6s]
    [36,352/57,439  elapsed 10.0s]
    [41,472/57,439  elapsed 11.4s]
    [46,592/57,439  elapsed 12.8s]
    [51,712/57,439  elapsed 14.2s]
    [56,832/57,439  elapsed 15.6s]
  eval done in 15.7s
  by-popularity NDCG@10: tail=0.0019(n=7,762)  mid=0.0076(n=8,169)  head=0.0623(n=41,508)
  evaluating 57,439 users in batches of 512...
    [512/57,439  elapsed 0.1s]
    [5,632/57,439  elapsed 1.5s]
    [10,752/57,439  elapsed 2.9s]
    [15,872/57,439  elapsed 4.4s]
    [20,992/57,439  elapsed 5.8s]
    [26,112/57,439  elapsed 7.2s]
    [31,232/57,439  elapsed 8.6s]
    [36,352/57,439  elapsed 10.0s]
    [41,472/57,439  elapsed 11.4s]
    [46,592/57,439  elapsed 12.8s]
    [51,712/57,439  elapsed 14.2s]
    [56,832/57,439  elapsed 15.7s]
  eval done in 15.8s
  by-popularity NDCG@10: tail=0.0016(n=8,800)  mid=0.0074(n=8,657)  head=0.0574(n=39,982)
  epoch  20  loss=8.2682  val_NDCG=0.0463  test_NDCG=0.0413  test_HR=0.0734  (5.7s)

=== Best by val NDCG@10 ===
  val_NDCG=0.0463
  test: {'NDCG@10': 0.0413139535247219, 'HR@10': 0.07336478699141698, 'MRR': 0.03793445741225832, 'n_eval': 57439, 'by_popularity': {'tail': {'NDCG@10': 0.0016140827977293422, 'HR@10': 0.003409090909090909, 'n': 8800, 'n_hit@10': 30, 'HR@20': 0.007386363636363636, 'n_hit@20': 65, 'HR@50': 0.01818181818181818, 'n_hit@50': 160, 'HR@100': 0.036477272727272726, 'n_hit@100': 321}, 'mid': {'NDCG@10': 0.007438867546327294, 'HR@10': 0.013746101420815525, 'n': 8657, 'n_hit@10': 119, 'HR@20': 0.023449231835508837, 'n_hit@20': 203, 'HR@50': 0.04689846367101767, 'n_hit@50': 406, 'HR@100': 0.08236109506757537, 'n_hit@100': 713}, 'head': {'NDCG@10': 0.05738657324640907, 'HR@10': 0.10167075183832724, 'n': 39982, 'n_hit@10': 4065, 'HR@20': 0.14736631484167875, 'n_hit@20': 5892, 'HR@50': 0.22752738732429592, 'n_hit@50': 9097, 'HR@100': 0.307138212195488, 'n_hit@100': 12280}}}
wrote C:\Users\rayxc\Documents\R\_bestrec_run\results_MI_FIRV3_a1learned_seed20260715.users.jsonl.gz (57,439 per-user records, best epoch 20, sha256 9a44245fd185…)
  fir_v3 final ||DELTA||_2 = 5.075798

wrote C:\Users\rayxc\Documents\R\_bestrec_run\results_MI_FIRV3_a1learned_seed20260715.json
[9/24] results_MI_FIRV3_a2learnedwd0_seed20260715.json
  random seed set to 20260715
=== Musical_Instruments: load splits ===
  n_users=57,439  n_items=24,587  pad_id=24587
  built sequences for 57,439 users
  built timestamp sequences (12 time buckets)
  loading SBERT embeddings from C:\Users\rayxc\Documents\R\cache_5core\sbert_titles_Musical_Instruments.npy...
  TAPE: k-means 24,587 text embeddings into K=512 prototypes (tau=0.05)...
  TAPE: K=512 mean max-assignment weight = 0.526 (1.0 = hard clustering)

=== Build SASRec-SBERT (d=64, layers=4, heads=2) ===
  total params: 11,186,046  device=cuda
  57,439 training examples / 225 batches per epoch
  init_state_sha256 = 0143fd5390412938c96badee46ec1131bca306ac1ac51ea8c282aa6c5d37bebb
  LR schedule: warmup_cosine (225 warmup + 4275 cosine steps)

=== Train for 20 epochs ===
  evaluating 57,439 users in batches of 512...
    [512/57,439  elapsed 0.2s]
    [5,632/57,439  elapsed 1.5s]
    [10,752/57,439  elapsed 2.9s]
    [15,872/57,439  elapsed 4.2s]
    [20,992/57,439  elapsed 5.6s]
    [26,112/57,439  elapsed 7.0s]
    [31,232/57,439  elapsed 8.4s]
    [36,352/57,439  elapsed 9.7s]
    [41,472/57,439  elapsed 11.1s]
    [46,592/57,439  elapsed 12.5s]
    [51,712/57,439  elapsed 13.9s]
    [56,832/57,439  elapsed 15.2s]
  eval done in 15.4s
  by-popularity NDCG@10: tail=0.0001(n=7,762)  mid=0.0003(n=8,169)  head=0.0379(n=41,508)
  evaluating 57,439 users in batches of 512...
    [512/57,439  elapsed 0.1s]
    [5,632/57,439  elapsed 1.5s]
    [10,752/57,439  elapsed 2.9s]
    [15,872/57,439  elapsed 4.3s]
    [20,992/57,439  elapsed 5.6s]
    [26,112/57,439  elapsed 7.0s]
    [31,232/57,439  elapsed 8.4s]
    [36,352/57,439  elapsed 9.8s]
    [41,472/57,439  elapsed 11.2s]
    [46,592/57,439  elapsed 12.5s]
    [51,712/57,439  elapsed 13.9s]
    [56,832/57,439  elapsed 15.3s]
  eval done in 15.5s
  by-popularity NDCG@10: tail=0.0002(n=8,800)  mid=0.0009(n=8,657)  head=0.0343(n=39,982)
  epoch   1  loss=9.6179  val_NDCG=0.0274  test_NDCG=0.0240  test_HR=0.0451  (5.9s)
  evaluating 57,439 users in batches of 512...
    [512/57,439  elapsed 0.2s]
    [5,632/57,439  elapsed 1.5s]
    [10,752/57,439  elapsed 2.9s]
    [15,872/57,439  elapsed 4.2s]
    [20,992/57,439  elapsed 5.6s]
    [26,112/57,439  elapsed 7.0s]
    [31,232/57,439  elapsed 8.4s]
    [36,352/57,439  elapsed 9.7s]
    [41,472/57,439  elapsed 11.1s]
    [46,592/57,439  elapsed 12.5s]
    [51,712/57,439  elapsed 13.8s]
    [56,832/57,439  elapsed 15.2s]
  eval done in 15.4s
  by-popularity NDCG@10: tail=0.0000(n=7,762)  mid=0.0003(n=8,169)  head=0.0467(n=41,508)
  evaluating 57,439 users in batches of 512...
    [512/57,439  elapsed 0.1s]
    [5,632/57,439  elapsed 1.5s]
    [10,752/57,439  elapsed 2.9s]
    [15,872/57,439  elapsed 4.3s]
    [20,992/57,439  elapsed 5.7s]
    [26,112/57,439  elapsed 7.0s]
    [31,232/57,439  elapsed 8.4s]
    [36,352/57,439  elapsed 9.8s]
    [41,472/57,439  elapsed 11.2s]
    [46,592/57,439  elapsed 12.5s]
    [51,712/57,439  elapsed 13.9s]
    [56,832/57,439  elapsed 15.3s]
  eval done in 15.5s
  by-popularity NDCG@10: tail=0.0001(n=8,800)  mid=0.0005(n=8,657)  head=0.0443(n=39,982)
  epoch   2  loss=9.0892  val_NDCG=0.0338  test_NDCG=0.0309  test_HR=0.0578  (5.7s)
  evaluating 57,439 users in batches of 512...
    [512/57,439  elapsed 0.2s]
    [5,632/57,439  elapsed 1.5s]
    [10,752/57,439  elapsed 2.9s]
    [15,872/57,439  elapsed 4.2s]
    [20,992/57,439  elapsed 5.6s]
    [26,112/57,439  elapsed 7.0s]
    [31,232/57,439  elapsed 8.3s]
    [36,352/57,439  elapsed 9.7s]
    [41,472/57,439  elapsed 11.0s]
    [46,592/57,439  elapsed 12.4s]
    [51,712/57,439  elapsed 13.8s]
    [56,832/57,439  elapsed 15.1s]
  eval done in 15.3s
  by-popularity NDCG@10: tail=0.0000(n=7,762)  mid=0.0012(n=8,169)  head=0.0526(n=41,508)
  evaluating 57,439 users in batches of 512...
    [512/57,439  elapsed 0.1s]
    [5,632/57,439  elapsed 1.5s]
    [10,752/57,439  elapsed 2.9s]
    [15,872/57,439  elapsed 4.3s]
    [20,992/57,439  elapsed 5.6s]
    [26,112/57,439  elapsed 7.0s]
    [31,232/57,439  elapsed 8.4s]
    [36,352/57,439  elapsed 9.8s]
    [41,472/57,439  elapsed 11.1s]
    [46,592/57,439  elapsed 12.5s]
    [51,712/57,439  elapsed 13.9s]
    [56,832/57,439  elapsed 15.2s]
  eval done in 15.4s
  by-popularity NDCG@10: tail=0.0002(n=8,800)  mid=0.0011(n=8,657)  head=0.0502(n=39,982)
  epoch   3  loss=8.9270  val_NDCG=0.0382  test_NDCG=0.0351  test_HR=0.0651  (5.7s)
  evaluating 57,439 users in batches of 512...
    [512/57,439  elapsed 0.1s]
    [5,632/57,439  elapsed 1.5s]
    [10,752/57,439  elapsed 2.8s]
    [15,872/57,439  elapsed 4.2s]
    [20,992/57,439  elapsed 5.5s]
    [26,112/57,439  elapsed 6.9s]
    [31,232/57,439  elapsed 8.3s]
    [36,352/57,439  elapsed 9.6s]
    [41,472/57,439  elapsed 11.0s]
    [46,592/57,439  elapsed 12.4s]
    [51,712/57,439  elapsed 13.7s]
    [56,832/57,439  elapsed 15.1s]
  eval done in 15.3s
  by-popularity NDCG@10: tail=0.0000(n=7,762)  mid=0.0014(n=8,169)  head=0.0557(n=41,508)
  evaluating 57,439 users in batches of 512...
    [512/57,439  elapsed 0.1s]
    [5,632/57,439  elapsed 1.5s]
    [10,752/57,439  elapsed 2.9s]
    [15,872/57,439  elapsed 4.2s]
    [20,992/57,439  elapsed 5.6s]
    [26,112/57,439  elapsed 7.0s]
    [31,232/57,439  elapsed 8.4s]
    [36,352/57,439  elapsed 9.7s]
    [41,472/57,439  elapsed 11.1s]
    [46,592/57,439  elapsed 12.5s]
    [51,712/57,439  elapsed 13.9s]
    [56,832/57,439  elapsed 15.2s]
  eval done in 15.4s
  by-popularity NDCG@10: tail=0.0002(n=8,800)  mid=0.0014(n=8,657)  head=0.0529(n=39,982)
  epoch   4  loss=8.8223  val_NDCG=0.0404  test_NDCG=0.0371  test_HR=0.0676  (5.7s)
  evaluating 57,439 users in batches of 512...
    [512/57,439  elapsed 0.2s]
    [5,632/57,439  elapsed 1.5s]
    [10,752/57,439  elapsed 2.8s]
    [15,872/57,439  elapsed 4.2s]
    [20,992/57,439  elapsed 5.6s]
    [26,112/57,439  elapsed 6.9s]
    [31,232/57,439  elapsed 8.3s]
    [36,352/57,439  elapsed 9.7s]
    [41,472/57,439  elapsed 11.0s]
    [46,592/57,439  elapsed 12.4s]
    [51,712/57,439  elapsed 13.8s]
    [56,832/57,439  elapsed 15.1s]
  eval done in 15.3s
  by-popularity NDCG@10: tail=0.0001(n=7,762)  mid=0.0027(n=8,169)  head=0.0584(n=41,508)
  evaluating 57,439 users in batches of 512...
    [512/57,439  elapsed 0.1s]
    [5,632/57,439  elapsed 1.5s]
    [10,752/57,439  elapsed 2.9s]
    [15,872/57,439  elapsed 4.3s]
    [20,992/57,439  elapsed 5.6s]
    [26,112/57,439  elapsed 7.0s]
    [31,232/57,439  elapsed 8.4s]
    [36,352/57,439  elapsed 9.8s]
    [41,472/57,439  elapsed 11.1s]
    [46,592/57,439  elapsed 12.5s]
    [51,712/57,439  elapsed 13.9s]
    [56,832/57,439  elapsed 15.3s]
  eval done in 15.4s
  by-popularity NDCG@10: tail=0.0004(n=8,800)  mid=0.0023(n=8,657)  head=0.0545(n=39,982)
  epoch   5  loss=8.7434  val_NDCG=0.0426  test_NDCG=0.0383  test_HR=0.0701  (5.7s)
  evaluating 57,439 users in batches of 512...
    [512/57,439  elapsed 0.2s]
    [5,632/57,439  elapsed 1.5s]
    [10,752/57,439  elapsed 2.9s]
    [15,872/57,439  elapsed 4.2s]
    [20,992/57,439  elapsed 5.6s]
    [26,112/57,439  elapsed 7.0s]
    [31,232/57,439  elapsed 8.3s]
    [36,352/57,439  elapsed 9.7s]
    [41,472/57,439  elapsed 11.1s]
    [46,592/57,439  elapsed 12.5s]
    [51,712/57,439  elapsed 13.8s]
    [56,832/57,439  elapsed 15.2s]
  eval done in 15.4s
  by-popularity NDCG@10: tail=0.0004(n=7,762)  mid=0.0034(n=8,169)  head=0.0597(n=41,508)
  evaluating 57,439 users in batches of 512...
    [512/57,439  elapsed 0.1s]
    [5,632/57,439  elapsed 1.5s]
    [10,752/57,439  elapsed 2.9s]
    [15,872/57,439  elapsed 4.3s]
    [20,992/57,439  elapsed 5.6s]
    [26,112/57,439  elapsed 7.0s]
    [31,232/57,439  elapsed 8.4s]
    [36,352/57,439  elapsed 9.8s]
    [41,472/57,439  elapsed 11.2s]
    [46,592/57,439  elapsed 12.6s]
    [51,712/57,439  elapsed 13.9s]
    [56,832/57,439  elapsed 15.3s]
  eval done in 15.5s
  by-popularity NDCG@10: tail=0.0003(n=8,800)  mid=0.0031(n=8,657)  head=0.0561(n=39,982)
  epoch   6  loss=8.6749  val_NDCG=0.0437  test_NDCG=0.0396  test_HR=0.0722  (5.7s)
  evaluating 57,439 users in batches of 512...
    [512/57,439  elapsed 0.2s]
    [5,632/57,439  elapsed 1.5s]
    [10,752/57,439  elapsed 2.8s]
    [15,872/57,439  elapsed 4.2s]
    [20,992/57,439  elapsed 5.6s]
    [26,112/57,439  elapsed 7.0s]
    [31,232/57,439  elapsed 8.3s]
    [36,352/57,439  elapsed 9.7s]
    [41,472/57,439  elapsed 11.1s]
    [46,592/57,439  elapsed 12.5s]
    [51,712/57,439  elapsed 13.8s]
    [56,832/57,439  elapsed 15.2s]
  eval done in 15.4s
  by-popularity NDCG@10: tail=0.0008(n=7,762)  mid=0.0045(n=8,169)  head=0.0603(n=41,508)
  evaluating 57,439 users in batches of 512...
    [512/57,439  elapsed 0.1s]
    [5,632/57,439  elapsed 1.5s]
    [10,752/57,439  elapsed 2.9s]
    [15,872/57,439  elapsed 4.3s]
    [20,992/57,439  elapsed 5.6s]
    [26,112/57,439  elapsed 7.0s]
    [31,232/57,439  elapsed 8.4s]
    [36,352/57,439  elapsed 9.8s]
    [41,472/57,439  elapsed 11.1s]
    [46,592/57,439  elapsed 12.5s]
    [51,712/57,439  elapsed 13.9s]
    [56,832/57,439  elapsed 15.3s]
  eval done in 15.5s
  by-popularity NDCG@10: tail=0.0006(n=8,800)  mid=0.0039(n=8,657)  head=0.0572(n=39,982)
  epoch   7  loss=8.6182  val_NDCG=0.0443  test_NDCG=0.0405  test_HR=0.0737  (5.7s)
  evaluating 57,439 users in batches of 512...
    [512/57,439  elapsed 0.2s]
    [5,632/57,439  elapsed 1.5s]
    [10,752/57,439  elapsed 2.9s]
    [15,872/57,439  elapsed 4.3s]
    [20,992/57,439  elapsed 5.6s]
    [26,112/57,439  elapsed 7.0s]
    [31,232/57,439  elapsed 8.4s]
    [36,352/57,439  elapsed 9.8s]
    [41,472/57,439  elapsed 11.1s]
    [46,592/57,439  elapsed 12.5s]
    [51,712/57,439  elapsed 13.9s]
    [56,832/57,439  elapsed 15.3s]
  eval done in 15.5s
  by-popularity NDCG@10: tail=0.0012(n=7,762)  mid=0.0050(n=8,169)  head=0.0611(n=41,508)
  evaluating 57,439 users in batches of 512...
    [512/57,439  elapsed 0.1s]
    [5,632/57,439  elapsed 1.5s]
    [10,752/57,439  elapsed 2.9s]
    [15,872/57,439  elapsed 4.3s]
    [20,992/57,439  elapsed 5.7s]
    [26,112/57,439  elapsed 7.0s]
    [31,232/57,439  elapsed 8.4s]
    [36,352/57,439  elapsed 9.8s]
    [41,472/57,439  elapsed 11.2s]
    [46,592/57,439  elapsed 12.6s]
    [51,712/57,439  elapsed 13.9s]
    [56,832/57,439  elapsed 15.3s]
  eval done in 15.5s
  by-popularity NDCG@10: tail=0.0008(n=8,800)  mid=0.0050(n=8,657)  head=0.0566(n=39,982)
  epoch   8  loss=8.5653  val_NDCG=0.0450  test_NDCG=0.0403  test_HR=0.0729  (5.7s)
  evaluating 57,439 users in batches of 512...
    [512/57,439  elapsed 0.1s]
    [5,632/57,439  elapsed 1.5s]
    [10,752/57,439  elapsed 2.8s]
    [15,872/57,439  elapsed 4.2s]
    [20,992/57,439  elapsed 5.6s]
    [26,112/57,439  elapsed 6.9s]
    [31,232/57,439  elapsed 8.3s]
    [36,352/57,439  elapsed 9.7s]
    [41,472/57,439  elapsed 11.0s]
    [46,592/57,439  elapsed 12.4s]
    [51,712/57,439  elapsed 13.8s]
    [56,832/57,439  elapsed 15.1s]
  eval done in 15.3s
  by-popularity NDCG@10: tail=0.0011(n=7,762)  mid=0.0055(n=8,169)  head=0.0619(n=41,508)
  evaluating 57,439 users in batches of 512...
    [512/57,439  elapsed 0.1s]
    [5,632/57,439  elapsed 1.5s]
    [10,752/57,439  elapsed 2.9s]
    [15,872/57,439  elapsed 4.3s]
    [20,992/57,439  elapsed 5.6s]
    [26,112/57,439  elapsed 7.0s]
    [31,232/57,439  elapsed 8.4s]
    [36,352/57,439  elapsed 9.7s]
    [41,472/57,439  elapsed 11.1s]
    [46,592/57,439  elapsed 12.5s]
    [51,712/57,439  elapsed 13.9s]
    [56,832/57,439  elapsed 15.2s]
  eval done in 15.4s
  by-popularity NDCG@10: tail=0.0006(n=8,800)  mid=0.0055(n=8,657)  head=0.0583(n=39,982)
  epoch   9  loss=8.5189  val_NDCG=0.0457  test_NDCG=0.0415  test_HR=0.0742  (5.7s)
  evaluating 57,439 users in batches of 512...
    [512/57,439  elapsed 0.1s]
    [5,632/57,439  elapsed 1.5s]
    [10,752/57,439  elapsed 2.8s]
    [15,872/57,439  elapsed 4.2s]
    [20,992/57,439  elapsed 5.5s]
    [26,112/57,439  elapsed 6.9s]
    [31,232/57,439  elapsed 8.3s]
    [36,352/57,439  elapsed 9.6s]
    [41,472/57,439  elapsed 11.0s]
    [46,592/57,439  elapsed 12.4s]
    [51,712/57,439  elapsed 13.7s]
    [56,832/57,439  elapsed 15.1s]
  eval done in 15.3s
  by-popularity NDCG@10: tail=0.0013(n=7,762)  mid=0.0056(n=8,169)  head=0.0621(n=41,508)
  evaluating 57,439 users in batches of 512...
    [512/57,439  elapsed 0.1s]
    [5,632/57,439  elapsed 1.5s]
    [10,752/57,439  elapsed 2.9s]
    [15,872/57,439  elapsed 4.3s]
    [20,992/57,439  elapsed 5.6s]
    [26,112/57,439  elapsed 7.0s]
    [31,232/57,439  elapsed 8.4s]
    [36,352/57,439  elapsed 9.7s]
    [41,472/57,439  elapsed 11.1s]
    [46,592/57,439  elapsed 12.5s]
    [51,712/57,439  elapsed 13.9s]
    [56,832/57,439  elapsed 15.2s]
  eval done in 15.4s
  by-popularity NDCG@10: tail=0.0008(n=8,800)  mid=0.0058(n=8,657)  head=0.0576(n=39,982)
  epoch  10  loss=8.4743  val_NDCG=0.0458  test_NDCG=0.0411  test_HR=0.0736  (5.8s)
  evaluating 57,439 users in batches of 512...
    [512/57,439  elapsed 0.1s]
    [5,632/57,439  elapsed 1.4s]
    [10,752/57,439  elapsed 2.8s]
    [15,872/57,439  elapsed 4.1s]
    [20,992/57,439  elapsed 5.5s]
    [26,112/57,439  elapsed 6.9s]
    [31,232/57,439  elapsed 8.2s]
    [36,352/57,439  elapsed 9.6s]
    [41,472/57,439  elapsed 11.0s]
    [46,592/57,439  elapsed 12.3s]
    [51,712/57,439  elapsed 13.7s]
    [56,832/57,439  elapsed 15.1s]
  eval done in 15.2s
  by-popularity NDCG@10: tail=0.0016(n=7,762)  mid=0.0062(n=8,169)  head=0.0619(n=41,508)
  evaluating 57,439 users in batches of 512...
    [512/57,439  elapsed 0.1s]
    [5,632/57,439  elapsed 1.5s]
    [10,752/57,439  elapsed 2.9s]
    [15,872/57,439  elapsed 4.3s]
    [20,992/57,439  elapsed 5.6s]
    [26,112/57,439  elapsed 7.0s]
    [31,232/57,439  elapsed 8.4s]
    [36,352/57,439  elapsed 9.8s]
    [41,472/57,439  elapsed 11.1s]
    [46,592/57,439  elapsed 12.5s]
    [51,712/57,439  elapsed 13.9s]
    [56,832/57,439  elapsed 15.3s]
  eval done in 15.4s
  by-popularity NDCG@10: tail=0.0012(n=8,800)  mid=0.0063(n=8,657)  head=0.0577(n=39,982)
  epoch  11  loss=8.4350  val_NDCG=0.0458  test_NDCG=0.0413  test_HR=0.0743  (5.7s)
  evaluating 57,439 users in batches of 512...
    [512/57,439  elapsed 0.1s]
    [5,632/57,439  elapsed 1.5s]
    [10,752/57,439  elapsed 2.8s]
    [15,872/57,439  elapsed 4.2s]
    [20,992/57,439  elapsed 5.5s]
    [26,112/57,439  elapsed 6.9s]
    [31,232/57,439  elapsed 8.2s]
    [36,352/57,439  elapsed 9.6s]
    [41,472/57,439  elapsed 11.0s]
    [46,592/57,439  elapsed 12.3s]
    [51,712/57,439  elapsed 13.7s]
    [56,832/57,439  elapsed 15.1s]
  eval done in 15.2s
  by-popularity NDCG@10: tail=0.0018(n=7,762)  mid=0.0063(n=8,169)  head=0.0623(n=41,508)
  evaluating 57,439 users in batches of 512...
    [512/57,439  elapsed 0.1s]
    [5,632/57,439  elapsed 1.5s]
    [10,752/57,439  elapsed 2.9s]
    [15,872/57,439  elapsed 4.3s]
    [20,992/57,439  elapsed 5.6s]
    [26,112/57,439  elapsed 7.0s]
    [31,232/57,439  elapsed 8.4s]
    [36,352/57,439  elapsed 9.7s]
    [41,472/57,439  elapsed 11.1s]
    [46,592/57,439  elapsed 12.5s]
    [51,712/57,439  elapsed 13.9s]
    [56,832/57,439  elapsed 15.2s]
  eval done in 15.4s
  by-popularity NDCG@10: tail=0.0012(n=8,800)  mid=0.0070(n=8,657)  head=0.0578(n=39,982)
  epoch  12  loss=8.4005  val_NDCG=0.0461  test_NDCG=0.0415  test_HR=0.0739  (5.7s)
  evaluating 57,439 users in batches of 512...
    [512/57,439  elapsed 0.1s]
    [5,632/57,439  elapsed 1.5s]
    [10,752/57,439  elapsed 2.8s]
    [15,872/57,439  elapsed 4.1s]
    [20,992/57,439  elapsed 5.5s]
    [26,112/57,439  elapsed 6.9s]
    [31,232/57,439  elapsed 8.3s]
    [36,352/57,439  elapsed 9.6s]
    [41,472/57,439  elapsed 11.0s]
    [46,592/57,439  elapsed 12.4s]
    [51,712/57,439  elapsed 13.7s]
    [56,832/57,439  elapsed 15.1s]
  eval done in 15.3s
  by-popularity NDCG@10: tail=0.0018(n=7,762)  mid=0.0069(n=8,169)  head=0.0619(n=41,508)
  evaluating 57,439 users in batches of 512...
    [512/57,439  elapsed 0.1s]
    [5,632/57,439  elapsed 1.5s]
    [10,752/57,439  elapsed 2.9s]
    [15,872/57,439  elapsed 4.3s]
    [20,992/57,439  elapsed 5.6s]
    [26,112/57,439  elapsed 7.0s]
    [31,232/57,439  elapsed 8.4s]
    [36,352/57,439  elapsed 9.7s]
    [41,472/57,439  elapsed 11.1s]
    [46,592/57,439  elapsed 12.5s]
    [51,712/57,439  elapsed 13.9s]
    [56,832/57,439  elapsed 15.3s]
  eval done in 15.4s
  by-popularity NDCG@10: tail=0.0014(n=8,800)  mid=0.0067(n=8,657)  head=0.0579(n=39,982)
  epoch  13  loss=8.3695  val_NDCG=0.0459  test_NDCG=0.0415  test_HR=0.0744  (5.7s)
  evaluating 57,439 users in batches of 512...
    [512/57,439  elapsed 0.2s]
    [5,632/57,439  elapsed 1.6s]
    [10,752/57,439  elapsed 2.9s]
    [15,872/57,439  elapsed 4.3s]
    [20,992/57,439  elapsed 5.6s]
    [26,112/57,439  elapsed 7.0s]
    [31,232/57,439  elapsed 8.4s]
    [36,352/57,439  elapsed 9.7s]
    [41,472/57,439  elapsed 11.1s]
    [46,592/57,439  elapsed 12.5s]
    [51,712/57,439  elapsed 13.8s]
    [56,832/57,439  elapsed 15.2s]
  eval done in 15.4s
  by-popularity NDCG@10: tail=0.0019(n=7,762)  mid=0.0069(n=8,169)  head=0.0615(n=41,508)
  evaluating 57,439 users in batches of 512...
    [512/57,439  elapsed 0.1s]
    [5,632/57,439  elapsed 1.5s]
    [10,752/57,439  elapsed 2.9s]
    [15,872/57,439  elapsed 4.3s]
    [20,992/57,439  elapsed 5.6s]
    [26,112/57,439  elapsed 7.0s]
    [31,232/57,439  elapsed 8.4s]
    [36,352/57,439  elapsed 9.8s]
    [41,472/57,439  elapsed 11.1s]
    [46,592/57,439  elapsed 12.5s]
    [51,712/57,439  elapsed 13.9s]
    [56,832/57,439  elapsed 15.3s]
  eval done in 15.4s
  by-popularity NDCG@10: tail=0.0015(n=8,800)  mid=0.0072(n=8,657)  head=0.0570(n=39,982)
  epoch  14  loss=8.3425  val_NDCG=0.0457  test_NDCG=0.0410  test_HR=0.0735  (5.7s)
  evaluating 57,439 users in batches of 512...
    [512/57,439  elapsed 0.2s]
    [5,632/57,439  elapsed 1.5s]
    [10,752/57,439  elapsed 2.8s]
    [15,872/57,439  elapsed 4.2s]
    [20,992/57,439  elapsed 5.6s]
    [26,112/57,439  elapsed 6.9s]
    [31,232/57,439  elapsed 8.3s]
    [36,352/57,439  elapsed 9.7s]
    [41,472/57,439  elapsed 11.0s]
    [46,592/57,439  elapsed 12.4s]
    [51,712/57,439  elapsed 13.8s]
    [56,832/57,439  elapsed 15.1s]
  eval done in 15.3s
  by-popularity NDCG@10: tail=0.0018(n=7,762)  mid=0.0072(n=8,169)  head=0.0620(n=41,508)
  evaluating 57,439 users in batches of 512...
    [512/57,439  elapsed 0.1s]
    [5,632/57,439  elapsed 1.5s]
    [10,752/57,439  elapsed 2.9s]
    [15,872/57,439  elapsed 4.3s]
    [20,992/57,439  elapsed 5.6s]
    [26,112/57,439  elapsed 7.0s]
    [31,232/57,439  elapsed 8.4s]
    [36,352/57,439  elapsed 9.8s]
    [41,472/57,439  elapsed 11.1s]
    [46,592/57,439  elapsed 12.5s]
    [51,712/57,439  elapsed 13.9s]
    [56,832/57,439  elapsed 15.3s]
  eval done in 15.4s
  by-popularity NDCG@10: tail=0.0016(n=8,800)  mid=0.0073(n=8,657)  head=0.0572(n=39,982)
  epoch  15  loss=8.3200  val_NDCG=0.0460  test_NDCG=0.0412  test_HR=0.0735  (5.7s)
  evaluating 57,439 users in batches of 512...
    [512/57,439  elapsed 0.2s]
    [5,632/57,439  elapsed 1.5s]
    [10,752/57,439  elapsed 2.9s]
    [15,872/57,439  elapsed 4.2s]
    [20,992/57,439  elapsed 5.6s]
    [26,112/57,439  elapsed 7.0s]
    [31,232/57,439  elapsed 8.3s]
    [36,352/57,439  elapsed 9.7s]
    [41,472/57,439  elapsed 11.1s]
    [46,592/57,439  elapsed 12.4s]
    [51,712/57,439  elapsed 13.8s]
    [56,832/57,439  elapsed 15.2s]
  eval done in 15.3s
  by-popularity NDCG@10: tail=0.0019(n=7,762)  mid=0.0075(n=8,169)  head=0.0618(n=41,508)
  evaluating 57,439 users in batches of 512...
    [512/57,439  elapsed 0.1s]
    [5,632/57,439  elapsed 1.5s]
    [10,752/57,439  elapsed 2.9s]
    [15,872/57,439  elapsed 4.3s]
    [20,992/57,439  elapsed 5.6s]
    [26,112/57,439  elapsed 7.0s]
    [31,232/57,439  elapsed 8.4s]
    [36,352/57,439  elapsed 9.8s]
    [41,472/57,439  elapsed 11.1s]
    [46,592/57,439  elapsed 12.5s]
    [51,712/57,439  elapsed 13.9s]
    [56,832/57,439  elapsed 15.2s]
  eval done in 15.4s
  by-popularity NDCG@10: tail=0.0016(n=8,800)  mid=0.0075(n=8,657)  head=0.0572(n=39,982)
  epoch  16  loss=8.3013  val_NDCG=0.0460  test_NDCG=0.0412  test_HR=0.0734  (5.7s)
  evaluating 57,439 users in batches of 512...
    [512/57,439  elapsed 0.2s]
    [5,632/57,439  elapsed 1.5s]
    [10,752/57,439  elapsed 2.9s]
    [15,872/57,439  elapsed 4.2s]
    [20,992/57,439  elapsed 5.6s]
    [26,112/57,439  elapsed 7.0s]
    [31,232/57,439  elapsed 8.4s]
    [36,352/57,439  elapsed 9.7s]
    [41,472/57,439  elapsed 11.1s]
    [46,592/57,439  elapsed 12.5s]
    [51,712/57,439  elapsed 13.9s]
    [56,832/57,439  elapsed 15.2s]
  eval done in 15.4s
  by-popularity NDCG@10: tail=0.0019(n=7,762)  mid=0.0076(n=8,169)  head=0.0619(n=41,508)
  evaluating 57,439 users in batches of 512...
    [512/57,439  elapsed 0.1s]
    [5,632/57,439  elapsed 1.5s]
    [10,752/57,439  elapsed 2.9s]
    [15,872/57,439  elapsed 4.3s]
    [20,992/57,439  elapsed 5.6s]
    [26,112/57,439  elapsed 7.0s]
    [31,232/57,439  elapsed 8.4s]
    [36,352/57,439  elapsed 9.8s]
    [41,472/57,439  elapsed 11.1s]
    [46,592/57,439  elapsed 12.5s]
    [51,712/57,439  elapsed 13.9s]
    [56,832/57,439  elapsed 15.3s]
  eval done in 15.4s
  by-popularity NDCG@10: tail=0.0016(n=8,800)  mid=0.0075(n=8,657)  head=0.0574(n=39,982)
  epoch  17  loss=8.2864  val_NDCG=0.0461  test_NDCG=0.0413  test_HR=0.0737  (5.7s)
  evaluating 57,439 users in batches of 512...
    [512/57,439  elapsed 0.1s]
    [5,632/57,439  elapsed 1.5s]
    [10,752/57,439  elapsed 2.8s]
    [15,872/57,439  elapsed 4.2s]
    [20,992/57,439  elapsed 5.6s]
    [26,112/57,439  elapsed 7.0s]
    [31,232/57,439  elapsed 8.3s]
    [36,352/57,439  elapsed 9.7s]
    [41,472/57,439  elapsed 11.1s]
    [46,592/57,439  elapsed 12.5s]
    [51,712/57,439  elapsed 13.8s]
    [56,832/57,439  elapsed 15.2s]
  eval done in 15.4s
  by-popularity NDCG@10: tail=0.0019(n=7,762)  mid=0.0077(n=8,169)  head=0.0621(n=41,508)
  evaluating 57,439 users in batches of 512...
    [512/57,439  elapsed 0.1s]
    [5,632/57,439  elapsed 1.5s]
    [10,752/57,439  elapsed 2.9s]
    [15,872/57,439  elapsed 4.3s]
    [20,992/57,439  elapsed 5.6s]
    [26,112/57,439  elapsed 7.0s]
    [31,232/57,439  elapsed 8.4s]
    [36,352/57,439  elapsed 9.8s]
    [41,472/57,439  elapsed 11.2s]
    [46,592/57,439  elapsed 12.5s]
    [51,712/57,439  elapsed 13.9s]
    [56,832/57,439  elapsed 15.3s]
  eval done in 15.5s
  by-popularity NDCG@10: tail=0.0016(n=8,800)  mid=0.0074(n=8,657)  head=0.0574(n=39,982)
  epoch  18  loss=8.2765  val_NDCG=0.0462  test_NDCG=0.0413  test_HR=0.0734  (5.8s)
  evaluating 57,439 users in batches of 512...
    [512/57,439  elapsed 0.2s]
    [5,632/57,439  elapsed 1.5s]
    [10,752/57,439  elapsed 2.8s]
    [15,872/57,439  elapsed 4.2s]
    [20,992/57,439  elapsed 5.6s]
    [26,112/57,439  elapsed 6.9s]
    [31,232/57,439  elapsed 8.3s]
    [36,352/57,439  elapsed 9.7s]
    [41,472/57,439  elapsed 11.1s]
    [46,592/57,439  elapsed 12.5s]
    [51,712/57,439  elapsed 13.8s]
    [56,832/57,439  elapsed 15.2s]
  eval done in 15.4s
  by-popularity NDCG@10: tail=0.0019(n=7,762)  mid=0.0076(n=8,169)  head=0.0623(n=41,508)
  evaluating 57,439 users in batches of 512...
    [512/57,439  elapsed 0.1s]
    [5,632/57,439  elapsed 1.5s]
    [10,752/57,439  elapsed 2.9s]
    [15,872/57,439  elapsed 4.3s]
    [20,992/57,439  elapsed 5.6s]
    [26,112/57,439  elapsed 7.0s]
    [31,232/57,439  elapsed 8.4s]
    [36,352/57,439  elapsed 9.7s]
    [41,472/57,439  elapsed 11.1s]
    [46,592/57,439  elapsed 12.5s]
    [51,712/57,439  elapsed 13.9s]
    [56,832/57,439  elapsed 15.3s]
  eval done in 15.4s
  by-popularity NDCG@10: tail=0.0016(n=8,800)  mid=0.0075(n=8,657)  head=0.0574(n=39,982)
  epoch  19  loss=8.2702  val_NDCG=0.0463  test_NDCG=0.0413  test_HR=0.0735  (5.8s)
  evaluating 57,439 users in batches of 512...
    [512/57,439  elapsed 0.1s]
    [5,632/57,439  elapsed 1.5s]
    [10,752/57,439  elapsed 2.8s]
    [15,872/57,439  elapsed 4.2s]
    [20,992/57,439  elapsed 5.5s]
    [26,112/57,439  elapsed 6.9s]
    [31,232/57,439  elapsed 8.3s]
    [36,352/57,439  elapsed 9.7s]
    [41,472/57,439  elapsed 11.0s]
    [46,592/57,439  elapsed 12.4s]
    [51,712/57,439  elapsed 13.8s]
    [56,832/57,439  elapsed 15.1s]
  eval done in 15.3s
  by-popularity NDCG@10: tail=0.0019(n=7,762)  mid=0.0076(n=8,169)  head=0.0622(n=41,508)
  evaluating 57,439 users in batches of 512...
    [512/57,439  elapsed 0.1s]
    [5,632/57,439  elapsed 1.5s]
    [10,752/57,439  elapsed 2.9s]
    [15,872/57,439  elapsed 4.3s]
    [20,992/57,439  elapsed 5.7s]
    [26,112/57,439  elapsed 7.0s]
    [31,232/57,439  elapsed 8.4s]
    [36,352/57,439  elapsed 9.8s]
    [41,472/57,439  elapsed 11.2s]
    [46,592/57,439  elapsed 12.6s]
    [51,712/57,439  elapsed 13.9s]
    [56,832/57,439  elapsed 15.3s]
  eval done in 15.5s
  by-popularity NDCG@10: tail=0.0016(n=8,800)  mid=0.0075(n=8,657)  head=0.0575(n=39,982)
  epoch  20  loss=8.2680  val_NDCG=0.0463  test_NDCG=0.0414  test_HR=0.0736  (5.7s)

=== Best by val NDCG@10 ===
  val_NDCG=0.0463
  test: {'NDCG@10': 0.041331624058341426, 'HR@10': 0.07345183586065217, 'MRR': 0.03792162512751198, 'n_eval': 57439, 'by_popularity': {'tail': {'NDCG@10': 0.0015889566078094637, 'HR@10': 0.0032954545454545454, 'n': 8800, 'n_hit@10': 29, 'HR@20': 0.007272727272727273, 'n_hit@20': 64, 'HR@50': 0.018295454545454545, 'n_hit@50': 161, 'HR@100': 0.036704545454545455, 'n_hit@100': 323}, 'mid': {'NDCG@10': 0.007459336634572013, 'HR@10': 0.013746101420815525, 'n': 8657, 'n_hit@10': 119, 'HR@20': 0.023218204920873283, 'n_hit@20': 201, 'HR@50': 0.04712949058565323, 'n_hit@50': 408, 'HR@100': 0.08305417581148204, 'n_hit@100': 719}, 'head': {'NDCG@10': 0.05741305734812816, 'HR@10': 0.10182081936871593, 'n': 39982, 'n_hit@10': 4071, 'HR@20': 0.1474163373518083, 'n_hit@20': 5894, 'HR@50': 0.22735230853884247, 'n_hit@50': 9090, 'HR@100': 0.3072382572157471, 'n_hit@100': 12284}}}
wrote C:\Users\rayxc\Documents\R\_bestrec_run\results_MI_FIRV3_a2learnedwd0_seed20260715.users.jsonl.gz (57,439 per-user records, best epoch 19, sha256 20fb96513d41…)
wrote C:\Users\rayxc\Documents\R\_bestrec_run\results_MI_FIRV3_a2learnedwd0_seed20260715.final.users.jsonl.gz (57,439 FINAL-epoch per-user records)
  fir_v3 final ||DELTA||_2 = 5.123254

wrote C:\Users\rayxc\Documents\R\_bestrec_run\results_MI_FIRV3_a2learnedwd0_seed20260715.json
[10/24] results_MI_FIRV3_a0ident_seed20260716.json
  random seed set to 20260716
=== Musical_Instruments: load splits ===
  n_users=57,439  n_items=24,587  pad_id=24587
  built sequences for 57,439 users
  built timestamp sequences (12 time buckets)
  loading SBERT embeddings from C:\Users\rayxc\Documents\R\cache_5core\sbert_titles_Musical_Instruments.npy...
  TAPE: k-means 24,587 text embeddings into K=512 prototypes (tau=0.05)...
  TAPE: K=512 mean max-assignment weight = 0.524 (1.0 = hard clustering)

=== Build SASRec-SBERT (d=64, layers=4, heads=2) ===
  total params: 11,186,046  device=cuda
  57,439 training examples / 225 batches per epoch
  init_state_sha256 = 23b34d3556957cdf4cecefe99a628a1fbb4384e03858fc572163f25bf1c3fe86
  LR schedule: warmup_cosine (225 warmup + 4275 cosine steps)

=== Train for 20 epochs ===
  evaluating 57,439 users in batches of 512...
    [512/57,439  elapsed 0.1s]
    [5,632/57,439  elapsed 1.5s]
    [10,752/57,439  elapsed 2.8s]
    [15,872/57,439  elapsed 4.2s]
    [20,992/57,439  elapsed 5.5s]
    [26,112/57,439  elapsed 6.9s]
    [31,232/57,439  elapsed 8.2s]
    [36,352/57,439  elapsed 9.6s]
    [41,472/57,439  elapsed 10.9s]
    [46,592/57,439  elapsed 12.3s]
    [51,712/57,439  elapsed 13.7s]
    [56,832/57,439  elapsed 15.0s]
  eval done in 15.2s
  by-popularity NDCG@10: tail=0.0001(n=7,762)  mid=0.0002(n=8,169)  head=0.0361(n=41,508)
  evaluating 57,439 users in batches of 512...
    [512/57,439  elapsed 0.1s]
    [5,632/57,439  elapsed 1.5s]
    [10,752/57,439  elapsed 2.9s]
    [15,872/57,439  elapsed 4.2s]
    [20,992/57,439  elapsed 5.6s]
    [26,112/57,439  elapsed 6.9s]
    [31,232/57,439  elapsed 8.3s]
    [36,352/57,439  elapsed 9.7s]
    [41,472/57,439  elapsed 11.0s]
    [46,592/57,439  elapsed 12.4s]
    [51,712/57,439  elapsed 13.8s]
    [56,832/57,439  elapsed 15.1s]
  eval done in 15.3s
  by-popularity NDCG@10: tail=0.0000(n=8,800)  mid=0.0002(n=8,657)  head=0.0338(n=39,982)
  epoch   1  loss=9.6241  val_NDCG=0.0261  test_NDCG=0.0236  test_HR=0.0455  (5.8s)
  evaluating 57,439 users in batches of 512...
    [512/57,439  elapsed 0.2s]
    [5,632/57,439  elapsed 1.5s]
    [10,752/57,439  elapsed 2.9s]
    [15,872/57,439  elapsed 4.3s]
    [20,992/57,439  elapsed 5.6s]
    [26,112/57,439  elapsed 7.0s]
    [31,232/57,439  elapsed 8.4s]
    [36,352/57,439  elapsed 9.8s]
    [41,472/57,439  elapsed 11.1s]
    [46,592/57,439  elapsed 12.5s]
    [51,712/57,439  elapsed 13.9s]
    [56,832/57,439  elapsed 15.3s]
  eval done in 15.4s
  by-popularity NDCG@10: tail=0.0000(n=7,762)  mid=0.0002(n=8,169)  head=0.0449(n=41,508)
  evaluating 57,439 users in batches of 512...
    [512/57,439  elapsed 0.1s]
    [5,632/57,439  elapsed 1.5s]
    [10,752/57,439  elapsed 2.9s]
    [15,872/57,439  elapsed 4.3s]
    [20,992/57,439  elapsed 5.7s]
    [26,112/57,439  elapsed 7.0s]
    [31,232/57,439  elapsed 8.4s]
    [36,352/57,439  elapsed 9.8s]
    [41,472/57,439  elapsed 11.2s]
    [46,592/57,439  elapsed 12.6s]
    [51,712/57,439  elapsed 14.0s]
    [56,832/57,439  elapsed 15.4s]
  eval done in 15.5s
  by-popularity NDCG@10: tail=0.0000(n=8,800)  mid=0.0007(n=8,657)  head=0.0434(n=39,982)
  epoch   2  loss=9.1037  val_NDCG=0.0325  test_NDCG=0.0303  test_HR=0.0564  (5.7s)
  evaluating 57,439 users in batches of 512...
    [512/57,439  elapsed 0.2s]
    [5,632/57,439  elapsed 1.5s]
    [10,752/57,439  elapsed 2.9s]
    [15,872/57,439  elapsed 4.3s]
    [20,992/57,439  elapsed 5.6s]
    [26,112/57,439  elapsed 7.0s]
    [31,232/57,439  elapsed 8.4s]
    [36,352/57,439  elapsed 9.7s]
    [41,472/57,439  elapsed 11.1s]
    [46,592/57,439  elapsed 12.5s]
    [51,712/57,439  elapsed 13.8s]
    [56,832/57,439  elapsed 15.2s]
  eval done in 15.4s
  by-popularity NDCG@10: tail=0.0002(n=7,762)  mid=0.0007(n=8,169)  head=0.0498(n=41,508)
  evaluating 57,439 users in batches of 512...
    [512/57,439  elapsed 0.1s]
    [5,632/57,439  elapsed 1.5s]
    [10,752/57,439  elapsed 2.9s]
    [15,872/57,439  elapsed 4.3s]
    [20,992/57,439  elapsed 5.6s]
    [26,112/57,439  elapsed 7.0s]
    [31,232/57,439  elapsed 8.4s]
    [36,352/57,439  elapsed 9.8s]
    [41,472/57,439  elapsed 11.1s]
    [46,592/57,439  elapsed 12.5s]
    [51,712/57,439  elapsed 13.9s]
    [56,832/57,439  elapsed 15.3s]
  eval done in 15.4s
  by-popularity NDCG@10: tail=0.0001(n=8,800)  mid=0.0008(n=8,657)  head=0.0475(n=39,982)
  epoch   3  loss=8.9539  val_NDCG=0.0361  test_NDCG=0.0332  test_HR=0.0606  (5.7s)
  evaluating 57,439 users in batches of 512...
    [512/57,439  elapsed 0.1s]
    [5,632/57,439  elapsed 1.5s]
    [10,752/57,439  elapsed 2.8s]
    [15,872/57,439  elapsed 4.2s]
    [20,992/57,439  elapsed 5.6s]
    [26,112/57,439  elapsed 6.9s]
    [31,232/57,439  elapsed 8.3s]
    [36,352/57,439  elapsed 9.7s]
    [41,472/57,439  elapsed 11.1s]
    [46,592/57,439  elapsed 12.4s]
    [51,712/57,439  elapsed 13.8s]
    [56,832/57,439  elapsed 15.2s]
  eval done in 15.3s
  by-popularity NDCG@10: tail=0.0001(n=7,762)  mid=0.0005(n=8,169)  head=0.0520(n=41,508)
  evaluating 57,439 users in batches of 512...
    [512/57,439  elapsed 0.1s]
    [5,632/57,439  elapsed 1.5s]
    [10,752/57,439  elapsed 2.9s]
    [15,872/57,439  elapsed 4.2s]
    [20,992/57,439  elapsed 5.6s]
    [26,112/57,439  elapsed 7.0s]
    [31,232/57,439  elapsed 8.4s]
    [36,352/57,439  elapsed 9.7s]
    [41,472/57,439  elapsed 11.1s]
    [46,592/57,439  elapsed 12.5s]
    [51,712/57,439  elapsed 13.9s]
    [56,832/57,439  elapsed 15.3s]
  eval done in 15.4s
  by-popularity NDCG@10: tail=0.0001(n=8,800)  mid=0.0012(n=8,657)  head=0.0499(n=39,982)
  epoch   4  loss=8.8555  val_NDCG=0.0376  test_NDCG=0.0350  test_HR=0.0635  (5.7s)
  evaluating 57,439 users in batches of 512...
    [512/57,439  elapsed 0.1s]
    [5,632/57,439  elapsed 1.5s]
    [10,752/57,439  elapsed 2.8s]
    [15,872/57,439  elapsed 4.2s]
    [20,992/57,439  elapsed 5.6s]
    [26,112/57,439  elapsed 7.0s]
    [31,232/57,439  elapsed 8.3s]
    [36,352/57,439  elapsed 9.7s]
    [41,472/57,439  elapsed 11.1s]
    [46,592/57,439  elapsed 12.5s]
    [51,712/57,439  elapsed 13.8s]
    [56,832/57,439  elapsed 15.2s]
  eval done in 15.4s
  by-popularity NDCG@10: tail=0.0001(n=7,762)  mid=0.0014(n=8,169)  head=0.0535(n=41,508)
  evaluating 57,439 users in batches of 512...
    [512/57,439  elapsed 0.1s]
    [5,632/57,439  elapsed 1.5s]
    [10,752/57,439  elapsed 2.9s]
    [15,872/57,439  elapsed 4.3s]
    [20,992/57,439  elapsed 5.6s]
    [26,112/57,439  elapsed 7.0s]
    [31,232/57,439  elapsed 8.4s]
    [36,352/57,439  elapsed 9.8s]
    [41,472/57,439  elapsed 11.2s]
    [46,592/57,439  elapsed 12.6s]
    [51,712/57,439  elapsed 14.0s]
    [56,832/57,439  elapsed 15.4s]
  eval done in 15.5s
  by-popularity NDCG@10: tail=0.0001(n=8,800)  mid=0.0016(n=8,657)  head=0.0514(n=39,982)
  epoch   5  loss=8.7810  val_NDCG=0.0389  test_NDCG=0.0360  test_HR=0.0662  (5.7s)
  evaluating 57,439 users in batches of 512...
    [512/57,439  elapsed 0.2s]
    [5,632/57,439  elapsed 1.5s]
    [10,752/57,439  elapsed 2.9s]
    [15,872/57,439  elapsed 4.2s]
    [20,992/57,439  elapsed 5.6s]
    [26,112/57,439  elapsed 7.0s]
    [31,232/57,439  elapsed 8.4s]
    [36,352/57,439  elapsed 9.7s]
    [41,472/57,439  elapsed 11.1s]
    [46,592/57,439  elapsed 12.5s]
    [51,712/57,439  elapsed 13.8s]
    [56,832/57,439  elapsed 15.2s]
  eval done in 15.4s
  by-popularity NDCG@10: tail=0.0004(n=7,762)  mid=0.0018(n=8,169)  head=0.0560(n=41,508)
  evaluating 57,439 users in batches of 512...
    [512/57,439  elapsed 0.1s]
    [5,632/57,439  elapsed 1.5s]
    [10,752/57,439  elapsed 2.9s]
    [15,872/57,439  elapsed 4.3s]
    [20,992/57,439  elapsed 5.6s]
    [26,112/57,439  elapsed 7.0s]
    [31,232/57,439  elapsed 8.4s]
    [36,352/57,439  elapsed 9.8s]
    [41,472/57,439  elapsed 11.2s]
    [46,592/57,439  elapsed 12.5s]
    [51,712/57,439  elapsed 13.9s]
    [56,832/57,439  elapsed 15.3s]
  eval done in 15.5s
  by-popularity NDCG@10: tail=0.0003(n=8,800)  mid=0.0018(n=8,657)  head=0.0525(n=39,982)
  epoch   6  loss=8.7194  val_NDCG=0.0408  test_NDCG=0.0369  test_HR=0.0679  (5.8s)
  evaluating 57,439 users in batches of 512...
    [512/57,439  elapsed 0.2s]
    [5,632/57,439  elapsed 1.5s]
    [10,752/57,439  elapsed 2.9s]
    [15,872/57,439  elapsed 4.3s]
    [20,992/57,439  elapsed 5.6s]
    [26,112/57,439  elapsed 7.0s]
    [31,232/57,439  elapsed 8.4s]
    [36,352/57,439  elapsed 9.7s]
    [41,472/57,439  elapsed 11.1s]
    [46,592/57,439  elapsed 12.5s]
    [51,712/57,439  elapsed 13.8s]
    [56,832/57,439  elapsed 15.2s]
  eval done in 15.4s
  by-popularity NDCG@10: tail=0.0005(n=7,762)  mid=0.0022(n=8,169)  head=0.0571(n=41,508)
  evaluating 57,439 users in batches of 512...
    [512/57,439  elapsed 0.1s]
    [5,632/57,439  elapsed 1.5s]
    [10,752/57,439  elapsed 2.9s]
    [15,872/57,439  elapsed 4.3s]
    [20,992/57,439  elapsed 5.7s]
    [26,112/57,439  elapsed 7.0s]
    [31,232/57,439  elapsed 8.4s]
    [36,352/57,439  elapsed 9.8s]
    [41,472/57,439  elapsed 11.2s]
    [46,592/57,439  elapsed 12.5s]
    [51,712/57,439  elapsed 13.9s]
    [56,832/57,439  elapsed 15.3s]
  eval done in 15.5s
  by-popularity NDCG@10: tail=0.0003(n=8,800)  mid=0.0022(n=8,657)  head=0.0529(n=39,982)
  epoch   7  loss=8.6685  val_NDCG=0.0416  test_NDCG=0.0372  test_HR=0.0677  (5.7s)
  evaluating 57,439 users in batches of 512...
    [512/57,439  elapsed 0.1s]
    [5,632/57,439  elapsed 1.5s]
    [10,752/57,439  elapsed 2.9s]
    [15,872/57,439  elapsed 4.3s]
    [20,992/57,439  elapsed 5.6s]
    [26,112/57,439  elapsed 7.0s]
    [31,232/57,439  elapsed 8.4s]
    [36,352/57,439  elapsed 9.8s]
    [41,472/57,439  elapsed 11.2s]
    [46,592/57,439  elapsed 12.6s]
    [51,712/57,439  elapsed 13.9s]
    [56,832/57,439  elapsed 15.3s]
  eval done in 15.5s
  by-popularity NDCG@10: tail=0.0007(n=7,762)  mid=0.0029(n=8,169)  head=0.0575(n=41,508)
  evaluating 57,439 users in batches of 512...
    [512/57,439  elapsed 0.1s]
    [5,632/57,439  elapsed 1.5s]
    [10,752/57,439  elapsed 2.9s]
    [15,872/57,439  elapsed 4.3s]
    [20,992/57,439  elapsed 5.7s]
    [26,112/57,439  elapsed 7.1s]
    [31,232/57,439  elapsed 8.4s]
    [36,352/57,439  elapsed 9.8s]
    [41,472/57,439  elapsed 11.2s]
    [46,592/57,439  elapsed 12.6s]
    [51,712/57,439  elapsed 14.0s]
    [56,832/57,439  elapsed 15.4s]
  eval done in 15.6s
  by-popularity NDCG@10: tail=0.0004(n=8,800)  mid=0.0029(n=8,657)  head=0.0538(n=39,982)
  epoch   8  loss=8.6205  val_NDCG=0.0420  test_NDCG=0.0379  test_HR=0.0685  (5.8s)
  evaluating 57,439 users in batches of 512...
    [512/57,439  elapsed 0.1s]
    [5,632/57,439  elapsed 1.5s]
    [10,752/57,439  elapsed 2.9s]
    [15,872/57,439  elapsed 4.3s]
    [20,992/57,439  elapsed 5.6s]
    [26,112/57,439  elapsed 7.0s]
    [31,232/57,439  elapsed 8.4s]
    [36,352/57,439  elapsed 9.8s]
    [41,472/57,439  elapsed 11.2s]
    [46,592/57,439  elapsed 12.5s]
    [51,712/57,439  elapsed 13.9s]
    [56,832/57,439  elapsed 15.3s]
  eval done in 15.5s
  by-popularity NDCG@10: tail=0.0009(n=7,762)  mid=0.0032(n=8,169)  head=0.0575(n=41,508)
  evaluating 57,439 users in batches of 512...
    [512/57,439  elapsed 0.1s]
    [5,632/57,439  elapsed 1.5s]
    [10,752/57,439  elapsed 2.9s]
    [15,872/57,439  elapsed 4.3s]
    [20,992/57,439  elapsed 5.7s]
    [26,112/57,439  elapsed 7.1s]
    [31,232/57,439  elapsed 8.4s]
    [36,352/57,439  elapsed 9.8s]
    [41,472/57,439  elapsed 11.2s]
    [46,592/57,439  elapsed 12.6s]
    [51,712/57,439  elapsed 14.0s]
    [56,832/57,439  elapsed 15.4s]
  eval done in 15.5s
  by-popularity NDCG@10: tail=0.0006(n=8,800)  mid=0.0032(n=8,657)  head=0.0532(n=39,982)
  epoch   9  loss=8.5785  val_NDCG=0.0422  test_NDCG=0.0376  test_HR=0.0684  (5.8s)
  evaluating 57,439 users in batches of 512...
    [512/57,439  elapsed 0.2s]
    [5,632/57,439  elapsed 1.6s]
    [10,752/57,439  elapsed 2.9s]
    [15,872/57,439  elapsed 4.3s]
    [20,992/57,439  elapsed 5.7s]
    [26,112/57,439  elapsed 7.0s]
    [31,232/57,439  elapsed 8.4s]
    [36,352/57,439  elapsed 9.8s]
    [41,472/57,439  elapsed 11.2s]
    [46,592/57,439  elapsed 12.5s]
    [51,712/57,439  elapsed 13.9s]
    [56,832/57,439  elapsed 15.3s]
  eval done in 15.5s
  by-popularity NDCG@10: tail=0.0010(n=7,762)  mid=0.0039(n=8,169)  head=0.0582(n=41,508)
  evaluating 57,439 users in batches of 512...
    [512/57,439  elapsed 0.1s]
    [5,632/57,439  elapsed 1.5s]
    [10,752/57,439  elapsed 2.9s]
    [15,872/57,439  elapsed 4.3s]
    [20,992/57,439  elapsed 5.7s]
    [26,112/57,439  elapsed 7.0s]
    [31,232/57,439  elapsed 8.4s]
    [36,352/57,439  elapsed 9.8s]
    [41,472/57,439  elapsed 11.2s]
    [46,592/57,439  elapsed 12.6s]
    [51,712/57,439  elapsed 14.0s]
    [56,832/57,439  elapsed 15.3s]
  eval done in 15.5s
  by-popularity NDCG@10: tail=0.0006(n=8,800)  mid=0.0036(n=8,657)  head=0.0544(n=39,982)
  epoch  10  loss=8.5373  val_NDCG=0.0428  test_NDCG=0.0385  test_HR=0.0696  (5.9s)
  evaluating 57,439 users in batches of 512...
    [512/57,439  elapsed 0.2s]
    [5,632/57,439  elapsed 1.5s]
    [10,752/57,439  elapsed 2.9s]
    [15,872/57,439  elapsed 4.3s]
    [20,992/57,439  elapsed 5.7s]
    [26,112/57,439  elapsed 7.1s]
    [31,232/57,439  elapsed 8.4s]
    [36,352/57,439  elapsed 9.8s]
    [41,472/57,439  elapsed 11.2s]
    [46,592/57,439  elapsed 12.6s]
    [51,712/57,439  elapsed 13.9s]
    [56,832/57,439  elapsed 15.3s]
  eval done in 15.5s
  by-popularity NDCG@10: tail=0.0010(n=7,762)  mid=0.0039(n=8,169)  head=0.0589(n=41,508)
  evaluating 57,439 users in batches of 512...
    [512/57,439  elapsed 0.1s]
    [5,632/57,439  elapsed 1.5s]
    [10,752/57,439  elapsed 2.9s]
    [15,872/57,439  elapsed 4.3s]
    [20,992/57,439  elapsed 5.7s]
    [26,112/57,439  elapsed 7.0s]
    [31,232/57,439  elapsed 8.4s]
    [36,352/57,439  elapsed 9.8s]
    [41,472/57,439  elapsed 11.2s]
    [46,592/57,439  elapsed 12.6s]
    [51,712/57,439  elapsed 14.0s]
    [56,832/57,439  elapsed 15.3s]
  eval done in 15.5s
  by-popularity NDCG@10: tail=0.0008(n=8,800)  mid=0.0038(n=8,657)  head=0.0552(n=39,982)
  epoch  11  loss=8.5008  val_NDCG=0.0433  test_NDCG=0.0391  test_HR=0.0706  (5.8s)
  evaluating 57,439 users in batches of 512...
    [512/57,439  elapsed 0.2s]
    [5,632/57,439  elapsed 1.5s]
    [10,752/57,439  elapsed 2.9s]
    [15,872/57,439  elapsed 4.3s]
    [20,992/57,439  elapsed 5.7s]
    [26,112/57,439  elapsed 7.0s]
    [31,232/57,439  elapsed 8.4s]
    [36,352/57,439  elapsed 9.8s]
    [41,472/57,439  elapsed 11.2s]
    [46,592/57,439  elapsed 12.6s]
    [51,712/57,439  elapsed 13.9s]
    [56,832/57,439  elapsed 15.3s]
  eval done in 15.5s
  by-popularity NDCG@10: tail=0.0009(n=7,762)  mid=0.0044(n=8,169)  head=0.0593(n=41,508)
  evaluating 57,439 users in batches of 512...
    [512/57,439  elapsed 0.1s]
    [5,632/57,439  elapsed 1.5s]
    [10,752/57,439  elapsed 2.9s]
    [15,872/57,439  elapsed 4.3s]
    [20,992/57,439  elapsed 5.7s]
    [26,112/57,439  elapsed 7.1s]
    [31,232/57,439  elapsed 8.5s]
    [36,352/57,439  elapsed 9.8s]
    [41,472/57,439  elapsed 11.2s]
    [46,592/57,439  elapsed 12.6s]
    [51,712/57,439  elapsed 14.0s]
    [56,832/57,439  elapsed 15.4s]
  eval done in 15.5s
  by-popularity NDCG@10: tail=0.0008(n=8,800)  mid=0.0044(n=8,657)  head=0.0551(n=39,982)
  epoch  12  loss=8.4681  val_NDCG=0.0436  test_NDCG=0.0391  test_HR=0.0710  (5.8s)
  evaluating 57,439 users in batches of 512...
    [512/57,439  elapsed 0.1s]
    [5,632/57,439  elapsed 1.5s]
    [10,752/57,439  elapsed 2.8s]
    [15,872/57,439  elapsed 4.2s]
    [20,992/57,439  elapsed 5.6s]
    [26,112/57,439  elapsed 7.0s]
    [31,232/57,439  elapsed 8.4s]
    [36,352/57,439  elapsed 9.8s]
    [41,472/57,439  elapsed 11.1s]
    [46,592/57,439  elapsed 12.5s]
    [51,712/57,439  elapsed 13.9s]
    [56,832/57,439  elapsed 15.2s]
  eval done in 15.4s
  by-popularity NDCG@10: tail=0.0010(n=7,762)  mid=0.0044(n=8,169)  head=0.0590(n=41,508)
  evaluating 57,439 users in batches of 512...
    [512/57,439  elapsed 0.1s]
    [5,632/57,439  elapsed 1.5s]
    [10,752/57,439  elapsed 2.9s]
    [15,872/57,439  elapsed 4.3s]
    [20,992/57,439  elapsed 5.7s]
    [26,112/57,439  elapsed 7.1s]
    [31,232/57,439  elapsed 8.4s]
    [36,352/57,439  elapsed 9.8s]
    [41,472/57,439  elapsed 11.2s]
    [46,592/57,439  elapsed 12.6s]
    [51,712/57,439  elapsed 14.0s]
    [56,832/57,439  elapsed 15.4s]
  eval done in 15.5s
  by-popularity NDCG@10: tail=0.0010(n=8,800)  mid=0.0046(n=8,657)  head=0.0553(n=39,982)
  epoch  13  loss=8.4392  val_NDCG=0.0434  test_NDCG=0.0393  test_HR=0.0708  (5.9s)
  evaluating 57,439 users in batches of 512...
    [512/57,439  elapsed 0.2s]
    [5,632/57,439  elapsed 1.5s]
    [10,752/57,439  elapsed 2.9s]
    [15,872/57,439  elapsed 4.3s]
    [20,992/57,439  elapsed 5.7s]
    [26,112/57,439  elapsed 7.0s]
    [31,232/57,439  elapsed 8.4s]
    [36,352/57,439  elapsed 9.8s]
    [41,472/57,439  elapsed 11.2s]
    [46,592/57,439  elapsed 12.5s]
    [51,712/57,439  elapsed 13.9s]
    [56,832/57,439  elapsed 15.3s]
  eval done in 15.4s
  by-popularity NDCG@10: tail=0.0010(n=7,762)  mid=0.0047(n=8,169)  head=0.0588(n=41,508)
  evaluating 57,439 users in batches of 512...
    [512/57,439  elapsed 0.1s]
    [5,632/57,439  elapsed 1.5s]
    [10,752/57,439  elapsed 2.9s]
    [15,872/57,439  elapsed 4.3s]
    [20,992/57,439  elapsed 5.7s]
    [26,112/57,439  elapsed 7.1s]
    [31,232/57,439  elapsed 8.4s]
    [36,352/57,439  elapsed 9.8s]
    [41,472/57,439  elapsed 11.2s]
    [46,592/57,439  elapsed 12.6s]
    [51,712/57,439  elapsed 14.0s]
    [56,832/57,439  elapsed 15.3s]
  eval done in 15.5s
  by-popularity NDCG@10: tail=0.0010(n=8,800)  mid=0.0047(n=8,657)  head=0.0549(n=39,982)
  epoch  14  loss=8.4128  val_NDCG=0.0433  test_NDCG=0.0391  test_HR=0.0702  (5.8s)
  evaluating 57,439 users in batches of 512...
    [512/57,439  elapsed 0.2s]
    [5,632/57,439  elapsed 1.5s]
    [10,752/57,439  elapsed 2.9s]
    [15,872/57,439  elapsed 4.3s]
    [20,992/57,439  elapsed 5.7s]
    [26,112/57,439  elapsed 7.0s]
    [31,232/57,439  elapsed 8.4s]
    [36,352/57,439  elapsed 9.8s]
    [41,472/57,439  elapsed 11.1s]
    [46,592/57,439  elapsed 12.5s]
    [51,712/57,439  elapsed 13.9s]
    [56,832/57,439  elapsed 15.2s]
  eval done in 15.4s
  by-popularity NDCG@10: tail=0.0011(n=7,762)  mid=0.0051(n=8,169)  head=0.0590(n=41,508)
  evaluating 57,439 users in batches of 512...
    [512/57,439  elapsed 0.1s]
    [5,632/57,439  elapsed 1.5s]
    [10,752/57,439  elapsed 2.9s]
    [15,872/57,439  elapsed 4.3s]
    [20,992/57,439  elapsed 5.7s]
    [26,112/57,439  elapsed 7.0s]
    [31,232/57,439  elapsed 8.4s]
    [36,352/57,439  elapsed 9.8s]
    [41,472/57,439  elapsed 11.2s]
    [46,592/57,439  elapsed 12.5s]
    [51,712/57,439  elapsed 13.9s]
    [56,832/57,439  elapsed 15.3s]
  eval done in 15.5s
  by-popularity NDCG@10: tail=0.0011(n=8,800)  mid=0.0049(n=8,657)  head=0.0550(n=39,982)
  epoch  15  loss=8.3910  val_NDCG=0.0435  test_NDCG=0.0392  test_HR=0.0705  (5.9s)
  evaluating 57,439 users in batches of 512...
    [512/57,439  elapsed 0.2s]
    [5,632/57,439  elapsed 1.5s]
    [10,752/57,439  elapsed 2.9s]
    [15,872/57,439  elapsed 4.3s]
    [20,992/57,439  elapsed 5.7s]
    [26,112/57,439  elapsed 7.0s]
    [31,232/57,439  elapsed 8.4s]
    [36,352/57,439  elapsed 9.8s]
    [41,472/57,439  elapsed 11.2s]
    [46,592/57,439  elapsed 12.5s]
    [51,712/57,439  elapsed 13.9s]
    [56,832/57,439  elapsed 15.3s]
  eval done in 15.4s
  by-popularity NDCG@10: tail=0.0011(n=7,762)  mid=0.0053(n=8,169)  head=0.0588(n=41,508)
  evaluating 57,439 users in batches of 512...
    [512/57,439  elapsed 0.1s]
    [5,632/57,439  elapsed 1.5s]
    [10,752/57,439  elapsed 2.9s]
    [15,872/57,439  elapsed 4.3s]
    [20,992/57,439  elapsed 5.7s]
    [26,112/57,439  elapsed 7.0s]
    [31,232/57,439  elapsed 8.4s]
    [36,352/57,439  elapsed 9.8s]
    [41,472/57,439  elapsed 11.2s]
    [46,592/57,439  elapsed 12.5s]
    [51,712/57,439  elapsed 13.9s]
    [56,832/57,439  elapsed 15.3s]
  eval done in 15.5s
  by-popularity NDCG@10: tail=0.0011(n=8,800)  mid=0.0051(n=8,657)  head=0.0549(n=39,982)
  epoch  16  loss=8.3739  val_NDCG=0.0434  test_NDCG=0.0391  test_HR=0.0704  (5.9s)
  evaluating 57,439 users in batches of 512...
    [512/57,439  elapsed 0.2s]
    [5,632/57,439  elapsed 1.6s]
    [10,752/57,439  elapsed 2.9s]
    [15,872/57,439  elapsed 4.3s]
    [20,992/57,439  elapsed 5.7s]
    [26,112/57,439  elapsed 7.0s]
    [31,232/57,439  elapsed 8.4s]
    [36,352/57,439  elapsed 9.8s]
    [41,472/57,439  elapsed 11.2s]
    [46,592/57,439  elapsed 12.5s]
    [51,712/57,439  elapsed 13.9s]
    [56,832/57,439  elapsed 15.3s]
  eval done in 15.5s
  by-popularity NDCG@10: tail=0.0011(n=7,762)  mid=0.0052(n=8,169)  head=0.0589(n=41,508)
  evaluating 57,439 users in batches of 512...
    [512/57,439  elapsed 0.1s]
    [5,632/57,439  elapsed 1.5s]
    [10,752/57,439  elapsed 2.9s]
    [15,872/57,439  elapsed 4.3s]
    [20,992/57,439  elapsed 5.7s]
    [26,112/57,439  elapsed 7.0s]
    [31,232/57,439  elapsed 8.4s]
    [36,352/57,439  elapsed 9.8s]
    [41,472/57,439  elapsed 11.2s]
    [46,592/57,439  elapsed 12.6s]
    [51,712/57,439  elapsed 13.9s]
    [56,832/57,439  elapsed 15.3s]
  eval done in 15.5s
  by-popularity NDCG@10: tail=0.0011(n=8,800)  mid=0.0051(n=8,657)  head=0.0548(n=39,982)
  epoch  17  loss=8.3610  val_NDCG=0.0434  test_NDCG=0.0391  test_HR=0.0705  (5.9s)
  evaluating 57,439 users in batches of 512...
    [512/57,439  elapsed 0.2s]
    [5,632/57,439  elapsed 1.5s]
    [10,752/57,439  elapsed 2.9s]
    [15,872/57,439  elapsed 4.3s]
    [20,992/57,439  elapsed 5.7s]
    [26,112/57,439  elapsed 7.0s]
    [31,232/57,439  elapsed 8.4s]
    [36,352/57,439  elapsed 9.8s]
    [41,472/57,439  elapsed 11.2s]
    [46,592/57,439  elapsed 12.6s]
    [51,712/57,439  elapsed 13.9s]
    [56,832/57,439  elapsed 15.3s]
  eval done in 15.5s
  by-popularity NDCG@10: tail=0.0012(n=7,762)  mid=0.0053(n=8,169)  head=0.0591(n=41,508)
  evaluating 57,439 users in batches of 512...
    [512/57,439  elapsed 0.1s]
    [5,632/57,439  elapsed 1.5s]
    [10,752/57,439  elapsed 2.9s]
    [15,872/57,439  elapsed 4.3s]
    [20,992/57,439  elapsed 5.7s]
    [26,112/57,439  elapsed 7.1s]
    [31,232/57,439  elapsed 8.4s]
    [36,352/57,439  elapsed 9.8s]
    [41,472/57,439  elapsed 11.2s]
    [46,592/57,439  elapsed 12.6s]
    [51,712/57,439  elapsed 14.0s]
    [56,832/57,439  elapsed 15.4s]
  eval done in 15.5s
  by-popularity NDCG@10: tail=0.0011(n=8,800)  mid=0.0053(n=8,657)  head=0.0550(n=39,982)
  epoch  18  loss=8.3495  val_NDCG=0.0436  test_NDCG=0.0393  test_HR=0.0706  (5.8s)
  evaluating 57,439 users in batches of 512...
    [512/57,439  elapsed 0.1s]
    [5,632/57,439  elapsed 1.5s]
    [10,752/57,439  elapsed 2.8s]
    [15,872/57,439  elapsed 4.2s]
    [20,992/57,439  elapsed 5.6s]
    [26,112/57,439  elapsed 7.0s]
    [31,232/57,439  elapsed 8.3s]
    [36,352/57,439  elapsed 9.7s]
    [41,472/57,439  elapsed 11.1s]
    [46,592/57,439  elapsed 12.5s]
    [51,712/57,439  elapsed 13.8s]
    [56,832/57,439  elapsed 15.2s]
  eval done in 15.4s
  by-popularity NDCG@10: tail=0.0012(n=7,762)  mid=0.0053(n=8,169)  head=0.0590(n=41,508)
  evaluating 57,439 users in batches of 512...
    [512/57,439  elapsed 0.1s]
    [5,632/57,439  elapsed 1.5s]
    [10,752/57,439  elapsed 2.9s]
    [15,872/57,439  elapsed 4.3s]
    [20,992/57,439  elapsed 5.6s]
    [26,112/57,439  elapsed 7.0s]
    [31,232/57,439  elapsed 8.4s]
    [36,352/57,439  elapsed 9.8s]
    [41,472/57,439  elapsed 11.2s]
    [46,592/57,439  elapsed 12.5s]
    [51,712/57,439  elapsed 13.9s]
    [56,832/57,439  elapsed 15.3s]
  eval done in 15.5s
  by-popularity NDCG@10: tail=0.0011(n=8,800)  mid=0.0052(n=8,657)  head=0.0550(n=39,982)
  epoch  19  loss=8.3467  val_NDCG=0.0436  test_NDCG=0.0392  test_HR=0.0706  (5.8s)
  evaluating 57,439 users in batches of 512...
    [512/57,439  elapsed 0.1s]
    [5,632/57,439  elapsed 1.5s]
    [10,752/57,439  elapsed 2.8s]
    [15,872/57,439  elapsed 4.2s]
    [20,992/57,439  elapsed 5.6s]
    [26,112/57,439  elapsed 7.0s]
    [31,232/57,439  elapsed 8.3s]
    [36,352/57,439  elapsed 9.7s]
    [41,472/57,439  elapsed 11.1s]
    [46,592/57,439  elapsed 12.5s]
    [51,712/57,439  elapsed 13.8s]
    [56,832/57,439  elapsed 15.2s]
  eval done in 15.4s
  by-popularity NDCG@10: tail=0.0012(n=7,762)  mid=0.0053(n=8,169)  head=0.0590(n=41,508)
  evaluating 57,439 users in batches of 512...
    [512/57,439  elapsed 0.1s]
    [5,632/57,439  elapsed 1.5s]
    [10,752/57,439  elapsed 2.9s]
    [15,872/57,439  elapsed 4.3s]
    [20,992/57,439  elapsed 5.7s]
    [26,112/57,439  elapsed 7.0s]
    [31,232/57,439  elapsed 8.4s]
    [36,352/57,439  elapsed 9.8s]
    [41,472/57,439  elapsed 11.2s]
    [46,592/57,439  elapsed 12.5s]
    [51,712/57,439  elapsed 13.9s]
    [56,832/57,439  elapsed 15.3s]
  eval done in 15.5s
  by-popularity NDCG@10: tail=0.0011(n=8,800)  mid=0.0052(n=8,657)  head=0.0550(n=39,982)
  epoch  20  loss=8.3443  val_NDCG=0.0435  test_NDCG=0.0392  test_HR=0.0706  (5.8s)

=== Best by val NDCG@10 ===
  val_NDCG=0.0436
  test: {'NDCG@10': 0.03913155425127505, 'HR@10': 0.07101446752206689, 'MRR': 0.0356237786690586, 'n_eval': 57439, 'by_popularity': {'tail': {'NDCG@10': 0.0007690839638239185, 'HR@10': 0.001590909090909091, 'n': 8800, 'n_hit@10': 14, 'HR@20': 0.003977272727272727, 'n_hit@20': 35, 'HR@50': 0.010795454545454546, 'n_hit@50': 95, 'HR@100': 0.023636363636363636, 'n_hit@100': 208}, 'mid': {'NDCG@10': 0.004392556102276321, 'HR@10': 0.009010049670786646, 'n': 8657, 'n_hit@10': 78, 'HR@20': 0.01628739748180663, 'n_hit@20': 141, 'HR@50': 0.03719533325632436, 'n_hit@50': 322, 'HR@100': 0.06815293981748874, 'n_hit@100': 590}, 'head': {'NDCG@10': 0.05509686978089968, 'HR@10': 0.09971987394327447, 'n': 39982, 'n_hit@10': 3987, 'HR@20': 0.14281426641988895, 'n_hit@20': 5710, 'HR@50': 0.22315041768795957, 'n_hit@50': 8922, 'HR@100': 0.3015106798059127, 'n_hit@100': 12055}}}
wrote C:\Users\rayxc\Documents\R\_bestrec_run\results_MI_FIRV3_a0ident_seed20260716.users.jsonl.gz (57,439 per-user records, best epoch 12, sha256 d1c37b932cde…)
wrote C:\Users\rayxc\Documents\R\_bestrec_run\results_MI_FIRV3_a0ident_seed20260716.final.users.jsonl.gz (57,439 FINAL-epoch per-user records)
  fir_v3 final ||DELTA||_2 = 0.000000

wrote C:\Users\rayxc\Documents\R\_bestrec_run\results_MI_FIRV3_a0ident_seed20260716.json
[11/24] results_MI_FIRV3_a1learned_seed20260716.json
  random seed set to 20260716
=== Musical_Instruments: load splits ===
  n_users=57,439  n_items=24,587  pad_id=24587
  built sequences for 57,439 users
  built timestamp sequences (12 time buckets)
  loading SBERT embeddings from C:\Users\rayxc\Documents\R\cache_5core\sbert_titles_Musical_Instruments.npy...
  TAPE: k-means 24,587 text embeddings into K=512 prototypes (tau=0.05)...
  TAPE: K=512 mean max-assignment weight = 0.524 (1.0 = hard clustering)

=== Build SASRec-SBERT (d=64, layers=4, heads=2) ===
  total params: 11,186,046  device=cuda
  57,439 training examples / 225 batches per epoch
  init_state_sha256 = 23b34d3556957cdf4cecefe99a628a1fbb4384e03858fc572163f25bf1c3fe86
  LR schedule: warmup_cosine (225 warmup + 4275 cosine steps)

=== Train for 20 epochs ===
  evaluating 57,439 users in batches of 512...
    [512/57,439  elapsed 0.2s]
    [5,632/57,439  elapsed 1.5s]
    [10,752/57,439  elapsed 2.9s]
    [15,872/57,439  elapsed 4.2s]
    [20,992/57,439  elapsed 5.6s]
    [26,112/57,439  elapsed 7.0s]
    [31,232/57,439  elapsed 8.3s]
    [36,352/57,439  elapsed 9.7s]
    [41,472/57,439  elapsed 11.0s]
    [46,592/57,439  elapsed 12.4s]
    [51,712/57,439  elapsed 13.8s]
    [56,832/57,439  elapsed 15.1s]
  eval done in 15.3s
  by-popularity NDCG@10: tail=0.0000(n=7,762)  mid=0.0002(n=8,169)  head=0.0366(n=41,508)
  evaluating 57,439 users in batches of 512...
    [512/57,439  elapsed 0.1s]
    [5,632/57,439  elapsed 1.5s]
    [10,752/57,439  elapsed 2.9s]
    [15,872/57,439  elapsed 4.3s]
    [20,992/57,439  elapsed 5.7s]
    [26,112/57,439  elapsed 7.0s]
    [31,232/57,439  elapsed 8.4s]
    [36,352/57,439  elapsed 9.8s]
    [41,472/57,439  elapsed 11.2s]
    [46,592/57,439  elapsed 12.6s]
    [51,712/57,439  elapsed 14.0s]
    [56,832/57,439  elapsed 15.3s]
  eval done in 15.5s
  by-popularity NDCG@10: tail=0.0000(n=8,800)  mid=0.0003(n=8,657)  head=0.0342(n=39,982)
  epoch   1  loss=9.6189  val_NDCG=0.0265  test_NDCG=0.0238  test_HR=0.0457  (6.1s)
  evaluating 57,439 users in batches of 512...
    [512/57,439  elapsed 0.1s]
    [5,632/57,439  elapsed 1.5s]
    [10,752/57,439  elapsed 2.9s]
    [15,872/57,439  elapsed 4.2s]
    [20,992/57,439  elapsed 5.6s]
    [26,112/57,439  elapsed 7.0s]
    [31,232/57,439  elapsed 8.4s]
    [36,352/57,439  elapsed 9.7s]
    [41,472/57,439  elapsed 11.1s]
    [46,592/57,439  elapsed 12.5s]
    [51,712/57,439  elapsed 13.9s]
    [56,832/57,439  elapsed 15.3s]
  eval done in 15.4s
  by-popularity NDCG@10: tail=0.0000(n=7,762)  mid=0.0003(n=8,169)  head=0.0470(n=41,508)
  evaluating 57,439 users in batches of 512...
    [512/57,439  elapsed 0.1s]
    [5,632/57,439  elapsed 1.5s]
    [10,752/57,439  elapsed 2.9s]
    [15,872/57,439  elapsed 4.3s]
    [20,992/57,439  elapsed 5.7s]
    [26,112/57,439  elapsed 7.0s]
    [31,232/57,439  elapsed 8.4s]
    [36,352/57,439  elapsed 9.8s]
    [41,472/57,439  elapsed 11.2s]
    [46,592/57,439  elapsed 12.6s]
    [51,712/57,439  elapsed 13.9s]
    [56,832/57,439  elapsed 15.3s]
  eval done in 15.5s
  by-popularity NDCG@10: tail=0.0000(n=8,800)  mid=0.0007(n=8,657)  head=0.0451(n=39,982)
  epoch   2  loss=9.0908  val_NDCG=0.0340  test_NDCG=0.0315  test_HR=0.0587  (5.9s)
  evaluating 57,439 users in batches of 512...
    [512/57,439  elapsed 0.1s]
    [5,632/57,439  elapsed 1.5s]
    [10,752/57,439  elapsed 2.9s]
    [15,872/57,439  elapsed 4.2s]
    [20,992/57,439  elapsed 5.6s]
    [26,112/57,439  elapsed 7.0s]
    [31,232/57,439  elapsed 8.4s]
    [36,352/57,439  elapsed 9.7s]
    [41,472/57,439  elapsed 11.1s]
    [46,592/57,439  elapsed 12.5s]
    [51,712/57,439  elapsed 13.9s]
    [56,832/57,439  elapsed 15.2s]
  eval done in 15.4s
  by-popularity NDCG@10: tail=0.0001(n=7,762)  mid=0.0009(n=8,169)  head=0.0530(n=41,508)
  evaluating 57,439 users in batches of 512...
    [512/57,439  elapsed 0.1s]
    [5,632/57,439  elapsed 1.5s]
    [10,752/57,439  elapsed 2.9s]
    [15,872/57,439  elapsed 4.3s]
    [20,992/57,439  elapsed 5.7s]
    [26,112/57,439  elapsed 7.0s]
    [31,232/57,439  elapsed 8.4s]
    [36,352/57,439  elapsed 9.8s]
    [41,472/57,439  elapsed 11.2s]
    [46,592/57,439  elapsed 12.5s]
    [51,712/57,439  elapsed 13.9s]
    [56,832/57,439  elapsed 15.3s]
  eval done in 15.5s
  by-popularity NDCG@10: tail=0.0001(n=8,800)  mid=0.0011(n=8,657)  head=0.0506(n=39,982)
  epoch   3  loss=8.9295  val_NDCG=0.0385  test_NDCG=0.0354  test_HR=0.0652  (5.8s)
  evaluating 57,439 users in batches of 512...
    [512/57,439  elapsed 0.1s]
    [5,632/57,439  elapsed 1.5s]
    [10,752/57,439  elapsed 2.9s]
    [15,872/57,439  elapsed 4.2s]
    [20,992/57,439  elapsed 5.6s]
    [26,112/57,439  elapsed 7.0s]
    [31,232/57,439  elapsed 8.4s]
    [36,352/57,439  elapsed 9.7s]
    [41,472/57,439  elapsed 11.1s]
    [46,592/57,439  elapsed 12.5s]
    [51,712/57,439  elapsed 13.9s]
    [56,832/57,439  elapsed 15.2s]
  eval done in 15.4s
  by-popularity NDCG@10: tail=0.0001(n=7,762)  mid=0.0012(n=8,169)  head=0.0551(n=41,508)
  evaluating 57,439 users in batches of 512...
    [512/57,439  elapsed 0.1s]
    [5,632/57,439  elapsed 1.5s]
    [10,752/57,439  elapsed 2.9s]
    [15,872/57,439  elapsed 4.3s]
    [20,992/57,439  elapsed 5.7s]
    [26,112/57,439  elapsed 7.1s]
    [31,232/57,439  elapsed 8.5s]
    [36,352/57,439  elapsed 9.9s]
    [41,472/57,439  elapsed 11.2s]
    [46,592/57,439  elapsed 12.6s]
    [51,712/57,439  elapsed 14.0s]
    [56,832/57,439  elapsed 15.4s]
  eval done in 15.5s
  by-popularity NDCG@10: tail=0.0003(n=8,800)  mid=0.0016(n=8,657)  head=0.0529(n=39,982)
  epoch   4  loss=8.8242  val_NDCG=0.0400  test_NDCG=0.0371  test_HR=0.0681  (5.7s)
  evaluating 57,439 users in batches of 512...
    [512/57,439  elapsed 0.1s]
    [5,632/57,439  elapsed 1.5s]
    [10,752/57,439  elapsed 2.9s]
    [15,872/57,439  elapsed 4.3s]
    [20,992/57,439  elapsed 5.7s]
    [26,112/57,439  elapsed 7.1s]
    [31,232/57,439  elapsed 8.4s]
    [36,352/57,439  elapsed 9.8s]
    [41,472/57,439  elapsed 11.2s]
    [46,592/57,439  elapsed 12.6s]
    [51,712/57,439  elapsed 14.0s]
    [56,832/57,439  elapsed 15.4s]
  eval done in 15.5s
  by-popularity NDCG@10: tail=0.0003(n=7,762)  mid=0.0024(n=8,169)  head=0.0574(n=41,508)
  evaluating 57,439 users in batches of 512...
    [512/57,439  elapsed 0.1s]
    [5,632/57,439  elapsed 1.5s]
    [10,752/57,439  elapsed 2.9s]
    [15,872/57,439  elapsed 4.3s]
    [20,992/57,439  elapsed 5.7s]
    [26,112/57,439  elapsed 7.1s]
    [31,232/57,439  elapsed 8.5s]
    [36,352/57,439  elapsed 9.9s]
    [41,472/57,439  elapsed 11.2s]
    [46,592/57,439  elapsed 12.6s]
    [51,712/57,439  elapsed 14.0s]
    [56,832/57,439  elapsed 15.4s]
  eval done in 15.6s
  by-popularity NDCG@10: tail=0.0003(n=8,800)  mid=0.0024(n=8,657)  head=0.0548(n=39,982)
  epoch   5  loss=8.7437  val_NDCG=0.0419  test_NDCG=0.0386  test_HR=0.0704  (5.7s)
  evaluating 57,439 users in batches of 512...
    [512/57,439  elapsed 0.2s]
    [5,632/57,439  elapsed 1.5s]
    [10,752/57,439  elapsed 2.8s]
    [15,872/57,439  elapsed 4.2s]
    [20,992/57,439  elapsed 5.6s]
    [26,112/57,439  elapsed 7.0s]
    [31,232/57,439  elapsed 8.3s]
    [36,352/57,439  elapsed 9.7s]
    [41,472/57,439  elapsed 11.1s]
    [46,592/57,439  elapsed 12.5s]
    [51,712/57,439  elapsed 13.8s]
    [56,832/57,439  elapsed 15.2s]
  eval done in 15.4s
  by-popularity NDCG@10: tail=0.0009(n=7,762)  mid=0.0032(n=8,169)  head=0.0595(n=41,508)
  evaluating 57,439 users in batches of 512...
    [512/57,439  elapsed 0.1s]
    [5,632/57,439  elapsed 1.5s]
    [10,752/57,439  elapsed 2.9s]
    [15,872/57,439  elapsed 4.3s]
    [20,992/57,439  elapsed 5.7s]
    [26,112/57,439  elapsed 7.0s]
    [31,232/57,439  elapsed 8.4s]
    [36,352/57,439  elapsed 9.8s]
    [41,472/57,439  elapsed 11.2s]
    [46,592/57,439  elapsed 12.6s]
    [51,712/57,439  elapsed 13.9s]
    [56,832/57,439  elapsed 15.3s]
  eval done in 15.5s
  by-popularity NDCG@10: tail=0.0006(n=8,800)  mid=0.0032(n=8,657)  head=0.0562(n=39,982)
  epoch   6  loss=8.6772  val_NDCG=0.0435  test_NDCG=0.0397  test_HR=0.0727  (5.7s)
  evaluating 57,439 users in batches of 512...
    [512/57,439  elapsed 0.1s]
    [5,632/57,439  elapsed 1.5s]
    [10,752/57,439  elapsed 2.8s]
    [15,872/57,439  elapsed 4.2s]
    [20,992/57,439  elapsed 5.6s]
    [26,112/57,439  elapsed 7.0s]
    [31,232/57,439  elapsed 8.3s]
    [36,352/57,439  elapsed 9.7s]
    [41,472/57,439  elapsed 11.1s]
    [46,592/57,439  elapsed 12.4s]
    [51,712/57,439  elapsed 13.8s]
    [56,832/57,439  elapsed 15.2s]
  eval done in 15.4s
  by-popularity NDCG@10: tail=0.0008(n=7,762)  mid=0.0038(n=8,169)  head=0.0604(n=41,508)
  evaluating 57,439 users in batches of 512...
    [512/57,439  elapsed 0.1s]
    [5,632/57,439  elapsed 1.5s]
    [10,752/57,439  elapsed 2.9s]
    [15,872/57,439  elapsed 4.3s]
    [20,992/57,439  elapsed 5.7s]
    [26,112/57,439  elapsed 7.0s]
    [31,232/57,439  elapsed 8.4s]
    [36,352/57,439  elapsed 9.8s]
    [41,472/57,439  elapsed 11.2s]
    [46,592/57,439  elapsed 12.5s]
    [51,712/57,439  elapsed 13.9s]
    [56,832/57,439  elapsed 15.3s]
  eval done in 15.5s
  by-popularity NDCG@10: tail=0.0007(n=8,800)  mid=0.0034(n=8,657)  head=0.0569(n=39,982)
  epoch   7  loss=8.6204  val_NDCG=0.0443  test_NDCG=0.0403  test_HR=0.0735  (5.7s)
  evaluating 57,439 users in batches of 512...
    [512/57,439  elapsed 0.1s]
    [5,632/57,439  elapsed 1.5s]
    [10,752/57,439  elapsed 2.8s]
    [15,872/57,439  elapsed 4.2s]
    [20,992/57,439  elapsed 5.6s]
    [26,112/57,439  elapsed 7.0s]
    [31,232/57,439  elapsed 8.4s]
    [36,352/57,439  elapsed 9.7s]
    [41,472/57,439  elapsed 11.1s]
    [46,592/57,439  elapsed 12.5s]
    [51,712/57,439  elapsed 13.9s]
    [56,832/57,439  elapsed 15.2s]
  eval done in 15.4s
  by-popularity NDCG@10: tail=0.0011(n=7,762)  mid=0.0048(n=8,169)  head=0.0608(n=41,508)
  evaluating 57,439 users in batches of 512...
    [512/57,439  elapsed 0.1s]
    [5,632/57,439  elapsed 1.5s]
    [10,752/57,439  elapsed 2.9s]
    [15,872/57,439  elapsed 4.3s]
    [20,992/57,439  elapsed 5.7s]
    [26,112/57,439  elapsed 7.0s]
    [31,232/57,439  elapsed 8.4s]
    [36,352/57,439  elapsed 9.8s]
    [41,472/57,439  elapsed 11.2s]
    [46,592/57,439  elapsed 12.6s]
    [51,712/57,439  elapsed 14.0s]
    [56,832/57,439  elapsed 15.3s]
  eval done in 15.5s
  by-popularity NDCG@10: tail=0.0007(n=8,800)  mid=0.0046(n=8,657)  head=0.0571(n=39,982)
  epoch   8  loss=8.5674  val_NDCG=0.0448  test_NDCG=0.0405  test_HR=0.0732  (5.7s)
  evaluating 57,439 users in batches of 512...
    [512/57,439  elapsed 0.1s]
    [5,632/57,439  elapsed 1.5s]
    [10,752/57,439  elapsed 2.8s]
    [15,872/57,439  elapsed 4.2s]
    [20,992/57,439  elapsed 5.6s]
    [26,112/57,439  elapsed 6.9s]
    [31,232/57,439  elapsed 8.3s]
    [36,352/57,439  elapsed 9.7s]
    [41,472/57,439  elapsed 11.1s]
    [46,592/57,439  elapsed 12.4s]
    [51,712/57,439  elapsed 13.8s]
    [56,832/57,439  elapsed 15.2s]
  eval done in 15.3s
  by-popularity NDCG@10: tail=0.0012(n=7,762)  mid=0.0052(n=8,169)  head=0.0609(n=41,508)
  evaluating 57,439 users in batches of 512...
    [512/57,439  elapsed 0.1s]
    [5,632/57,439  elapsed 1.5s]
    [10,752/57,439  elapsed 2.9s]
    [15,872/57,439  elapsed 4.3s]
    [20,992/57,439  elapsed 5.7s]
    [26,112/57,439  elapsed 7.0s]
    [31,232/57,439  elapsed 8.4s]
    [36,352/57,439  elapsed 9.8s]
    [41,472/57,439  elapsed 11.2s]
    [46,592/57,439  elapsed 12.6s]
    [51,712/57,439  elapsed 14.0s]
    [56,832/57,439  elapsed 15.3s]
  eval done in 15.5s
  by-popularity NDCG@10: tail=0.0010(n=8,800)  mid=0.0051(n=8,657)  head=0.0569(n=39,982)
  epoch   9  loss=8.5212  val_NDCG=0.0449  test_NDCG=0.0405  test_HR=0.0734  (5.7s)
  evaluating 57,439 users in batches of 512...
    [512/57,439  elapsed 0.2s]
    [5,632/57,439  elapsed 1.5s]
    [10,752/57,439  elapsed 2.9s]
    [15,872/57,439  elapsed 4.3s]
    [20,992/57,439  elapsed 5.6s]
    [26,112/57,439  elapsed 7.0s]
    [31,232/57,439  elapsed 8.4s]
    [36,352/57,439  elapsed 9.8s]
    [41,472/57,439  elapsed 11.1s]
    [46,592/57,439  elapsed 12.5s]
    [51,712/57,439  elapsed 13.9s]
    [56,832/57,439  elapsed 15.3s]
  eval done in 15.4s
  by-popularity NDCG@10: tail=0.0014(n=7,762)  mid=0.0057(n=8,169)  head=0.0610(n=41,508)
  evaluating 57,439 users in batches of 512...
    [512/57,439  elapsed 0.1s]
    [5,632/57,439  elapsed 1.5s]
    [10,752/57,439  elapsed 2.9s]
    [15,872/57,439  elapsed 4.3s]
    [20,992/57,439  elapsed 5.6s]
    [26,112/57,439  elapsed 7.0s]
    [31,232/57,439  elapsed 8.4s]
    [36,352/57,439  elapsed 9.8s]
    [41,472/57,439  elapsed 11.2s]
    [46,592/57,439  elapsed 12.6s]
    [51,712/57,439  elapsed 14.0s]
    [56,832/57,439  elapsed 15.3s]
  eval done in 15.5s
  by-popularity NDCG@10: tail=0.0012(n=8,800)  mid=0.0055(n=8,657)  head=0.0575(n=39,982)
  epoch  10  loss=8.4769  val_NDCG=0.0451  test_NDCG=0.0410  test_HR=0.0738  (5.8s)
  evaluating 57,439 users in batches of 512...
    [512/57,439  elapsed 0.2s]
    [5,632/57,439  elapsed 1.6s]
    [10,752/57,439  elapsed 2.9s]
    [15,872/57,439  elapsed 4.4s]
    [20,992/57,439  elapsed 5.7s]
    [26,112/57,439  elapsed 7.2s]
    [31,232/57,439  elapsed 8.5s]
    [36,352/57,439  elapsed 10.0s]
    [41,472/57,439  elapsed 11.4s]
    [46,592/57,439  elapsed 12.8s]
    [51,712/57,439  elapsed 14.2s]
    [56,832/57,439  elapsed 15.6s]
  eval done in 15.8s
  by-popularity NDCG@10: tail=0.0017(n=7,762)  mid=0.0059(n=8,169)  head=0.0618(n=41,508)
  evaluating 57,439 users in batches of 512...
    [512/57,439  elapsed 0.1s]
    [5,632/57,439  elapsed 1.6s]
    [10,752/57,439  elapsed 3.0s]
    [15,872/57,439  elapsed 4.4s]
    [20,992/57,439  elapsed 5.8s]
    [26,112/57,439  elapsed 7.3s]
    [31,232/57,439  elapsed 8.7s]
    [36,352/57,439  elapsed 10.1s]
    [41,472/57,439  elapsed 11.5s]
    [46,592/57,439  elapsed 12.9s]
    [51,712/57,439  elapsed 14.3s]
    [56,832/57,439  elapsed 15.8s]
  eval done in 15.9s
  by-popularity NDCG@10: tail=0.0015(n=8,800)  mid=0.0055(n=8,657)  head=0.0577(n=39,982)
  epoch  11  loss=8.4372  val_NDCG=0.0458  test_NDCG=0.0413  test_HR=0.0741  (5.7s)
  evaluating 57,439 users in batches of 512...
    [512/57,439  elapsed 0.2s]
    [5,632/57,439  elapsed 1.6s]
    [10,752/57,439  elapsed 3.0s]
    [15,872/57,439  elapsed 4.4s]
    [20,992/57,439  elapsed 5.8s]
    [26,112/57,439  elapsed 7.2s]
    [31,232/57,439  elapsed 8.6s]
    [36,352/57,439  elapsed 10.0s]
    [41,472/57,439  elapsed 11.4s]
    [46,592/57,439  elapsed 12.8s]
    [51,712/57,439  elapsed 14.2s]
    [56,832/57,439  elapsed 15.6s]
  eval done in 15.7s
  by-popularity NDCG@10: tail=0.0015(n=7,762)  mid=0.0067(n=8,169)  head=0.0616(n=41,508)
  evaluating 57,439 users in batches of 512...
    [512/57,439  elapsed 0.1s]
    [5,632/57,439  elapsed 1.6s]
    [10,752/57,439  elapsed 3.0s]
    [15,872/57,439  elapsed 4.4s]
    [20,992/57,439  elapsed 5.8s]
    [26,112/57,439  elapsed 7.2s]
    [31,232/57,439  elapsed 8.6s]
    [36,352/57,439  elapsed 10.0s]
    [41,472/57,439  elapsed 11.4s]
    [46,592/57,439  elapsed 12.8s]
    [51,712/57,439  elapsed 14.2s]
    [56,832/57,439  elapsed 15.6s]
  eval done in 15.8s
  by-popularity NDCG@10: tail=0.0015(n=8,800)  mid=0.0063(n=8,657)  head=0.0575(n=39,982)
  epoch  12  loss=8.4032  val_NDCG=0.0457  test_NDCG=0.0412  test_HR=0.0743  (5.8s)
  evaluating 57,439 users in batches of 512...
    [512/57,439  elapsed 0.2s]
    [5,632/57,439  elapsed 1.6s]
    [10,752/57,439  elapsed 2.9s]
    [15,872/57,439  elapsed 4.3s]
    [20,992/57,439  elapsed 5.7s]
    [26,112/57,439  elapsed 7.1s]
    [31,232/57,439  elapsed 8.4s]
    [36,352/57,439  elapsed 9.8s]
    [41,472/57,439  elapsed 11.2s]
    [46,592/57,439  elapsed 12.6s]
    [51,712/57,439  elapsed 14.0s]
    [56,832/57,439  elapsed 15.3s]
  eval done in 15.5s
  by-popularity NDCG@10: tail=0.0017(n=7,762)  mid=0.0070(n=8,169)  head=0.0616(n=41,508)
  evaluating 57,439 users in batches of 512...
    [512/57,439  elapsed 0.1s]
    [5,632/57,439  elapsed 1.5s]
    [10,752/57,439  elapsed 2.9s]
    [15,872/57,439  elapsed 4.3s]
    [20,992/57,439  elapsed 5.7s]
    [26,112/57,439  elapsed 7.1s]
    [31,232/57,439  elapsed 8.5s]
    [36,352/57,439  elapsed 9.8s]
    [41,472/57,439  elapsed 11.2s]
    [46,592/57,439  elapsed 12.6s]
    [51,712/57,439  elapsed 14.0s]
    [56,832/57,439  elapsed 15.4s]
  eval done in 15.5s
  by-popularity NDCG@10: tail=0.0015(n=8,800)  mid=0.0063(n=8,657)  head=0.0580(n=39,982)
  epoch  13  loss=8.3718  val_NDCG=0.0457  test_NDCG=0.0416  test_HR=0.0752  (5.7s)
  evaluating 57,439 users in batches of 512...
    [512/57,439  elapsed 0.2s]
    [5,632/57,439  elapsed 1.5s]
    [10,752/57,439  elapsed 2.9s]
    [15,872/57,439  elapsed 4.2s]
    [20,992/57,439  elapsed 5.6s]
    [26,112/57,439  elapsed 7.0s]
    [31,232/57,439  elapsed 8.4s]
    [36,352/57,439  elapsed 9.7s]
    [41,472/57,439  elapsed 11.1s]
    [46,592/57,439  elapsed 12.5s]
    [51,712/57,439  elapsed 13.9s]
    [56,832/57,439  elapsed 15.3s]
  eval done in 15.4s
  by-popularity NDCG@10: tail=0.0018(n=7,762)  mid=0.0073(n=8,169)  head=0.0610(n=41,508)
  evaluating 57,439 users in batches of 512...
    [512/57,439  elapsed 0.1s]
    [5,632/57,439  elapsed 1.5s]
    [10,752/57,439  elapsed 2.9s]
    [15,872/57,439  elapsed 4.3s]
    [20,992/57,439  elapsed 5.7s]
    [26,112/57,439  elapsed 7.0s]
    [31,232/57,439  elapsed 8.4s]
    [36,352/57,439  elapsed 9.8s]
    [41,472/57,439  elapsed 11.2s]
    [46,592/57,439  elapsed 12.6s]
    [51,712/57,439  elapsed 14.0s]
    [56,832/57,439  elapsed 15.3s]
  eval done in 15.5s
  by-popularity NDCG@10: tail=0.0018(n=8,800)  mid=0.0063(n=8,657)  head=0.0573(n=39,982)
  epoch  14  loss=8.3441  val_NDCG=0.0454  test_NDCG=0.0411  test_HR=0.0743  (5.6s)
  evaluating 57,439 users in batches of 512...
    [512/57,439  elapsed 0.2s]
    [5,632/57,439  elapsed 1.5s]
    [10,752/57,439  elapsed 2.9s]
    [15,872/57,439  elapsed 4.3s]
    [20,992/57,439  elapsed 5.7s]
    [26,112/57,439  elapsed 7.0s]
    [31,232/57,439  elapsed 8.4s]
    [36,352/57,439  elapsed 9.8s]
    [41,472/57,439  elapsed 11.2s]
    [46,592/57,439  elapsed 12.6s]
    [51,712/57,439  elapsed 13.9s]
    [56,832/57,439  elapsed 15.3s]
  eval done in 15.5s
  by-popularity NDCG@10: tail=0.0019(n=7,762)  mid=0.0075(n=8,169)  head=0.0610(n=41,508)
  evaluating 57,439 users in batches of 512...
    [512/57,439  elapsed 0.1s]
    [5,632/57,439  elapsed 1.5s]
    [10,752/57,439  elapsed 2.9s]
    [15,872/57,439  elapsed 4.3s]
    [20,992/57,439  elapsed 5.7s]
    [26,112/57,439  elapsed 7.0s]
    [31,232/57,439  elapsed 8.4s]
    [36,352/57,439  elapsed 9.8s]
    [41,472/57,439  elapsed 11.2s]
    [46,592/57,439  elapsed 12.6s]
    [51,712/57,439  elapsed 14.0s]
    [56,832/57,439  elapsed 15.3s]
  eval done in 15.5s
  by-popularity NDCG@10: tail=0.0016(n=8,800)  mid=0.0066(n=8,657)  head=0.0574(n=39,982)
  epoch  15  loss=8.3214  val_NDCG=0.0454  test_NDCG=0.0412  test_HR=0.0745  (5.7s)
  evaluating 57,439 users in batches of 512...
    [512/57,439  elapsed 0.1s]
    [5,632/57,439  elapsed 1.5s]
    [10,752/57,439  elapsed 2.8s]
    [15,872/57,439  elapsed 4.2s]
    [20,992/57,439  elapsed 5.6s]
    [26,112/57,439  elapsed 7.0s]
    [31,232/57,439  elapsed 8.4s]
    [36,352/57,439  elapsed 9.7s]
    [41,472/57,439  elapsed 11.1s]
    [46,592/57,439  elapsed 12.5s]
    [51,712/57,439  elapsed 13.9s]
    [56,832/57,439  elapsed 15.3s]
  eval done in 15.4s
  by-popularity NDCG@10: tail=0.0019(n=7,762)  mid=0.0077(n=8,169)  head=0.0609(n=41,508)
  evaluating 57,439 users in batches of 512...
    [512/57,439  elapsed 0.1s]
    [5,632/57,439  elapsed 1.5s]
    [10,752/57,439  elapsed 2.9s]
    [15,872/57,439  elapsed 4.3s]
    [20,992/57,439  elapsed 5.7s]
    [26,112/57,439  elapsed 7.1s]
    [31,232/57,439  elapsed 8.4s]
    [36,352/57,439  elapsed 9.8s]
    [41,472/57,439  elapsed 11.2s]
    [46,592/57,439  elapsed 12.6s]
    [51,712/57,439  elapsed 14.0s]
    [56,832/57,439  elapsed 15.4s]
  eval done in 15.5s
  by-popularity NDCG@10: tail=0.0017(n=8,800)  mid=0.0068(n=8,657)  head=0.0573(n=39,982)
  epoch  16  loss=8.3033  val_NDCG=0.0454  test_NDCG=0.0412  test_HR=0.0747  (5.7s)
  evaluating 57,439 users in batches of 512...
    [512/57,439  elapsed 0.1s]
    [5,632/57,439  elapsed 1.5s]
    [10,752/57,439  elapsed 2.8s]
    [15,872/57,439  elapsed 4.2s]
    [20,992/57,439  elapsed 5.6s]
    [26,112/57,439  elapsed 6.9s]
    [31,232/57,439  elapsed 8.3s]
    [36,352/57,439  elapsed 9.7s]
    [41,472/57,439  elapsed 11.1s]
    [46,592/57,439  elapsed 12.4s]
    [51,712/57,439  elapsed 13.8s]
    [56,832/57,439  elapsed 15.2s]
  eval done in 15.4s
  by-popularity NDCG@10: tail=0.0019(n=7,762)  mid=0.0078(n=8,169)  head=0.0609(n=41,508)
  evaluating 57,439 users in batches of 512...
    [512/57,439  elapsed 0.1s]
    [5,632/57,439  elapsed 1.5s]
    [10,752/57,439  elapsed 2.9s]
    [15,872/57,439  elapsed 4.3s]
    [20,992/57,439  elapsed 5.6s]
    [26,112/57,439  elapsed 7.0s]
    [31,232/57,439  elapsed 8.4s]
    [36,352/57,439  elapsed 9.8s]
    [41,472/57,439  elapsed 11.1s]
    [46,592/57,439  elapsed 12.5s]
    [51,712/57,439  elapsed 13.9s]
    [56,832/57,439  elapsed 15.3s]
  eval done in 15.5s
  by-popularity NDCG@10: tail=0.0018(n=8,800)  mid=0.0068(n=8,657)  head=0.0571(n=39,982)
  epoch  17  loss=8.2893  val_NDCG=0.0454  test_NDCG=0.0411  test_HR=0.0743  (5.7s)
  evaluating 57,439 users in batches of 512...
    [512/57,439  elapsed 0.2s]
    [5,632/57,439  elapsed 1.5s]
    [10,752/57,439  elapsed 2.9s]
    [15,872/57,439  elapsed 4.3s]
    [20,992/57,439  elapsed 5.6s]
    [26,112/57,439  elapsed 7.0s]
    [31,232/57,439  elapsed 8.4s]
    [36,352/57,439  elapsed 9.8s]
    [41,472/57,439  elapsed 11.2s]
    [46,592/57,439  elapsed 12.5s]
    [51,712/57,439  elapsed 13.9s]
    [56,832/57,439  elapsed 15.3s]
  eval done in 15.5s
  by-popularity NDCG@10: tail=0.0020(n=7,762)  mid=0.0076(n=8,169)  head=0.0613(n=41,508)
  evaluating 57,439 users in batches of 512...
    [512/57,439  elapsed 0.1s]
    [5,632/57,439  elapsed 1.5s]
    [10,752/57,439  elapsed 2.9s]
    [15,872/57,439  elapsed 4.3s]
    [20,992/57,439  elapsed 5.7s]
    [26,112/57,439  elapsed 7.1s]
    [31,232/57,439  elapsed 8.4s]
    [36,352/57,439  elapsed 9.8s]
    [41,472/57,439  elapsed 11.2s]
    [46,592/57,439  elapsed 12.6s]
    [51,712/57,439  elapsed 14.0s]
    [56,832/57,439  elapsed 15.4s]
  eval done in 15.5s
  by-popularity NDCG@10: tail=0.0018(n=8,800)  mid=0.0068(n=8,657)  head=0.0572(n=39,982)
  epoch  18  loss=8.2770  val_NDCG=0.0456  test_NDCG=0.0411  test_HR=0.0745  (5.7s)
  evaluating 57,439 users in batches of 512...
    [512/57,439  elapsed 0.2s]
    [5,632/57,439  elapsed 1.5s]
    [10,752/57,439  elapsed 2.9s]
    [15,872/57,439  elapsed 4.3s]
    [20,992/57,439  elapsed 5.7s]
    [26,112/57,439  elapsed 7.0s]
    [31,232/57,439  elapsed 8.4s]
    [36,352/57,439  elapsed 9.8s]
    [41,472/57,439  elapsed 11.2s]
    [46,592/57,439  elapsed 12.5s]
    [51,712/57,439  elapsed 13.9s]
    [56,832/57,439  elapsed 15.3s]
  eval done in 15.5s
  by-popularity NDCG@10: tail=0.0020(n=7,762)  mid=0.0077(n=8,169)  head=0.0612(n=41,508)
  evaluating 57,439 users in batches of 512...
    [512/57,439  elapsed 0.1s]
    [5,632/57,439  elapsed 1.5s]
    [10,752/57,439  elapsed 2.9s]
    [15,872/57,439  elapsed 4.3s]
    [20,992/57,439  elapsed 5.7s]
    [26,112/57,439  elapsed 7.0s]
    [31,232/57,439  elapsed 8.4s]
    [36,352/57,439  elapsed 9.8s]
    [41,472/57,439  elapsed 11.2s]
    [46,592/57,439  elapsed 12.6s]
    [51,712/57,439  elapsed 14.0s]
    [56,832/57,439  elapsed 15.3s]
  eval done in 15.5s
  by-popularity NDCG@10: tail=0.0018(n=8,800)  mid=0.0068(n=8,657)  head=0.0573(n=39,982)
  epoch  19  loss=8.2734  val_NDCG=0.0456  test_NDCG=0.0412  test_HR=0.0746  (5.7s)
  evaluating 57,439 users in batches of 512...
    [512/57,439  elapsed 0.2s]
    [5,632/57,439  elapsed 1.5s]
    [10,752/57,439  elapsed 2.9s]
    [15,872/57,439  elapsed 4.3s]
    [20,992/57,439  elapsed 5.7s]
    [26,112/57,439  elapsed 7.0s]
    [31,232/57,439  elapsed 8.4s]
    [36,352/57,439  elapsed 9.8s]
    [41,472/57,439  elapsed 11.1s]
    [46,592/57,439  elapsed 12.5s]
    [51,712/57,439  elapsed 13.9s]
    [56,832/57,439  elapsed 15.3s]
  eval done in 15.4s
  by-popularity NDCG@10: tail=0.0020(n=7,762)  mid=0.0077(n=8,169)  head=0.0612(n=41,508)
  evaluating 57,439 users in batches of 512...
    [512/57,439  elapsed 0.1s]
    [5,632/57,439  elapsed 1.5s]
    [10,752/57,439  elapsed 2.9s]
    [15,872/57,439  elapsed 4.3s]
    [20,992/57,439  elapsed 5.7s]
    [26,112/57,439  elapsed 7.0s]
    [31,232/57,439  elapsed 8.4s]
    [36,352/57,439  elapsed 9.8s]
    [41,472/57,439  elapsed 11.2s]
    [46,592/57,439  elapsed 12.6s]
    [51,712/57,439  elapsed 14.0s]
    [56,832/57,439  elapsed 15.3s]
  eval done in 15.5s
  by-popularity NDCG@10: tail=0.0018(n=8,800)  mid=0.0068(n=8,657)  head=0.0573(n=39,982)
  epoch  20  loss=8.2723  val_NDCG=0.0456  test_NDCG=0.0412  test_HR=0.0745  (5.7s)

=== Best by val NDCG@10 ===
  val_NDCG=0.0458
  test: {'NDCG@10': 0.041255531730963156, 'HR@10': 0.07409599749299256, 'MRR': 0.03761253318404011, 'n_eval': 57439, 'by_popularity': {'tail': {'NDCG@10': 0.0014807384307505029, 'HR@10': 0.0032954545454545454, 'n': 8800, 'n_hit@10': 29, 'HR@20': 0.005681818181818182, 'n_hit@20': 50, 'HR@50': 0.015909090909090907, 'n_hit@50': 140, 'HR@100': 0.03068181818181818, 'n_hit@100': 270}, 'mid': {'NDCG@10': 0.005523219111198871, 'HR@10': 0.010396211158599978, 'n': 8657, 'n_hit@10': 90, 'HR@20': 0.018944207000115513, 'n_hit@20': 164, 'HR@50': 0.04239343883562435, 'n_hit@50': 367, 'HR@100': 0.0770474760309576, 'n_hit@100': 667}, 'head': {'NDCG@10': 0.05774677307434695, 'HR@10': 0.10347156220299135, 'n': 39982, 'n_hit@10': 4137, 'HR@20': 0.14994247411335102, 'n_hit@20': 5995, 'HR@50': 0.22940323145415437, 'n_hit@50': 9172, 'HR@100': 0.30943924766144765, 'n_hit@100': 12372}}}
wrote C:\Users\rayxc\Documents\R\_bestrec_run\results_MI_FIRV3_a1learned_seed20260716.users.jsonl.gz (57,439 per-user records, best epoch 11, sha256 682159465547…)
wrote C:\Users\rayxc\Documents\R\_bestrec_run\results_MI_FIRV3_a1learned_seed20260716.final.users.jsonl.gz (57,439 FINAL-epoch per-user records)
  fir_v3 final ||DELTA||_2 = 5.184847

wrote C:\Users\rayxc\Documents\R\_bestrec_run\results_MI_FIRV3_a1learned_seed20260716.json
[12/24] results_MI_FIRV3_a2learnedwd0_seed20260716.json
  random seed set to 20260716
=== Musical_Instruments: load splits ===
  n_users=57,439  n_items=24,587  pad_id=24587
  built sequences for 57,439 users
  built timestamp sequences (12 time buckets)
  loading SBERT embeddings from C:\Users\rayxc\Documents\R\cache_5core\sbert_titles_Musical_Instruments.npy...
  TAPE: k-means 24,587 text embeddings into K=512 prototypes (tau=0.05)...
  TAPE: K=512 mean max-assignment weight = 0.524 (1.0 = hard clustering)

=== Build SASRec-SBERT (d=64, layers=4, heads=2) ===
  total params: 11,186,046  device=cuda
  57,439 training examples / 225 batches per epoch
  init_state_sha256 = 23b34d3556957cdf4cecefe99a628a1fbb4384e03858fc572163f25bf1c3fe86
  LR schedule: warmup_cosine (225 warmup + 4275 cosine steps)

=== Train for 20 epochs ===
  evaluating 57,439 users in batches of 512...
    [512/57,439  elapsed 0.1s]
    [5,632/57,439  elapsed 1.5s]
    [10,752/57,439  elapsed 2.8s]
    [15,872/57,439  elapsed 4.2s]
    [20,992/57,439  elapsed 5.6s]
    [26,112/57,439  elapsed 6.9s]
    [31,232/57,439  elapsed 8.3s]
    [36,352/57,439  elapsed 9.7s]
    [41,472/57,439  elapsed 11.0s]
    [46,592/57,439  elapsed 12.4s]
    [51,712/57,439  elapsed 13.8s]
    [56,832/57,439  elapsed 15.1s]
  eval done in 15.3s
  by-popularity NDCG@10: tail=0.0000(n=7,762)  mid=0.0002(n=8,169)  head=0.0366(n=41,508)
  evaluating 57,439 users in batches of 512...
    [512/57,439  elapsed 0.1s]
    [5,632/57,439  elapsed 1.5s]
    [10,752/57,439  elapsed 2.9s]
    [15,872/57,439  elapsed 4.3s]
    [20,992/57,439  elapsed 5.7s]
    [26,112/57,439  elapsed 7.0s]
    [31,232/57,439  elapsed 8.4s]
    [36,352/57,439  elapsed 9.8s]
    [41,472/57,439  elapsed 11.2s]
    [46,592/57,439  elapsed 12.6s]
    [51,712/57,439  elapsed 13.9s]
    [56,832/57,439  elapsed 15.3s]
  eval done in 15.5s
  by-popularity NDCG@10: tail=0.0000(n=8,800)  mid=0.0003(n=8,657)  head=0.0342(n=39,982)
  epoch   1  loss=9.6189  val_NDCG=0.0265  test_NDCG=0.0238  test_HR=0.0457  (5.8s)
  evaluating 57,439 users in batches of 512...
    [512/57,439  elapsed 0.2s]
    [5,632/57,439  elapsed 1.5s]
    [10,752/57,439  elapsed 2.9s]
    [15,872/57,439  elapsed 4.2s]
    [20,992/57,439  elapsed 5.6s]
    [26,112/57,439  elapsed 7.0s]
    [31,232/57,439  elapsed 8.4s]
    [36,352/57,439  elapsed 9.8s]
    [41,472/57,439  elapsed 11.2s]
    [46,592/57,439  elapsed 12.5s]
    [51,712/57,439  elapsed 13.9s]
    [56,832/57,439  elapsed 15.3s]
  eval done in 15.5s
  by-popularity NDCG@10: tail=0.0000(n=7,762)  mid=0.0003(n=8,169)  head=0.0470(n=41,508)
  evaluating 57,439 users in batches of 512...
    [512/57,439  elapsed 0.1s]
    [5,632/57,439  elapsed 1.5s]
    [10,752/57,439  elapsed 2.9s]
    [15,872/57,439  elapsed 4.3s]
    [20,992/57,439  elapsed 5.7s]
    [26,112/57,439  elapsed 7.0s]
    [31,232/57,439  elapsed 8.4s]
    [36,352/57,439  elapsed 9.8s]
    [41,472/57,439  elapsed 11.2s]
    [46,592/57,439  elapsed 12.6s]
    [51,712/57,439  elapsed 13.9s]
    [56,832/57,439  elapsed 15.3s]
  eval done in 15.5s
  by-popularity NDCG@10: tail=0.0000(n=8,800)  mid=0.0007(n=8,657)  head=0.0451(n=39,982)
  epoch   2  loss=9.0908  val_NDCG=0.0340  test_NDCG=0.0315  test_HR=0.0587  (5.7s)
  evaluating 57,439 users in batches of 512...
    [512/57,439  elapsed 0.2s]
    [5,632/57,439  elapsed 1.5s]
    [10,752/57,439  elapsed 2.9s]
    [15,872/57,439  elapsed 4.3s]
    [20,992/57,439  elapsed 5.6s]
    [26,112/57,439  elapsed 7.0s]
    [31,232/57,439  elapsed 8.4s]
    [36,352/57,439  elapsed 9.8s]
    [41,472/57,439  elapsed 11.1s]
    [46,592/57,439  elapsed 12.5s]
    [51,712/57,439  elapsed 13.9s]
    [56,832/57,439  elapsed 15.3s]
  eval done in 15.4s
  by-popularity NDCG@10: tail=0.0001(n=7,762)  mid=0.0009(n=8,169)  head=0.0530(n=41,508)
  evaluating 57,439 users in batches of 512...
    [512/57,439  elapsed 0.1s]
    [5,632/57,439  elapsed 1.5s]
    [10,752/57,439  elapsed 2.9s]
    [15,872/57,439  elapsed 4.3s]
    [20,992/57,439  elapsed 5.7s]
    [26,112/57,439  elapsed 7.0s]
    [31,232/57,439  elapsed 8.4s]
    [36,352/57,439  elapsed 9.8s]
    [41,472/57,439  elapsed 11.2s]
    [46,592/57,439  elapsed 12.6s]
    [51,712/57,439  elapsed 13.9s]
    [56,832/57,439  elapsed 15.3s]
  eval done in 15.5s
  by-popularity NDCG@10: tail=0.0001(n=8,800)  mid=0.0011(n=8,657)  head=0.0506(n=39,982)
  epoch   3  loss=8.9295  val_NDCG=0.0385  test_NDCG=0.0354  test_HR=0.0652  (5.7s)
  evaluating 57,439 users in batches of 512...
    [512/57,439  elapsed 0.1s]
    [5,632/57,439  elapsed 1.5s]
    [10,752/57,439  elapsed 2.9s]
    [15,872/57,439  elapsed 4.2s]
    [20,992/57,439  elapsed 5.6s]
    [26,112/57,439  elapsed 7.0s]
    [31,232/57,439  elapsed 8.4s]
    [36,352/57,439  elapsed 9.7s]
    [41,472/57,439  elapsed 11.1s]
    [46,592/57,439  elapsed 12.5s]
    [51,712/57,439  elapsed 13.9s]
    [56,832/57,439  elapsed 15.3s]
  eval done in 15.4s
  by-popularity NDCG@10: tail=0.0001(n=7,762)  mid=0.0012(n=8,169)  head=0.0551(n=41,508)
  evaluating 57,439 users in batches of 512...
    [512/57,439  elapsed 0.1s]
    [5,632/57,439  elapsed 1.5s]
    [10,752/57,439  elapsed 2.9s]
    [15,872/57,439  elapsed 4.3s]
    [20,992/57,439  elapsed 5.7s]
    [26,112/57,439  elapsed 7.1s]
    [31,232/57,439  elapsed 8.4s]
    [36,352/57,439  elapsed 9.8s]
    [41,472/57,439  elapsed 11.2s]
    [46,592/57,439  elapsed 12.6s]
    [51,712/57,439  elapsed 14.0s]
    [56,832/57,439  elapsed 15.4s]
  eval done in 15.5s
  by-popularity NDCG@10: tail=0.0003(n=8,800)  mid=0.0016(n=8,657)  head=0.0528(n=39,982)
  epoch   4  loss=8.8242  val_NDCG=0.0400  test_NDCG=0.0371  test_HR=0.0681  (5.7s)
  evaluating 57,439 users in batches of 512...
    [512/57,439  elapsed 0.2s]
    [5,632/57,439  elapsed 1.5s]
    [10,752/57,439  elapsed 2.9s]
    [15,872/57,439  elapsed 4.3s]
    [20,992/57,439  elapsed 5.6s]
    [26,112/57,439  elapsed 7.0s]
    [31,232/57,439  elapsed 8.4s]
    [36,352/57,439  elapsed 9.8s]
    [41,472/57,439  elapsed 11.2s]
    [46,592/57,439  elapsed 12.6s]
    [51,712/57,439  elapsed 14.0s]
    [56,832/57,439  elapsed 15.3s]
  eval done in 15.5s
  by-popularity NDCG@10: tail=0.0003(n=7,762)  mid=0.0025(n=8,169)  head=0.0575(n=41,508)
  evaluating 57,439 users in batches of 512...
    [512/57,439  elapsed 0.1s]
    [5,632/57,439  elapsed 1.5s]
    [10,752/57,439  elapsed 2.9s]
    [15,872/57,439  elapsed 4.3s]
    [20,992/57,439  elapsed 5.7s]
    [26,112/57,439  elapsed 7.1s]
    [31,232/57,439  elapsed 8.5s]
    [36,352/57,439  elapsed 9.8s]
    [41,472/57,439  elapsed 11.2s]
    [46,592/57,439  elapsed 12.6s]
    [51,712/57,439  elapsed 14.0s]
    [56,832/57,439  elapsed 15.4s]
  eval done in 15.6s
  by-popularity NDCG@10: tail=0.0003(n=8,800)  mid=0.0024(n=8,657)  head=0.0548(n=39,982)
  epoch   5  loss=8.7436  val_NDCG=0.0420  test_NDCG=0.0385  test_HR=0.0704  (5.7s)
  evaluating 57,439 users in batches of 512...
    [512/57,439  elapsed 0.2s]
    [5,632/57,439  elapsed 1.5s]
    [10,752/57,439  elapsed 2.9s]
    [15,872/57,439  elapsed 4.3s]
    [20,992/57,439  elapsed 5.7s]
    [26,112/57,439  elapsed 7.0s]
    [31,232/57,439  elapsed 8.4s]
    [36,352/57,439  elapsed 9.8s]
    [41,472/57,439  elapsed 11.2s]
    [46,592/57,439  elapsed 12.6s]
    [51,712/57,439  elapsed 13.9s]
    [56,832/57,439  elapsed 15.3s]
  eval done in 15.5s
  by-popularity NDCG@10: tail=0.0009(n=7,762)  mid=0.0032(n=8,169)  head=0.0594(n=41,508)
  evaluating 57,439 users in batches of 512...
    [512/57,439  elapsed 0.1s]
    [5,632/57,439  elapsed 1.5s]
    [10,752/57,439  elapsed 2.9s]
    [15,872/57,439  elapsed 4.3s]
    [20,992/57,439  elapsed 5.7s]
    [26,112/57,439  elapsed 7.0s]
    [31,232/57,439  elapsed 8.4s]
    [36,352/57,439  elapsed 9.8s]
    [41,472/57,439  elapsed 11.2s]
    [46,592/57,439  elapsed 12.6s]
    [51,712/57,439  elapsed 13.9s]
    [56,832/57,439  elapsed 15.3s]
  eval done in 15.5s
  by-popularity NDCG@10: tail=0.0006(n=8,800)  mid=0.0031(n=8,657)  head=0.0561(n=39,982)
  epoch   6  loss=8.6772  val_NDCG=0.0435  test_NDCG=0.0396  test_HR=0.0727  (5.6s)
  evaluating 57,439 users in batches of 512...
    [512/57,439  elapsed 0.2s]
    [5,632/57,439  elapsed 1.5s]
    [10,752/57,439  elapsed 2.9s]
    [15,872/57,439  elapsed 4.3s]
    [20,992/57,439  elapsed 5.6s]
    [26,112/57,439  elapsed 7.0s]
    [31,232/57,439  elapsed 8.4s]
    [36,352/57,439  elapsed 9.8s]
    [41,472/57,439  elapsed 11.1s]
    [46,592/57,439  elapsed 12.5s]
    [51,712/57,439  elapsed 13.9s]
    [56,832/57,439  elapsed 15.3s]
  eval done in 15.4s
  by-popularity NDCG@10: tail=0.0008(n=7,762)  mid=0.0038(n=8,169)  head=0.0604(n=41,508)
  evaluating 57,439 users in batches of 512...
    [512/57,439  elapsed 0.1s]
    [5,632/57,439  elapsed 1.5s]
    [10,752/57,439  elapsed 2.9s]
    [15,872/57,439  elapsed 4.3s]
    [20,992/57,439  elapsed 5.7s]
    [26,112/57,439  elapsed 7.1s]
    [31,232/57,439  elapsed 8.4s]
    [36,352/57,439  elapsed 9.8s]
    [41,472/57,439  elapsed 11.2s]
    [46,592/57,439  elapsed 12.6s]
    [51,712/57,439  elapsed 14.0s]
    [56,832/57,439  elapsed 15.4s]
  eval done in 15.5s
  by-popularity NDCG@10: tail=0.0007(n=8,800)  mid=0.0035(n=8,657)  head=0.0569(n=39,982)
  epoch   7  loss=8.6203  val_NDCG=0.0443  test_NDCG=0.0403  test_HR=0.0734  (5.7s)
  evaluating 57,439 users in batches of 512...
    [512/57,439  elapsed 0.2s]
    [5,632/57,439  elapsed 1.5s]
    [10,752/57,439  elapsed 2.9s]
    [15,872/57,439  elapsed 4.3s]
    [20,992/57,439  elapsed 5.7s]
    [26,112/57,439  elapsed 7.0s]
    [31,232/57,439  elapsed 8.4s]
    [36,352/57,439  elapsed 9.8s]
    [41,472/57,439  elapsed 11.2s]
    [46,592/57,439  elapsed 12.6s]
    [51,712/57,439  elapsed 14.0s]
    [56,832/57,439  elapsed 15.3s]
  eval done in 15.5s
  by-popularity NDCG@10: tail=0.0011(n=7,762)  mid=0.0048(n=8,169)  head=0.0607(n=41,508)
  evaluating 57,439 users in batches of 512...
    [512/57,439  elapsed 0.1s]
    [5,632/57,439  elapsed 1.5s]
    [10,752/57,439  elapsed 2.9s]
    [15,872/57,439  elapsed 4.3s]
    [20,992/57,439  elapsed 5.7s]
    [26,112/57,439  elapsed 7.1s]
    [31,232/57,439  elapsed 8.5s]
    [36,352/57,439  elapsed 9.8s]
    [41,472/57,439  elapsed 11.2s]
    [46,592/57,439  elapsed 12.6s]
    [51,712/57,439  elapsed 14.0s]
    [56,832/57,439  elapsed 15.4s]
  eval done in 15.6s
  by-popularity NDCG@10: tail=0.0007(n=8,800)  mid=0.0046(n=8,657)  head=0.0571(n=39,982)
  epoch   8  loss=8.5673  val_NDCG=0.0447  test_NDCG=0.0406  test_HR=0.0732  (5.7s)
  evaluating 57,439 users in batches of 512...
    [512/57,439  elapsed 0.2s]
    [5,632/57,439  elapsed 1.5s]
    [10,752/57,439  elapsed 2.9s]
    [15,872/57,439  elapsed 4.3s]
    [20,992/57,439  elapsed 5.7s]
    [26,112/57,439  elapsed 7.0s]
    [31,232/57,439  elapsed 8.4s]
    [36,352/57,439  elapsed 9.8s]
    [41,472/57,439  elapsed 11.2s]
    [46,592/57,439  elapsed 12.6s]
    [51,712/57,439  elapsed 13.9s]
    [56,832/57,439  elapsed 15.3s]
  eval done in 15.5s
  by-popularity NDCG@10: tail=0.0012(n=7,762)  mid=0.0052(n=8,169)  head=0.0608(n=41,508)
  evaluating 57,439 users in batches of 512...
    [512/57,439  elapsed 0.1s]
    [5,632/57,439  elapsed 1.5s]
    [10,752/57,439  elapsed 2.9s]
    [15,872/57,439  elapsed 4.3s]
    [20,992/57,439  elapsed 5.7s]
    [26,112/57,439  elapsed 7.0s]
    [31,232/57,439  elapsed 8.4s]
    [36,352/57,439  elapsed 9.8s]
    [41,472/57,439  elapsed 11.2s]
    [46,592/57,439  elapsed 12.6s]
    [51,712/57,439  elapsed 14.0s]
    [56,832/57,439  elapsed 15.3s]
  eval done in 15.5s
  by-popularity NDCG@10: tail=0.0010(n=8,800)  mid=0.0051(n=8,657)  head=0.0571(n=39,982)
  epoch   9  loss=8.5210  val_NDCG=0.0449  test_NDCG=0.0407  test_HR=0.0737  (5.7s)
  evaluating 57,439 users in batches of 512...
    [512/57,439  elapsed 0.2s]
    [5,632/57,439  elapsed 1.5s]
    [10,752/57,439  elapsed 2.9s]
    [15,872/57,439  elapsed 4.3s]
    [20,992/57,439  elapsed 5.6s]
    [26,112/57,439  elapsed 7.0s]
    [31,232/57,439  elapsed 8.4s]
    [36,352/57,439  elapsed 9.8s]
    [41,472/57,439  elapsed 11.1s]
    [46,592/57,439  elapsed 12.5s]
    [51,712/57,439  elapsed 13.9s]
    [56,832/57,439  elapsed 15.3s]
  eval done in 15.4s
  by-popularity NDCG@10: tail=0.0014(n=7,762)  mid=0.0057(n=8,169)  head=0.0610(n=41,508)
  evaluating 57,439 users in batches of 512...
    [512/57,439  elapsed 0.1s]
    [5,632/57,439  elapsed 1.5s]
    [10,752/57,439  elapsed 2.9s]
    [15,872/57,439  elapsed 4.3s]
    [20,992/57,439  elapsed 5.7s]
    [26,112/57,439  elapsed 7.0s]
    [31,232/57,439  elapsed 8.4s]
    [36,352/57,439  elapsed 9.8s]
    [41,472/57,439  elapsed 11.2s]
    [46,592/57,439  elapsed 12.6s]
    [51,712/57,439  elapsed 13.9s]
    [56,832/57,439  elapsed 15.3s]
  eval done in 15.5s
  by-popularity NDCG@10: tail=0.0011(n=8,800)  mid=0.0056(n=8,657)  head=0.0575(n=39,982)
  epoch  10  loss=8.4768  val_NDCG=0.0451  test_NDCG=0.0410  test_HR=0.0737  (5.7s)
  evaluating 57,439 users in batches of 512...
    [512/57,439  elapsed 0.1s]
    [5,632/57,439  elapsed 1.5s]
    [10,752/57,439  elapsed 2.9s]
    [15,872/57,439  elapsed 4.2s]
    [20,992/57,439  elapsed 5.6s]
    [26,112/57,439  elapsed 7.0s]
    [31,232/57,439  elapsed 8.4s]
    [36,352/57,439  elapsed 9.8s]
    [41,472/57,439  elapsed 11.1s]
    [46,592/57,439  elapsed 12.5s]
    [51,712/57,439  elapsed 13.9s]
    [56,832/57,439  elapsed 15.3s]
  eval done in 15.4s
  by-popularity NDCG@10: tail=0.0017(n=7,762)  mid=0.0059(n=8,169)  head=0.0618(n=41,508)
  evaluating 57,439 users in batches of 512...
    [512/57,439  elapsed 0.1s]
    [5,632/57,439  elapsed 1.5s]
    [10,752/57,439  elapsed 2.9s]
    [15,872/57,439  elapsed 4.3s]
    [20,992/57,439  elapsed 5.7s]
    [26,112/57,439  elapsed 7.0s]
    [31,232/57,439  elapsed 8.4s]
    [36,352/57,439  elapsed 9.8s]
    [41,472/57,439  elapsed 11.2s]
    [46,592/57,439  elapsed 12.6s]
    [51,712/57,439  elapsed 14.0s]
    [56,832/57,439  elapsed 15.3s]
  eval done in 15.5s
  by-popularity NDCG@10: tail=0.0015(n=8,800)  mid=0.0055(n=8,657)  head=0.0578(n=39,982)
  epoch  11  loss=8.4371  val_NDCG=0.0457  test_NDCG=0.0413  test_HR=0.0741  (5.7s)
  evaluating 57,439 users in batches of 512...
    [512/57,439  elapsed 0.1s]
    [5,632/57,439  elapsed 1.5s]
    [10,752/57,439  elapsed 2.8s]
    [15,872/57,439  elapsed 4.2s]
    [20,992/57,439  elapsed 5.6s]
    [26,112/57,439  elapsed 7.0s]
    [31,232/57,439  elapsed 8.3s]
    [36,352/57,439  elapsed 9.7s]
    [41,472/57,439  elapsed 11.1s]
    [46,592/57,439  elapsed 12.5s]
    [51,712/57,439  elapsed 13.8s]
    [56,832/57,439  elapsed 15.2s]
  eval done in 15.4s
  by-popularity NDCG@10: tail=0.0015(n=7,762)  mid=0.0066(n=8,169)  head=0.0616(n=41,508)
  evaluating 57,439 users in batches of 512...
    [512/57,439  elapsed 0.1s]
    [5,632/57,439  elapsed 1.5s]
    [10,752/57,439  elapsed 2.9s]
    [15,872/57,439  elapsed 4.3s]
    [20,992/57,439  elapsed 5.7s]
    [26,112/57,439  elapsed 7.0s]
    [31,232/57,439  elapsed 8.4s]
    [36,352/57,439  elapsed 9.8s]
    [41,472/57,439  elapsed 11.2s]
    [46,592/57,439  elapsed 12.6s]
    [51,712/57,439  elapsed 13.9s]
    [56,832/57,439  elapsed 15.3s]
  eval done in 15.5s
  by-popularity NDCG@10: tail=0.0015(n=8,800)  mid=0.0064(n=8,657)  head=0.0575(n=39,982)
  epoch  12  loss=8.4030  val_NDCG=0.0456  test_NDCG=0.0412  test_HR=0.0742  (5.7s)
  evaluating 57,439 users in batches of 512...
    [512/57,439  elapsed 0.2s]
    [5,632/57,439  elapsed 1.5s]
    [10,752/57,439  elapsed 2.9s]
    [15,872/57,439  elapsed 4.3s]
    [20,992/57,439  elapsed 5.7s]
    [26,112/57,439  elapsed 7.0s]
    [31,232/57,439  elapsed 8.4s]
    [36,352/57,439  elapsed 9.8s]
    [41,472/57,439  elapsed 11.2s]
    [46,592/57,439  elapsed 12.5s]
    [51,712/57,439  elapsed 13.9s]
    [56,832/57,439  elapsed 15.3s]
  eval done in 15.5s
  by-popularity NDCG@10: tail=0.0017(n=7,762)  mid=0.0069(n=8,169)  head=0.0616(n=41,508)
  evaluating 57,439 users in batches of 512...
    [512/57,439  elapsed 0.1s]
    [5,632/57,439  elapsed 1.5s]
    [10,752/57,439  elapsed 2.9s]
    [15,872/57,439  elapsed 4.3s]
    [20,992/57,439  elapsed 5.7s]
    [26,112/57,439  elapsed 7.1s]
    [31,232/57,439  elapsed 8.4s]
    [36,352/57,439  elapsed 9.8s]
    [41,472/57,439  elapsed 11.2s]
    [46,592/57,439  elapsed 12.6s]
    [51,712/57,439  elapsed 14.0s]
    [56,832/57,439  elapsed 15.4s]
  eval done in 15.5s
  by-popularity NDCG@10: tail=0.0015(n=8,800)  mid=0.0062(n=8,657)  head=0.0579(n=39,982)
  epoch  13  loss=8.3717  val_NDCG=0.0457  test_NDCG=0.0415  test_HR=0.0749  (5.7s)
  evaluating 57,439 users in batches of 512...
    [512/57,439  elapsed 0.2s]
    [5,632/57,439  elapsed 1.5s]
    [10,752/57,439  elapsed 2.9s]
    [15,872/57,439  elapsed 4.3s]
    [20,992/57,439  elapsed 5.7s]
    [26,112/57,439  elapsed 7.0s]
    [31,232/57,439  elapsed 8.4s]
    [36,352/57,439  elapsed 9.8s]
    [41,472/57,439  elapsed 11.2s]
    [46,592/57,439  elapsed 12.5s]
    [51,712/57,439  elapsed 13.9s]
    [56,832/57,439  elapsed 15.3s]
  eval done in 15.5s
  by-popularity NDCG@10: tail=0.0018(n=7,762)  mid=0.0073(n=8,169)  head=0.0610(n=41,508)
  evaluating 57,439 users in batches of 512...
    [512/57,439  elapsed 0.1s]
    [5,632/57,439  elapsed 1.5s]
    [10,752/57,439  elapsed 2.9s]
    [15,872/57,439  elapsed 4.3s]
    [20,992/57,439  elapsed 5.7s]
    [26,112/57,439  elapsed 7.1s]
    [31,232/57,439  elapsed 8.4s]
    [36,352/57,439  elapsed 9.8s]
    [41,472/57,439  elapsed 11.2s]
    [46,592/57,439  elapsed 12.6s]
    [51,712/57,439  elapsed 14.0s]
    [56,832/57,439  elapsed 15.3s]
  eval done in 15.5s
  by-popularity NDCG@10: tail=0.0018(n=8,800)  mid=0.0063(n=8,657)  head=0.0573(n=39,982)
  epoch  14  loss=8.3439  val_NDCG=0.0454  test_NDCG=0.0411  test_HR=0.0743  (5.7s)
  evaluating 57,439 users in batches of 512...
    [512/57,439  elapsed 0.2s]
    [5,632/57,439  elapsed 1.5s]
    [10,752/57,439  elapsed 2.9s]
    [15,872/57,439  elapsed 4.3s]
    [20,992/57,439  elapsed 5.7s]
    [26,112/57,439  elapsed 7.1s]
    [31,232/57,439  elapsed 8.4s]
    [36,352/57,439  elapsed 9.8s]
    [41,472/57,439  elapsed 11.2s]
    [46,592/57,439  elapsed 12.6s]
    [51,712/57,439  elapsed 13.9s]
    [56,832/57,439  elapsed 15.3s]
  eval done in 15.5s
  by-popularity NDCG@10: tail=0.0019(n=7,762)  mid=0.0075(n=8,169)  head=0.0611(n=41,508)
  evaluating 57,439 users in batches of 512...
    [512/57,439  elapsed 0.1s]
    [5,632/57,439  elapsed 1.5s]
    [10,752/57,439  elapsed 2.9s]
    [15,872/57,439  elapsed 4.3s]
    [20,992/57,439  elapsed 5.7s]
    [26,112/57,439  elapsed 7.1s]
    [31,232/57,439  elapsed 8.4s]
    [36,352/57,439  elapsed 9.8s]
    [41,472/57,439  elapsed 11.2s]
    [46,592/57,439  elapsed 12.6s]
    [51,712/57,439  elapsed 14.0s]
    [56,832/57,439  elapsed 15.4s]
  eval done in 15.5s
  by-popularity NDCG@10: tail=0.0016(n=8,800)  mid=0.0066(n=8,657)  head=0.0574(n=39,982)
  epoch  15  loss=8.3212  val_NDCG=0.0455  test_NDCG=0.0412  test_HR=0.0746  (5.7s)
  evaluating 57,439 users in batches of 512...
    [512/57,439  elapsed 0.2s]
    [5,632/57,439  elapsed 1.5s]
    [10,752/57,439  elapsed 2.9s]
    [15,872/57,439  elapsed 4.3s]
    [20,992/57,439  elapsed 5.6s]
    [26,112/57,439  elapsed 7.0s]
    [31,232/57,439  elapsed 8.4s]
    [36,352/57,439  elapsed 9.8s]
    [41,472/57,439  elapsed 11.2s]
    [46,592/57,439  elapsed 12.5s]
    [51,712/57,439  elapsed 13.9s]
    [56,832/57,439  elapsed 15.3s]
  eval done in 15.5s
  by-popularity NDCG@10: tail=0.0019(n=7,762)  mid=0.0077(n=8,169)  head=0.0610(n=41,508)
  evaluating 57,439 users in batches of 512...
    [512/57,439  elapsed 0.1s]
    [5,632/57,439  elapsed 1.5s]
    [10,752/57,439  elapsed 2.9s]
    [15,872/57,439  elapsed 4.3s]
    [20,992/57,439  elapsed 5.7s]
    [26,112/57,439  elapsed 7.0s]
    [31,232/57,439  elapsed 8.4s]
    [36,352/57,439  elapsed 9.8s]
    [41,472/57,439  elapsed 11.2s]
    [46,592/57,439  elapsed 12.6s]
    [51,712/57,439  elapsed 13.9s]
    [56,832/57,439  elapsed 15.3s]
  eval done in 15.5s
  by-popularity NDCG@10: tail=0.0017(n=8,800)  mid=0.0067(n=8,657)  head=0.0574(n=39,982)
  epoch  16  loss=8.3031  val_NDCG=0.0454  test_NDCG=0.0412  test_HR=0.0747  (5.7s)
  evaluating 57,439 users in batches of 512...
    [512/57,439  elapsed 0.2s]
    [5,632/57,439  elapsed 1.5s]
    [10,752/57,439  elapsed 2.9s]
    [15,872/57,439  elapsed 4.2s]
    [20,992/57,439  elapsed 5.6s]
    [26,112/57,439  elapsed 7.0s]
    [31,232/57,439  elapsed 8.3s]
    [36,352/57,439  elapsed 9.7s]
    [41,472/57,439  elapsed 11.1s]
    [46,592/57,439  elapsed 12.5s]
    [51,712/57,439  elapsed 13.9s]
    [56,832/57,439  elapsed 15.2s]
  eval done in 15.4s
  by-popularity NDCG@10: tail=0.0019(n=7,762)  mid=0.0077(n=8,169)  head=0.0609(n=41,508)
  evaluating 57,439 users in batches of 512...
    [512/57,439  elapsed 0.1s]
    [5,632/57,439  elapsed 1.5s]
    [10,752/57,439  elapsed 2.9s]
    [15,872/57,439  elapsed 4.3s]
    [20,992/57,439  elapsed 5.7s]
    [26,112/57,439  elapsed 7.1s]
    [31,232/57,439  elapsed 8.4s]
    [36,352/57,439  elapsed 9.8s]
    [41,472/57,439  elapsed 11.2s]
    [46,592/57,439  elapsed 12.6s]
    [51,712/57,439  elapsed 14.0s]
    [56,832/57,439  elapsed 15.3s]
  eval done in 15.5s
  by-popularity NDCG@10: tail=0.0017(n=8,800)  mid=0.0068(n=8,657)  head=0.0572(n=39,982)
  epoch  17  loss=8.2891  val_NDCG=0.0454  test_NDCG=0.0411  test_HR=0.0744  (5.7s)
  evaluating 57,439 users in batches of 512...
    [512/57,439  elapsed 0.2s]
    [5,632/57,439  elapsed 1.5s]
    [10,752/57,439  elapsed 2.9s]
    [15,872/57,439  elapsed 4.3s]
    [20,992/57,439  elapsed 5.6s]
    [26,112/57,439  elapsed 7.0s]
    [31,232/57,439  elapsed 8.4s]
    [36,352/57,439  elapsed 9.8s]
    [41,472/57,439  elapsed 11.2s]
    [46,592/57,439  elapsed 12.5s]
    [51,712/57,439  elapsed 13.9s]
    [56,832/57,439  elapsed 15.3s]
  eval done in 15.5s
  by-popularity NDCG@10: tail=0.0020(n=7,762)  mid=0.0076(n=8,169)  head=0.0613(n=41,508)
  evaluating 57,439 users in batches of 512...
    [512/57,439  elapsed 0.1s]
    [5,632/57,439  elapsed 1.5s]
    [10,752/57,439  elapsed 2.9s]
    [15,872/57,439  elapsed 4.3s]
    [20,992/57,439  elapsed 5.7s]
    [26,112/57,439  elapsed 7.0s]
    [31,232/57,439  elapsed 8.4s]
    [36,352/57,439  elapsed 9.8s]
    [41,472/57,439  elapsed 11.2s]
    [46,592/57,439  elapsed 12.6s]
    [51,712/57,439  elapsed 14.0s]
    [56,832/57,439  elapsed 15.4s]
  eval done in 15.5s
  by-popularity NDCG@10: tail=0.0018(n=8,800)  mid=0.0069(n=8,657)  head=0.0573(n=39,982)
  epoch  18  loss=8.2768  val_NDCG=0.0456  test_NDCG=0.0412  test_HR=0.0746  (5.7s)
  evaluating 57,439 users in batches of 512...
    [512/57,439  elapsed 0.2s]
    [5,632/57,439  elapsed 1.5s]
    [10,752/57,439  elapsed 2.9s]
    [15,872/57,439  elapsed 4.3s]
    [20,992/57,439  elapsed 5.7s]
    [26,112/57,439  elapsed 7.0s]
    [31,232/57,439  elapsed 8.4s]
    [36,352/57,439  elapsed 9.8s]
    [41,472/57,439  elapsed 11.2s]
    [46,592/57,439  elapsed 12.6s]
    [51,712/57,439  elapsed 13.9s]
    [56,832/57,439  elapsed 15.3s]
  eval done in 15.5s
  by-popularity NDCG@10: tail=0.0020(n=7,762)  mid=0.0077(n=8,169)  head=0.0612(n=41,508)
  evaluating 57,439 users in batches of 512...
    [512/57,439  elapsed 0.1s]
    [5,632/57,439  elapsed 1.5s]
    [10,752/57,439  elapsed 2.9s]
    [15,872/57,439  elapsed 4.3s]
    [20,992/57,439  elapsed 5.7s]
    [26,112/57,439  elapsed 7.1s]
    [31,232/57,439  elapsed 8.4s]
    [36,352/57,439  elapsed 9.8s]
    [41,472/57,439  elapsed 11.2s]
    [46,592/57,439  elapsed 12.6s]
    [51,712/57,439  elapsed 14.0s]
    [56,832/57,439  elapsed 15.3s]
  eval done in 15.5s
  by-popularity NDCG@10: tail=0.0018(n=8,800)  mid=0.0068(n=8,657)  head=0.0573(n=39,982)
  epoch  19  loss=8.2732  val_NDCG=0.0456  test_NDCG=0.0412  test_HR=0.0746  (5.7s)
  evaluating 57,439 users in batches of 512...
    [512/57,439  elapsed 0.1s]
    [5,632/57,439  elapsed 1.5s]
    [10,752/57,439  elapsed 2.9s]
    [15,872/57,439  elapsed 4.2s]
    [20,992/57,439  elapsed 5.6s]
    [26,112/57,439  elapsed 7.0s]
    [31,232/57,439  elapsed 8.4s]
    [36,352/57,439  elapsed 9.7s]
    [41,472/57,439  elapsed 11.1s]
    [46,592/57,439  elapsed 12.5s]
    [51,712/57,439  elapsed 13.9s]
    [56,832/57,439  elapsed 15.2s]
  eval done in 15.4s
  by-popularity NDCG@10: tail=0.0020(n=7,762)  mid=0.0076(n=8,169)  head=0.0612(n=41,508)
  evaluating 57,439 users in batches of 512...
    [512/57,439  elapsed 0.1s]
    [5,632/57,439  elapsed 1.5s]
    [10,752/57,439  elapsed 2.9s]
    [15,872/57,439  elapsed 4.3s]
    [20,992/57,439  elapsed 5.7s]
    [26,112/57,439  elapsed 7.0s]
    [31,232/57,439  elapsed 8.4s]
    [36,352/57,439  elapsed 9.8s]
    [41,472/57,439  elapsed 11.2s]
    [46,592/57,439  elapsed 12.6s]
    [51,712/57,439  elapsed 13.9s]
    [56,832/57,439  elapsed 15.3s]
  eval done in 15.5s
  by-popularity NDCG@10: tail=0.0018(n=8,800)  mid=0.0068(n=8,657)  head=0.0573(n=39,982)
  epoch  20  loss=8.2721  val_NDCG=0.0456  test_NDCG=0.0412  test_HR=0.0747  (5.7s)

=== Best by val NDCG@10 ===
  val_NDCG=0.0457
  test: {'NDCG@10': 0.04127001592682462, 'HR@10': 0.07413081704068664, 'MRR': 0.03762028825204076, 'n_eval': 57439, 'by_popularity': {'tail': {'NDCG@10': 0.001522678231481019, 'HR@10': 0.0032954545454545454, 'n': 8800, 'n_hit@10': 29, 'HR@20': 0.005681818181818182, 'n_hit@20': 50, 'HR@50': 0.015795454545454547, 'n_hit@50': 139, 'HR@100': 0.03090909090909091, 'n_hit@100': 272}, 'mid': {'NDCG@10': 0.005491840905591053, 'HR@10': 0.010280697701282199, 'n': 8657, 'n_hit@10': 89, 'HR@20': 0.018828693542797734, 'n_hit@20': 163, 'HR@50': 0.042162411920988796, 'n_hit@50': 365, 'HR@100': 0.0770474760309576, 'n_hit@100': 667}, 'head': {'NDCG@10': 0.057765144556654116, 'HR@10': 0.10354659596818569, 'n': 39982, 'n_hit@10': 4140, 'HR@20': 0.14964233905257365, 'n_hit@20': 5983, 'HR@50': 0.22945325396428393, 'n_hit@50': 9174, 'HR@100': 0.3096893602120954, 'n_hit@100': 12382}}}
wrote C:\Users\rayxc\Documents\R\_bestrec_run\results_MI_FIRV3_a2learnedwd0_seed20260716.users.jsonl.gz (57,439 per-user records, best epoch 11, sha256 5d38d6711779…)
wrote C:\Users\rayxc\Documents\R\_bestrec_run\results_MI_FIRV3_a2learnedwd0_seed20260716.final.users.jsonl.gz (57,439 FINAL-epoch per-user records)
  fir_v3 final ||DELTA||_2 = 5.229090

wrote C:\Users\rayxc\Documents\R\_bestrec_run\results_MI_FIRV3_a2learnedwd0_seed20260716.json
[13/24] results_MI_FIRV3_a0ident_seed20260717.json
  random seed set to 20260717
=== Musical_Instruments: load splits ===
  n_users=57,439  n_items=24,587  pad_id=24587
  built sequences for 57,439 users
  built timestamp sequences (12 time buckets)
  loading SBERT embeddings from C:\Users\rayxc\Documents\R\cache_5core\sbert_titles_Musical_Instruments.npy...
  TAPE: k-means 24,587 text embeddings into K=512 prototypes (tau=0.05)...
  TAPE: K=512 mean max-assignment weight = 0.524 (1.0 = hard clustering)

=== Build SASRec-SBERT (d=64, layers=4, heads=2) ===
  total params: 11,186,046  device=cuda
  57,439 training examples / 225 batches per epoch
  init_state_sha256 = 30df95e23a8d30f32db6b0bdc8af7e49385a722a5ea4bd4f39025667c73f3064
  LR schedule: warmup_cosine (225 warmup + 4275 cosine steps)

=== Train for 20 epochs ===
  evaluating 57,439 users in batches of 512...
    [512/57,439  elapsed 0.1s]
    [5,632/57,439  elapsed 1.5s]
    [10,752/57,439  elapsed 2.8s]
    [15,872/57,439  elapsed 4.2s]
    [20,992/57,439  elapsed 5.5s]
    [26,112/57,439  elapsed 6.9s]
    [31,232/57,439  elapsed 8.3s]
    [36,352/57,439  elapsed 9.6s]
    [41,472/57,439  elapsed 11.0s]
    [46,592/57,439  elapsed 12.3s]
    [51,712/57,439  elapsed 13.7s]
    [56,832/57,439  elapsed 15.1s]
  eval done in 15.2s
  by-popularity NDCG@10: tail=0.0000(n=7,762)  mid=0.0001(n=8,169)  head=0.0359(n=41,508)
  evaluating 57,439 users in batches of 512...
    [512/57,439  elapsed 0.1s]
    [5,632/57,439  elapsed 1.5s]
    [10,752/57,439  elapsed 2.9s]
    [15,872/57,439  elapsed 4.2s]
    [20,992/57,439  elapsed 5.6s]
    [26,112/57,439  elapsed 7.0s]
    [31,232/57,439  elapsed 8.3s]
    [36,352/57,439  elapsed 9.7s]
    [41,472/57,439  elapsed 11.1s]
    [46,592/57,439  elapsed 12.4s]
    [51,712/57,439  elapsed 13.8s]
    [56,832/57,439  elapsed 15.2s]
  eval done in 15.3s
  by-popularity NDCG@10: tail=0.0000(n=8,800)  mid=0.0005(n=8,657)  head=0.0332(n=39,982)
  epoch   1  loss=9.6316  val_NDCG=0.0259  test_NDCG=0.0232  test_HR=0.0438  (5.9s)
  evaluating 57,439 users in batches of 512...
    [512/57,439  elapsed 0.2s]
    [5,632/57,439  elapsed 1.5s]
    [10,752/57,439  elapsed 2.9s]
    [15,872/57,439  elapsed 4.3s]
    [20,992/57,439  elapsed 5.6s]
    [26,112/57,439  elapsed 7.0s]
    [31,232/57,439  elapsed 8.4s]
    [36,352/57,439  elapsed 9.8s]
    [41,472/57,439  elapsed 11.1s]
    [46,592/57,439  elapsed 12.5s]
    [51,712/57,439  elapsed 13.9s]
    [56,832/57,439  elapsed 15.3s]
  eval done in 15.4s
  by-popularity NDCG@10: tail=0.0000(n=7,762)  mid=0.0001(n=8,169)  head=0.0446(n=41,508)
  evaluating 57,439 users in batches of 512...
    [512/57,439  elapsed 0.1s]
    [5,632/57,439  elapsed 1.5s]
    [10,752/57,439  elapsed 2.9s]
    [15,872/57,439  elapsed 4.3s]
    [20,992/57,439  elapsed 5.7s]
    [26,112/57,439  elapsed 7.1s]
    [31,232/57,439  elapsed 8.4s]
    [36,352/57,439  elapsed 9.8s]
    [41,472/57,439  elapsed 11.2s]
    [46,592/57,439  elapsed 12.6s]
    [51,712/57,439  elapsed 14.0s]
    [56,832/57,439  elapsed 15.4s]
  eval done in 15.5s
  by-popularity NDCG@10: tail=0.0000(n=8,800)  mid=0.0004(n=8,657)  head=0.0421(n=39,982)
  epoch   2  loss=9.1064  val_NDCG=0.0323  test_NDCG=0.0294  test_HR=0.0555  (5.7s)
  evaluating 57,439 users in batches of 512...
    [512/57,439  elapsed 0.2s]
    [5,632/57,439  elapsed 1.5s]
    [10,752/57,439  elapsed 2.9s]
    [15,872/57,439  elapsed 4.2s]
    [20,992/57,439  elapsed 5.6s]
    [26,112/57,439  elapsed 7.0s]
    [31,232/57,439  elapsed 8.4s]
    [36,352/57,439  elapsed 9.7s]
    [41,472/57,439  elapsed 11.1s]
    [46,592/57,439  elapsed 12.5s]
    [51,712/57,439  elapsed 13.9s]
    [56,832/57,439  elapsed 15.3s]
  eval done in 15.4s
  by-popularity NDCG@10: tail=0.0000(n=7,762)  mid=0.0006(n=8,169)  head=0.0488(n=41,508)
  evaluating 57,439 users in batches of 512...
    [512/57,439  elapsed 0.1s]
    [5,632/57,439  elapsed 1.5s]
    [10,752/57,439  elapsed 2.9s]
    [15,872/57,439  elapsed 4.3s]
    [20,992/57,439  elapsed 5.7s]
    [26,112/57,439  elapsed 7.0s]
    [31,232/57,439  elapsed 8.4s]
    [36,352/57,439  elapsed 9.8s]
    [41,472/57,439  elapsed 11.2s]
    [46,592/57,439  elapsed 12.6s]
    [51,712/57,439  elapsed 14.0s]
    [56,832/57,439  elapsed 15.3s]
  eval done in 15.5s
  by-popularity NDCG@10: tail=0.0000(n=8,800)  mid=0.0009(n=8,657)  head=0.0466(n=39,982)
  epoch   3  loss=8.9518  val_NDCG=0.0354  test_NDCG=0.0326  test_HR=0.0600  (5.6s)
  evaluating 57,439 users in batches of 512...
    [512/57,439  elapsed 0.2s]
    [5,632/57,439  elapsed 1.5s]
    [10,752/57,439  elapsed 2.9s]
    [15,872/57,439  elapsed 4.3s]
    [20,992/57,439  elapsed 5.6s]
    [26,112/57,439  elapsed 7.0s]
    [31,232/57,439  elapsed 8.4s]
    [36,352/57,439  elapsed 9.8s]
    [41,472/57,439  elapsed 11.1s]
    [46,592/57,439  elapsed 12.5s]
    [51,712/57,439  elapsed 13.9s]
    [56,832/57,439  elapsed 15.3s]
  eval done in 15.4s
  by-popularity NDCG@10: tail=0.0000(n=7,762)  mid=0.0011(n=8,169)  head=0.0526(n=41,508)
  evaluating 57,439 users in batches of 512...
    [512/57,439  elapsed 0.1s]
    [5,632/57,439  elapsed 1.5s]
    [10,752/57,439  elapsed 2.9s]
    [15,872/57,439  elapsed 4.3s]
    [20,992/57,439  elapsed 5.7s]
    [26,112/57,439  elapsed 7.0s]
    [31,232/57,439  elapsed 8.4s]
    [36,352/57,439  elapsed 9.8s]
    [41,472/57,439  elapsed 11.2s]
    [46,592/57,439  elapsed 12.6s]
    [51,712/57,439  elapsed 13.9s]
    [56,832/57,439  elapsed 15.3s]
  eval done in 15.5s
  by-popularity NDCG@10: tail=0.0000(n=8,800)  mid=0.0011(n=8,657)  head=0.0499(n=39,982)
  epoch   4  loss=8.8554  val_NDCG=0.0382  test_NDCG=0.0349  test_HR=0.0639  (5.7s)
  evaluating 57,439 users in batches of 512...
    [512/57,439  elapsed 0.1s]
    [5,632/57,439  elapsed 1.5s]
    [10,752/57,439  elapsed 2.8s]
    [15,872/57,439  elapsed 4.2s]
    [20,992/57,439  elapsed 5.6s]
    [26,112/57,439  elapsed 7.0s]
    [31,232/57,439  elapsed 8.3s]
    [36,352/57,439  elapsed 9.7s]
    [41,472/57,439  elapsed 11.1s]
    [46,592/57,439  elapsed 12.5s]
    [51,712/57,439  elapsed 13.8s]
    [56,832/57,439  elapsed 15.2s]
  eval done in 15.4s
  by-popularity NDCG@10: tail=0.0000(n=7,762)  mid=0.0017(n=8,169)  head=0.0553(n=41,508)
  evaluating 57,439 users in batches of 512...
    [512/57,439  elapsed 0.1s]
    [5,632/57,439  elapsed 1.5s]
    [10,752/57,439  elapsed 2.9s]
    [15,872/57,439  elapsed 4.3s]
    [20,992/57,439  elapsed 5.6s]
    [26,112/57,439  elapsed 7.0s]
    [31,232/57,439  elapsed 8.4s]
    [36,352/57,439  elapsed 9.8s]
    [41,472/57,439  elapsed 11.2s]
    [46,592/57,439  elapsed 12.5s]
    [51,712/57,439  elapsed 13.9s]
    [56,832/57,439  elapsed 15.3s]
  eval done in 15.5s
  by-popularity NDCG@10: tail=0.0001(n=8,800)  mid=0.0015(n=8,657)  head=0.0516(n=39,982)
  epoch   5  loss=8.7808  val_NDCG=0.0402  test_NDCG=0.0361  test_HR=0.0661  (5.7s)
  evaluating 57,439 users in batches of 512...
    [512/57,439  elapsed 0.1s]
    [5,632/57,439  elapsed 1.5s]
    [10,752/57,439  elapsed 2.8s]
    [15,872/57,439  elapsed 4.2s]
    [20,992/57,439  elapsed 5.6s]
    [26,112/57,439  elapsed 6.9s]
    [31,232/57,439  elapsed 8.3s]
    [36,352/57,439  elapsed 9.7s]
    [41,472/57,439  elapsed 11.1s]
    [46,592/57,439  elapsed 12.5s]
    [51,712/57,439  elapsed 13.8s]
    [56,832/57,439  elapsed 15.2s]
  eval done in 15.4s
  by-popularity NDCG@10: tail=0.0002(n=7,762)  mid=0.0019(n=8,169)  head=0.0555(n=41,508)
  evaluating 57,439 users in batches of 512...
    [512/57,439  elapsed 0.1s]
    [5,632/57,439  elapsed 1.5s]
    [10,752/57,439  elapsed 2.9s]
    [15,872/57,439  elapsed 4.3s]
    [20,992/57,439  elapsed 5.7s]
    [26,112/57,439  elapsed 7.0s]
    [31,232/57,439  elapsed 8.4s]
    [36,352/57,439  elapsed 9.8s]
    [41,472/57,439  elapsed 11.2s]
    [46,592/57,439  elapsed 12.6s]
    [51,712/57,439  elapsed 13.9s]
    [56,832/57,439  elapsed 15.3s]
  eval done in 15.5s
  by-popularity NDCG@10: tail=0.0003(n=8,800)  mid=0.0022(n=8,657)  head=0.0517(n=39,982)
  epoch   6  loss=8.7192  val_NDCG=0.0404  test_NDCG=0.0363  test_HR=0.0664  (5.7s)
  evaluating 57,439 users in batches of 512...
    [512/57,439  elapsed 0.2s]
    [5,632/57,439  elapsed 1.5s]
    [10,752/57,439  elapsed 2.9s]
    [15,872/57,439  elapsed 4.3s]
    [20,992/57,439  elapsed 5.7s]
    [26,112/57,439  elapsed 7.0s]
    [31,232/57,439  elapsed 8.4s]
    [36,352/57,439  elapsed 9.8s]
    [41,472/57,439  elapsed 11.2s]
    [46,592/57,439  elapsed 12.6s]
    [51,712/57,439  elapsed 13.9s]
    [56,832/57,439  elapsed 15.3s]
  eval done in 15.5s
  by-popularity NDCG@10: tail=0.0003(n=7,762)  mid=0.0025(n=8,169)  head=0.0566(n=41,508)
  evaluating 57,439 users in batches of 512...
    [512/57,439  elapsed 0.1s]
    [5,632/57,439  elapsed 1.5s]
    [10,752/57,439  elapsed 2.9s]
    [15,872/57,439  elapsed 4.3s]
    [20,992/57,439  elapsed 5.7s]
    [26,112/57,439  elapsed 7.1s]
    [31,232/57,439  elapsed 8.4s]
    [36,352/57,439  elapsed 9.8s]
    [41,472/57,439  elapsed 11.2s]
    [46,592/57,439  elapsed 12.6s]
    [51,712/57,439  elapsed 14.0s]
    [56,832/57,439  elapsed 15.4s]
  eval done in 15.5s
  by-popularity NDCG@10: tail=0.0003(n=8,800)  mid=0.0026(n=8,657)  head=0.0532(n=39,982)
  epoch   7  loss=8.6676  val_NDCG=0.0413  test_NDCG=0.0375  test_HR=0.0681  (5.7s)
  evaluating 57,439 users in batches of 512...
    [512/57,439  elapsed 0.2s]
    [5,632/57,439  elapsed 1.5s]
    [10,752/57,439  elapsed 2.9s]
    [15,872/57,439  elapsed 4.2s]
    [20,992/57,439  elapsed 5.6s]
    [26,112/57,439  elapsed 7.0s]
    [31,232/57,439  elapsed 8.4s]
    [36,352/57,439  elapsed 9.8s]
    [41,472/57,439  elapsed 11.1s]
    [46,592/57,439  elapsed 12.5s]
    [51,712/57,439  elapsed 13.9s]
    [56,832/57,439  elapsed 15.3s]
  eval done in 15.4s
  by-popularity NDCG@10: tail=0.0004(n=7,762)  mid=0.0025(n=8,169)  head=0.0565(n=41,508)
  evaluating 57,439 users in batches of 512...
    [512/57,439  elapsed 0.1s]
    [5,632/57,439  elapsed 1.5s]
    [10,752/57,439  elapsed 2.9s]
    [15,872/57,439  elapsed 4.3s]
    [20,992/57,439  elapsed 5.7s]
    [26,112/57,439  elapsed 7.0s]
    [31,232/57,439  elapsed 8.4s]
    [36,352/57,439  elapsed 9.8s]
    [41,472/57,439  elapsed 11.2s]
    [46,592/57,439  elapsed 12.6s]
    [51,712/57,439  elapsed 14.0s]
    [56,832/57,439  elapsed 15.3s]
  eval done in 15.5s
  by-popularity NDCG@10: tail=0.0003(n=8,800)  mid=0.0027(n=8,657)  head=0.0527(n=39,982)
  epoch   8  loss=8.6180  val_NDCG=0.0412  test_NDCG=0.0371  test_HR=0.0678  (5.6s)
  evaluating 57,439 users in batches of 512...
    [512/57,439  elapsed 0.1s]
    [5,632/57,439  elapsed 1.5s]
    [10,752/57,439  elapsed 2.8s]
    [15,872/57,439  elapsed 4.2s]
    [20,992/57,439  elapsed 5.6s]
    [26,112/57,439  elapsed 7.0s]
    [31,232/57,439  elapsed 8.3s]
    [36,352/57,439  elapsed 9.7s]
    [41,472/57,439  elapsed 11.1s]
    [46,592/57,439  elapsed 12.5s]
    [51,712/57,439  elapsed 13.8s]
    [56,832/57,439  elapsed 15.2s]
  eval done in 15.4s
  by-popularity NDCG@10: tail=0.0007(n=7,762)  mid=0.0030(n=8,169)  head=0.0570(n=41,508)
  evaluating 57,439 users in batches of 512...
    [512/57,439  elapsed 0.1s]
    [5,632/57,439  elapsed 1.5s]
    [10,752/57,439  elapsed 2.9s]
    [15,872/57,439  elapsed 4.3s]
    [20,992/57,439  elapsed 5.7s]
    [26,112/57,439  elapsed 7.1s]
    [31,232/57,439  elapsed 8.4s]
    [36,352/57,439  elapsed 9.8s]
    [41,472/57,439  elapsed 11.2s]
    [46,592/57,439  elapsed 12.6s]
    [51,712/57,439  elapsed 14.0s]
    [56,832/57,439  elapsed 15.3s]
  eval done in 15.5s
  by-popularity NDCG@10: tail=0.0006(n=8,800)  mid=0.0035(n=8,657)  head=0.0534(n=39,982)
  epoch   9  loss=8.5764  val_NDCG=0.0417  test_NDCG=0.0378  test_HR=0.0683  (5.6s)
  evaluating 57,439 users in batches of 512...
    [512/57,439  elapsed 0.2s]
    [5,632/57,439  elapsed 1.5s]
    [10,752/57,439  elapsed 2.9s]
    [15,872/57,439  elapsed 4.3s]
    [20,992/57,439  elapsed 5.6s]
    [26,112/57,439  elapsed 7.0s]
    [31,232/57,439  elapsed 8.4s]
    [36,352/57,439  elapsed 9.8s]
    [41,472/57,439  elapsed 11.1s]
    [46,592/57,439  elapsed 12.5s]
    [51,712/57,439  elapsed 13.9s]
    [56,832/57,439  elapsed 15.3s]
  eval done in 15.4s
  by-popularity NDCG@10: tail=0.0008(n=7,762)  mid=0.0034(n=8,169)  head=0.0577(n=41,508)
  evaluating 57,439 users in batches of 512...
    [512/57,439  elapsed 0.1s]
    [5,632/57,439  elapsed 1.5s]
    [10,752/57,439  elapsed 2.9s]
    [15,872/57,439  elapsed 4.3s]
    [20,992/57,439  elapsed 5.7s]
    [26,112/57,439  elapsed 7.1s]
    [31,232/57,439  elapsed 8.4s]
    [36,352/57,439  elapsed 9.8s]
    [41,472/57,439  elapsed 11.2s]
    [46,592/57,439  elapsed 12.6s]
    [51,712/57,439  elapsed 14.0s]
    [56,832/57,439  elapsed 15.4s]
  eval done in 15.5s
  by-popularity NDCG@10: tail=0.0007(n=8,800)  mid=0.0035(n=8,657)  head=0.0533(n=39,982)
  epoch  10  loss=8.5360  val_NDCG=0.0423  test_NDCG=0.0377  test_HR=0.0684  (5.7s)
  evaluating 57,439 users in batches of 512...
    [512/57,439  elapsed 0.2s]
    [5,632/57,439  elapsed 1.5s]
    [10,752/57,439  elapsed 2.9s]
    [15,872/57,439  elapsed 4.3s]
    [20,992/57,439  elapsed 5.6s]
    [26,112/57,439  elapsed 7.0s]
    [31,232/57,439  elapsed 8.4s]
    [36,352/57,439  elapsed 9.8s]
    [41,472/57,439  elapsed 11.2s]
    [46,592/57,439  elapsed 12.5s]
    [51,712/57,439  elapsed 13.9s]
    [56,832/57,439  elapsed 15.3s]
  eval done in 15.5s
  by-popularity NDCG@10: tail=0.0011(n=7,762)  mid=0.0040(n=8,169)  head=0.0585(n=41,508)
  evaluating 57,439 users in batches of 512...
    [512/57,439  elapsed 0.1s]
    [5,632/57,439  elapsed 1.5s]
    [10,752/57,439  elapsed 2.9s]
    [15,872/57,439  elapsed 4.3s]
    [20,992/57,439  elapsed 5.7s]
    [26,112/57,439  elapsed 7.1s]
    [31,232/57,439  elapsed 8.4s]
    [36,352/57,439  elapsed 9.8s]
    [41,472/57,439  elapsed 11.2s]
    [46,592/57,439  elapsed 12.6s]
    [51,712/57,439  elapsed 14.0s]
    [56,832/57,439  elapsed 15.4s]
  eval done in 15.5s
  by-popularity NDCG@10: tail=0.0008(n=8,800)  mid=0.0038(n=8,657)  head=0.0542(n=39,982)
  epoch  11  loss=8.5000  val_NDCG=0.0430  test_NDCG=0.0384  test_HR=0.0696  (5.6s)
  evaluating 57,439 users in batches of 512...
    [512/57,439  elapsed 0.2s]
    [5,632/57,439  elapsed 1.5s]
    [10,752/57,439  elapsed 2.9s]
    [15,872/57,439  elapsed 4.3s]
    [20,992/57,439  elapsed 5.7s]
    [26,112/57,439  elapsed 7.0s]
    [31,232/57,439  elapsed 8.4s]
    [36,352/57,439  elapsed 9.8s]
    [41,472/57,439  elapsed 11.2s]
    [46,592/57,439  elapsed 12.6s]
    [51,712/57,439  elapsed 13.9s]
    [56,832/57,439  elapsed 15.3s]
  eval done in 15.5s
  by-popularity NDCG@10: tail=0.0010(n=7,762)  mid=0.0043(n=8,169)  head=0.0587(n=41,508)
  evaluating 57,439 users in batches of 512...
    [512/57,439  elapsed 0.1s]
    [5,632/57,439  elapsed 1.5s]
    [10,752/57,439  elapsed 2.9s]
    [15,872/57,439  elapsed 4.3s]
    [20,992/57,439  elapsed 5.7s]
    [26,112/57,439  elapsed 7.1s]
    [31,232/57,439  elapsed 8.4s]
    [36,352/57,439  elapsed 9.8s]
    [41,472/57,439  elapsed 11.2s]
    [46,592/57,439  elapsed 12.6s]
    [51,712/57,439  elapsed 14.0s]
    [56,832/57,439  elapsed 15.4s]
  eval done in 15.5s
  by-popularity NDCG@10: tail=0.0008(n=8,800)  mid=0.0041(n=8,657)  head=0.0544(n=39,982)
  epoch  12  loss=8.4670  val_NDCG=0.0432  test_NDCG=0.0386  test_HR=0.0701  (5.6s)
  evaluating 57,439 users in batches of 512...
    [512/57,439  elapsed 0.2s]
    [5,632/57,439  elapsed 1.5s]
    [10,752/57,439  elapsed 2.9s]
    [15,872/57,439  elapsed 4.3s]
    [20,992/57,439  elapsed 5.7s]
    [26,112/57,439  elapsed 7.0s]
    [31,232/57,439  elapsed 8.4s]
    [36,352/57,439  elapsed 9.8s]
    [41,472/57,439  elapsed 11.1s]
    [46,592/57,439  elapsed 12.5s]
    [51,712/57,439  elapsed 13.9s]
    [56,832/57,439  elapsed 15.3s]
  eval done in 15.4s
  by-popularity NDCG@10: tail=0.0012(n=7,762)  mid=0.0045(n=8,169)  head=0.0583(n=41,508)
  evaluating 57,439 users in batches of 512...
    [512/57,439  elapsed 0.1s]
    [5,632/57,439  elapsed 1.5s]
    [10,752/57,439  elapsed 2.9s]
    [15,872/57,439  elapsed 4.3s]
    [20,992/57,439  elapsed 5.7s]
    [26,112/57,439  elapsed 7.0s]
    [31,232/57,439  elapsed 8.4s]
    [36,352/57,439  elapsed 9.8s]
    [41,472/57,439  elapsed 11.2s]
    [46,592/57,439  elapsed 12.6s]
    [51,712/57,439  elapsed 13.9s]
    [56,832/57,439  elapsed 15.3s]
  eval done in 15.5s
  by-popularity NDCG@10: tail=0.0010(n=8,800)  mid=0.0046(n=8,657)  head=0.0542(n=39,982)
  epoch  13  loss=8.4393  val_NDCG=0.0430  test_NDCG=0.0386  test_HR=0.0699  (5.8s)
  evaluating 57,439 users in batches of 512...
    [512/57,439  elapsed 0.2s]
    [5,632/57,439  elapsed 1.5s]
    [10,752/57,439  elapsed 2.9s]
    [15,872/57,439  elapsed 4.3s]
    [20,992/57,439  elapsed 5.6s]
    [26,112/57,439  elapsed 7.0s]
    [31,232/57,439  elapsed 8.4s]
    [36,352/57,439  elapsed 9.8s]
    [41,472/57,439  elapsed 11.1s]
    [46,592/57,439  elapsed 12.5s]
    [51,712/57,439  elapsed 13.9s]
    [56,832/57,439  elapsed 15.3s]
  eval done in 15.4s
  by-popularity NDCG@10: tail=0.0012(n=7,762)  mid=0.0044(n=8,169)  head=0.0587(n=41,508)
  evaluating 57,439 users in batches of 512...
    [512/57,439  elapsed 0.1s]
    [5,632/57,439  elapsed 1.5s]
    [10,752/57,439  elapsed 2.9s]
    [15,872/57,439  elapsed 4.3s]
    [20,992/57,439  elapsed 5.7s]
    [26,112/57,439  elapsed 7.1s]
    [31,232/57,439  elapsed 8.5s]
    [36,352/57,439  elapsed 9.9s]
    [41,472/57,439  elapsed 11.3s]
    [46,592/57,439  elapsed 12.6s]
    [51,712/57,439  elapsed 14.0s]
    [56,832/57,439  elapsed 15.4s]
  eval done in 15.5s
  by-popularity NDCG@10: tail=0.0010(n=8,800)  mid=0.0047(n=8,657)  head=0.0546(n=39,982)
  epoch  14  loss=8.4133  val_NDCG=0.0432  test_NDCG=0.0389  test_HR=0.0701  (5.7s)
  evaluating 57,439 users in batches of 512...
    [512/57,439  elapsed 0.2s]
    [5,632/57,439  elapsed 1.5s]
    [10,752/57,439  elapsed 2.9s]
    [15,872/57,439  elapsed 4.3s]
    [20,992/57,439  elapsed 5.6s]
    [26,112/57,439  elapsed 7.0s]
    [31,232/57,439  elapsed 8.4s]
    [36,352/57,439  elapsed 9.8s]
    [41,472/57,439  elapsed 11.1s]
    [46,592/57,439  elapsed 12.5s]
    [51,712/57,439  elapsed 13.9s]
    [56,832/57,439  elapsed 15.3s]
  eval done in 15.4s
  by-popularity NDCG@10: tail=0.0012(n=7,762)  mid=0.0046(n=8,169)  head=0.0582(n=41,508)
  evaluating 57,439 users in batches of 512...
    [512/57,439  elapsed 0.1s]
    [5,632/57,439  elapsed 1.5s]
    [10,752/57,439  elapsed 2.9s]
    [15,872/57,439  elapsed 4.3s]
    [20,992/57,439  elapsed 5.7s]
    [26,112/57,439  elapsed 7.0s]
    [31,232/57,439  elapsed 8.4s]
    [36,352/57,439  elapsed 9.8s]
    [41,472/57,439  elapsed 11.2s]
    [46,592/57,439  elapsed 12.6s]
    [51,712/57,439  elapsed 14.0s]
    [56,832/57,439  elapsed 15.4s]
  eval done in 15.5s
  by-popularity NDCG@10: tail=0.0011(n=8,800)  mid=0.0046(n=8,657)  head=0.0546(n=39,982)
  epoch  15  loss=8.3910  val_NDCG=0.0429  test_NDCG=0.0389  test_HR=0.0700  (5.7s)
  evaluating 57,439 users in batches of 512...
    [512/57,439  elapsed 0.1s]
    [5,632/57,439  elapsed 1.5s]
    [10,752/57,439  elapsed 2.8s]
    [15,872/57,439  elapsed 4.2s]
    [20,992/57,439  elapsed 5.6s]
    [26,112/57,439  elapsed 7.0s]
    [31,232/57,439  elapsed 8.3s]
    [36,352/57,439  elapsed 9.7s]
    [41,472/57,439  elapsed 11.1s]
    [46,592/57,439  elapsed 12.5s]
    [51,712/57,439  elapsed 13.8s]
    [56,832/57,439  elapsed 15.2s]
  eval done in 15.4s
  by-popularity NDCG@10: tail=0.0013(n=7,762)  mid=0.0047(n=8,169)  head=0.0582(n=41,508)
  evaluating 57,439 users in batches of 512...
    [512/57,439  elapsed 0.1s]
    [5,632/57,439  elapsed 1.5s]
    [10,752/57,439  elapsed 2.9s]
    [15,872/57,439  elapsed 4.3s]
    [20,992/57,439  elapsed 5.7s]
    [26,112/57,439  elapsed 7.0s]
    [31,232/57,439  elapsed 8.4s]
    [36,352/57,439  elapsed 9.8s]
    [41,472/57,439  elapsed 11.2s]
    [46,592/57,439  elapsed 12.6s]
    [51,712/57,439  elapsed 13.9s]
    [56,832/57,439  elapsed 15.3s]
  eval done in 15.5s
  by-popularity NDCG@10: tail=0.0012(n=8,800)  mid=0.0049(n=8,657)  head=0.0541(n=39,982)
  epoch  16  loss=8.3721  val_NDCG=0.0429  test_NDCG=0.0386  test_HR=0.0694  (5.7s)
  evaluating 57,439 users in batches of 512...
    [512/57,439  elapsed 0.1s]
    [5,632/57,439  elapsed 1.5s]
    [10,752/57,439  elapsed 2.8s]
    [15,872/57,439  elapsed 4.2s]
    [20,992/57,439  elapsed 5.6s]
    [26,112/57,439  elapsed 7.0s]
    [31,232/57,439  elapsed 8.4s]
    [36,352/57,439  elapsed 9.7s]
    [41,472/57,439  elapsed 11.1s]
    [46,592/57,439  elapsed 12.5s]
    [51,712/57,439  elapsed 13.9s]
    [56,832/57,439  elapsed 15.2s]
  eval done in 15.4s
  by-popularity NDCG@10: tail=0.0013(n=7,762)  mid=0.0048(n=8,169)  head=0.0584(n=41,508)
  evaluating 57,439 users in batches of 512...
    [512/57,439  elapsed 0.1s]
    [5,632/57,439  elapsed 1.5s]
    [10,752/57,439  elapsed 2.9s]
    [15,872/57,439  elapsed 4.3s]
    [20,992/57,439  elapsed 5.7s]
    [26,112/57,439  elapsed 7.0s]
    [31,232/57,439  elapsed 8.4s]
    [36,352/57,439  elapsed 9.8s]
    [41,472/57,439  elapsed 11.2s]
    [46,592/57,439  elapsed 12.6s]
    [51,712/57,439  elapsed 14.0s]
    [56,832/57,439  elapsed 15.3s]
  eval done in 15.5s
  by-popularity NDCG@10: tail=0.0013(n=8,800)  mid=0.0048(n=8,657)  head=0.0542(n=39,982)
  epoch  17  loss=8.3602  val_NDCG=0.0431  test_NDCG=0.0387  test_HR=0.0695  (5.6s)
  evaluating 57,439 users in batches of 512...
    [512/57,439  elapsed 0.2s]
    [5,632/57,439  elapsed 1.5s]
    [10,752/57,439  elapsed 2.9s]
    [15,872/57,439  elapsed 4.3s]
    [20,992/57,439  elapsed 5.7s]
    [26,112/57,439  elapsed 7.0s]
    [31,232/57,439  elapsed 8.4s]
    [36,352/57,439  elapsed 9.8s]
    [41,472/57,439  elapsed 11.2s]
    [46,592/57,439  elapsed 12.5s]
    [51,712/57,439  elapsed 13.9s]
    [56,832/57,439  elapsed 15.3s]
  eval done in 15.5s
  by-popularity NDCG@10: tail=0.0013(n=7,762)  mid=0.0047(n=8,169)  head=0.0585(n=41,508)
  evaluating 57,439 users in batches of 512...
    [512/57,439  elapsed 0.1s]
    [5,632/57,439  elapsed 1.5s]
    [10,752/57,439  elapsed 2.9s]
    [15,872/57,439  elapsed 4.3s]
    [20,992/57,439  elapsed 5.7s]
    [26,112/57,439  elapsed 7.0s]
    [31,232/57,439  elapsed 8.4s]
    [36,352/57,439  elapsed 9.8s]
    [41,472/57,439  elapsed 11.2s]
    [46,592/57,439  elapsed 12.5s]
    [51,712/57,439  elapsed 13.9s]
    [56,832/57,439  elapsed 15.3s]
  eval done in 15.5s
  by-popularity NDCG@10: tail=0.0012(n=8,800)  mid=0.0049(n=8,657)  head=0.0543(n=39,982)
  epoch  18  loss=8.3503  val_NDCG=0.0431  test_NDCG=0.0387  test_HR=0.0695  (5.6s)
  evaluating 57,439 users in batches of 512...
    [512/57,439  elapsed 0.1s]
    [5,632/57,439  elapsed 1.5s]
    [10,752/57,439  elapsed 2.8s]
    [15,872/57,439  elapsed 4.2s]
    [20,992/57,439  elapsed 5.6s]
    [26,112/57,439  elapsed 7.0s]
    [31,232/57,439  elapsed 8.3s]
    [36,352/57,439  elapsed 9.7s]
    [41,472/57,439  elapsed 11.1s]
    [46,592/57,439  elapsed 12.5s]
    [51,712/57,439  elapsed 13.8s]
    [56,832/57,439  elapsed 15.2s]
  eval done in 15.4s
  by-popularity NDCG@10: tail=0.0013(n=7,762)  mid=0.0047(n=8,169)  head=0.0583(n=41,508)
  evaluating 57,439 users in batches of 512...
    [512/57,439  elapsed 0.1s]
    [5,632/57,439  elapsed 1.5s]
    [10,752/57,439  elapsed 2.9s]
    [15,872/57,439  elapsed 4.3s]
    [20,992/57,439  elapsed 5.7s]
    [26,112/57,439  elapsed 7.0s]
    [31,232/57,439  elapsed 8.4s]
    [36,352/57,439  elapsed 9.8s]
    [41,472/57,439  elapsed 11.2s]
    [46,592/57,439  elapsed 12.6s]
    [51,712/57,439  elapsed 14.0s]
    [56,832/57,439  elapsed 15.3s]
  eval done in 15.5s
  by-popularity NDCG@10: tail=0.0012(n=8,800)  mid=0.0049(n=8,657)  head=0.0543(n=39,982)
  epoch  19  loss=8.3451  val_NDCG=0.0430  test_NDCG=0.0387  test_HR=0.0696  (5.7s)
  evaluating 57,439 users in batches of 512...
    [512/57,439  elapsed 0.2s]
    [5,632/57,439  elapsed 1.5s]
    [10,752/57,439  elapsed 2.9s]
    [15,872/57,439  elapsed 4.2s]
    [20,992/57,439  elapsed 5.6s]
    [26,112/57,439  elapsed 7.0s]
    [31,232/57,439  elapsed 8.4s]
    [36,352/57,439  elapsed 9.7s]
    [41,472/57,439  elapsed 11.1s]
    [46,592/57,439  elapsed 12.5s]
    [51,712/57,439  elapsed 13.9s]
    [56,832/57,439  elapsed 15.3s]
  eval done in 15.4s
  by-popularity NDCG@10: tail=0.0013(n=7,762)  mid=0.0048(n=8,169)  head=0.0584(n=41,508)
  evaluating 57,439 users in batches of 512...
    [512/57,439  elapsed 0.1s]
    [5,632/57,439  elapsed 1.5s]
    [10,752/57,439  elapsed 2.9s]
    [15,872/57,439  elapsed 4.3s]
    [20,992/57,439  elapsed 5.7s]
    [26,112/57,439  elapsed 7.1s]
    [31,232/57,439  elapsed 8.4s]
    [36,352/57,439  elapsed 9.8s]
    [41,472/57,439  elapsed 11.2s]
    [46,592/57,439  elapsed 12.6s]
    [51,712/57,439  elapsed 14.0s]
    [56,832/57,439  elapsed 15.4s]
  eval done in 15.5s
  by-popularity NDCG@10: tail=0.0012(n=8,800)  mid=0.0049(n=8,657)  head=0.0543(n=39,982)
  epoch  20  loss=8.3426  val_NDCG=0.0431  test_NDCG=0.0388  test_HR=0.0697  (5.7s)

=== Best by val NDCG@10 ===
  val_NDCG=0.0432
  test: {'NDCG@10': 0.038875915645026855, 'HR@10': 0.070143978829715, 'MRR': 0.035551934986504836, 'n_eval': 57439, 'by_popularity': {'tail': {'NDCG@10': 0.0010334508044244183, 'HR@10': 0.002159090909090909, 'n': 8800, 'n_hit@10': 19, 'HR@20': 0.0036363636363636364, 'n_hit@20': 32, 'HR@50': 0.010340909090909092, 'n_hit@50': 91, 'HR@100': 0.024886363636363637, 'n_hit@100': 219}, 'mid': {'NDCG@10': 0.0046814005736089915, 'HR@10': 0.009010049670786646, 'n': 8657, 'n_hit@10': 78, 'HR@20': 0.01582534365253552, 'n_hit@20': 137, 'HR@50': 0.03939008894536213, 'n_hit@50': 341, 'HR@100': 0.07254245119556428, 'n_hit@100': 628}, 'head': {'NDCG@10': 0.0546088856708026, 'HR@10': 0.09834425491471162, 'n': 39982, 'n_hit@10': 3932, 'HR@20': 0.14236406382872294, 'n_hit@20': 5692, 'HR@50': 0.22104947226251814, 'n_hit@50': 8838, 'HR@100': 0.2989345205342404, 'n_hit@100': 11952}}}
wrote C:\Users\rayxc\Documents\R\_bestrec_run\results_MI_FIRV3_a0ident_seed20260717.users.jsonl.gz (57,439 per-user records, best epoch 14, sha256 84a8b5826e1c…)
wrote C:\Users\rayxc\Documents\R\_bestrec_run\results_MI_FIRV3_a0ident_seed20260717.final.users.jsonl.gz (57,439 FINAL-epoch per-user records)
  fir_v3 final ||DELTA||_2 = 0.000000

wrote C:\Users\rayxc\Documents\R\_bestrec_run\results_MI_FIRV3_a0ident_seed20260717.json
[14/24] results_MI_FIRV3_a1learned_seed20260717.json
  random seed set to 20260717
=== Musical_Instruments: load splits ===
  n_users=57,439  n_items=24,587  pad_id=24587
  built sequences for 57,439 users
  built timestamp sequences (12 time buckets)
  loading SBERT embeddings from C:\Users\rayxc\Documents\R\cache_5core\sbert_titles_Musical_Instruments.npy...
  TAPE: k-means 24,587 text embeddings into K=512 prototypes (tau=0.05)...
  TAPE: K=512 mean max-assignment weight = 0.524 (1.0 = hard clustering)

=== Build SASRec-SBERT (d=64, layers=4, heads=2) ===
  total params: 11,186,046  device=cuda
  57,439 training examples / 225 batches per epoch
  init_state_sha256 = 30df95e23a8d30f32db6b0bdc8af7e49385a722a5ea4bd4f39025667c73f3064
  LR schedule: warmup_cosine (225 warmup + 4275 cosine steps)

=== Train for 20 epochs ===
  evaluating 57,439 users in batches of 512...
    [512/57,439  elapsed 0.2s]
    [5,632/57,439  elapsed 1.5s]
    [10,752/57,439  elapsed 2.8s]
    [15,872/57,439  elapsed 4.2s]
    [20,992/57,439  elapsed 5.6s]
    [26,112/57,439  elapsed 6.9s]
    [31,232/57,439  elapsed 8.3s]
    [36,352/57,439  elapsed 9.6s]
    [41,472/57,439  elapsed 11.0s]
    [46,592/57,439  elapsed 12.4s]
    [51,712/57,439  elapsed 13.7s]
    [56,832/57,439  elapsed 15.1s]
  eval done in 15.3s
  by-popularity NDCG@10: tail=0.0000(n=7,762)  mid=0.0001(n=8,169)  head=0.0367(n=41,508)
  evaluating 57,439 users in batches of 512...
    [512/57,439  elapsed 0.1s]
    [5,632/57,439  elapsed 1.5s]
    [10,752/57,439  elapsed 2.9s]
    [15,872/57,439  elapsed 4.3s]
    [20,992/57,439  elapsed 5.6s]
    [26,112/57,439  elapsed 7.0s]
    [31,232/57,439  elapsed 8.4s]
    [36,352/57,439  elapsed 9.8s]
    [41,472/57,439  elapsed 11.1s]
    [46,592/57,439  elapsed 12.5s]
    [51,712/57,439  elapsed 13.9s]
    [56,832/57,439  elapsed 15.3s]
  eval done in 15.4s
  by-popularity NDCG@10: tail=0.0000(n=8,800)  mid=0.0005(n=8,657)  head=0.0340(n=39,982)
  epoch   1  loss=9.6261  val_NDCG=0.0265  test_NDCG=0.0238  test_HR=0.0448  (5.9s)
  evaluating 57,439 users in batches of 512...
    [512/57,439  elapsed 0.2s]
    [5,632/57,439  elapsed 1.5s]
    [10,752/57,439  elapsed 2.9s]
    [15,872/57,439  elapsed 4.2s]
    [20,992/57,439  elapsed 5.6s]
    [26,112/57,439  elapsed 7.0s]
    [31,232/57,439  elapsed 8.3s]
    [36,352/57,439  elapsed 9.7s]
    [41,472/57,439  elapsed 11.1s]
    [46,592/57,439  elapsed 12.4s]
    [51,712/57,439  elapsed 13.8s]
    [56,832/57,439  elapsed 15.2s]
  eval done in 15.3s
  by-popularity NDCG@10: tail=0.0000(n=7,762)  mid=0.0003(n=8,169)  head=0.0466(n=41,508)
  evaluating 57,439 users in batches of 512...
    [512/57,439  elapsed 0.1s]
    [5,632/57,439  elapsed 1.5s]
    [10,752/57,439  elapsed 2.9s]
    [15,872/57,439  elapsed 4.3s]
    [20,992/57,439  elapsed 5.6s]
    [26,112/57,439  elapsed 7.0s]
    [31,232/57,439  elapsed 8.4s]
    [36,352/57,439  elapsed 9.8s]
    [41,472/57,439  elapsed 11.2s]
    [46,592/57,439  elapsed 12.5s]
    [51,712/57,439  elapsed 13.9s]
    [56,832/57,439  elapsed 15.3s]
  eval done in 15.4s
  by-popularity NDCG@10: tail=0.0000(n=8,800)  mid=0.0004(n=8,657)  head=0.0437(n=39,982)
  epoch   2  loss=9.0930  val_NDCG=0.0337  test_NDCG=0.0305  test_HR=0.0576  (5.7s)
  evaluating 57,439 users in batches of 512...
    [512/57,439  elapsed 0.2s]
    [5,632/57,439  elapsed 1.5s]
    [10,752/57,439  elapsed 2.9s]
    [15,872/57,439  elapsed 4.2s]
    [20,992/57,439  elapsed 5.6s]
    [26,112/57,439  elapsed 7.0s]
    [31,232/57,439  elapsed 8.4s]
    [36,352/57,439  elapsed 9.7s]
    [41,472/57,439  elapsed 11.1s]
    [46,592/57,439  elapsed 12.5s]
    [51,712/57,439  elapsed 13.8s]
    [56,832/57,439  elapsed 15.2s]
  eval done in 15.4s
  by-popularity NDCG@10: tail=0.0000(n=7,762)  mid=0.0010(n=8,169)  head=0.0522(n=41,508)
  evaluating 57,439 users in batches of 512...
    [512/57,439  elapsed 0.1s]
    [5,632/57,439  elapsed 1.5s]
    [10,752/57,439  elapsed 2.9s]
    [15,872/57,439  elapsed 4.3s]
    [20,992/57,439  elapsed 5.6s]
    [26,112/57,439  elapsed 7.0s]
    [31,232/57,439  elapsed 8.4s]
    [36,352/57,439  elapsed 9.8s]
    [41,472/57,439  elapsed 11.2s]
    [46,592/57,439  elapsed 12.6s]
    [51,712/57,439  elapsed 13.9s]
    [56,832/57,439  elapsed 15.3s]
  eval done in 15.5s
  by-popularity NDCG@10: tail=0.0000(n=8,800)  mid=0.0011(n=8,657)  head=0.0500(n=39,982)
  epoch   3  loss=8.9286  val_NDCG=0.0379  test_NDCG=0.0350  test_HR=0.0645  (5.7s)
  evaluating 57,439 users in batches of 512...
    [512/57,439  elapsed 0.2s]
    [5,632/57,439  elapsed 1.5s]
    [10,752/57,439  elapsed 2.9s]
    [15,872/57,439  elapsed 4.2s]
    [20,992/57,439  elapsed 5.6s]
    [26,112/57,439  elapsed 7.0s]
    [31,232/57,439  elapsed 8.4s]
    [36,352/57,439  elapsed 9.7s]
    [41,472/57,439  elapsed 11.1s]
    [46,592/57,439  elapsed 12.5s]
    [51,712/57,439  elapsed 13.9s]
    [56,832/57,439  elapsed 15.2s]
  eval done in 15.4s
  by-popularity NDCG@10: tail=0.0000(n=7,762)  mid=0.0012(n=8,169)  head=0.0561(n=41,508)
  evaluating 57,439 users in batches of 512...
    [512/57,439  elapsed 0.1s]
    [5,632/57,439  elapsed 1.5s]
    [10,752/57,439  elapsed 2.9s]
    [15,872/57,439  elapsed 4.2s]
    [20,992/57,439  elapsed 5.6s]
    [26,112/57,439  elapsed 7.0s]
    [31,232/57,439  elapsed 8.4s]
    [36,352/57,439  elapsed 9.7s]
    [41,472/57,439  elapsed 11.1s]
    [46,592/57,439  elapsed 12.5s]
    [51,712/57,439  elapsed 13.9s]
    [56,832/57,439  elapsed 15.2s]
  eval done in 15.4s
  by-popularity NDCG@10: tail=0.0001(n=8,800)  mid=0.0015(n=8,657)  head=0.0525(n=39,982)
  epoch   4  loss=8.8244  val_NDCG=0.0407  test_NDCG=0.0368  test_HR=0.0675  (5.7s)
  evaluating 57,439 users in batches of 512...
    [512/57,439  elapsed 0.2s]
    [5,632/57,439  elapsed 1.5s]
    [10,752/57,439  elapsed 2.9s]
    [15,872/57,439  elapsed 4.3s]
    [20,992/57,439  elapsed 5.7s]
    [26,112/57,439  elapsed 7.0s]
    [31,232/57,439  elapsed 8.4s]
    [36,352/57,439  elapsed 9.8s]
    [41,472/57,439  elapsed 11.2s]
    [46,592/57,439  elapsed 12.5s]
    [51,712/57,439  elapsed 13.9s]
    [56,832/57,439  elapsed 15.3s]
  eval done in 15.5s
  by-popularity NDCG@10: tail=0.0002(n=7,762)  mid=0.0024(n=8,169)  head=0.0588(n=41,508)
  evaluating 57,439 users in batches of 512...
    [512/57,439  elapsed 0.1s]
    [5,632/57,439  elapsed 1.5s]
    [10,752/57,439  elapsed 2.9s]
    [15,872/57,439  elapsed 4.3s]
    [20,992/57,439  elapsed 5.7s]
    [26,112/57,439  elapsed 7.0s]
    [31,232/57,439  elapsed 8.4s]
    [36,352/57,439  elapsed 9.8s]
    [41,472/57,439  elapsed 11.2s]
    [46,592/57,439  elapsed 12.5s]
    [51,712/57,439  elapsed 13.9s]
    [56,832/57,439  elapsed 15.3s]
  eval done in 15.5s
  by-popularity NDCG@10: tail=0.0002(n=8,800)  mid=0.0023(n=8,657)  head=0.0547(n=39,982)
  epoch   5  loss=8.7439  val_NDCG=0.0428  test_NDCG=0.0385  test_HR=0.0706  (5.7s)
  evaluating 57,439 users in batches of 512...
    [512/57,439  elapsed 0.2s]
    [5,632/57,439  elapsed 1.5s]
    [10,752/57,439  elapsed 2.9s]
    [15,872/57,439  elapsed 4.2s]
    [20,992/57,439  elapsed 5.6s]
    [26,112/57,439  elapsed 7.0s]
    [31,232/57,439  elapsed 8.3s]
    [36,352/57,439  elapsed 9.7s]
    [41,472/57,439  elapsed 11.1s]
    [46,592/57,439  elapsed 12.5s]
    [51,712/57,439  elapsed 13.8s]
    [56,832/57,439  elapsed 15.2s]
  eval done in 15.4s
  by-popularity NDCG@10: tail=0.0004(n=7,762)  mid=0.0028(n=8,169)  head=0.0596(n=41,508)
  evaluating 57,439 users in batches of 512...
    [512/57,439  elapsed 0.1s]
    [5,632/57,439  elapsed 1.5s]
    [10,752/57,439  elapsed 2.9s]
    [15,872/57,439  elapsed 4.3s]
    [20,992/57,439  elapsed 5.6s]
    [26,112/57,439  elapsed 7.0s]
    [31,232/57,439  elapsed 8.4s]
    [36,352/57,439  elapsed 9.8s]
    [41,472/57,439  elapsed 11.1s]
    [46,592/57,439  elapsed 12.5s]
    [51,712/57,439  elapsed 13.9s]
    [56,832/57,439  elapsed 15.3s]
  eval done in 15.4s
  by-popularity NDCG@10: tail=0.0005(n=8,800)  mid=0.0030(n=8,657)  head=0.0552(n=39,982)
  epoch   6  loss=8.6766  val_NDCG=0.0435  test_NDCG=0.0390  test_HR=0.0715  (5.6s)
  evaluating 57,439 users in batches of 512...
    [512/57,439  elapsed 0.2s]
    [5,632/57,439  elapsed 1.5s]
    [10,752/57,439  elapsed 2.9s]
    [15,872/57,439  elapsed 4.2s]
    [20,992/57,439  elapsed 5.6s]
    [26,112/57,439  elapsed 7.0s]
    [31,232/57,439  elapsed 8.4s]
    [36,352/57,439  elapsed 9.7s]
    [41,472/57,439  elapsed 11.1s]
    [46,592/57,439  elapsed 12.5s]
    [51,712/57,439  elapsed 13.8s]
    [56,832/57,439  elapsed 15.2s]
  eval done in 15.4s
  by-popularity NDCG@10: tail=0.0010(n=7,762)  mid=0.0039(n=8,169)  head=0.0603(n=41,508)
  evaluating 57,439 users in batches of 512...
    [512/57,439  elapsed 0.1s]
    [5,632/57,439  elapsed 1.5s]
    [10,752/57,439  elapsed 2.9s]
    [15,872/57,439  elapsed 4.3s]
    [20,992/57,439  elapsed 5.6s]
    [26,112/57,439  elapsed 7.0s]
    [31,232/57,439  elapsed 8.4s]
    [36,352/57,439  elapsed 9.8s]
    [41,472/57,439  elapsed 11.2s]
    [46,592/57,439  elapsed 12.5s]
    [51,712/57,439  elapsed 13.9s]
    [56,832/57,439  elapsed 15.3s]
  eval done in 15.5s
  by-popularity NDCG@10: tail=0.0007(n=8,800)  mid=0.0038(n=8,657)  head=0.0571(n=39,982)
  epoch   7  loss=8.6196  val_NDCG=0.0443  test_NDCG=0.0405  test_HR=0.0735  (5.7s)
  evaluating 57,439 users in batches of 512...
    [512/57,439  elapsed 0.2s]
    [5,632/57,439  elapsed 1.5s]
    [10,752/57,439  elapsed 2.9s]
    [15,872/57,439  elapsed 4.2s]
    [20,992/57,439  elapsed 5.6s]
    [26,112/57,439  elapsed 7.0s]
    [31,232/57,439  elapsed 8.4s]
    [36,352/57,439  elapsed 9.7s]
    [41,472/57,439  elapsed 11.1s]
    [46,592/57,439  elapsed 12.5s]
    [51,712/57,439  elapsed 13.8s]
    [56,832/57,439  elapsed 15.2s]
  eval done in 15.4s
  by-popularity NDCG@10: tail=0.0012(n=7,762)  mid=0.0045(n=8,169)  head=0.0598(n=41,508)
  evaluating 57,439 users in batches of 512...
    [512/57,439  elapsed 0.1s]
    [5,632/57,439  elapsed 1.5s]
    [10,752/57,439  elapsed 2.9s]
    [15,872/57,439  elapsed 4.3s]
    [20,992/57,439  elapsed 5.6s]
    [26,112/57,439  elapsed 7.0s]
    [31,232/57,439  elapsed 8.4s]
    [36,352/57,439  elapsed 9.8s]
    [41,472/57,439  elapsed 11.1s]
    [46,592/57,439  elapsed 12.5s]
    [51,712/57,439  elapsed 13.9s]
    [56,832/57,439  elapsed 15.3s]
  eval done in 15.4s
  by-popularity NDCG@10: tail=0.0008(n=8,800)  mid=0.0043(n=8,657)  head=0.0564(n=39,982)
  epoch   8  loss=8.5650  val_NDCG=0.0440  test_NDCG=0.0400  test_HR=0.0720  (5.7s)
  evaluating 57,439 users in batches of 512...
    [512/57,439  elapsed 0.2s]
    [5,632/57,439  elapsed 1.5s]
    [10,752/57,439  elapsed 2.9s]
    [15,872/57,439  elapsed 4.3s]
    [20,992/57,439  elapsed 5.6s]
    [26,112/57,439  elapsed 7.0s]
    [31,232/57,439  elapsed 8.4s]
    [36,352/57,439  elapsed 9.7s]
    [41,472/57,439  elapsed 11.1s]
    [46,592/57,439  elapsed 12.5s]
    [51,712/57,439  elapsed 13.8s]
    [56,832/57,439  elapsed 15.2s]
  eval done in 15.4s
  by-popularity NDCG@10: tail=0.0017(n=7,762)  mid=0.0049(n=8,169)  head=0.0602(n=41,508)
  evaluating 57,439 users in batches of 512...
    [512/57,439  elapsed 0.1s]
    [5,632/57,439  elapsed 1.5s]
    [10,752/57,439  elapsed 2.9s]
    [15,872/57,439  elapsed 4.3s]
    [20,992/57,439  elapsed 5.6s]
    [26,112/57,439  elapsed 7.0s]
    [31,232/57,439  elapsed 8.4s]
    [36,352/57,439  elapsed 9.8s]
    [41,472/57,439  elapsed 11.2s]
    [46,592/57,439  elapsed 12.5s]
    [51,712/57,439  elapsed 13.9s]
    [56,832/57,439  elapsed 15.3s]
  eval done in 15.5s
  by-popularity NDCG@10: tail=0.0009(n=8,800)  mid=0.0049(n=8,657)  head=0.0567(n=39,982)
  epoch   9  loss=8.5182  val_NDCG=0.0444  test_NDCG=0.0404  test_HR=0.0726  (5.6s)
  evaluating 57,439 users in batches of 512...
    [512/57,439  elapsed 0.2s]
    [5,632/57,439  elapsed 1.5s]
    [10,752/57,439  elapsed 2.9s]
    [15,872/57,439  elapsed 4.3s]
    [20,992/57,439  elapsed 5.6s]
    [26,112/57,439  elapsed 7.0s]
    [31,232/57,439  elapsed 8.4s]
    [36,352/57,439  elapsed 9.8s]
    [41,472/57,439  elapsed 11.1s]
    [46,592/57,439  elapsed 12.5s]
    [51,712/57,439  elapsed 13.9s]
    [56,832/57,439  elapsed 15.2s]
  eval done in 15.4s
  by-popularity NDCG@10: tail=0.0018(n=7,762)  mid=0.0055(n=8,169)  head=0.0606(n=41,508)
  evaluating 57,439 users in batches of 512...
    [512/57,439  elapsed 0.1s]
    [5,632/57,439  elapsed 1.5s]
    [10,752/57,439  elapsed 2.9s]
    [15,872/57,439  elapsed 4.3s]
    [20,992/57,439  elapsed 5.7s]
    [26,112/57,439  elapsed 7.0s]
    [31,232/57,439  elapsed 8.4s]
    [36,352/57,439  elapsed 9.8s]
    [41,472/57,439  elapsed 11.2s]
    [46,592/57,439  elapsed 12.6s]
    [51,712/57,439  elapsed 13.9s]
    [56,832/57,439  elapsed 15.3s]
  eval done in 15.5s
  by-popularity NDCG@10: tail=0.0011(n=8,800)  mid=0.0050(n=8,657)  head=0.0569(n=39,982)
  epoch  10  loss=8.4749  val_NDCG=0.0448  test_NDCG=0.0405  test_HR=0.0735  (5.7s)
  evaluating 57,439 users in batches of 512...
    [512/57,439  elapsed 0.1s]
    [5,632/57,439  elapsed 1.5s]
    [10,752/57,439  elapsed 2.8s]
    [15,872/57,439  elapsed 4.2s]
    [20,992/57,439  elapsed 5.5s]
    [26,112/57,439  elapsed 6.9s]
    [31,232/57,439  elapsed 8.3s]
    [36,352/57,439  elapsed 9.6s]
    [41,472/57,439  elapsed 11.0s]
    [46,592/57,439  elapsed 12.4s]
    [51,712/57,439  elapsed 13.7s]
    [56,832/57,439  elapsed 15.1s]
  eval done in 15.3s
  by-popularity NDCG@10: tail=0.0017(n=7,762)  mid=0.0062(n=8,169)  head=0.0616(n=41,508)
  evaluating 57,439 users in batches of 512...
    [512/57,439  elapsed 0.1s]
    [5,632/57,439  elapsed 1.5s]
    [10,752/57,439  elapsed 2.9s]
    [15,872/57,439  elapsed 4.3s]
    [20,992/57,439  elapsed 5.6s]
    [26,112/57,439  elapsed 7.0s]
    [31,232/57,439  elapsed 8.4s]
    [36,352/57,439  elapsed 9.7s]
    [41,472/57,439  elapsed 11.1s]
    [46,592/57,439  elapsed 12.5s]
    [51,712/57,439  elapsed 13.9s]
    [56,832/57,439  elapsed 15.2s]
  eval done in 15.4s
  by-popularity NDCG@10: tail=0.0012(n=8,800)  mid=0.0052(n=8,657)  head=0.0579(n=39,982)
  epoch  11  loss=8.4367  val_NDCG=0.0456  test_NDCG=0.0413  test_HR=0.0745  (5.7s)
  evaluating 57,439 users in batches of 512...
    [512/57,439  elapsed 0.2s]
    [5,632/57,439  elapsed 1.5s]
    [10,752/57,439  elapsed 2.9s]
    [15,872/57,439  elapsed 4.3s]
    [20,992/57,439  elapsed 5.6s]
    [26,112/57,439  elapsed 7.0s]
    [31,232/57,439  elapsed 8.4s]
    [36,352/57,439  elapsed 9.7s]
    [41,472/57,439  elapsed 11.1s]
    [46,592/57,439  elapsed 12.5s]
    [51,712/57,439  elapsed 13.8s]
    [56,832/57,439  elapsed 15.2s]
  eval done in 15.4s
  by-popularity NDCG@10: tail=0.0017(n=7,762)  mid=0.0065(n=8,169)  head=0.0614(n=41,508)
  evaluating 57,439 users in batches of 512...
    [512/57,439  elapsed 0.1s]
    [5,632/57,439  elapsed 1.5s]
    [10,752/57,439  elapsed 2.9s]
    [15,872/57,439  elapsed 4.3s]
    [20,992/57,439  elapsed 5.6s]
    [26,112/57,439  elapsed 7.0s]
    [31,232/57,439  elapsed 8.4s]
    [36,352/57,439  elapsed 9.8s]
    [41,472/57,439  elapsed 11.1s]
    [46,592/57,439  elapsed 12.5s]
    [51,712/57,439  elapsed 13.9s]
    [56,832/57,439  elapsed 15.3s]
  eval done in 15.4s
  by-popularity NDCG@10: tail=0.0015(n=8,800)  mid=0.0055(n=8,657)  head=0.0574(n=39,982)
  epoch  12  loss=8.4011  val_NDCG=0.0455  test_NDCG=0.0410  test_HR=0.0741  (5.7s)
  evaluating 57,439 users in batches of 512...
    [512/57,439  elapsed 0.2s]
    [5,632/57,439  elapsed 1.5s]
    [10,752/57,439  elapsed 2.9s]
    [15,872/57,439  elapsed 4.2s]
    [20,992/57,439  elapsed 5.6s]
    [26,112/57,439  elapsed 7.0s]
    [31,232/57,439  elapsed 8.3s]
    [36,352/57,439  elapsed 9.7s]
    [41,472/57,439  elapsed 11.1s]
    [46,592/57,439  elapsed 12.4s]
    [51,712/57,439  elapsed 13.8s]
    [56,832/57,439  elapsed 15.2s]
  eval done in 15.3s
  by-popularity NDCG@10: tail=0.0019(n=7,762)  mid=0.0066(n=8,169)  head=0.0612(n=41,508)
  evaluating 57,439 users in batches of 512...
    [512/57,439  elapsed 0.1s]
    [5,632/57,439  elapsed 1.5s]
    [10,752/57,439  elapsed 2.9s]
    [15,872/57,439  elapsed 4.3s]
    [20,992/57,439  elapsed 5.6s]
    [26,112/57,439  elapsed 7.0s]
    [31,232/57,439  elapsed 8.4s]
    [36,352/57,439  elapsed 9.7s]
    [41,472/57,439  elapsed 11.1s]
    [46,592/57,439  elapsed 12.5s]
    [51,712/57,439  elapsed 13.9s]
    [56,832/57,439  elapsed 15.2s]
  eval done in 15.4s
  by-popularity NDCG@10: tail=0.0019(n=8,800)  mid=0.0056(n=8,657)  head=0.0573(n=39,982)
  epoch  13  loss=8.3712  val_NDCG=0.0454  test_NDCG=0.0410  test_HR=0.0739  (5.7s)
  evaluating 57,439 users in batches of 512...
    [512/57,439  elapsed 0.2s]
    [5,632/57,439  elapsed 1.5s]
    [10,752/57,439  elapsed 2.9s]
    [15,872/57,439  elapsed 4.2s]
    [20,992/57,439  elapsed 5.6s]
    [26,112/57,439  elapsed 7.0s]
    [31,232/57,439  elapsed 8.3s]
    [36,352/57,439  elapsed 9.7s]
    [41,472/57,439  elapsed 11.1s]
    [46,592/57,439  elapsed 12.4s]
    [51,712/57,439  elapsed 13.8s]
    [56,832/57,439  elapsed 15.2s]
  eval done in 15.3s
  by-popularity NDCG@10: tail=0.0020(n=7,762)  mid=0.0072(n=8,169)  head=0.0616(n=41,508)
  evaluating 57,439 users in batches of 512...
    [512/57,439  elapsed 0.1s]
    [5,632/57,439  elapsed 1.5s]
    [10,752/57,439  elapsed 2.9s]
    [15,872/57,439  elapsed 4.2s]
    [20,992/57,439  elapsed 5.6s]
    [26,112/57,439  elapsed 7.0s]
    [31,232/57,439  elapsed 8.4s]
    [36,352/57,439  elapsed 9.7s]
    [41,472/57,439  elapsed 11.1s]
    [46,592/57,439  elapsed 12.5s]
    [51,712/57,439  elapsed 13.9s]
    [56,832/57,439  elapsed 15.2s]
  eval done in 15.4s
  by-popularity NDCG@10: tail=0.0018(n=8,800)  mid=0.0061(n=8,657)  head=0.0577(n=39,982)
  epoch  14  loss=8.3438  val_NDCG=0.0459  test_NDCG=0.0414  test_HR=0.0737  (5.7s)
  evaluating 57,439 users in batches of 512...
    [512/57,439  elapsed 0.2s]
    [5,632/57,439  elapsed 1.5s]
    [10,752/57,439  elapsed 2.9s]
    [15,872/57,439  elapsed 4.2s]
    [20,992/57,439  elapsed 5.6s]
    [26,112/57,439  elapsed 7.0s]
    [31,232/57,439  elapsed 8.3s]
    [36,352/57,439  elapsed 9.7s]
    [41,472/57,439  elapsed 11.1s]
    [46,592/57,439  elapsed 12.4s]
    [51,712/57,439  elapsed 13.8s]
    [56,832/57,439  elapsed 15.2s]
  eval done in 15.3s
  by-popularity NDCG@10: tail=0.0022(n=7,762)  mid=0.0071(n=8,169)  head=0.0613(n=41,508)
  evaluating 57,439 users in batches of 512...
    [512/57,439  elapsed 0.1s]
    [5,632/57,439  elapsed 1.5s]
    [10,752/57,439  elapsed 2.9s]
    [15,872/57,439  elapsed 4.3s]
    [20,992/57,439  elapsed 5.6s]
    [26,112/57,439  elapsed 7.0s]
    [31,232/57,439  elapsed 8.4s]
    [36,352/57,439  elapsed 9.8s]
    [41,472/57,439  elapsed 11.1s]
    [46,592/57,439  elapsed 12.5s]
    [51,712/57,439  elapsed 13.9s]
    [56,832/57,439  elapsed 15.3s]
  eval done in 15.4s
  by-popularity NDCG@10: tail=0.0017(n=8,800)  mid=0.0058(n=8,657)  head=0.0573(n=39,982)
  epoch  15  loss=8.3211  val_NDCG=0.0456  test_NDCG=0.0410  test_HR=0.0737  (5.7s)
  evaluating 57,439 users in batches of 512...
    [512/57,439  elapsed 0.2s]
    [5,632/57,439  elapsed 1.5s]
    [10,752/57,439  elapsed 2.8s]
    [15,872/57,439  elapsed 4.2s]
    [20,992/57,439  elapsed 5.6s]
    [26,112/57,439  elapsed 7.0s]
    [31,232/57,439  elapsed 8.3s]
    [36,352/57,439  elapsed 9.7s]
    [41,472/57,439  elapsed 11.1s]
    [46,592/57,439  elapsed 12.5s]
    [51,712/57,439  elapsed 13.8s]
    [56,832/57,439  elapsed 15.2s]
  eval done in 15.4s
  by-popularity NDCG@10: tail=0.0023(n=7,762)  mid=0.0074(n=8,169)  head=0.0611(n=41,508)
  evaluating 57,439 users in batches of 512...
    [512/57,439  elapsed 0.1s]
    [5,632/57,439  elapsed 1.5s]
    [10,752/57,439  elapsed 2.9s]
    [15,872/57,439  elapsed 4.3s]
    [20,992/57,439  elapsed 5.6s]
    [26,112/57,439  elapsed 7.0s]
    [31,232/57,439  elapsed 8.4s]
    [36,352/57,439  elapsed 9.7s]
    [41,472/57,439  elapsed 11.1s]
    [46,592/57,439  elapsed 12.5s]
    [51,712/57,439  elapsed 13.9s]
    [56,832/57,439  elapsed 15.2s]
  eval done in 15.4s
  by-popularity NDCG@10: tail=0.0019(n=8,800)  mid=0.0064(n=8,657)  head=0.0569(n=39,982)
  epoch  16  loss=8.3011  val_NDCG=0.0455  test_NDCG=0.0408  test_HR=0.0734  (5.7s)
  evaluating 57,439 users in batches of 512...
    [512/57,439  elapsed 0.2s]
    [5,632/57,439  elapsed 1.5s]
    [10,752/57,439  elapsed 2.8s]
    [15,872/57,439  elapsed 4.2s]
    [20,992/57,439  elapsed 5.6s]
    [26,112/57,439  elapsed 7.0s]
    [31,232/57,439  elapsed 8.3s]
    [36,352/57,439  elapsed 9.7s]
    [41,472/57,439  elapsed 11.1s]
    [46,592/57,439  elapsed 12.4s]
    [51,712/57,439  elapsed 13.8s]
    [56,832/57,439  elapsed 15.2s]
  eval done in 15.3s
  by-popularity NDCG@10: tail=0.0023(n=7,762)  mid=0.0075(n=8,169)  head=0.0613(n=41,508)
  evaluating 57,439 users in batches of 512...
    [512/57,439  elapsed 0.1s]
    [5,632/57,439  elapsed 1.5s]
    [10,752/57,439  elapsed 2.9s]
    [15,872/57,439  elapsed 4.3s]
    [20,992/57,439  elapsed 5.6s]
    [26,112/57,439  elapsed 7.0s]
    [31,232/57,439  elapsed 8.4s]
    [36,352/57,439  elapsed 9.8s]
    [41,472/57,439  elapsed 11.1s]
    [46,592/57,439  elapsed 12.5s]
    [51,712/57,439  elapsed 13.9s]
    [56,832/57,439  elapsed 15.3s]
  eval done in 15.4s
  by-popularity NDCG@10: tail=0.0018(n=8,800)  mid=0.0063(n=8,657)  head=0.0568(n=39,982)
  epoch  17  loss=8.2889  val_NDCG=0.0457  test_NDCG=0.0408  test_HR=0.0732  (5.7s)
  evaluating 57,439 users in batches of 512...
    [512/57,439  elapsed 0.2s]
    [5,632/57,439  elapsed 1.5s]
    [10,752/57,439  elapsed 2.9s]
    [15,872/57,439  elapsed 4.2s]
    [20,992/57,439  elapsed 5.6s]
    [26,112/57,439  elapsed 7.0s]
    [31,232/57,439  elapsed 8.3s]
    [36,352/57,439  elapsed 9.7s]
    [41,472/57,439  elapsed 11.1s]
    [46,592/57,439  elapsed 12.5s]
    [51,712/57,439  elapsed 13.8s]
    [56,832/57,439  elapsed 15.2s]
  eval done in 15.4s
  by-popularity NDCG@10: tail=0.0023(n=7,762)  mid=0.0076(n=8,169)  head=0.0614(n=41,508)
  evaluating 57,439 users in batches of 512...
    [512/57,439  elapsed 0.1s]
    [5,632/57,439  elapsed 1.5s]
    [10,752/57,439  elapsed 2.9s]
    [15,872/57,439  elapsed 4.3s]
    [20,992/57,439  elapsed 5.6s]
    [26,112/57,439  elapsed 7.0s]
    [31,232/57,439  elapsed 8.4s]
    [36,352/57,439  elapsed 9.8s]
    [41,472/57,439  elapsed 11.1s]
    [46,592/57,439  elapsed 12.5s]
    [51,712/57,439  elapsed 13.9s]
    [56,832/57,439  elapsed 15.3s]
  eval done in 15.4s
  by-popularity NDCG@10: tail=0.0019(n=8,800)  mid=0.0063(n=8,657)  head=0.0568(n=39,982)
  epoch  18  loss=8.2781  val_NDCG=0.0458  test_NDCG=0.0408  test_HR=0.0734  (5.7s)
  evaluating 57,439 users in batches of 512...
    [512/57,439  elapsed 0.1s]
    [5,632/57,439  elapsed 1.5s]
    [10,752/57,439  elapsed 2.8s]
    [15,872/57,439  elapsed 4.2s]
    [20,992/57,439  elapsed 5.5s]
    [26,112/57,439  elapsed 6.9s]
    [31,232/57,439  elapsed 8.3s]
    [36,352/57,439  elapsed 9.6s]
    [41,472/57,439  elapsed 11.0s]
    [46,592/57,439  elapsed 12.4s]
    [51,712/57,439  elapsed 13.7s]
    [56,832/57,439  elapsed 15.1s]
  eval done in 15.3s
  by-popularity NDCG@10: tail=0.0023(n=7,762)  mid=0.0076(n=8,169)  head=0.0614(n=41,508)
  evaluating 57,439 users in batches of 512...
    [512/57,439  elapsed 0.1s]
    [5,632/57,439  elapsed 1.5s]
    [10,752/57,439  elapsed 2.9s]
    [15,872/57,439  elapsed 4.3s]
    [20,992/57,439  elapsed 5.6s]
    [26,112/57,439  elapsed 7.0s]
    [31,232/57,439  elapsed 8.4s]
    [36,352/57,439  elapsed 9.8s]
    [41,472/57,439  elapsed 11.1s]
    [46,592/57,439  elapsed 12.5s]
    [51,712/57,439  elapsed 13.9s]
    [56,832/57,439  elapsed 15.3s]
  eval done in 15.4s
  by-popularity NDCG@10: tail=0.0019(n=8,800)  mid=0.0063(n=8,657)  head=0.0567(n=39,982)
  epoch  19  loss=8.2715  val_NDCG=0.0457  test_NDCG=0.0407  test_HR=0.0731  (5.7s)
  evaluating 57,439 users in batches of 512...
    [512/57,439  elapsed 0.1s]
    [5,632/57,439  elapsed 1.5s]
    [10,752/57,439  elapsed 2.8s]
    [15,872/57,439  elapsed 4.2s]
    [20,992/57,439  elapsed 5.5s]
    [26,112/57,439  elapsed 6.9s]
    [31,232/57,439  elapsed 8.3s]
    [36,352/57,439  elapsed 9.6s]
    [41,472/57,439  elapsed 11.0s]
    [46,592/57,439  elapsed 12.4s]
    [51,712/57,439  elapsed 13.7s]
    [56,832/57,439  elapsed 15.1s]
  eval done in 15.3s
  by-popularity NDCG@10: tail=0.0023(n=7,762)  mid=0.0076(n=8,169)  head=0.0614(n=41,508)
  evaluating 57,439 users in batches of 512...
    [512/57,439  elapsed 0.1s]
    [5,632/57,439  elapsed 1.5s]
    [10,752/57,439  elapsed 2.9s]
    [15,872/57,439  elapsed 4.2s]
    [20,992/57,439  elapsed 5.6s]
    [26,112/57,439  elapsed 7.0s]
    [31,232/57,439  elapsed 8.4s]
    [36,352/57,439  elapsed 9.7s]
    [41,472/57,439  elapsed 11.1s]
    [46,592/57,439  elapsed 12.5s]
    [51,712/57,439  elapsed 13.8s]
    [56,832/57,439  elapsed 15.2s]
  eval done in 15.4s
  by-popularity NDCG@10: tail=0.0019(n=8,800)  mid=0.0064(n=8,657)  head=0.0566(n=39,982)
  epoch  20  loss=8.2691  val_NDCG=0.0457  test_NDCG=0.0407  test_HR=0.0732  (5.7s)

=== Best by val NDCG@10 ===
  val_NDCG=0.0459
  test: {'NDCG@10': 0.041360483988295636, 'HR@10': 0.0736955726945107, 'MRR': 0.0378522285142694, 'n_eval': 57439, 'by_popularity': {'tail': {'NDCG@10': 0.001829732244188965, 'HR@10': 0.003522727272727273, 'n': 8800, 'n_hit@10': 31, 'HR@20': 0.006363636363636364, 'n_hit@20': 56, 'HR@50': 0.016363636363636365, 'n_hit@50': 144, 'HR@100': 0.03272727272727273, 'n_hit@100': 288}, 'mid': {'NDCG@10': 0.006065230160518885, 'HR@10': 0.011666859189095529, 'n': 8657, 'n_hit@10': 101, 'HR@20': 0.022640637634284394, 'n_hit@20': 196, 'HR@50': 0.04608986946979323, 'n_hit@50': 399, 'HR@100': 0.07993531246390205, 'n_hit@100': 692}, 'head': {'NDCG@10': 0.05770337898442396, 'HR@10': 0.10257115702065929, 'n': 39982, 'n_hit@10': 4101, 'HR@20': 0.1473162923315492, 'n_hit@20': 5890, 'HR@50': 0.22702716222300034, 'n_hit@50': 9077, 'HR@100': 0.3048621879845931, 'n_hit@100': 12189}}}
wrote C:\Users\rayxc\Documents\R\_bestrec_run\results_MI_FIRV3_a1learned_seed20260717.users.jsonl.gz (57,439 per-user records, best epoch 14, sha256 9b6b00960c3a…)
wrote C:\Users\rayxc\Documents\R\_bestrec_run\results_MI_FIRV3_a1learned_seed20260717.final.users.jsonl.gz (57,439 FINAL-epoch per-user records)
  fir_v3 final ||DELTA||_2 = 5.113320

wrote C:\Users\rayxc\Documents\R\_bestrec_run\results_MI_FIRV3_a1learned_seed20260717.json
[15/24] results_MI_FIRV3_a2learnedwd0_seed20260717.json
  random seed set to 20260717
=== Musical_Instruments: load splits ===
  n_users=57,439  n_items=24,587  pad_id=24587
  built sequences for 57,439 users
  built timestamp sequences (12 time buckets)
  loading SBERT embeddings from C:\Users\rayxc\Documents\R\cache_5core\sbert_titles_Musical_Instruments.npy...
  TAPE: k-means 24,587 text embeddings into K=512 prototypes (tau=0.05)...
  TAPE: K=512 mean max-assignment weight = 0.524 (1.0 = hard clustering)

=== Build SASRec-SBERT (d=64, layers=4, heads=2) ===
  total params: 11,186,046  device=cuda
  57,439 training examples / 225 batches per epoch
  init_state_sha256 = 30df95e23a8d30f32db6b0bdc8af7e49385a722a5ea4bd4f39025667c73f3064
  LR schedule: warmup_cosine (225 warmup + 4275 cosine steps)

=== Train for 20 epochs ===
  evaluating 57,439 users in batches of 512...
    [512/57,439  elapsed 0.1s]
    [5,632/57,439  elapsed 1.5s]
    [10,752/57,439  elapsed 2.8s]
    [15,872/57,439  elapsed 4.2s]
    [20,992/57,439  elapsed 5.5s]
    [26,112/57,439  elapsed 6.9s]
    [31,232/57,439  elapsed 8.3s]
    [36,352/57,439  elapsed 9.6s]
    [41,472/57,439  elapsed 11.0s]
    [46,592/57,439  elapsed 12.4s]
    [51,712/57,439  elapsed 13.7s]
    [56,832/57,439  elapsed 15.1s]
  eval done in 15.3s
  by-popularity NDCG@10: tail=0.0000(n=7,762)  mid=0.0001(n=8,169)  head=0.0367(n=41,508)
  evaluating 57,439 users in batches of 512...
    [512/57,439  elapsed 0.1s]
    [5,632/57,439  elapsed 1.5s]
    [10,752/57,439  elapsed 2.9s]
    [15,872/57,439  elapsed 4.3s]
    [20,992/57,439  elapsed 5.6s]
    [26,112/57,439  elapsed 7.0s]
    [31,232/57,439  elapsed 8.4s]
    [36,352/57,439  elapsed 9.7s]
    [41,472/57,439  elapsed 11.1s]
    [46,592/57,439  elapsed 12.5s]
    [51,712/57,439  elapsed 13.9s]
    [56,832/57,439  elapsed 15.2s]
  eval done in 15.4s
  by-popularity NDCG@10: tail=0.0000(n=8,800)  mid=0.0005(n=8,657)  head=0.0340(n=39,982)
  epoch   1  loss=9.6261  val_NDCG=0.0265  test_NDCG=0.0238  test_HR=0.0448  (5.9s)
  evaluating 57,439 users in batches of 512...
    [512/57,439  elapsed 0.2s]
    [5,632/57,439  elapsed 1.5s]
    [10,752/57,439  elapsed 2.8s]
    [15,872/57,439  elapsed 4.2s]
    [20,992/57,439  elapsed 5.6s]
    [26,112/57,439  elapsed 6.9s]
    [31,232/57,439  elapsed 8.3s]
    [36,352/57,439  elapsed 9.7s]
    [41,472/57,439  elapsed 11.0s]
    [46,592/57,439  elapsed 12.4s]
    [51,712/57,439  elapsed 13.8s]
    [56,832/57,439  elapsed 15.1s]
  eval done in 15.3s
  by-popularity NDCG@10: tail=0.0000(n=7,762)  mid=0.0003(n=8,169)  head=0.0466(n=41,508)
  evaluating 57,439 users in batches of 512...
    [512/57,439  elapsed 0.1s]
    [5,632/57,439  elapsed 1.5s]
    [10,752/57,439  elapsed 2.9s]
    [15,872/57,439  elapsed 4.3s]
    [20,992/57,439  elapsed 5.6s]
    [26,112/57,439  elapsed 7.0s]
    [31,232/57,439  elapsed 8.4s]
    [36,352/57,439  elapsed 9.7s]
    [41,472/57,439  elapsed 11.1s]
    [46,592/57,439  elapsed 12.5s]
    [51,712/57,439  elapsed 13.9s]
    [56,832/57,439  elapsed 15.3s]
  eval done in 15.4s
  by-popularity NDCG@10: tail=0.0000(n=8,800)  mid=0.0004(n=8,657)  head=0.0437(n=39,982)
  epoch   2  loss=9.0930  val_NDCG=0.0337  test_NDCG=0.0305  test_HR=0.0576  (5.7s)
  evaluating 57,439 users in batches of 512...
    [512/57,439  elapsed 0.2s]
    [5,632/57,439  elapsed 1.5s]
    [10,752/57,439  elapsed 2.9s]
    [15,872/57,439  elapsed 4.2s]
    [20,992/57,439  elapsed 5.6s]
    [26,112/57,439  elapsed 7.0s]
    [31,232/57,439  elapsed 8.3s]
    [36,352/57,439  elapsed 9.7s]
    [41,472/57,439  elapsed 11.1s]
    [46,592/57,439  elapsed 12.4s]
    [51,712/57,439  elapsed 13.8s]
    [56,832/57,439  elapsed 15.2s]
  eval done in 15.3s
  by-popularity NDCG@10: tail=0.0000(n=7,762)  mid=0.0010(n=8,169)  head=0.0522(n=41,508)
  evaluating 57,439 users in batches of 512...
    [512/57,439  elapsed 0.1s]
    [5,632/57,439  elapsed 1.5s]
    [10,752/57,439  elapsed 2.9s]
    [15,872/57,439  elapsed 4.3s]
    [20,992/57,439  elapsed 5.6s]
    [26,112/57,439  elapsed 7.0s]
    [31,232/57,439  elapsed 8.4s]
    [36,352/57,439  elapsed 9.8s]
    [41,472/57,439  elapsed 11.2s]
    [46,592/57,439  elapsed 12.6s]
    [51,712/57,439  elapsed 13.9s]
    [56,832/57,439  elapsed 15.3s]
  eval done in 15.5s
  by-popularity NDCG@10: tail=0.0000(n=8,800)  mid=0.0011(n=8,657)  head=0.0500(n=39,982)
  epoch   3  loss=8.9286  val_NDCG=0.0378  test_NDCG=0.0350  test_HR=0.0645  (5.8s)
  evaluating 57,439 users in batches of 512...
    [512/57,439  elapsed 0.2s]
    [5,632/57,439  elapsed 1.5s]
    [10,752/57,439  elapsed 2.9s]
    [15,872/57,439  elapsed 4.2s]
    [20,992/57,439  elapsed 5.6s]
    [26,112/57,439  elapsed 7.0s]
    [31,232/57,439  elapsed 8.4s]
    [36,352/57,439  elapsed 9.7s]
    [41,472/57,439  elapsed 11.1s]
    [46,592/57,439  elapsed 12.5s]
    [51,712/57,439  elapsed 13.9s]
    [56,832/57,439  elapsed 15.2s]
  eval done in 15.4s
  by-popularity NDCG@10: tail=0.0000(n=7,762)  mid=0.0012(n=8,169)  head=0.0561(n=41,508)
  evaluating 57,439 users in batches of 512...
    [512/57,439  elapsed 0.1s]
    [5,632/57,439  elapsed 1.5s]
    [10,752/57,439  elapsed 2.9s]
    [15,872/57,439  elapsed 4.3s]
    [20,992/57,439  elapsed 5.7s]
    [26,112/57,439  elapsed 7.0s]
    [31,232/57,439  elapsed 8.4s]
    [36,352/57,439  elapsed 9.8s]
    [41,472/57,439  elapsed 11.2s]
    [46,592/57,439  elapsed 12.6s]
    [51,712/57,439  elapsed 13.9s]
    [56,832/57,439  elapsed 15.3s]
  eval done in 15.5s
  by-popularity NDCG@10: tail=0.0001(n=8,800)  mid=0.0015(n=8,657)  head=0.0525(n=39,982)
  epoch   4  loss=8.8244  val_NDCG=0.0407  test_NDCG=0.0368  test_HR=0.0674  (5.8s)
  evaluating 57,439 users in batches of 512...
    [512/57,439  elapsed 0.2s]
    [5,632/57,439  elapsed 1.5s]
    [10,752/57,439  elapsed 2.8s]
    [15,872/57,439  elapsed 4.2s]
    [20,992/57,439  elapsed 5.6s]
    [26,112/57,439  elapsed 7.0s]
    [31,232/57,439  elapsed 8.3s]
    [36,352/57,439  elapsed 9.7s]
    [41,472/57,439  elapsed 11.1s]
    [46,592/57,439  elapsed 12.5s]
    [51,712/57,439  elapsed 13.8s]
    [56,832/57,439  elapsed 15.2s]
  eval done in 15.4s
  by-popularity NDCG@10: tail=0.0002(n=7,762)  mid=0.0024(n=8,169)  head=0.0588(n=41,508)
  evaluating 57,439 users in batches of 512...
    [512/57,439  elapsed 0.1s]
    [5,632/57,439  elapsed 1.5s]
    [10,752/57,439  elapsed 2.9s]
    [15,872/57,439  elapsed 4.3s]
    [20,992/57,439  elapsed 5.7s]
    [26,112/57,439  elapsed 7.0s]
    [31,232/57,439  elapsed 8.4s]
    [36,352/57,439  elapsed 9.8s]
    [41,472/57,439  elapsed 11.2s]
    [46,592/57,439  elapsed 12.6s]
    [51,712/57,439  elapsed 14.0s]
    [56,832/57,439  elapsed 15.4s]
  eval done in 15.6s
  by-popularity NDCG@10: tail=0.0002(n=8,800)  mid=0.0023(n=8,657)  head=0.0547(n=39,982)
  epoch   5  loss=8.7438  val_NDCG=0.0428  test_NDCG=0.0384  test_HR=0.0705  (5.8s)
  evaluating 57,439 users in batches of 512...
    [512/57,439  elapsed 0.2s]
    [5,632/57,439  elapsed 1.5s]
    [10,752/57,439  elapsed 2.9s]
    [15,872/57,439  elapsed 4.3s]
    [20,992/57,439  elapsed 5.7s]
    [26,112/57,439  elapsed 7.0s]
    [31,232/57,439  elapsed 8.4s]
    [36,352/57,439  elapsed 9.8s]
    [41,472/57,439  elapsed 11.2s]
    [46,592/57,439  elapsed 12.5s]
    [51,712/57,439  elapsed 13.9s]
    [56,832/57,439  elapsed 15.3s]
  eval done in 15.5s
  by-popularity NDCG@10: tail=0.0004(n=7,762)  mid=0.0028(n=8,169)  head=0.0596(n=41,508)
  evaluating 57,439 users in batches of 512...
    [512/57,439  elapsed 0.1s]
    [5,632/57,439  elapsed 1.5s]
    [10,752/57,439  elapsed 2.9s]
    [15,872/57,439  elapsed 4.3s]
    [20,992/57,439  elapsed 5.6s]
    [26,112/57,439  elapsed 7.0s]
    [31,232/57,439  elapsed 8.4s]
    [36,352/57,439  elapsed 9.8s]
    [41,472/57,439  elapsed 11.2s]
    [46,592/57,439  elapsed 12.6s]
    [51,712/57,439  elapsed 13.9s]
    [56,832/57,439  elapsed 15.3s]
  eval done in 15.5s
  by-popularity NDCG@10: tail=0.0005(n=8,800)  mid=0.0030(n=8,657)  head=0.0552(n=39,982)
  epoch   6  loss=8.6765  val_NDCG=0.0435  test_NDCG=0.0390  test_HR=0.0714  (5.9s)
  evaluating 57,439 users in batches of 512...
    [512/57,439  elapsed 0.2s]
    [5,632/57,439  elapsed 1.5s]
    [10,752/57,439  elapsed 2.9s]
    [15,872/57,439  elapsed 4.3s]
    [20,992/57,439  elapsed 5.6s]
    [26,112/57,439  elapsed 7.0s]
    [31,232/57,439  elapsed 8.4s]
    [36,352/57,439  elapsed 9.7s]
    [41,472/57,439  elapsed 11.1s]
    [46,592/57,439  elapsed 12.5s]
    [51,712/57,439  elapsed 13.9s]
    [56,832/57,439  elapsed 15.2s]
  eval done in 15.4s
  by-popularity NDCG@10: tail=0.0010(n=7,762)  mid=0.0039(n=8,169)  head=0.0605(n=41,508)
  evaluating 57,439 users in batches of 512...
    [512/57,439  elapsed 0.1s]
    [5,632/57,439  elapsed 1.5s]
    [10,752/57,439  elapsed 2.9s]
    [15,872/57,439  elapsed 4.3s]
    [20,992/57,439  elapsed 5.7s]
    [26,112/57,439  elapsed 7.0s]
    [31,232/57,439  elapsed 8.4s]
    [36,352/57,439  elapsed 9.8s]
    [41,472/57,439  elapsed 11.2s]
    [46,592/57,439  elapsed 12.6s]
    [51,712/57,439  elapsed 13.9s]
    [56,832/57,439  elapsed 15.3s]
  eval done in 15.5s
  by-popularity NDCG@10: tail=0.0007(n=8,800)  mid=0.0038(n=8,657)  head=0.0571(n=39,982)
  epoch   7  loss=8.6195  val_NDCG=0.0444  test_NDCG=0.0404  test_HR=0.0735  (5.8s)
  evaluating 57,439 users in batches of 512...
    [512/57,439  elapsed 0.2s]
    [5,632/57,439  elapsed 1.5s]
    [10,752/57,439  elapsed 2.9s]
    [15,872/57,439  elapsed 5.4s]
    [20,992/57,439  elapsed 6.8s]
    [26,112/57,439  elapsed 8.2s]
    [31,232/57,439  elapsed 9.5s]
    [36,352/57,439  elapsed 10.9s]
    [41,472/57,439  elapsed 12.3s]
    [46,592/57,439  elapsed 13.6s]
    [51,712/57,439  elapsed 15.0s]
    [56,832/57,439  elapsed 16.4s]
  eval done in 16.5s
  by-popularity NDCG@10: tail=0.0012(n=7,762)  mid=0.0045(n=8,169)  head=0.0599(n=41,508)
  evaluating 57,439 users in batches of 512...
    [512/57,439  elapsed 0.1s]
    [5,632/57,439  elapsed 1.5s]
    [10,752/57,439  elapsed 2.9s]
    [15,872/57,439  elapsed 4.3s]
    [20,992/57,439  elapsed 5.6s]
    [26,112/57,439  elapsed 7.0s]
    [31,232/57,439  elapsed 8.4s]
    [36,352/57,439  elapsed 9.7s]
    [41,472/57,439  elapsed 11.1s]
    [46,592/57,439  elapsed 12.3s]
    [51,712/57,439  elapsed 13.3s]
    [56,832/57,439  elapsed 14.2s]
  eval done in 14.3s
  by-popularity NDCG@10: tail=0.0008(n=8,800)  mid=0.0043(n=8,657)  head=0.0565(n=39,982)
  epoch   8  loss=8.5649  val_NDCG=0.0440  test_NDCG=0.0401  test_HR=0.0723  (5.8s)
  evaluating 57,439 users in batches of 512...
    [512/57,439  elapsed 0.1s]
    [5,632/57,439  elapsed 1.0s]
    [10,752/57,439  elapsed 1.9s]
    [15,872/57,439  elapsed 2.8s]
    [20,992/57,439  elapsed 3.7s]
    [26,112/57,439  elapsed 4.6s]
    [31,232/57,439  elapsed 5.5s]
    [36,352/57,439  elapsed 6.4s]
    [41,472/57,439  elapsed 7.3s]
    [46,592/57,439  elapsed 8.2s]
    [51,712/57,439  elapsed 9.2s]
    [56,832/57,439  elapsed 10.1s]
  eval done in 10.2s
  by-popularity NDCG@10: tail=0.0017(n=7,762)  mid=0.0049(n=8,169)  head=0.0603(n=41,508)
  evaluating 57,439 users in batches of 512...
    [512/57,439  elapsed 0.1s]
    [5,632/57,439  elapsed 1.0s]
    [10,752/57,439  elapsed 1.9s]
    [15,872/57,439  elapsed 2.9s]
    [20,992/57,439  elapsed 3.8s]
    [26,112/57,439  elapsed 4.8s]
    [31,232/57,439  elapsed 5.8s]
    [36,352/57,439  elapsed 6.7s]
    [41,472/57,439  elapsed 7.7s]
    [46,592/57,439  elapsed 8.6s]
    [51,712/57,439  elapsed 9.5s]
    [56,832/57,439  elapsed 10.5s]
  eval done in 10.6s
  by-popularity NDCG@10: tail=0.0009(n=8,800)  mid=0.0049(n=8,657)  head=0.0567(n=39,982)
  epoch   9  loss=8.5181  val_NDCG=0.0445  test_NDCG=0.0403  test_HR=0.0725  (5.6s)
  evaluating 57,439 users in batches of 512...
    [512/57,439  elapsed 0.1s]
    [5,632/57,439  elapsed 1.0s]
    [10,752/57,439  elapsed 2.0s]
    [15,872/57,439  elapsed 2.9s]
    [20,992/57,439  elapsed 3.9s]
    [26,112/57,439  elapsed 4.9s]
    [31,232/57,439  elapsed 5.8s]
    [36,352/57,439  elapsed 6.8s]
    [41,472/57,439  elapsed 7.7s]
    [46,592/57,439  elapsed 8.6s]
    [51,712/57,439  elapsed 9.6s]
    [56,832/57,439  elapsed 10.5s]
  eval done in 10.6s
  by-popularity NDCG@10: tail=0.0018(n=7,762)  mid=0.0055(n=8,169)  head=0.0607(n=41,508)
  evaluating 57,439 users in batches of 512...
    [512/57,439  elapsed 0.1s]
    [5,632/57,439  elapsed 1.1s]
    [10,752/57,439  elapsed 2.0s]
    [15,872/57,439  elapsed 2.9s]
    [20,992/57,439  elapsed 3.9s]
    [26,112/57,439  elapsed 4.8s]
    [31,232/57,439  elapsed 5.7s]
    [36,352/57,439  elapsed 6.7s]
    [41,472/57,439  elapsed 7.7s]
    [46,592/57,439  elapsed 8.6s]
    [51,712/57,439  elapsed 9.6s]
    [56,832/57,439  elapsed 10.5s]
  eval done in 10.6s
  by-popularity NDCG@10: tail=0.0011(n=8,800)  mid=0.0051(n=8,657)  head=0.0569(n=39,982)
  epoch  10  loss=8.4748  val_NDCG=0.0449  test_NDCG=0.0406  test_HR=0.0735  (5.6s)
  evaluating 57,439 users in batches of 512...
    [512/57,439  elapsed 0.1s]
    [5,632/57,439  elapsed 1.2s]
    [10,752/57,439  elapsed 2.4s]
    [15,872/57,439  elapsed 3.6s]
    [20,992/57,439  elapsed 4.7s]
    [26,112/57,439  elapsed 5.8s]
    [31,232/57,439  elapsed 6.9s]
    [36,352/57,439  elapsed 8.0s]
    [41,472/57,439  elapsed 9.2s]
    [46,592/57,439  elapsed 10.3s]
    [51,712/57,439  elapsed 11.5s]
    [56,832/57,439  elapsed 12.6s]
  eval done in 12.7s
  by-popularity NDCG@10: tail=0.0017(n=7,762)  mid=0.0063(n=8,169)  head=0.0616(n=41,508)
  evaluating 57,439 users in batches of 512...
    [512/57,439  elapsed 0.1s]
    [5,632/57,439  elapsed 1.3s]
    [10,752/57,439  elapsed 2.5s]
    [15,872/57,439  elapsed 3.9s]
    [20,992/57,439  elapsed 5.2s]
    [26,112/57,439  elapsed 6.3s]
    [31,232/57,439  elapsed 7.4s]
    [36,352/57,439  elapsed 8.7s]
    [41,472/57,439  elapsed 9.8s]
    [46,592/57,439  elapsed 10.8s]
    [51,712/57,439  elapsed 12.1s]
    [56,832/57,439  elapsed 13.2s]
  eval done in 13.3s
  by-popularity NDCG@10: tail=0.0012(n=8,800)  mid=0.0052(n=8,657)  head=0.0579(n=39,982)
  epoch  11  loss=8.4365  val_NDCG=0.0456  test_NDCG=0.0412  test_HR=0.0744  (5.7s)
  evaluating 57,439 users in batches of 512...
    [512/57,439  elapsed 0.1s]
    [5,632/57,439  elapsed 1.2s]
    [10,752/57,439  elapsed 2.1s]
    [15,872/57,439  elapsed 3.0s]
    [20,992/57,439  elapsed 4.0s]
    [26,112/57,439  elapsed 4.9s]
    [31,232/57,439  elapsed 5.9s]
    [36,352/57,439  elapsed 6.8s]
    [41,472/57,439  elapsed 7.8s]
    [46,592/57,439  elapsed 8.7s]
    [51,712/57,439  elapsed 9.7s]
    [56,832/57,439  elapsed 11.0s]
  eval done in 11.2s
  by-popularity NDCG@10: tail=0.0017(n=7,762)  mid=0.0065(n=8,169)  head=0.0614(n=41,508)
  evaluating 57,439 users in batches of 512...
    [512/57,439  elapsed 0.1s]
    [5,632/57,439  elapsed 1.5s]
    [10,752/57,439  elapsed 3.0s]
    [15,872/57,439  elapsed 4.4s]
    [20,992/57,439  elapsed 5.8s]
    [26,112/57,439  elapsed 7.3s]
    [31,232/57,439  elapsed 8.7s]
    [36,352/57,439  elapsed 10.2s]
    [41,472/57,439  elapsed 11.6s]
    [46,592/57,439  elapsed 13.0s]
    [51,712/57,439  elapsed 14.4s]
    [56,832/57,439  elapsed 15.8s]
  eval done in 16.0s
  by-popularity NDCG@10: tail=0.0015(n=8,800)  mid=0.0055(n=8,657)  head=0.0573(n=39,982)
  epoch  12  loss=8.4009  val_NDCG=0.0455  test_NDCG=0.0410  test_HR=0.0740  (6.0s)
  evaluating 57,439 users in batches of 512...
    [512/57,439  elapsed 0.1s]
    [5,632/57,439  elapsed 1.5s]
    [10,752/57,439  elapsed 2.9s]
    [15,872/57,439  elapsed 4.3s]
    [20,992/57,439  elapsed 5.7s]
    [26,112/57,439  elapsed 7.1s]
    [31,232/57,439  elapsed 8.4s]
    [36,352/57,439  elapsed 9.8s]
    [41,472/57,439  elapsed 11.2s]
    [46,592/57,439  elapsed 12.6s]
    [51,712/57,439  elapsed 14.0s]
    [56,832/57,439  elapsed 15.4s]
  eval done in 15.5s
  by-popularity NDCG@10: tail=0.0019(n=7,762)  mid=0.0066(n=8,169)  head=0.0613(n=41,508)
  evaluating 57,439 users in batches of 512...
    [512/57,439  elapsed 0.1s]
    [5,632/57,439  elapsed 1.5s]
    [10,752/57,439  elapsed 2.9s]
    [15,872/57,439  elapsed 4.3s]
    [20,992/57,439  elapsed 5.7s]
    [26,112/57,439  elapsed 7.0s]
    [31,232/57,439  elapsed 8.4s]
    [36,352/57,439  elapsed 9.8s]
    [41,472/57,439  elapsed 11.2s]
    [46,592/57,439  elapsed 12.6s]
    [51,712/57,439  elapsed 13.9s]
    [56,832/57,439  elapsed 15.3s]
  eval done in 15.5s
  by-popularity NDCG@10: tail=0.0019(n=8,800)  mid=0.0057(n=8,657)  head=0.0573(n=39,982)
  epoch  13  loss=8.3710  val_NDCG=0.0455  test_NDCG=0.0410  test_HR=0.0741  (5.9s)
  evaluating 57,439 users in batches of 512...
    [512/57,439  elapsed 0.1s]
    [5,632/57,439  elapsed 1.5s]
    [10,752/57,439  elapsed 2.8s]
    [15,872/57,439  elapsed 4.2s]
    [20,992/57,439  elapsed 5.6s]
    [26,112/57,439  elapsed 7.0s]
    [31,232/57,439  elapsed 8.3s]
    [36,352/57,439  elapsed 9.7s]
    [41,472/57,439  elapsed 11.1s]
    [46,592/57,439  elapsed 12.4s]
    [51,712/57,439  elapsed 13.8s]
    [56,832/57,439  elapsed 15.2s]
  eval done in 15.4s
  by-popularity NDCG@10: tail=0.0021(n=7,762)  mid=0.0072(n=8,169)  head=0.0616(n=41,508)
  evaluating 57,439 users in batches of 512...
    [512/57,439  elapsed 0.1s]
    [5,632/57,439  elapsed 1.5s]
    [10,752/57,439  elapsed 2.9s]
    [15,872/57,439  elapsed 4.3s]
    [20,992/57,439  elapsed 5.7s]
    [26,112/57,439  elapsed 7.0s]
    [31,232/57,439  elapsed 8.4s]
    [36,352/57,439  elapsed 9.8s]
    [41,472/57,439  elapsed 11.2s]
    [46,592/57,439  elapsed 12.6s]
    [51,712/57,439  elapsed 14.0s]
    [56,832/57,439  elapsed 15.4s]
  eval done in 15.5s
  by-popularity NDCG@10: tail=0.0018(n=8,800)  mid=0.0060(n=8,657)  head=0.0576(n=39,982)
  epoch  14  loss=8.3437  val_NDCG=0.0458  test_NDCG=0.0413  test_HR=0.0735  (5.8s)
  evaluating 57,439 users in batches of 512...
    [512/57,439  elapsed 0.1s]
    [5,632/57,439  elapsed 1.5s]
    [10,752/57,439  elapsed 2.9s]
    [15,872/57,439  elapsed 4.2s]
    [20,992/57,439  elapsed 5.6s]
    [26,112/57,439  elapsed 7.0s]
    [31,232/57,439  elapsed 8.4s]
    [36,352/57,439  elapsed 9.7s]
    [41,472/57,439  elapsed 11.1s]
    [46,592/57,439  elapsed 12.5s]
    [51,712/57,439  elapsed 13.8s]
    [56,832/57,439  elapsed 15.2s]
  eval done in 15.4s
  by-popularity NDCG@10: tail=0.0022(n=7,762)  mid=0.0071(n=8,169)  head=0.0613(n=41,508)
  evaluating 57,439 users in batches of 512...
    [512/57,439  elapsed 0.1s]
    [5,632/57,439  elapsed 1.5s]
    [10,752/57,439  elapsed 2.9s]
    [15,872/57,439  elapsed 4.3s]
    [20,992/57,439  elapsed 5.7s]
    [26,112/57,439  elapsed 7.0s]
    [31,232/57,439  elapsed 8.4s]
    [36,352/57,439  elapsed 9.8s]
    [41,472/57,439  elapsed 11.2s]
    [46,592/57,439  elapsed 12.6s]
    [51,712/57,439  elapsed 14.0s]
    [56,832/57,439  elapsed 15.3s]
  eval done in 15.5s
  by-popularity NDCG@10: tail=0.0017(n=8,800)  mid=0.0059(n=8,657)  head=0.0572(n=39,982)
  epoch  15  loss=8.3209  val_NDCG=0.0456  test_NDCG=0.0410  test_HR=0.0736  (5.8s)
  evaluating 57,439 users in batches of 512...
    [512/57,439  elapsed 0.1s]
    [5,632/57,439  elapsed 1.5s]
    [10,752/57,439  elapsed 2.9s]
    [15,872/57,439  elapsed 4.4s]
    [20,992/57,439  elapsed 5.8s]
    [26,112/57,439  elapsed 7.2s]
    [31,232/57,439  elapsed 8.7s]
    [36,352/57,439  elapsed 10.1s]
    [41,472/57,439  elapsed 11.5s]
    [46,592/57,439  elapsed 12.9s]
    [51,712/57,439  elapsed 14.3s]
    [56,832/57,439  elapsed 15.7s]
  eval done in 15.9s
  by-popularity NDCG@10: tail=0.0023(n=7,762)  mid=0.0075(n=8,169)  head=0.0612(n=41,508)
  evaluating 57,439 users in batches of 512...
    [512/57,439  elapsed 0.1s]
    [5,632/57,439  elapsed 1.6s]
    [10,752/57,439  elapsed 3.0s]
    [15,872/57,439  elapsed 4.4s]
    [20,992/57,439  elapsed 5.8s]
    [26,112/57,439  elapsed 7.2s]
    [31,232/57,439  elapsed 8.6s]
    [36,352/57,439  elapsed 10.0s]
    [41,472/57,439  elapsed 11.5s]
    [46,592/57,439  elapsed 12.9s]
    [51,712/57,439  elapsed 14.3s]
    [56,832/57,439  elapsed 15.7s]
  eval done in 15.9s
  by-popularity NDCG@10: tail=0.0019(n=8,800)  mid=0.0063(n=8,657)  head=0.0569(n=39,982)
  epoch  16  loss=8.3010  val_NDCG=0.0456  test_NDCG=0.0409  test_HR=0.0735  (6.1s)
  evaluating 57,439 users in batches of 512...
    [512/57,439  elapsed 0.2s]
    [5,632/57,439  elapsed 1.6s]
    [10,752/57,439  elapsed 3.0s]
    [15,872/57,439  elapsed 4.4s]
    [20,992/57,439  elapsed 5.8s]
    [26,112/57,439  elapsed 7.3s]
    [31,232/57,439  elapsed 8.7s]
    [36,352/57,439  elapsed 10.1s]
    [41,472/57,439  elapsed 11.6s]
    [46,592/57,439  elapsed 13.0s]
    [51,712/57,439  elapsed 14.4s]
    [56,832/57,439  elapsed 15.8s]
  eval done in 16.0s
  by-popularity NDCG@10: tail=0.0023(n=7,762)  mid=0.0076(n=8,169)  head=0.0614(n=41,508)
  evaluating 57,439 users in batches of 512...
    [512/57,439  elapsed 0.1s]
    [5,632/57,439  elapsed 1.6s]
    [10,752/57,439  elapsed 3.0s]
    [15,872/57,439  elapsed 4.5s]
    [20,992/57,439  elapsed 5.9s]
    [26,112/57,439  elapsed 7.3s]
    [31,232/57,439  elapsed 8.8s]
    [36,352/57,439  elapsed 10.2s]
    [41,472/57,439  elapsed 11.6s]
    [46,592/57,439  elapsed 13.1s]
    [51,712/57,439  elapsed 14.5s]
    [56,832/57,439  elapsed 15.9s]
  eval done in 16.1s
  by-popularity NDCG@10: tail=0.0019(n=8,800)  mid=0.0064(n=8,657)  head=0.0567(n=39,982)
  epoch  17  loss=8.2887  val_NDCG=0.0457  test_NDCG=0.0407  test_HR=0.0732  (5.9s)
  evaluating 57,439 users in batches of 512...
    [512/57,439  elapsed 0.2s]
    [5,632/57,439  elapsed 1.6s]
    [10,752/57,439  elapsed 3.0s]
    [15,872/57,439  elapsed 4.4s]
    [20,992/57,439  elapsed 5.8s]
    [26,112/57,439  elapsed 7.2s]
    [31,232/57,439  elapsed 8.6s]
    [36,352/57,439  elapsed 10.0s]
    [41,472/57,439  elapsed 11.4s]
    [46,592/57,439  elapsed 12.9s]
    [51,712/57,439  elapsed 14.3s]
    [56,832/57,439  elapsed 15.7s]
  eval done in 15.9s
  by-popularity NDCG@10: tail=0.0023(n=7,762)  mid=0.0076(n=8,169)  head=0.0615(n=41,508)
  evaluating 57,439 users in batches of 512...
    [512/57,439  elapsed 0.1s]
    [5,632/57,439  elapsed 1.6s]
    [10,752/57,439  elapsed 3.0s]
    [15,872/57,439  elapsed 4.4s]
    [20,992/57,439  elapsed 5.8s]
    [26,112/57,439  elapsed 7.3s]
    [31,232/57,439  elapsed 8.7s]
    [36,352/57,439  elapsed 10.1s]
    [41,472/57,439  elapsed 11.5s]
    [46,592/57,439  elapsed 12.9s]
    [51,712/57,439  elapsed 14.4s]
    [56,832/57,439  elapsed 15.8s]
  eval done in 15.9s
  by-popularity NDCG@10: tail=0.0019(n=8,800)  mid=0.0063(n=8,657)  head=0.0568(n=39,982)
  epoch  18  loss=8.2779  val_NDCG=0.0458  test_NDCG=0.0408  test_HR=0.0733  (5.9s)
  evaluating 57,439 users in batches of 512...
    [512/57,439  elapsed 0.2s]
    [5,632/57,439  elapsed 1.6s]
    [10,752/57,439  elapsed 2.9s]
    [15,872/57,439  elapsed 4.4s]
    [20,992/57,439  elapsed 5.8s]
    [26,112/57,439  elapsed 7.2s]
    [31,232/57,439  elapsed 8.6s]
    [36,352/57,439  elapsed 10.1s]
    [41,472/57,439  elapsed 11.5s]
    [46,592/57,439  elapsed 12.9s]
    [51,712/57,439  elapsed 14.3s]
    [56,832/57,439  elapsed 15.7s]
  eval done in 15.9s
  by-popularity NDCG@10: tail=0.0023(n=7,762)  mid=0.0076(n=8,169)  head=0.0613(n=41,508)
  evaluating 57,439 users in batches of 512...
    [512/57,439  elapsed 0.1s]
    [5,632/57,439  elapsed 1.6s]
    [10,752/57,439  elapsed 3.0s]
    [15,872/57,439  elapsed 4.4s]
    [20,992/57,439  elapsed 5.9s]
    [26,112/57,439  elapsed 7.3s]
    [31,232/57,439  elapsed 8.7s]
    [36,352/57,439  elapsed 10.6s]
    [41,472/57,439  elapsed 14.1s]
    [46,592/57,439  elapsed 17.3s]
    [51,712/57,439  elapsed 20.2s]
    [56,832/57,439  elapsed 23.6s]
  eval done in 24.0s
  by-popularity NDCG@10: tail=0.0019(n=8,800)  mid=0.0064(n=8,657)  head=0.0567(n=39,982)
  epoch  19  loss=8.2714  val_NDCG=0.0457  test_NDCG=0.0407  test_HR=0.0732  (5.9s)
  evaluating 57,439 users in batches of 512...
    [512/57,439  elapsed 0.3s]
    [5,632/57,439  elapsed 3.6s]
    [10,752/57,439  elapsed 7.0s]
    [15,872/57,439  elapsed 10.5s]
    [20,992/57,439  elapsed 13.8s]
    [26,112/57,439  elapsed 17.2s]
    [31,232/57,439  elapsed 20.2s]
    [36,352/57,439  elapsed 23.5s]
    [41,472/57,439  elapsed 26.8s]
    [46,592/57,439  elapsed 30.1s]
    [51,712/57,439  elapsed 33.3s]
    [56,832/57,439  elapsed 36.6s]
  eval done in 37.0s
  by-popularity NDCG@10: tail=0.0023(n=7,762)  mid=0.0076(n=8,169)  head=0.0614(n=41,508)
  evaluating 57,439 users in batches of 512...
    [512/57,439  elapsed 0.3s]
    [5,632/57,439  elapsed 3.6s]
    [10,752/57,439  elapsed 7.1s]
    [15,872/57,439  elapsed 10.5s]
    [20,992/57,439  elapsed 13.9s]
    [26,112/57,439  elapsed 17.2s]
    [31,232/57,439  elapsed 19.9s]
    [36,352/57,439  elapsed 21.3s]
    [41,472/57,439  elapsed 22.7s]
    [46,592/57,439  elapsed 24.1s]
    [51,712/57,439  elapsed 25.5s]
    [56,832/57,439  elapsed 26.9s]
  eval done in 27.1s
  by-popularity NDCG@10: tail=0.0019(n=8,800)  mid=0.0064(n=8,657)  head=0.0567(n=39,982)
  epoch  20  loss=8.2690  val_NDCG=0.0458  test_NDCG=0.0407  test_HR=0.0732  (6.4s)

=== Best by val NDCG@10 ===
  val_NDCG=0.0458
  test: {'NDCG@10': 0.0413102934854346, 'HR@10': 0.07348665540834624, 'MRR': 0.037861957617048206, 'n_eval': 57439, 'by_popularity': {'tail': {'NDCG@10': 0.0018292497930913877, 'HR@10': 0.003522727272727273, 'n': 8800, 'n_hit@10': 31, 'HR@20': 0.006477272727272727, 'n_hit@20': 57, 'HR@50': 0.016704545454545455, 'n_hit@50': 147, 'HR@100': 0.032840909090909094, 'n_hit@100': 289}, 'mid': {'NDCG@10': 0.006035926701106619, 'HR@10': 0.011551345731777752, 'n': 8657, 'n_hit@10': 100, 'HR@20': 0.02240961071964884, 'n_hit@20': 194, 'HR@50': 0.045858842555157674, 'n_hit@50': 397, 'HR@100': 0.08028185283585537, 'n_hit@100': 695}, 'head': {'NDCG@10': 0.05763772527335286, 'HR@10': 0.10229603321494672, 'n': 39982, 'n_hit@10': 4090, 'HR@20': 0.14761642739232655, 'n_hit@20': 5902, 'HR@50': 0.22712720724325947, 'n_hit@50': 9081, 'HR@100': 0.3046370866890101, 'n_hit@100': 12180}}}
wrote C:\Users\rayxc\Documents\R\_bestrec_run\results_MI_FIRV3_a2learnedwd0_seed20260717.users.jsonl.gz (57,439 per-user records, best epoch 14, sha256 465dcb361948…)
wrote C:\Users\rayxc\Documents\R\_bestrec_run\results_MI_FIRV3_a2learnedwd0_seed20260717.final.users.jsonl.gz (57,439 FINAL-epoch per-user records)
  fir_v3 final ||DELTA||_2 = 5.158631

wrote C:\Users\rayxc\Documents\R\_bestrec_run\results_MI_FIRV3_a2learnedwd0_seed20260717.json
[16/24] results_MI_FIRV3_a0ident_seed20260718.json
  random seed set to 20260718
=== Musical_Instruments: load splits ===
  n_users=57,439  n_items=24,587  pad_id=24587
  built sequences for 57,439 users
  built timestamp sequences (12 time buckets)
  loading SBERT embeddings from C:\Users\rayxc\Documents\R\cache_5core\sbert_titles_Musical_Instruments.npy...
  TAPE: k-means 24,587 text embeddings into K=512 prototypes (tau=0.05)...
  TAPE: K=512 mean max-assignment weight = 0.525 (1.0 = hard clustering)

=== Build SASRec-SBERT (d=64, layers=4, heads=2) ===
  total params: 11,186,046  device=cuda
  57,439 training examples / 225 batches per epoch
  init_state_sha256 = 946cac6f5b17e77447d6a0ae07bbda829a0d48a4d65e66818dfd225b3a2c6afa
  LR schedule: warmup_cosine (225 warmup + 4275 cosine steps)

=== Train for 20 epochs ===
  evaluating 57,439 users in batches of 512...
    [512/57,439  elapsed 0.2s]
    [5,632/57,439  elapsed 1.6s]
    [10,752/57,439  elapsed 3.0s]
    [15,872/57,439  elapsed 4.4s]
    [20,992/57,439  elapsed 5.8s]
    [26,112/57,439  elapsed 7.2s]
    [31,232/57,439  elapsed 8.6s]
    [36,352/57,439  elapsed 10.0s]
    [41,472/57,439  elapsed 11.5s]
    [46,592/57,439  elapsed 12.9s]
    [51,712/57,439  elapsed 14.3s]
    [56,832/57,439  elapsed 15.7s]
  eval done in 15.9s
  by-popularity NDCG@10: tail=0.0001(n=7,762)  mid=0.0001(n=8,169)  head=0.0373(n=41,508)
  evaluating 57,439 users in batches of 512...
    [512/57,439  elapsed 0.1s]
    [5,632/57,439  elapsed 1.6s]
    [10,752/57,439  elapsed 3.0s]
    [15,872/57,439  elapsed 4.4s]
    [20,992/57,439  elapsed 5.8s]
    [26,112/57,439  elapsed 7.2s]
    [31,232/57,439  elapsed 8.6s]
    [36,352/57,439  elapsed 10.1s]
    [41,472/57,439  elapsed 11.5s]
    [46,592/57,439  elapsed 12.9s]
    [51,712/57,439  elapsed 14.3s]
    [56,832/57,439  elapsed 15.7s]
  eval done in 15.9s
  by-popularity NDCG@10: tail=0.0000(n=8,800)  mid=0.0002(n=8,657)  head=0.0342(n=39,982)
  epoch   1  loss=9.6243  val_NDCG=0.0270  test_NDCG=0.0238  test_HR=0.0455  (6.1s)
  evaluating 57,439 users in batches of 512...
    [512/57,439  elapsed 0.2s]
    [5,632/57,439  elapsed 1.6s]
    [10,752/57,439  elapsed 3.0s]
    [15,872/57,439  elapsed 4.4s]
    [20,992/57,439  elapsed 5.8s]
    [26,112/57,439  elapsed 7.2s]
    [31,232/57,439  elapsed 8.6s]
    [36,352/57,439  elapsed 10.1s]
    [41,472/57,439  elapsed 11.5s]
    [46,592/57,439  elapsed 12.9s]
    [51,712/57,439  elapsed 14.3s]
    [56,832/57,439  elapsed 15.7s]
  eval done in 15.9s
  by-popularity NDCG@10: tail=0.0000(n=7,762)  mid=0.0005(n=8,169)  head=0.0447(n=41,508)
  evaluating 57,439 users in batches of 512...
    [512/57,439  elapsed 0.1s]
    [5,632/57,439  elapsed 1.5s]
    [10,752/57,439  elapsed 3.0s]
    [15,872/57,439  elapsed 4.4s]
    [20,992/57,439  elapsed 5.8s]
    [26,112/57,439  elapsed 7.2s]
    [31,232/57,439  elapsed 8.6s]
    [36,352/57,439  elapsed 10.0s]
    [41,472/57,439  elapsed 11.4s]
    [46,592/57,439  elapsed 12.9s]
    [51,712/57,439  elapsed 14.3s]
    [56,832/57,439  elapsed 15.7s]
  eval done in 15.8s
  by-popularity NDCG@10: tail=0.0000(n=8,800)  mid=0.0003(n=8,657)  head=0.0429(n=39,982)
  epoch   2  loss=9.0978  val_NDCG=0.0323  test_NDCG=0.0299  test_HR=0.0560  (6.0s)
  evaluating 57,439 users in batches of 512...
    [512/57,439  elapsed 0.1s]
    [5,632/57,439  elapsed 1.5s]
    [10,752/57,439  elapsed 2.9s]
    [15,872/57,439  elapsed 4.3s]
    [20,992/57,439  elapsed 5.7s]
    [26,112/57,439  elapsed 7.2s]
    [31,232/57,439  elapsed 8.6s]
    [36,352/57,439  elapsed 10.0s]
    [41,472/57,439  elapsed 11.4s]
    [46,592/57,439  elapsed 12.8s]
    [51,712/57,439  elapsed 14.2s]
    [56,832/57,439  elapsed 15.6s]
  eval done in 15.8s
  by-popularity NDCG@10: tail=0.0000(n=7,762)  mid=0.0010(n=8,169)  head=0.0503(n=41,508)
  evaluating 57,439 users in batches of 512...
    [512/57,439  elapsed 0.1s]
    [5,632/57,439  elapsed 1.5s]
    [10,752/57,439  elapsed 3.0s]
    [15,872/57,439  elapsed 4.4s]
    [20,992/57,439  elapsed 5.8s]
    [26,112/57,439  elapsed 7.2s]
    [31,232/57,439  elapsed 8.6s]
    [36,352/57,439  elapsed 10.0s]
    [41,472/57,439  elapsed 11.4s]
    [46,592/57,439  elapsed 12.8s]
    [51,712/57,439  elapsed 14.3s]
    [56,832/57,439  elapsed 15.7s]
  eval done in 15.8s
  by-popularity NDCG@10: tail=0.0000(n=8,800)  mid=0.0008(n=8,657)  head=0.0485(n=39,982)
  epoch   3  loss=8.9471  val_NDCG=0.0365  test_NDCG=0.0339  test_HR=0.0628  (5.8s)
  evaluating 57,439 users in batches of 512...
    [512/57,439  elapsed 0.2s]
    [5,632/57,439  elapsed 1.6s]
    [10,752/57,439  elapsed 3.0s]
    [15,872/57,439  elapsed 4.4s]
    [20,992/57,439  elapsed 5.9s]
    [26,112/57,439  elapsed 7.3s]
    [31,232/57,439  elapsed 8.7s]
    [36,352/57,439  elapsed 10.1s]
    [41,472/57,439  elapsed 11.5s]
    [46,592/57,439  elapsed 12.9s]
    [51,712/57,439  elapsed 14.3s]
    [56,832/57,439  elapsed 15.8s]
  eval done in 15.9s
  by-popularity NDCG@10: tail=0.0000(n=7,762)  mid=0.0010(n=8,169)  head=0.0531(n=41,508)
  evaluating 57,439 users in batches of 512...
    [512/57,439  elapsed 0.1s]
    [5,632/57,439  elapsed 1.5s]
    [10,752/57,439  elapsed 3.0s]
    [15,872/57,439  elapsed 4.4s]
    [20,992/57,439  elapsed 5.8s]
    [26,112/57,439  elapsed 7.2s]
    [31,232/57,439  elapsed 8.6s]
    [36,352/57,439  elapsed 10.0s]
    [41,472/57,439  elapsed 11.4s]
    [46,592/57,439  elapsed 12.8s]
    [51,712/57,439  elapsed 14.3s]
    [56,832/57,439  elapsed 15.7s]
  eval done in 15.8s
  by-popularity NDCG@10: tail=0.0000(n=8,800)  mid=0.0009(n=8,657)  head=0.0505(n=39,982)
  epoch   4  loss=8.8501  val_NDCG=0.0385  test_NDCG=0.0353  test_HR=0.0646  (5.8s)
  evaluating 57,439 users in batches of 512...
    [512/57,439  elapsed 0.2s]
    [5,632/57,439  elapsed 1.6s]
    [10,752/57,439  elapsed 3.0s]
    [15,872/57,439  elapsed 4.4s]
    [20,992/57,439  elapsed 5.8s]
    [26,112/57,439  elapsed 7.2s]
    [31,232/57,439  elapsed 8.6s]
    [36,352/57,439  elapsed 10.0s]
    [41,472/57,439  elapsed 11.5s]
    [46,592/57,439  elapsed 12.9s]
    [51,712/57,439  elapsed 14.3s]
    [56,832/57,439  elapsed 15.7s]
  eval done in 15.9s
  by-popularity NDCG@10: tail=0.0000(n=7,762)  mid=0.0016(n=8,169)  head=0.0543(n=41,508)
  evaluating 57,439 users in batches of 512...
    [512/57,439  elapsed 0.1s]
    [5,632/57,439  elapsed 1.6s]
    [10,752/57,439  elapsed 3.0s]
    [15,872/57,439  elapsed 4.4s]
    [20,992/57,439  elapsed 5.8s]
    [26,112/57,439  elapsed 7.3s]
    [31,232/57,439  elapsed 8.7s]
    [36,352/57,439  elapsed 10.1s]
    [41,472/57,439  elapsed 11.5s]
    [46,592/57,439  elapsed 12.9s]
    [51,712/57,439  elapsed 14.3s]
    [56,832/57,439  elapsed 15.7s]
  eval done in 15.9s
  by-popularity NDCG@10: tail=0.0001(n=8,800)  mid=0.0016(n=8,657)  head=0.0516(n=39,982)
  epoch   5  loss=8.7761  val_NDCG=0.0395  test_NDCG=0.0362  test_HR=0.0657  (5.8s)
  evaluating 57,439 users in batches of 512...
    [512/57,439  elapsed 0.2s]
    [5,632/57,439  elapsed 1.6s]
    [10,752/57,439  elapsed 3.0s]
    [15,872/57,439  elapsed 4.4s]
    [20,992/57,439  elapsed 5.8s]
    [26,112/57,439  elapsed 7.2s]
    [31,232/57,439  elapsed 8.6s]
    [36,352/57,439  elapsed 10.0s]
    [41,472/57,439  elapsed 11.4s]
    [46,592/57,439  elapsed 12.8s]
    [51,712/57,439  elapsed 14.2s]
    [56,832/57,439  elapsed 15.6s]
  eval done in 15.8s
  by-popularity NDCG@10: tail=0.0001(n=7,762)  mid=0.0021(n=8,169)  head=0.0560(n=41,508)
  evaluating 57,439 users in batches of 512...
    [512/57,439  elapsed 0.1s]
    [5,632/57,439  elapsed 1.6s]
    [10,752/57,439  elapsed 3.0s]
    [15,872/57,439  elapsed 4.4s]
    [20,992/57,439  elapsed 5.8s]
    [26,112/57,439  elapsed 7.2s]
    [31,232/57,439  elapsed 8.6s]
    [36,352/57,439  elapsed 10.1s]
    [41,472/57,439  elapsed 11.5s]
    [46,592/57,439  elapsed 12.9s]
    [51,712/57,439  elapsed 14.3s]
    [56,832/57,439  elapsed 15.7s]
  eval done in 15.9s
  by-popularity NDCG@10: tail=0.0001(n=8,800)  mid=0.0020(n=8,657)  head=0.0533(n=39,982)
  epoch   6  loss=8.7148  val_NDCG=0.0408  test_NDCG=0.0374  test_HR=0.0673  (5.8s)
  evaluating 57,439 users in batches of 512...
    [512/57,439  elapsed 0.2s]
    [5,632/57,439  elapsed 1.6s]
    [10,752/57,439  elapsed 3.0s]
    [15,872/57,439  elapsed 4.4s]
    [20,992/57,439  elapsed 5.8s]
    [26,112/57,439  elapsed 7.2s]
    [31,232/57,439  elapsed 8.6s]
    [36,352/57,439  elapsed 10.0s]
    [41,472/57,439  elapsed 11.4s]
    [46,592/57,439  elapsed 12.8s]
    [51,712/57,439  elapsed 14.2s]
    [56,832/57,439  elapsed 15.6s]
  eval done in 15.8s
  by-popularity NDCG@10: tail=0.0004(n=7,762)  mid=0.0027(n=8,169)  head=0.0566(n=41,508)
  evaluating 57,439 users in batches of 512...
    [512/57,439  elapsed 0.1s]
    [5,632/57,439  elapsed 1.6s]
    [10,752/57,439  elapsed 3.0s]
    [15,872/57,439  elapsed 4.4s]
    [20,992/57,439  elapsed 5.8s]
    [26,112/57,439  elapsed 7.3s]
    [31,232/57,439  elapsed 8.7s]
    [36,352/57,439  elapsed 10.1s]
    [41,472/57,439  elapsed 11.5s]
    [46,592/57,439  elapsed 12.9s]
    [51,712/57,439  elapsed 14.3s]
    [56,832/57,439  elapsed 15.7s]
  eval done in 15.9s
  by-popularity NDCG@10: tail=0.0003(n=8,800)  mid=0.0024(n=8,657)  head=0.0541(n=39,982)
  epoch   7  loss=8.6631  val_NDCG=0.0414  test_NDCG=0.0380  test_HR=0.0690  (5.8s)
  evaluating 57,439 users in batches of 512...
    [512/57,439  elapsed 0.2s]
    [5,632/57,439  elapsed 1.5s]
    [10,752/57,439  elapsed 2.9s]
    [15,872/57,439  elapsed 4.3s]
    [20,992/57,439  elapsed 5.7s]
    [26,112/57,439  elapsed 7.1s]
    [31,232/57,439  elapsed 8.5s]
    [36,352/57,439  elapsed 10.0s]
    [41,472/57,439  elapsed 11.4s]
    [46,592/57,439  elapsed 12.8s]
    [51,712/57,439  elapsed 14.2s]
    [56,832/57,439  elapsed 15.6s]
  eval done in 15.8s
  by-popularity NDCG@10: tail=0.0004(n=7,762)  mid=0.0030(n=8,169)  head=0.0575(n=41,508)
  evaluating 57,439 users in batches of 512...
    [512/57,439  elapsed 0.1s]
    [5,632/57,439  elapsed 1.6s]
    [10,752/57,439  elapsed 3.0s]
    [15,872/57,439  elapsed 4.4s]
    [20,992/57,439  elapsed 5.8s]
    [26,112/57,439  elapsed 7.2s]
    [31,232/57,439  elapsed 8.6s]
    [36,352/57,439  elapsed 10.0s]
    [41,472/57,439  elapsed 11.4s]
    [46,592/57,439  elapsed 12.9s]
    [51,712/57,439  elapsed 14.3s]
    [56,832/57,439  elapsed 15.7s]
  eval done in 15.9s
  by-popularity NDCG@10: tail=0.0003(n=8,800)  mid=0.0028(n=8,657)  head=0.0542(n=39,982)
  epoch   8  loss=8.6154  val_NDCG=0.0420  test_NDCG=0.0382  test_HR=0.0698  (5.8s)
  evaluating 57,439 users in batches of 512...
    [512/57,439  elapsed 0.2s]
    [5,632/57,439  elapsed 1.6s]
    [10,752/57,439  elapsed 3.0s]
    [15,872/57,439  elapsed 4.4s]
    [20,992/57,439  elapsed 5.8s]
    [26,112/57,439  elapsed 7.2s]
    [31,232/57,439  elapsed 8.6s]
    [36,352/57,439  elapsed 10.0s]
    [41,472/57,439  elapsed 11.4s]
    [46,592/57,439  elapsed 12.8s]
    [51,712/57,439  elapsed 14.2s]
    [56,832/57,439  elapsed 15.7s]
  eval done in 15.8s
  by-popularity NDCG@10: tail=0.0005(n=7,762)  mid=0.0037(n=8,169)  head=0.0581(n=41,508)
  evaluating 57,439 users in batches of 512...
    [512/57,439  elapsed 0.1s]
    [5,632/57,439  elapsed 1.5s]
    [10,752/57,439  elapsed 3.0s]
    [15,872/57,439  elapsed 4.4s]
    [20,992/57,439  elapsed 5.8s]
    [26,112/57,439  elapsed 7.2s]
    [31,232/57,439  elapsed 8.6s]
    [36,352/57,439  elapsed 10.0s]
    [41,472/57,439  elapsed 11.4s]
    [46,592/57,439  elapsed 12.9s]
    [51,712/57,439  elapsed 14.3s]
    [56,832/57,439  elapsed 15.7s]
  eval done in 15.9s
  by-popularity NDCG@10: tail=0.0005(n=8,800)  mid=0.0032(n=8,657)  head=0.0546(n=39,982)
  epoch   9  loss=8.5716  val_NDCG=0.0426  test_NDCG=0.0386  test_HR=0.0698  (5.8s)
  evaluating 57,439 users in batches of 512...
    [512/57,439  elapsed 0.1s]
    [5,632/57,439  elapsed 1.5s]
    [10,752/57,439  elapsed 2.9s]
    [15,872/57,439  elapsed 4.3s]
    [20,992/57,439  elapsed 5.8s]
    [26,112/57,439  elapsed 7.2s]
    [31,232/57,439  elapsed 8.6s]
    [36,352/57,439  elapsed 10.0s]
    [41,472/57,439  elapsed 11.4s]
    [46,592/57,439  elapsed 12.8s]
    [51,712/57,439  elapsed 14.2s]
    [56,832/57,439  elapsed 15.6s]
  eval done in 15.8s
  by-popularity NDCG@10: tail=0.0008(n=7,762)  mid=0.0041(n=8,169)  head=0.0586(n=41,508)
  evaluating 57,439 users in batches of 512...
    [512/57,439  elapsed 0.1s]
    [5,632/57,439  elapsed 1.6s]
    [10,752/57,439  elapsed 3.0s]
    [15,872/57,439  elapsed 4.4s]
    [20,992/57,439  elapsed 5.8s]
    [26,112/57,439  elapsed 7.2s]
    [31,232/57,439  elapsed 8.6s]
    [36,352/57,439  elapsed 10.0s]
    [41,472/57,439  elapsed 11.5s]
    [46,592/57,439  elapsed 12.9s]
    [51,712/57,439  elapsed 14.3s]
    [56,832/57,439  elapsed 15.7s]
  eval done in 15.9s
  by-popularity NDCG@10: tail=0.0006(n=8,800)  mid=0.0038(n=8,657)  head=0.0545(n=39,982)
  epoch  10  loss=8.5325  val_NDCG=0.0430  test_NDCG=0.0386  test_HR=0.0702  (5.8s)
  evaluating 57,439 users in batches of 512...
    [512/57,439  elapsed 0.2s]
    [5,632/57,439  elapsed 1.6s]
    [10,752/57,439  elapsed 3.0s]
    [15,872/57,439  elapsed 4.4s]
    [20,992/57,439  elapsed 5.8s]
    [26,112/57,439  elapsed 7.2s]
    [31,232/57,439  elapsed 8.6s]
    [36,352/57,439  elapsed 10.0s]
    [41,472/57,439  elapsed 11.4s]
    [46,592/57,439  elapsed 12.8s]
    [51,712/57,439  elapsed 14.2s]
    [56,832/57,439  elapsed 15.6s]
  eval done in 15.8s
  by-popularity NDCG@10: tail=0.0011(n=7,762)  mid=0.0044(n=8,169)  head=0.0580(n=41,508)
  evaluating 57,439 users in batches of 512...
    [512/57,439  elapsed 0.1s]
    [5,632/57,439  elapsed 1.6s]
    [10,752/57,439  elapsed 3.0s]
    [15,872/57,439  elapsed 4.4s]
    [20,992/57,439  elapsed 5.8s]
    [26,112/57,439  elapsed 7.2s]
    [31,232/57,439  elapsed 8.6s]
    [36,352/57,439  elapsed 10.0s]
    [41,472/57,439  elapsed 11.5s]
    [46,592/57,439  elapsed 12.9s]
    [51,712/57,439  elapsed 14.3s]
    [56,832/57,439  elapsed 15.7s]
  eval done in 15.8s
  by-popularity NDCG@10: tail=0.0008(n=8,800)  mid=0.0044(n=8,657)  head=0.0540(n=39,982)
  epoch  11  loss=8.4975  val_NDCG=0.0427  test_NDCG=0.0384  test_HR=0.0700  (5.7s)
  evaluating 57,439 users in batches of 512...
    [512/57,439  elapsed 0.1s]
    [5,632/57,439  elapsed 1.5s]
    [10,752/57,439  elapsed 2.9s]
    [15,872/57,439  elapsed 4.3s]
    [20,992/57,439  elapsed 5.7s]
    [26,112/57,439  elapsed 7.1s]
    [31,232/57,439  elapsed 8.5s]
    [36,352/57,439  elapsed 10.0s]
    [41,472/57,439  elapsed 11.4s]
    [46,592/57,439  elapsed 12.8s]
    [51,712/57,439  elapsed 14.2s]
    [56,832/57,439  elapsed 15.6s]
  eval done in 15.8s
  by-popularity NDCG@10: tail=0.0010(n=7,762)  mid=0.0045(n=8,169)  head=0.0586(n=41,508)
  evaluating 57,439 users in batches of 512...
    [512/57,439  elapsed 0.1s]
    [5,632/57,439  elapsed 1.6s]
    [10,752/57,439  elapsed 3.0s]
    [15,872/57,439  elapsed 4.4s]
    [20,992/57,439  elapsed 5.8s]
    [26,112/57,439  elapsed 7.2s]
    [31,232/57,439  elapsed 8.7s]
    [36,352/57,439  elapsed 10.1s]
    [41,472/57,439  elapsed 11.5s]
    [46,592/57,439  elapsed 12.9s]
    [51,712/57,439  elapsed 14.3s]
    [56,832/57,439  elapsed 15.8s]
  eval done in 15.9s
  by-popularity NDCG@10: tail=0.0008(n=8,800)  mid=0.0043(n=8,657)  head=0.0544(n=39,982)
  epoch  12  loss=8.4628  val_NDCG=0.0431  test_NDCG=0.0386  test_HR=0.0701  (5.7s)
  evaluating 57,439 users in batches of 512...
    [512/57,439  elapsed 0.2s]
    [5,632/57,439  elapsed 1.6s]
    [10,752/57,439  elapsed 3.0s]
    [15,872/57,439  elapsed 4.4s]
    [20,992/57,439  elapsed 5.8s]
    [26,112/57,439  elapsed 7.2s]
    [31,232/57,439  elapsed 8.6s]
    [36,352/57,439  elapsed 10.0s]
    [41,472/57,439  elapsed 11.5s]
    [46,592/57,439  elapsed 12.9s]
    [51,712/57,439  elapsed 14.3s]
    [56,832/57,439  elapsed 15.7s]
  eval done in 15.8s
  by-popularity NDCG@10: tail=0.0011(n=7,762)  mid=0.0049(n=8,169)  head=0.0593(n=41,508)
  evaluating 57,439 users in batches of 512...
    [512/57,439  elapsed 0.1s]
    [5,632/57,439  elapsed 1.6s]
    [10,752/57,439  elapsed 3.0s]
    [15,872/57,439  elapsed 4.4s]
    [20,992/57,439  elapsed 5.8s]
    [26,112/57,439  elapsed 7.2s]
    [31,232/57,439  elapsed 8.6s]
    [36,352/57,439  elapsed 10.1s]
    [41,472/57,439  elapsed 11.5s]
    [46,592/57,439  elapsed 12.9s]
    [51,712/57,439  elapsed 14.3s]
    [56,832/57,439  elapsed 15.7s]
  eval done in 15.9s
  by-popularity NDCG@10: tail=0.0009(n=8,800)  mid=0.0047(n=8,657)  head=0.0548(n=39,982)
  epoch  13  loss=8.4352  val_NDCG=0.0437  test_NDCG=0.0390  test_HR=0.0711  (5.7s)
  evaluating 57,439 users in batches of 512...
    [512/57,439  elapsed 0.2s]
    [5,632/57,439  elapsed 1.6s]
    [10,752/57,439  elapsed 3.0s]
    [15,872/57,439  elapsed 4.4s]
    [20,992/57,439  elapsed 5.8s]
    [26,112/57,439  elapsed 7.2s]
    [31,232/57,439  elapsed 8.6s]
    [36,352/57,439  elapsed 10.0s]
    [41,472/57,439  elapsed 11.4s]
    [46,592/57,439  elapsed 12.9s]
    [51,712/57,439  elapsed 14.3s]
    [56,832/57,439  elapsed 15.7s]
  eval done in 15.8s
  by-popularity NDCG@10: tail=0.0011(n=7,762)  mid=0.0049(n=8,169)  head=0.0595(n=41,508)
  evaluating 57,439 users in batches of 512...
    [512/57,439  elapsed 0.1s]
    [5,632/57,439  elapsed 1.5s]
    [10,752/57,439  elapsed 3.0s]
    [15,872/57,439  elapsed 4.4s]
    [20,992/57,439  elapsed 5.8s]
    [26,112/57,439  elapsed 7.2s]
    [31,232/57,439  elapsed 8.6s]
    [36,352/57,439  elapsed 10.0s]
    [41,472/57,439  elapsed 11.5s]
    [46,592/57,439  elapsed 12.9s]
    [51,712/57,439  elapsed 14.3s]
    [56,832/57,439  elapsed 15.7s]
  eval done in 15.9s
  by-popularity NDCG@10: tail=0.0010(n=8,800)  mid=0.0049(n=8,657)  head=0.0547(n=39,982)
  epoch  14  loss=8.4092  val_NDCG=0.0438  test_NDCG=0.0390  test_HR=0.0707  (5.8s)
  evaluating 57,439 users in batches of 512...
    [512/57,439  elapsed 0.2s]
    [5,632/57,439  elapsed 1.6s]
    [10,752/57,439  elapsed 3.0s]
    [15,872/57,439  elapsed 4.4s]
    [20,992/57,439  elapsed 5.8s]
    [26,112/57,439  elapsed 7.2s]
    [31,232/57,439  elapsed 8.6s]
    [36,352/57,439  elapsed 10.0s]
    [41,472/57,439  elapsed 11.4s]
    [46,592/57,439  elapsed 12.8s]
    [51,712/57,439  elapsed 14.2s]
    [56,832/57,439  elapsed 15.6s]
  eval done in 15.8s
  by-popularity NDCG@10: tail=0.0012(n=7,762)  mid=0.0049(n=8,169)  head=0.0587(n=41,508)
  evaluating 57,439 users in batches of 512...
    [512/57,439  elapsed 0.1s]
    [5,632/57,439  elapsed 1.6s]
    [10,752/57,439  elapsed 3.0s]
    [15,872/57,439  elapsed 4.4s]
    [20,992/57,439  elapsed 5.8s]
    [26,112/57,439  elapsed 7.2s]
    [31,232/57,439  elapsed 8.6s]
    [36,352/57,439  elapsed 10.0s]
    [41,472/57,439  elapsed 11.4s]
    [46,592/57,439  elapsed 12.8s]
    [51,712/57,439  elapsed 14.2s]
    [56,832/57,439  elapsed 15.6s]
  eval done in 15.8s
  by-popularity NDCG@10: tail=0.0011(n=8,800)  mid=0.0053(n=8,657)  head=0.0544(n=39,982)
  epoch  15  loss=8.3879  val_NDCG=0.0433  test_NDCG=0.0388  test_HR=0.0704  (5.8s)
  evaluating 57,439 users in batches of 512...
    [512/57,439  elapsed 0.1s]
    [5,632/57,439  elapsed 1.5s]
    [10,752/57,439  elapsed 2.9s]
    [15,872/57,439  elapsed 4.3s]
    [20,992/57,439  elapsed 5.7s]
    [26,112/57,439  elapsed 7.1s]
    [31,232/57,439  elapsed 8.5s]
    [36,352/57,439  elapsed 9.9s]
    [41,472/57,439  elapsed 11.3s]
    [46,592/57,439  elapsed 12.7s]
    [51,712/57,439  elapsed 14.1s]
    [56,832/57,439  elapsed 15.6s]
  eval done in 15.7s
  by-popularity NDCG@10: tail=0.0013(n=7,762)  mid=0.0049(n=8,169)  head=0.0587(n=41,508)
  evaluating 57,439 users in batches of 512...
    [512/57,439  elapsed 0.1s]
    [5,632/57,439  elapsed 1.6s]
    [10,752/57,439  elapsed 3.0s]
    [15,872/57,439  elapsed 4.4s]
    [20,992/57,439  elapsed 5.8s]
    [26,112/57,439  elapsed 7.2s]
    [31,232/57,439  elapsed 8.6s]
    [36,352/57,439  elapsed 10.1s]
    [41,472/57,439  elapsed 11.5s]
    [46,592/57,439  elapsed 12.9s]
    [51,712/57,439  elapsed 14.3s]
    [56,832/57,439  elapsed 15.7s]
  eval done in 15.9s
  by-popularity NDCG@10: tail=0.0011(n=8,800)  mid=0.0055(n=8,657)  head=0.0548(n=39,982)
  epoch  16  loss=8.3709  val_NDCG=0.0433  test_NDCG=0.0392  test_HR=0.0711  (5.8s)
  evaluating 57,439 users in batches of 512...
    [512/57,439  elapsed 0.2s]
    [5,632/57,439  elapsed 1.6s]
    [10,752/57,439  elapsed 3.0s]
    [15,872/57,439  elapsed 4.4s]
    [20,992/57,439  elapsed 5.8s]
    [26,112/57,439  elapsed 7.2s]
    [31,232/57,439  elapsed 8.6s]
    [36,352/57,439  elapsed 10.0s]
    [41,472/57,439  elapsed 11.4s]
    [46,592/57,439  elapsed 12.8s]
    [51,712/57,439  elapsed 14.2s]
    [56,832/57,439  elapsed 15.6s]
  eval done in 15.8s
  by-popularity NDCG@10: tail=0.0013(n=7,762)  mid=0.0050(n=8,169)  head=0.0591(n=41,508)
  evaluating 57,439 users in batches of 512...
    [512/57,439  elapsed 0.1s]
    [5,632/57,439  elapsed 1.5s]
    [10,752/57,439  elapsed 3.0s]
    [15,872/57,439  elapsed 4.4s]
    [20,992/57,439  elapsed 5.8s]
    [26,112/57,439  elapsed 7.2s]
    [31,232/57,439  elapsed 8.6s]
    [36,352/57,439  elapsed 10.0s]
    [41,472/57,439  elapsed 11.4s]
    [46,592/57,439  elapsed 12.8s]
    [51,712/57,439  elapsed 14.2s]
    [56,832/57,439  elapsed 15.6s]
  eval done in 15.8s
  by-popularity NDCG@10: tail=0.0012(n=8,800)  mid=0.0055(n=8,657)  head=0.0548(n=39,982)
  epoch  17  loss=8.3573  val_NDCG=0.0436  test_NDCG=0.0391  test_HR=0.0713  (5.8s)
  evaluating 57,439 users in batches of 512...
    [512/57,439  elapsed 0.1s]
    [5,632/57,439  elapsed 1.5s]
    [10,752/57,439  elapsed 2.9s]
    [15,872/57,439  elapsed 4.3s]
    [20,992/57,439  elapsed 5.7s]
    [26,112/57,439  elapsed 7.1s]
    [31,232/57,439  elapsed 8.5s]
    [36,352/57,439  elapsed 9.9s]
    [41,472/57,439  elapsed 11.3s]
    [46,592/57,439  elapsed 12.8s]
    [51,712/57,439  elapsed 14.2s]
    [56,832/57,439  elapsed 15.6s]
  eval done in 15.7s
  by-popularity NDCG@10: tail=0.0013(n=7,762)  mid=0.0051(n=8,169)  head=0.0589(n=41,508)
  evaluating 57,439 users in batches of 512...
    [512/57,439  elapsed 0.1s]
    [5,632/57,439  elapsed 1.6s]
    [10,752/57,439  elapsed 3.0s]
    [15,872/57,439  elapsed 4.4s]
    [20,992/57,439  elapsed 5.8s]
    [26,112/57,439  elapsed 7.3s]
    [31,232/57,439  elapsed 8.7s]
    [36,352/57,439  elapsed 10.1s]
    [41,472/57,439  elapsed 11.5s]
    [46,592/57,439  elapsed 12.9s]
    [51,712/57,439  elapsed 14.3s]
    [56,832/57,439  elapsed 15.7s]
  eval done in 15.9s
  by-popularity NDCG@10: tail=0.0012(n=8,800)  mid=0.0054(n=8,657)  head=0.0548(n=39,982)
  epoch  18  loss=8.3480  val_NDCG=0.0435  test_NDCG=0.0391  test_HR=0.0709  (5.8s)
  evaluating 57,439 users in batches of 512...
    [512/57,439  elapsed 0.2s]
    [5,632/57,439  elapsed 1.6s]
    [10,752/57,439  elapsed 3.0s]
    [15,872/57,439  elapsed 4.4s]
    [20,992/57,439  elapsed 5.8s]
    [26,112/57,439  elapsed 7.2s]
    [31,232/57,439  elapsed 8.6s]
    [36,352/57,439  elapsed 10.1s]
    [41,472/57,439  elapsed 11.5s]
    [46,592/57,439  elapsed 12.9s]
    [51,712/57,439  elapsed 14.3s]
    [56,832/57,439  elapsed 15.7s]
  eval done in 15.9s
  by-popularity NDCG@10: tail=0.0013(n=7,762)  mid=0.0051(n=8,169)  head=0.0588(n=41,508)
  evaluating 57,439 users in batches of 512...
    [512/57,439  elapsed 0.1s]
    [5,632/57,439  elapsed 1.6s]
    [10,752/57,439  elapsed 3.0s]
    [15,872/57,439  elapsed 4.4s]
    [20,992/57,439  elapsed 5.8s]
    [26,112/57,439  elapsed 7.2s]
    [31,232/57,439  elapsed 8.7s]
    [36,352/57,439  elapsed 10.1s]
    [41,472/57,439  elapsed 11.5s]
    [46,592/57,439  elapsed 12.9s]
    [51,712/57,439  elapsed 14.3s]
    [56,832/57,439  elapsed 15.7s]
  eval done in 15.9s
  by-popularity NDCG@10: tail=0.0012(n=8,800)  mid=0.0054(n=8,657)  head=0.0547(n=39,982)
  epoch  19  loss=8.3418  val_NDCG=0.0434  test_NDCG=0.0391  test_HR=0.0710  (5.7s)
  evaluating 57,439 users in batches of 512...
    [512/57,439  elapsed 0.2s]
    [5,632/57,439  elapsed 1.6s]
    [10,752/57,439  elapsed 3.0s]
    [15,872/57,439  elapsed 4.4s]
    [20,992/57,439  elapsed 5.8s]
    [26,112/57,439  elapsed 7.2s]
    [31,232/57,439  elapsed 8.6s]
    [36,352/57,439  elapsed 10.0s]
    [41,472/57,439  elapsed 11.4s]
    [46,592/57,439  elapsed 12.8s]
    [51,712/57,439  elapsed 14.2s]
    [56,832/57,439  elapsed 15.6s]
  eval done in 15.7s
  by-popularity NDCG@10: tail=0.0013(n=7,762)  mid=0.0052(n=8,169)  head=0.0588(n=41,508)
  evaluating 57,439 users in batches of 512...
    [512/57,439  elapsed 0.1s]
    [5,632/57,439  elapsed 1.6s]
    [10,752/57,439  elapsed 3.0s]
    [15,872/57,439  elapsed 4.4s]
    [20,992/57,439  elapsed 5.8s]
    [26,112/57,439  elapsed 7.2s]
    [31,232/57,439  elapsed 8.6s]
    [36,352/57,439  elapsed 10.1s]
    [41,472/57,439  elapsed 11.5s]
    [46,592/57,439  elapsed 12.9s]
    [51,712/57,439  elapsed 14.3s]
    [56,832/57,439  elapsed 15.7s]
  eval done in 15.9s
  by-popularity NDCG@10: tail=0.0012(n=8,800)  mid=0.0054(n=8,657)  head=0.0548(n=39,982)
  epoch  20  loss=8.3397  val_NDCG=0.0434  test_NDCG=0.0391  test_HR=0.0710  (5.8s)

=== Best by val NDCG@10 ===
  val_NDCG=0.0438
  test: {'NDCG@10': 0.03899552248026732, 'HR@10': 0.07073591114051428, 'MRR': 0.03553943690583861, 'n_eval': 57439, 'by_popularity': {'tail': {'NDCG@10': 0.0009627132156836779, 'HR@10': 0.0020454545454545456, 'n': 8800, 'n_hit@10': 18, 'HR@20': 0.004090909090909091, 'n_hit@20': 36, 'HR@50': 0.011363636363636364, 'n_hit@50': 100, 'HR@100': 0.026590909090909092, 'n_hit@100': 234}, 'mid': {'NDCG@10': 0.004943035083522066, 'HR@10': 0.009125563128104424, 'n': 8657, 'n_hit@10': 79, 'HR@20': 0.01721150514034885, 'n_hit@20': 149, 'HR@50': 0.03869700820145547, 'n_hit@50': 335, 'HR@100': 0.07173385699433985, 'n_hit@100': 621}, 'head': {'NDCG@10': 0.05473963495392945, 'HR@10': 0.09919463758691412, 'n': 39982, 'n_hit@10': 3966, 'HR@20': 0.14208894002301037, 'n_hit@20': 5681, 'HR@50': 0.22327547396328348, 'n_hit@50': 8927, 'HR@100': 0.3019358711420139, 'n_hit@100': 12072}}}
wrote C:\Users\rayxc\Documents\R\_bestrec_run\results_MI_FIRV3_a0ident_seed20260718.users.jsonl.gz (57,439 per-user records, best epoch 14, sha256 30859ae9b420…)
wrote C:\Users\rayxc\Documents\R\_bestrec_run\results_MI_FIRV3_a0ident_seed20260718.final.users.jsonl.gz (57,439 FINAL-epoch per-user records)
  fir_v3 final ||DELTA||_2 = 0.000000

wrote C:\Users\rayxc\Documents\R\_bestrec_run\results_MI_FIRV3_a0ident_seed20260718.json
[17/24] results_MI_FIRV3_a1learned_seed20260718.json
  random seed set to 20260718
=== Musical_Instruments: load splits ===
  n_users=57,439  n_items=24,587  pad_id=24587
  built sequences for 57,439 users
  built timestamp sequences (12 time buckets)
  loading SBERT embeddings from C:\Users\rayxc\Documents\R\cache_5core\sbert_titles_Musical_Instruments.npy...
  TAPE: k-means 24,587 text embeddings into K=512 prototypes (tau=0.05)...
  TAPE: K=512 mean max-assignment weight = 0.525 (1.0 = hard clustering)

=== Build SASRec-SBERT (d=64, layers=4, heads=2) ===
  total params: 11,186,046  device=cuda
  57,439 training examples / 225 batches per epoch
  init_state_sha256 = 946cac6f5b17e77447d6a0ae07bbda829a0d48a4d65e66818dfd225b3a2c6afa
  LR schedule: warmup_cosine (225 warmup + 4275 cosine steps)

=== Train for 20 epochs ===
  evaluating 57,439 users in batches of 512...
    [512/57,439  elapsed 0.2s]
    [5,632/57,439  elapsed 1.6s]
    [10,752/57,439  elapsed 3.0s]
    [15,872/57,439  elapsed 4.4s]
    [20,992/57,439  elapsed 5.8s]
    [26,112/57,439  elapsed 7.2s]
    [31,232/57,439  elapsed 8.6s]
    [36,352/57,439  elapsed 10.0s]
    [41,472/57,439  elapsed 11.4s]
    [46,592/57,439  elapsed 12.8s]
    [51,712/57,439  elapsed 14.2s]
    [56,832/57,439  elapsed 15.6s]
  eval done in 15.7s
  by-popularity NDCG@10: tail=0.0001(n=7,762)  mid=0.0001(n=8,169)  head=0.0378(n=41,508)
  evaluating 57,439 users in batches of 512...
    [512/57,439  elapsed 0.1s]
    [5,632/57,439  elapsed 1.5s]
    [10,752/57,439  elapsed 3.0s]
    [15,872/57,439  elapsed 4.4s]
    [20,992/57,439  elapsed 5.8s]
    [26,112/57,439  elapsed 7.2s]
    [31,232/57,439  elapsed 8.6s]
    [36,352/57,439  elapsed 10.0s]
    [41,472/57,439  elapsed 11.4s]
    [46,592/57,439  elapsed 12.8s]
    [51,712/57,439  elapsed 14.2s]
    [56,832/57,439  elapsed 15.6s]
  eval done in 15.8s
  by-popularity NDCG@10: tail=0.0000(n=8,800)  mid=0.0003(n=8,657)  head=0.0349(n=39,982)
  epoch   1  loss=9.6194  val_NDCG=0.0273  test_NDCG=0.0243  test_HR=0.0460  (6.0s)
  evaluating 57,439 users in batches of 512...
    [512/57,439  elapsed 0.2s]
    [5,632/57,439  elapsed 1.5s]
    [10,752/57,439  elapsed 2.9s]
    [15,872/57,439  elapsed 4.3s]
    [20,992/57,439  elapsed 5.7s]
    [26,112/57,439  elapsed 7.1s]
    [31,232/57,439  elapsed 8.5s]
    [36,352/57,439  elapsed 9.9s]
    [41,472/57,439  elapsed 11.3s]
    [46,592/57,439  elapsed 12.7s]
    [51,712/57,439  elapsed 14.1s]
    [56,832/57,439  elapsed 15.5s]
  eval done in 15.7s
  by-popularity NDCG@10: tail=0.0000(n=7,762)  mid=0.0005(n=8,169)  head=0.0462(n=41,508)
  evaluating 57,439 users in batches of 512...
    [512/57,439  elapsed 0.1s]
    [5,632/57,439  elapsed 1.5s]
    [10,752/57,439  elapsed 3.0s]
    [15,872/57,439  elapsed 4.4s]
    [20,992/57,439  elapsed 5.8s]
    [26,112/57,439  elapsed 7.2s]
    [31,232/57,439  elapsed 8.6s]
    [36,352/57,439  elapsed 10.0s]
    [41,472/57,439  elapsed 11.4s]
    [46,592/57,439  elapsed 12.8s]
    [51,712/57,439  elapsed 14.2s]
    [56,832/57,439  elapsed 15.6s]
  eval done in 15.8s
  by-popularity NDCG@10: tail=0.0001(n=8,800)  mid=0.0004(n=8,657)  head=0.0447(n=39,982)
  epoch   2  loss=9.0857  val_NDCG=0.0335  test_NDCG=0.0312  test_HR=0.0585  (5.7s)
  evaluating 57,439 users in batches of 512...
    [512/57,439  elapsed 0.2s]
    [5,632/57,439  elapsed 1.6s]
    [10,752/57,439  elapsed 3.0s]
    [15,872/57,439  elapsed 4.4s]
    [20,992/57,439  elapsed 5.8s]
    [26,112/57,439  elapsed 7.2s]
    [31,232/57,439  elapsed 8.6s]
    [36,352/57,439  elapsed 10.0s]
    [41,472/57,439  elapsed 11.4s]
    [46,592/57,439  elapsed 12.8s]
    [51,712/57,439  elapsed 14.2s]
    [56,832/57,439  elapsed 15.6s]
  eval done in 15.8s
  by-popularity NDCG@10: tail=0.0001(n=7,762)  mid=0.0010(n=8,169)  head=0.0532(n=41,508)
  evaluating 57,439 users in batches of 512...
    [512/57,439  elapsed 0.1s]
    [5,632/57,439  elapsed 1.5s]
    [10,752/57,439  elapsed 3.0s]
    [15,872/57,439  elapsed 4.4s]
    [20,992/57,439  elapsed 5.8s]
    [26,112/57,439  elapsed 7.2s]
    [31,232/57,439  elapsed 8.6s]
    [36,352/57,439  elapsed 10.0s]
    [41,472/57,439  elapsed 11.4s]
    [46,592/57,439  elapsed 12.8s]
    [51,712/57,439  elapsed 14.2s]
    [56,832/57,439  elapsed 15.6s]
  eval done in 15.8s
  by-popularity NDCG@10: tail=0.0000(n=8,800)  mid=0.0009(n=8,657)  head=0.0505(n=39,982)
  epoch   3  loss=8.9255  val_NDCG=0.0386  test_NDCG=0.0353  test_HR=0.0652  (5.8s)
  evaluating 57,439 users in batches of 512...
    [512/57,439  elapsed 0.2s]
    [5,632/57,439  elapsed 1.5s]
    [10,752/57,439  elapsed 2.9s]
    [15,872/57,439  elapsed 4.3s]
    [20,992/57,439  elapsed 5.8s]
    [26,112/57,439  elapsed 7.2s]
    [31,232/57,439  elapsed 8.6s]
    [36,352/57,439  elapsed 10.0s]
    [41,472/57,439  elapsed 11.3s]
    [46,592/57,439  elapsed 12.8s]
    [51,712/57,439  elapsed 14.2s]
    [56,832/57,439  elapsed 15.6s]
  eval done in 15.7s
  by-popularity NDCG@10: tail=0.0001(n=7,762)  mid=0.0016(n=8,169)  head=0.0562(n=41,508)
  evaluating 57,439 users in batches of 512...
    [512/57,439  elapsed 0.1s]
    [5,632/57,439  elapsed 1.6s]
    [10,752/57,439  elapsed 3.0s]
    [15,872/57,439  elapsed 4.4s]
    [20,992/57,439  elapsed 5.8s]
    [26,112/57,439  elapsed 7.2s]
    [31,232/57,439  elapsed 8.6s]
    [36,352/57,439  elapsed 10.0s]
    [41,472/57,439  elapsed 11.4s]
    [46,592/57,439  elapsed 12.8s]
    [51,712/57,439  elapsed 14.2s]
    [56,832/57,439  elapsed 15.6s]
  eval done in 15.8s
  by-popularity NDCG@10: tail=0.0001(n=8,800)  mid=0.0013(n=8,657)  head=0.0534(n=39,982)
  epoch   4  loss=8.8215  val_NDCG=0.0408  test_NDCG=0.0374  test_HR=0.0683  (5.8s)
  evaluating 57,439 users in batches of 512...
    [512/57,439  elapsed 0.1s]
    [5,632/57,439  elapsed 1.5s]
    [10,752/57,439  elapsed 2.9s]
    [15,872/57,439  elapsed 4.3s]
    [20,992/57,439  elapsed 5.7s]
    [26,112/57,439  elapsed 7.1s]
    [31,232/57,439  elapsed 8.5s]
    [36,352/57,439  elapsed 9.9s]
    [41,472/57,439  elapsed 11.3s]
    [46,592/57,439  elapsed 12.7s]
    [51,712/57,439  elapsed 14.1s]
    [56,832/57,439  elapsed 15.5s]
  eval done in 15.7s
  by-popularity NDCG@10: tail=0.0002(n=7,762)  mid=0.0026(n=8,169)  head=0.0584(n=41,508)
  evaluating 57,439 users in batches of 512...
    [512/57,439  elapsed 0.1s]
    [5,632/57,439  elapsed 1.5s]
    [10,752/57,439  elapsed 3.0s]
    [15,872/57,439  elapsed 4.4s]
    [20,992/57,439  elapsed 5.8s]
    [26,112/57,439  elapsed 7.2s]
    [31,232/57,439  elapsed 8.6s]
    [36,352/57,439  elapsed 10.0s]
    [41,472/57,439  elapsed 11.4s]
    [46,592/57,439  elapsed 12.8s]
    [51,712/57,439  elapsed 14.2s]
    [56,832/57,439  elapsed 15.6s]
  eval done in 15.8s
  by-popularity NDCG@10: tail=0.0002(n=8,800)  mid=0.0023(n=8,657)  head=0.0550(n=39,982)
  epoch   5  loss=8.7420  val_NDCG=0.0426  test_NDCG=0.0387  test_HR=0.0710  (5.8s)
  evaluating 57,439 users in batches of 512...
    [512/57,439  elapsed 0.1s]
    [5,632/57,439  elapsed 1.5s]
    [10,752/57,439  elapsed 2.9s]
    [15,872/57,439  elapsed 4.3s]
    [20,992/57,439  elapsed 5.7s]
    [26,112/57,439  elapsed 7.1s]
    [31,232/57,439  elapsed 8.5s]
    [36,352/57,439  elapsed 9.9s]
    [41,472/57,439  elapsed 11.3s]
    [46,592/57,439  elapsed 12.7s]
    [51,712/57,439  elapsed 14.1s]
    [56,832/57,439  elapsed 15.5s]
  eval done in 15.7s
  by-popularity NDCG@10: tail=0.0004(n=7,762)  mid=0.0034(n=8,169)  head=0.0596(n=41,508)
  evaluating 57,439 users in batches of 512...
    [512/57,439  elapsed 0.1s]
    [5,632/57,439  elapsed 1.5s]
    [10,752/57,439  elapsed 3.0s]
    [15,872/57,439  elapsed 4.4s]
    [20,992/57,439  elapsed 5.8s]
    [26,112/57,439  elapsed 7.2s]
    [31,232/57,439  elapsed 8.6s]
    [36,352/57,439  elapsed 10.0s]
    [41,472/57,439  elapsed 11.4s]
    [46,592/57,439  elapsed 12.8s]
    [51,712/57,439  elapsed 14.2s]
    [56,832/57,439  elapsed 15.6s]
  eval done in 15.8s
  by-popularity NDCG@10: tail=0.0004(n=8,800)  mid=0.0033(n=8,657)  head=0.0565(n=39,982)
  epoch   6  loss=8.6754  val_NDCG=0.0436  test_NDCG=0.0399  test_HR=0.0726  (5.8s)
  evaluating 57,439 users in batches of 512...
    [512/57,439  elapsed 0.2s]
    [5,632/57,439  elapsed 1.6s]
    [10,752/57,439  elapsed 3.0s]
    [15,872/57,439  elapsed 4.4s]
    [20,992/57,439  elapsed 5.8s]
    [26,112/57,439  elapsed 7.2s]
    [31,232/57,439  elapsed 8.6s]
    [36,352/57,439  elapsed 10.1s]
    [41,472/57,439  elapsed 11.6s]
    [46,592/57,439  elapsed 13.1s]
    [51,712/57,439  elapsed 14.5s]
    [56,832/57,439  elapsed 15.9s]
  eval done in 16.0s
  by-popularity NDCG@10: tail=0.0006(n=7,762)  mid=0.0038(n=8,169)  head=0.0604(n=41,508)
  evaluating 57,439 users in batches of 512...
    [512/57,439  elapsed 0.1s]
    [5,632/57,439  elapsed 1.6s]
    [10,752/57,439  elapsed 3.0s]
    [15,872/57,439  elapsed 4.4s]
    [20,992/57,439  elapsed 5.8s]
    [26,112/57,439  elapsed 7.2s]
    [31,232/57,439  elapsed 8.7s]
    [36,352/57,439  elapsed 10.1s]
    [41,472/57,439  elapsed 11.5s]
    [46,592/57,439  elapsed 13.0s]
    [51,712/57,439  elapsed 14.4s]
    [56,832/57,439  elapsed 15.8s]
  eval done in 16.0s
  by-popularity NDCG@10: tail=0.0004(n=8,800)  mid=0.0039(n=8,657)  head=0.0578(n=39,982)
  epoch   7  loss=8.6179  val_NDCG=0.0443  test_NDCG=0.0409  test_HR=0.0740  (5.8s)
  evaluating 57,439 users in batches of 512...
    [512/57,439  elapsed 0.1s]
    [5,632/57,439  elapsed 1.6s]
    [10,752/57,439  elapsed 3.1s]
    [15,872/57,439  elapsed 4.5s]
    [20,992/57,439  elapsed 6.0s]
    [26,112/57,439  elapsed 7.4s]
    [31,232/57,439  elapsed 8.8s]
    [36,352/57,439  elapsed 10.2s]
    [41,472/57,439  elapsed 11.6s]
    [46,592/57,439  elapsed 13.0s]
    [51,712/57,439  elapsed 14.4s]
    [56,832/57,439  elapsed 15.8s]
  eval done in 15.9s
  by-popularity NDCG@10: tail=0.0009(n=7,762)  mid=0.0047(n=8,169)  head=0.0610(n=41,508)
  evaluating 57,439 users in batches of 512...
    [512/57,439  elapsed 0.1s]
    [5,632/57,439  elapsed 1.5s]
    [10,752/57,439  elapsed 3.0s]
    [15,872/57,439  elapsed 4.3s]
    [20,992/57,439  elapsed 5.7s]
    [26,112/57,439  elapsed 7.2s]
    [31,232/57,439  elapsed 8.6s]
    [36,352/57,439  elapsed 10.0s]
    [41,472/57,439  elapsed 11.4s]
    [46,592/57,439  elapsed 12.8s]
    [51,712/57,439  elapsed 14.2s]
    [56,832/57,439  elapsed 15.6s]
  eval done in 15.8s
  by-popularity NDCG@10: tail=0.0007(n=8,800)  mid=0.0045(n=8,657)  head=0.0575(n=39,982)
  epoch   8  loss=8.5662  val_NDCG=0.0449  test_NDCG=0.0408  test_HR=0.0742  (6.2s)
  evaluating 57,439 users in batches of 512...
    [512/57,439  elapsed 0.1s]
    [5,632/57,439  elapsed 1.5s]
    [10,752/57,439  elapsed 2.9s]
    [15,872/57,439  elapsed 4.3s]
    [20,992/57,439  elapsed 5.7s]
    [26,112/57,439  elapsed 7.1s]
    [31,232/57,439  elapsed 8.5s]
    [36,352/57,439  elapsed 9.9s]
    [41,472/57,439  elapsed 11.3s]
    [46,592/57,439  elapsed 12.7s]
    [51,712/57,439  elapsed 14.1s]
    [56,832/57,439  elapsed 15.5s]
  eval done in 15.7s
  by-popularity NDCG@10: tail=0.0012(n=7,762)  mid=0.0053(n=8,169)  head=0.0610(n=41,508)
  evaluating 57,439 users in batches of 512...
    [512/57,439  elapsed 0.1s]
    [5,632/57,439  elapsed 1.5s]
    [10,752/57,439  elapsed 2.9s]
    [15,872/57,439  elapsed 4.4s]
    [20,992/57,439  elapsed 5.8s]
    [26,112/57,439  elapsed 7.2s]
    [31,232/57,439  elapsed 8.6s]
    [36,352/57,439  elapsed 10.0s]
    [41,472/57,439  elapsed 11.4s]
    [46,592/57,439  elapsed 12.8s]
    [51,712/57,439  elapsed 14.2s]
    [56,832/57,439  elapsed 15.6s]
  eval done in 15.8s
  by-popularity NDCG@10: tail=0.0009(n=8,800)  mid=0.0046(n=8,657)  head=0.0574(n=39,982)
  epoch   9  loss=8.5172  val_NDCG=0.0450  test_NDCG=0.0408  test_HR=0.0737  (5.8s)
  evaluating 57,439 users in batches of 512...
    [512/57,439  elapsed 0.2s]
    [5,632/57,439  elapsed 1.6s]
    [10,752/57,439  elapsed 3.0s]
    [15,872/57,439  elapsed 4.4s]
    [20,992/57,439  elapsed 5.8s]
    [26,112/57,439  elapsed 7.2s]
    [31,232/57,439  elapsed 8.6s]
    [36,352/57,439  elapsed 10.0s]
    [41,472/57,439  elapsed 11.4s]
    [46,592/57,439  elapsed 12.8s]
    [51,712/57,439  elapsed 14.2s]
    [56,832/57,439  elapsed 15.6s]
  eval done in 15.8s
  by-popularity NDCG@10: tail=0.0014(n=7,762)  mid=0.0056(n=8,169)  head=0.0618(n=41,508)
  evaluating 57,439 users in batches of 512...
    [512/57,439  elapsed 0.1s]
    [5,632/57,439  elapsed 1.6s]
    [10,752/57,439  elapsed 3.0s]
    [15,872/57,439  elapsed 4.4s]
    [20,992/57,439  elapsed 5.8s]
    [26,112/57,439  elapsed 7.2s]
    [31,232/57,439  elapsed 8.6s]
    [36,352/57,439  elapsed 10.0s]
    [41,472/57,439  elapsed 11.4s]
    [46,592/57,439  elapsed 12.8s]
    [51,712/57,439  elapsed 14.2s]
    [56,832/57,439  elapsed 15.6s]
  eval done in 15.8s
  by-popularity NDCG@10: tail=0.0011(n=8,800)  mid=0.0051(n=8,657)  head=0.0577(n=39,982)
  epoch  10  loss=8.4745  val_NDCG=0.0456  test_NDCG=0.0411  test_HR=0.0742  (5.8s)
  evaluating 57,439 users in batches of 512...
    [512/57,439  elapsed 0.2s]
    [5,632/57,439  elapsed 1.5s]
    [10,752/57,439  elapsed 2.9s]
    [15,872/57,439  elapsed 4.3s]
    [20,992/57,439  elapsed 5.8s]
    [26,112/57,439  elapsed 7.2s]
    [31,232/57,439  elapsed 8.6s]
    [36,352/57,439  elapsed 10.0s]
    [41,472/57,439  elapsed 11.4s]
    [46,592/57,439  elapsed 12.8s]
    [51,712/57,439  elapsed 14.2s]
    [56,832/57,439  elapsed 15.6s]
  eval done in 15.8s
  by-popularity NDCG@10: tail=0.0015(n=7,762)  mid=0.0063(n=8,169)  head=0.0618(n=41,508)
  evaluating 57,439 users in batches of 512...
    [512/57,439  elapsed 0.1s]
    [5,632/57,439  elapsed 1.5s]
    [10,752/57,439  elapsed 2.9s]
    [15,872/57,439  elapsed 4.3s]
    [20,992/57,439  elapsed 5.8s]
    [26,112/57,439  elapsed 7.2s]
    [31,232/57,439  elapsed 8.6s]
    [36,352/57,439  elapsed 10.0s]
    [41,472/57,439  elapsed 11.4s]
    [46,592/57,439  elapsed 12.8s]
    [51,712/57,439  elapsed 14.2s]
    [56,832/57,439  elapsed 15.6s]
  eval done in 15.8s
  by-popularity NDCG@10: tail=0.0013(n=8,800)  mid=0.0059(n=8,657)  head=0.0569(n=39,982)
  epoch  11  loss=8.4364  val_NDCG=0.0458  test_NDCG=0.0407  test_HR=0.0736  (5.8s)
  evaluating 57,439 users in batches of 512...
    [512/57,439  elapsed 0.2s]
    [5,632/57,439  elapsed 1.6s]
    [10,752/57,439  elapsed 3.0s]
    [15,872/57,439  elapsed 4.4s]
    [20,992/57,439  elapsed 5.8s]
    [26,112/57,439  elapsed 7.2s]
    [31,232/57,439  elapsed 8.6s]
    [36,352/57,439  elapsed 10.0s]
    [41,472/57,439  elapsed 11.4s]
    [46,592/57,439  elapsed 12.8s]
    [51,712/57,439  elapsed 14.2s]
    [56,832/57,439  elapsed 15.6s]
  eval done in 15.7s
  by-popularity NDCG@10: tail=0.0019(n=7,762)  mid=0.0061(n=8,169)  head=0.0621(n=41,508)
  evaluating 57,439 users in batches of 512...
    [512/57,439  elapsed 0.1s]
    [5,632/57,439  elapsed 1.5s]
    [10,752/57,439  elapsed 3.0s]
    [15,872/57,439  elapsed 4.4s]
    [20,992/57,439  elapsed 5.8s]
    [26,112/57,439  elapsed 7.2s]
    [31,232/57,439  elapsed 8.6s]
    [36,352/57,439  elapsed 10.0s]
    [41,472/57,439  elapsed 11.4s]
    [46,592/57,439  elapsed 12.9s]
    [51,712/57,439  elapsed 14.3s]
    [56,832/57,439  elapsed 15.7s]
  eval done in 15.9s
  by-popularity NDCG@10: tail=0.0014(n=8,800)  mid=0.0058(n=8,657)  head=0.0575(n=39,982)
  epoch  12  loss=8.4008  val_NDCG=0.0460  test_NDCG=0.0411  test_HR=0.0741  (5.8s)
  evaluating 57,439 users in batches of 512...
    [512/57,439  elapsed 0.2s]
    [5,632/57,439  elapsed 1.6s]
    [10,752/57,439  elapsed 3.0s]
    [15,872/57,439  elapsed 4.4s]
    [20,992/57,439  elapsed 5.8s]
    [26,112/57,439  elapsed 7.2s]
    [31,232/57,439  elapsed 8.6s]
    [36,352/57,439  elapsed 10.0s]
    [41,472/57,439  elapsed 11.4s]
    [46,592/57,439  elapsed 12.8s]
    [51,712/57,439  elapsed 14.2s]
    [56,832/57,439  elapsed 15.6s]
  eval done in 15.7s
  by-popularity NDCG@10: tail=0.0019(n=7,762)  mid=0.0064(n=8,169)  head=0.0620(n=41,508)
  evaluating 57,439 users in batches of 512...
    [512/57,439  elapsed 0.1s]
    [5,632/57,439  elapsed 1.5s]
    [10,752/57,439  elapsed 2.9s]
    [15,872/57,439  elapsed 4.3s]
    [20,992/57,439  elapsed 5.8s]
    [26,112/57,439  elapsed 7.2s]
    [31,232/57,439  elapsed 8.6s]
    [36,352/57,439  elapsed 10.1s]
    [41,472/57,439  elapsed 11.5s]
    [46,592/57,439  elapsed 12.9s]
    [51,712/57,439  elapsed 14.3s]
    [56,832/57,439  elapsed 15.7s]
  eval done in 15.9s
  by-popularity NDCG@10: tail=0.0016(n=8,800)  mid=0.0060(n=8,657)  head=0.0574(n=39,982)
  epoch  13  loss=8.3704  val_NDCG=0.0459  test_NDCG=0.0411  test_HR=0.0739  (5.8s)
  evaluating 57,439 users in batches of 512...
    [512/57,439  elapsed 0.2s]
    [5,632/57,439  elapsed 1.4s]
    [10,752/57,439  elapsed 2.4s]
    [15,872/57,439  elapsed 3.3s]
    [20,992/57,439  elapsed 4.1s]
    [26,112/57,439  elapsed 5.1s]
    [31,232/57,439  elapsed 6.0s]
    [36,352/57,439  elapsed 6.9s]
    [41,472/57,439  elapsed 7.8s]
    [46,592/57,439  elapsed 8.6s]
    [51,712/57,439  elapsed 9.6s]
    [56,832/57,439  elapsed 10.5s]
  eval done in 10.6s
  by-popularity NDCG@10: tail=0.0021(n=7,762)  mid=0.0068(n=8,169)  head=0.0620(n=41,508)
  evaluating 57,439 users in batches of 512...
    [512/57,439  elapsed 0.1s]
    [5,632/57,439  elapsed 1.0s]
    [10,752/57,439  elapsed 1.9s]
    [15,872/57,439  elapsed 2.7s]
    [20,992/57,439  elapsed 3.6s]
    [26,112/57,439  elapsed 4.5s]
    [31,232/57,439  elapsed 5.4s]
    [36,352/57,439  elapsed 6.3s]
    [41,472/57,439  elapsed 7.2s]
    [46,592/57,439  elapsed 8.1s]
    [51,712/57,439  elapsed 9.0s]
    [56,832/57,439  elapsed 9.8s]
  eval done in 9.9s
  by-popularity NDCG@10: tail=0.0016(n=8,800)  mid=0.0062(n=8,657)  head=0.0576(n=39,982)
  epoch  14  loss=8.3421  val_NDCG=0.0460  test_NDCG=0.0413  test_HR=0.0738  (5.9s)
  evaluating 57,439 users in batches of 512...
    [512/57,439  elapsed 0.1s]
    [5,632/57,439  elapsed 1.1s]
    [10,752/57,439  elapsed 2.0s]
    [15,872/57,439  elapsed 2.9s]
    [20,992/57,439  elapsed 3.8s]
    [26,112/57,439  elapsed 4.8s]
    [31,232/57,439  elapsed 5.7s]
    [36,352/57,439  elapsed 6.6s]
    [41,472/57,439  elapsed 7.6s]
    [46,592/57,439  elapsed 8.5s]
    [51,712/57,439  elapsed 9.4s]
    [56,832/57,439  elapsed 10.3s]
  eval done in 10.5s
  by-popularity NDCG@10: tail=0.0022(n=7,762)  mid=0.0067(n=8,169)  head=0.0620(n=41,508)
  evaluating 57,439 users in batches of 512...
    [512/57,439  elapsed 0.1s]
    [5,632/57,439  elapsed 1.1s]
    [10,752/57,439  elapsed 2.0s]
    [15,872/57,439  elapsed 3.4s]
    [20,992/57,439  elapsed 4.8s]
    [26,112/57,439  elapsed 6.3s]
    [31,232/57,439  elapsed 7.7s]
    [36,352/57,439  elapsed 9.1s]
    [41,472/57,439  elapsed 10.5s]
    [46,592/57,439  elapsed 11.8s]
    [51,712/57,439  elapsed 13.2s]
    [56,832/57,439  elapsed 14.6s]
  eval done in 14.7s
  by-popularity NDCG@10: tail=0.0016(n=8,800)  mid=0.0064(n=8,657)  head=0.0578(n=39,982)
  epoch  15  loss=8.3199  val_NDCG=0.0460  test_NDCG=0.0414  test_HR=0.0747  (5.6s)
  evaluating 57,439 users in batches of 512...
    [512/57,439  elapsed 0.2s]
    [5,632/57,439  elapsed 1.6s]
    [10,752/57,439  elapsed 2.9s]
    [15,872/57,439  elapsed 4.3s]
    [20,992/57,439  elapsed 5.7s]
    [26,112/57,439  elapsed 7.1s]
    [31,232/57,439  elapsed 8.5s]
    [36,352/57,439  elapsed 9.9s]
    [41,472/57,439  elapsed 11.3s]
    [46,592/57,439  elapsed 12.7s]
    [51,712/57,439  elapsed 14.1s]
    [56,832/57,439  elapsed 15.4s]
  eval done in 15.6s
  by-popularity NDCG@10: tail=0.0020(n=7,762)  mid=0.0068(n=8,169)  head=0.0621(n=41,508)
  evaluating 57,439 users in batches of 512...
    [512/57,439  elapsed 0.1s]
    [5,632/57,439  elapsed 1.6s]
    [10,752/57,439  elapsed 3.0s]
    [15,872/57,439  elapsed 4.4s]
    [20,992/57,439  elapsed 5.8s]
    [26,112/57,439  elapsed 7.2s]
    [31,232/57,439  elapsed 8.6s]
    [36,352/57,439  elapsed 10.0s]
    [41,472/57,439  elapsed 11.5s]
    [46,592/57,439  elapsed 13.0s]
    [51,712/57,439  elapsed 14.5s]
    [56,832/57,439  elapsed 16.0s]
  eval done in 16.1s
  by-popularity NDCG@10: tail=0.0017(n=8,800)  mid=0.0066(n=8,657)  head=0.0574(n=39,982)
  epoch  16  loss=8.3028  val_NDCG=0.0461  test_NDCG=0.0412  test_HR=0.0739  (5.7s)
  evaluating 57,439 users in batches of 512...
    [512/57,439  elapsed 0.2s]
    [5,632/57,439  elapsed 1.5s]
    [10,752/57,439  elapsed 2.9s]
    [15,872/57,439  elapsed 4.3s]
    [20,992/57,439  elapsed 5.7s]
    [26,112/57,439  elapsed 7.1s]
    [31,232/57,439  elapsed 8.5s]
    [36,352/57,439  elapsed 9.9s]
    [41,472/57,439  elapsed 11.2s]
    [46,592/57,439  elapsed 12.6s]
    [51,712/57,439  elapsed 14.0s]
    [56,832/57,439  elapsed 15.4s]
  eval done in 15.6s
  by-popularity NDCG@10: tail=0.0020(n=7,762)  mid=0.0068(n=8,169)  head=0.0620(n=41,508)
  evaluating 57,439 users in batches of 512...
    [512/57,439  elapsed 0.1s]
    [5,632/57,439  elapsed 1.5s]
    [10,752/57,439  elapsed 2.9s]
    [15,872/57,439  elapsed 4.4s]
    [20,992/57,439  elapsed 5.8s]
    [26,112/57,439  elapsed 7.2s]
    [31,232/57,439  elapsed 8.6s]
    [36,352/57,439  elapsed 10.0s]
    [41,472/57,439  elapsed 11.4s]
    [46,592/57,439  elapsed 12.8s]
    [51,712/57,439  elapsed 14.2s]
    [56,832/57,439  elapsed 15.7s]
  eval done in 15.9s
  by-popularity NDCG@10: tail=0.0017(n=8,800)  mid=0.0065(n=8,657)  head=0.0576(n=39,982)
  epoch  17  loss=8.2883  val_NDCG=0.0460  test_NDCG=0.0414  test_HR=0.0742  (5.8s)
  evaluating 57,439 users in batches of 512...
    [512/57,439  elapsed 0.2s]
    [5,632/57,439  elapsed 1.6s]
    [10,752/57,439  elapsed 2.9s]
    [15,872/57,439  elapsed 4.3s]
    [20,992/57,439  elapsed 5.8s]
    [26,112/57,439  elapsed 7.2s]
    [31,232/57,439  elapsed 8.6s]
    [36,352/57,439  elapsed 9.9s]
    [41,472/57,439  elapsed 11.4s]
    [46,592/57,439  elapsed 12.8s]
    [51,712/57,439  elapsed 14.2s]
    [56,832/57,439  elapsed 15.6s]
  eval done in 15.8s
  by-popularity NDCG@10: tail=0.0021(n=7,762)  mid=0.0069(n=8,169)  head=0.0619(n=41,508)
  evaluating 57,439 users in batches of 512...
    [512/57,439  elapsed 0.1s]
    [5,632/57,439  elapsed 1.6s]
    [10,752/57,439  elapsed 3.0s]
    [15,872/57,439  elapsed 4.5s]
    [20,992/57,439  elapsed 6.0s]
    [26,112/57,439  elapsed 7.4s]
    [31,232/57,439  elapsed 8.8s]
    [36,352/57,439  elapsed 10.3s]
    [41,472/57,439  elapsed 11.7s]
    [46,592/57,439  elapsed 13.2s]
    [51,712/57,439  elapsed 14.6s]
    [56,832/57,439  elapsed 16.1s]
  eval done in 16.3s
  by-popularity NDCG@10: tail=0.0019(n=8,800)  mid=0.0067(n=8,657)  head=0.0574(n=39,982)
  epoch  18  loss=8.2779  val_NDCG=0.0460  test_NDCG=0.0412  test_HR=0.0742  (6.0s)
  evaluating 57,439 users in batches of 512...
    [512/57,439  elapsed 0.1s]
    [5,632/57,439  elapsed 1.6s]
    [10,752/57,439  elapsed 3.0s]
    [15,872/57,439  elapsed 4.4s]
    [20,992/57,439  elapsed 5.8s]
    [26,112/57,439  elapsed 7.3s]
    [31,232/57,439  elapsed 8.7s]
    [36,352/57,439  elapsed 10.1s]
    [41,472/57,439  elapsed 11.6s]
    [46,592/57,439  elapsed 13.0s]
    [51,712/57,439  elapsed 14.4s]
    [56,832/57,439  elapsed 15.8s]
  eval done in 16.0s
  by-popularity NDCG@10: tail=0.0021(n=7,762)  mid=0.0069(n=8,169)  head=0.0619(n=41,508)
  evaluating 57,439 users in batches of 512...
    [512/57,439  elapsed 0.1s]
    [5,632/57,439  elapsed 1.6s]
    [10,752/57,439  elapsed 3.0s]
    [15,872/57,439  elapsed 4.5s]
    [20,992/57,439  elapsed 5.9s]
    [26,112/57,439  elapsed 7.3s]
    [31,232/57,439  elapsed 8.8s]
    [36,352/57,439  elapsed 10.2s]
    [41,472/57,439  elapsed 11.6s]
    [46,592/57,439  elapsed 13.1s]
    [51,712/57,439  elapsed 14.5s]
    [56,832/57,439  elapsed 15.9s]
  eval done in 16.1s
  by-popularity NDCG@10: tail=0.0018(n=8,800)  mid=0.0068(n=8,657)  head=0.0574(n=39,982)
  epoch  19  loss=8.2706  val_NDCG=0.0460  test_NDCG=0.0412  test_HR=0.0739  (6.1s)
  evaluating 57,439 users in batches of 512...
    [512/57,439  elapsed 0.2s]
    [5,632/57,439  elapsed 1.6s]
    [10,752/57,439  elapsed 3.0s]
    [15,872/57,439  elapsed 4.4s]
    [20,992/57,439  elapsed 5.9s]
    [26,112/57,439  elapsed 7.3s]
    [31,232/57,439  elapsed 8.8s]
    [36,352/57,439  elapsed 10.2s]
    [41,472/57,439  elapsed 11.6s]
    [46,592/57,439  elapsed 13.1s]
    [51,712/57,439  elapsed 14.5s]
    [56,832/57,439  elapsed 16.0s]
  eval done in 16.2s
  by-popularity NDCG@10: tail=0.0021(n=7,762)  mid=0.0068(n=8,169)  head=0.0619(n=41,508)
  evaluating 57,439 users in batches of 512...
    [512/57,439  elapsed 0.1s]
    [5,632/57,439  elapsed 1.6s]
    [10,752/57,439  elapsed 3.0s]
    [15,872/57,439  elapsed 4.5s]
    [20,992/57,439  elapsed 5.9s]
    [26,112/57,439  elapsed 7.3s]
    [31,232/57,439  elapsed 8.8s]
    [36,352/57,439  elapsed 10.2s]
    [41,472/57,439  elapsed 11.7s]
    [46,592/57,439  elapsed 13.1s]
    [51,712/57,439  elapsed 14.6s]
    [56,832/57,439  elapsed 16.0s]
  eval done in 16.2s
  by-popularity NDCG@10: tail=0.0018(n=8,800)  mid=0.0067(n=8,657)  head=0.0573(n=39,982)
  epoch  20  loss=8.2691  val_NDCG=0.0460  test_NDCG=0.0412  test_HR=0.0738  (6.0s)

=== Best by val NDCG@10 ===
  val_NDCG=0.0461
  test: {'NDCG@10': 0.04123664260537012, 'HR@10': 0.07385226065913404, 'MRR': 0.03769977842400622, 'n_eval': 57439, 'by_popularity': {'tail': {'NDCG@10': 0.0017262511458110779, 'HR@10': 0.0036363636363636364, 'n': 8800, 'n_hit@10': 32, 'HR@20': 0.006363636363636364, 'n_hit@20': 56, 'HR@50': 0.016931818181818183, 'n_hit@50': 149, 'HR@100': 0.033068181818181816, 'n_hit@100': 291}, 'mid': {'NDCG@10': 0.006574847111187883, 'HR@10': 0.01212891301836664, 'n': 8657, 'n_hit@10': 105, 'HR@20': 0.02240961071964884, 'n_hit@20': 194, 'HR@50': 0.048746678988102116, 'n_hit@50': 422, 'HR@100': 0.08247660852489315, 'n_hit@100': 714}, 'head': {'NDCG@10': 0.057437898381400704, 'HR@10': 0.10267120204091841, 'n': 39982, 'n_hit@10': 4105, 'HR@20': 0.14794157370816868, 'n_hit@20': 5915, 'HR@50': 0.22817767995598018, 'n_hit@50': 9123, 'HR@100': 0.30596268320744335, 'n_hit@100': 12233}}}
wrote C:\Users\rayxc\Documents\R\_bestrec_run\results_MI_FIRV3_a1learned_seed20260718.users.jsonl.gz (57,439 per-user records, best epoch 16, sha256 b27b68868a19…)
wrote C:\Users\rayxc\Documents\R\_bestrec_run\results_MI_FIRV3_a1learned_seed20260718.final.users.jsonl.gz (57,439 FINAL-epoch per-user records)
  fir_v3 final ||DELTA||_2 = 5.106147

wrote C:\Users\rayxc\Documents\R\_bestrec_run\results_MI_FIRV3_a1learned_seed20260718.json
[18/24] results_MI_FIRV3_a2learnedwd0_seed20260718.json
  random seed set to 20260718
=== Musical_Instruments: load splits ===
  n_users=57,439  n_items=24,587  pad_id=24587
  built sequences for 57,439 users
  built timestamp sequences (12 time buckets)
  loading SBERT embeddings from C:\Users\rayxc\Documents\R\cache_5core\sbert_titles_Musical_Instruments.npy...
  TAPE: k-means 24,587 text embeddings into K=512 prototypes (tau=0.05)...
  TAPE: K=512 mean max-assignment weight = 0.525 (1.0 = hard clustering)

=== Build SASRec-SBERT (d=64, layers=4, heads=2) ===
  total params: 11,186,046  device=cuda
  57,439 training examples / 225 batches per epoch
  init_state_sha256 = 946cac6f5b17e77447d6a0ae07bbda829a0d48a4d65e66818dfd225b3a2c6afa
  LR schedule: warmup_cosine (225 warmup + 4275 cosine steps)

=== Train for 20 epochs ===
  evaluating 57,439 users in batches of 512...
    [512/57,439  elapsed 0.2s]
    [5,632/57,439  elapsed 1.6s]
    [10,752/57,439  elapsed 3.0s]
    [15,872/57,439  elapsed 4.4s]
    [20,992/57,439  elapsed 5.8s]
    [26,112/57,439  elapsed 7.2s]
    [31,232/57,439  elapsed 8.6s]
    [36,352/57,439  elapsed 9.8s]
    [41,472/57,439  elapsed 10.7s]
    [46,592/57,439  elapsed 11.9s]
    [51,712/57,439  elapsed 13.3s]
    [56,832/57,439  elapsed 14.7s]
  eval done in 14.9s
  by-popularity NDCG@10: tail=0.0001(n=7,762)  mid=0.0001(n=8,169)  head=0.0378(n=41,508)
  evaluating 57,439 users in batches of 512...
    [512/57,439  elapsed 0.1s]
    [5,632/57,439  elapsed 1.5s]
    [10,752/57,439  elapsed 3.0s]
    [15,872/57,439  elapsed 4.4s]
    [20,992/57,439  elapsed 5.8s]
    [26,112/57,439  elapsed 7.2s]
    [31,232/57,439  elapsed 8.6s]
    [36,352/57,439  elapsed 10.0s]
    [41,472/57,439  elapsed 11.4s]
    [46,592/57,439  elapsed 12.8s]
    [51,712/57,439  elapsed 14.2s]
    [56,832/57,439  elapsed 15.6s]
  eval done in 15.8s
  by-popularity NDCG@10: tail=0.0000(n=8,800)  mid=0.0003(n=8,657)  head=0.0349(n=39,982)
  epoch   1  loss=9.6194  val_NDCG=0.0273  test_NDCG=0.0243  test_HR=0.0460  (6.2s)
  evaluating 57,439 users in batches of 512...
    [512/57,439  elapsed 0.2s]
    [5,632/57,439  elapsed 1.6s]
    [10,752/57,439  elapsed 2.9s]
    [15,872/57,439  elapsed 4.3s]
    [20,992/57,439  elapsed 5.7s]
    [26,112/57,439  elapsed 7.1s]
    [31,232/57,439  elapsed 8.5s]
    [36,352/57,439  elapsed 9.9s]
    [41,472/57,439  elapsed 11.3s]
    [46,592/57,439  elapsed 12.6s]
    [51,712/57,439  elapsed 14.0s]
    [56,832/57,439  elapsed 15.4s]
  eval done in 15.6s
  by-popularity NDCG@10: tail=0.0000(n=7,762)  mid=0.0005(n=8,169)  head=0.0462(n=41,508)
  evaluating 57,439 users in batches of 512...
    [512/57,439  elapsed 0.1s]
    [5,632/57,439  elapsed 1.5s]
    [10,752/57,439  elapsed 2.9s]
    [15,872/57,439  elapsed 4.3s]
    [20,992/57,439  elapsed 5.7s]
    [26,112/57,439  elapsed 7.1s]
    [31,232/57,439  elapsed 8.5s]
    [36,352/57,439  elapsed 9.9s]
    [41,472/57,439  elapsed 11.3s]
    [46,592/57,439  elapsed 12.7s]
    [51,712/57,439  elapsed 14.1s]
    [56,832/57,439  elapsed 15.5s]
  eval done in 15.7s
  by-popularity NDCG@10: tail=0.0001(n=8,800)  mid=0.0004(n=8,657)  head=0.0447(n=39,982)
  epoch   2  loss=9.0857  val_NDCG=0.0335  test_NDCG=0.0312  test_HR=0.0585  (5.9s)
  evaluating 57,439 users in batches of 512...
    [512/57,439  elapsed 0.2s]
    [5,632/57,439  elapsed 1.6s]
    [10,752/57,439  elapsed 2.9s]
    [15,872/57,439  elapsed 4.4s]
    [20,992/57,439  elapsed 5.7s]
    [26,112/57,439  elapsed 7.1s]
    [31,232/57,439  elapsed 8.5s]
    [36,352/57,439  elapsed 9.9s]
    [41,472/57,439  elapsed 11.3s]
    [46,592/57,439  elapsed 12.7s]
    [51,712/57,439  elapsed 14.2s]
    [56,832/57,439  elapsed 15.5s]
  eval done in 15.7s
  by-popularity NDCG@10: tail=0.0001(n=7,762)  mid=0.0010(n=8,169)  head=0.0532(n=41,508)
  evaluating 57,439 users in batches of 512...
    [512/57,439  elapsed 0.1s]
    [5,632/57,439  elapsed 1.5s]
    [10,752/57,439  elapsed 2.9s]
    [15,872/57,439  elapsed 4.3s]
    [20,992/57,439  elapsed 5.7s]
    [26,112/57,439  elapsed 7.2s]
    [31,232/57,439  elapsed 8.5s]
    [36,352/57,439  elapsed 9.9s]
    [41,472/57,439  elapsed 11.4s]
    [46,592/57,439  elapsed 12.8s]
    [51,712/57,439  elapsed 14.2s]
    [56,832/57,439  elapsed 15.6s]
  eval done in 15.8s
  by-popularity NDCG@10: tail=0.0000(n=8,800)  mid=0.0009(n=8,657)  head=0.0505(n=39,982)
  epoch   3  loss=8.9254  val_NDCG=0.0386  test_NDCG=0.0353  test_HR=0.0652  (5.8s)
  evaluating 57,439 users in batches of 512...
    [512/57,439  elapsed 0.2s]
    [5,632/57,439  elapsed 1.5s]
    [10,752/57,439  elapsed 2.9s]
    [15,872/57,439  elapsed 4.3s]
    [20,992/57,439  elapsed 5.8s]
    [26,112/57,439  elapsed 7.2s]
    [31,232/57,439  elapsed 8.7s]
    [36,352/57,439  elapsed 10.1s]
    [41,472/57,439  elapsed 11.5s]
    [46,592/57,439  elapsed 12.9s]
    [51,712/57,439  elapsed 14.3s]
    [56,832/57,439  elapsed 15.8s]
  eval done in 16.0s
  by-popularity NDCG@10: tail=0.0001(n=7,762)  mid=0.0016(n=8,169)  head=0.0562(n=41,508)
  evaluating 57,439 users in batches of 512...
    [512/57,439  elapsed 0.2s]
    [5,632/57,439  elapsed 1.6s]
    [10,752/57,439  elapsed 3.0s]
    [15,872/57,439  elapsed 4.5s]
    [20,992/57,439  elapsed 6.0s]
    [26,112/57,439  elapsed 7.4s]
    [31,232/57,439  elapsed 8.9s]
    [36,352/57,439  elapsed 10.4s]
    [41,472/57,439  elapsed 11.9s]
    [46,592/57,439  elapsed 13.5s]
    [51,712/57,439  elapsed 14.9s]
    [56,832/57,439  elapsed 16.8s]
  eval done in 17.0s
  by-popularity NDCG@10: tail=0.0001(n=8,800)  mid=0.0013(n=8,657)  head=0.0534(n=39,982)
  epoch   4  loss=8.8215  val_NDCG=0.0408  test_NDCG=0.0374  test_HR=0.0683  (6.0s)
  evaluating 57,439 users in batches of 512...
    [512/57,439  elapsed 0.2s]
    [5,632/57,439  elapsed 1.7s]
    [10,752/57,439  elapsed 3.1s]
    [15,872/57,439  elapsed 4.6s]
    [20,992/57,439  elapsed 6.1s]
    [26,112/57,439  elapsed 7.5s]
    [31,232/57,439  elapsed 9.0s]
    [36,352/57,439  elapsed 10.5s]
    [41,472/57,439  elapsed 12.0s]
    [46,592/57,439  elapsed 13.4s]
    [51,712/57,439  elapsed 14.9s]
    [56,832/57,439  elapsed 16.4s]
  eval done in 16.5s
  by-popularity NDCG@10: tail=0.0002(n=7,762)  mid=0.0026(n=8,169)  head=0.0584(n=41,508)
  evaluating 57,439 users in batches of 512...
    [512/57,439  elapsed 0.1s]
    [5,632/57,439  elapsed 1.6s]
    [10,752/57,439  elapsed 3.1s]
    [15,872/57,439  elapsed 4.6s]
    [20,992/57,439  elapsed 6.1s]
    [26,112/57,439  elapsed 7.6s]
    [31,232/57,439  elapsed 9.1s]
    [36,352/57,439  elapsed 10.6s]
    [41,472/57,439  elapsed 12.2s]
    [46,592/57,439  elapsed 13.7s]
    [51,712/57,439  elapsed 15.2s]
    [56,832/57,439  elapsed 16.6s]
  eval done in 16.8s
  by-popularity NDCG@10: tail=0.0002(n=8,800)  mid=0.0023(n=8,657)  head=0.0551(n=39,982)
  epoch   5  loss=8.7419  val_NDCG=0.0426  test_NDCG=0.0387  test_HR=0.0711  (6.5s)
  evaluating 57,439 users in batches of 512...
    [512/57,439  elapsed 0.2s]
    [5,632/57,439  elapsed 1.6s]
    [10,752/57,439  elapsed 3.1s]
    [15,872/57,439  elapsed 4.5s]
    [20,992/57,439  elapsed 6.0s]
    [26,112/57,439  elapsed 7.4s]
    [31,232/57,439  elapsed 8.9s]
    [36,352/57,439  elapsed 10.4s]
    [41,472/57,439  elapsed 11.8s]
    [46,592/57,439  elapsed 13.3s]
    [51,712/57,439  elapsed 14.8s]
    [56,832/57,439  elapsed 16.3s]
  eval done in 16.4s
  by-popularity NDCG@10: tail=0.0004(n=7,762)  mid=0.0034(n=8,169)  head=0.0596(n=41,508)
  evaluating 57,439 users in batches of 512...
    [512/57,439  elapsed 0.2s]
    [5,632/57,439  elapsed 1.6s]
    [10,752/57,439  elapsed 3.1s]
    [15,872/57,439  elapsed 4.6s]
    [20,992/57,439  elapsed 6.1s]
    [26,112/57,439  elapsed 7.5s]
    [31,232/57,439  elapsed 9.0s]
    [36,352/57,439  elapsed 10.5s]
    [41,472/57,439  elapsed 11.9s]
    [46,592/57,439  elapsed 13.4s]
    [51,712/57,439  elapsed 14.8s]
    [56,832/57,439  elapsed 16.3s]
  eval done in 16.5s
  by-popularity NDCG@10: tail=0.0004(n=8,800)  mid=0.0033(n=8,657)  head=0.0565(n=39,982)
  epoch   6  loss=8.6753  val_NDCG=0.0436  test_NDCG=0.0399  test_HR=0.0725  (6.3s)
  evaluating 57,439 users in batches of 512...
    [512/57,439  elapsed 0.2s]
    [5,632/57,439  elapsed 1.6s]
    [10,752/57,439  elapsed 3.1s]
    [15,872/57,439  elapsed 4.6s]
    [20,992/57,439  elapsed 6.0s]
    [26,112/57,439  elapsed 7.5s]
    [31,232/57,439  elapsed 9.0s]
    [36,352/57,439  elapsed 10.4s]
    [41,472/57,439  elapsed 11.9s]
    [46,592/57,439  elapsed 13.4s]
    [51,712/57,439  elapsed 14.8s]
    [56,832/57,439  elapsed 16.3s]
  eval done in 16.5s
  by-popularity NDCG@10: tail=0.0006(n=7,762)  mid=0.0038(n=8,169)  head=0.0604(n=41,508)
  evaluating 57,439 users in batches of 512...
    [512/57,439  elapsed 0.1s]
    [5,632/57,439  elapsed 1.6s]
    [10,752/57,439  elapsed 3.1s]
    [15,872/57,439  elapsed 4.6s]
    [20,992/57,439  elapsed 6.0s]
    [26,112/57,439  elapsed 7.5s]
    [31,232/57,439  elapsed 9.0s]
    [36,352/57,439  elapsed 10.5s]
    [41,472/57,439  elapsed 12.0s]
    [46,592/57,439  elapsed 13.4s]
    [51,712/57,439  elapsed 14.9s]
    [56,832/57,439  elapsed 16.4s]
  eval done in 16.5s
  by-popularity NDCG@10: tail=0.0005(n=8,800)  mid=0.0039(n=8,657)  head=0.0577(n=39,982)
  epoch   7  loss=8.6178  val_NDCG=0.0443  test_NDCG=0.0408  test_HR=0.0737  (6.1s)
  evaluating 57,439 users in batches of 512...
    [512/57,439  elapsed 0.2s]
    [5,632/57,439  elapsed 1.7s]
    [10,752/57,439  elapsed 3.2s]
    [15,872/57,439  elapsed 4.7s]
    [20,992/57,439  elapsed 6.2s]
    [26,112/57,439  elapsed 7.7s]
    [31,232/57,439  elapsed 9.1s]
    [36,352/57,439  elapsed 10.6s]
    [41,472/57,439  elapsed 12.0s]
    [46,592/57,439  elapsed 13.5s]
    [51,712/57,439  elapsed 14.9s]
    [56,832/57,439  elapsed 16.4s]
  eval done in 16.6s
  by-popularity NDCG@10: tail=0.0010(n=7,762)  mid=0.0047(n=8,169)  head=0.0610(n=41,508)
  evaluating 57,439 users in batches of 512...
    [512/57,439  elapsed 0.1s]
    [5,632/57,439  elapsed 1.6s]
    [10,752/57,439  elapsed 3.1s]
    [15,872/57,439  elapsed 4.5s]
    [20,992/57,439  elapsed 6.0s]
    [26,112/57,439  elapsed 7.5s]
    [31,232/57,439  elapsed 9.0s]
    [36,352/57,439  elapsed 10.5s]
    [41,472/57,439  elapsed 11.9s]
    [46,592/57,439  elapsed 13.4s]
    [51,712/57,439  elapsed 14.9s]
    [56,832/57,439  elapsed 16.3s]
  eval done in 16.5s
  by-popularity NDCG@10: tail=0.0007(n=8,800)  mid=0.0045(n=8,657)  head=0.0575(n=39,982)
  epoch   8  loss=8.5661  val_NDCG=0.0449  test_NDCG=0.0408  test_HR=0.0741  (6.2s)
  evaluating 57,439 users in batches of 512...
    [512/57,439  elapsed 0.2s]
    [5,632/57,439  elapsed 1.6s]
    [10,752/57,439  elapsed 3.1s]
    [15,872/57,439  elapsed 4.6s]
    [20,992/57,439  elapsed 6.0s]
    [26,112/57,439  elapsed 7.5s]
    [31,232/57,439  elapsed 9.0s]
    [36,352/57,439  elapsed 10.4s]
    [41,472/57,439  elapsed 11.9s]
    [46,592/57,439  elapsed 13.3s]
    [51,712/57,439  elapsed 14.8s]
    [56,832/57,439  elapsed 16.3s]
  eval done in 16.5s
  by-popularity NDCG@10: tail=0.0012(n=7,762)  mid=0.0053(n=8,169)  head=0.0609(n=41,508)
  evaluating 57,439 users in batches of 512...
    [512/57,439  elapsed 0.2s]
    [5,632/57,439  elapsed 1.7s]
    [10,752/57,439  elapsed 3.2s]
    [15,872/57,439  elapsed 4.7s]
    [20,992/57,439  elapsed 6.2s]
    [26,112/57,439  elapsed 7.7s]
    [31,232/57,439  elapsed 9.2s]
    [36,352/57,439  elapsed 10.7s]
    [41,472/57,439  elapsed 12.1s]
    [46,592/57,439  elapsed 13.6s]
    [51,712/57,439  elapsed 15.1s]
    [56,832/57,439  elapsed 16.6s]
  eval done in 16.7s
  by-popularity NDCG@10: tail=0.0009(n=8,800)  mid=0.0046(n=8,657)  head=0.0574(n=39,982)
  epoch   9  loss=8.5171  val_NDCG=0.0450  test_NDCG=0.0408  test_HR=0.0736  (6.3s)
  evaluating 57,439 users in batches of 512...
    [512/57,439  elapsed 0.2s]
    [5,632/57,439  elapsed 1.7s]
    [10,752/57,439  elapsed 3.1s]
    [15,872/57,439  elapsed 4.6s]
    [20,992/57,439  elapsed 6.0s]
    [26,112/57,439  elapsed 7.5s]
    [31,232/57,439  elapsed 9.0s]
    [36,352/57,439  elapsed 10.4s]
    [41,472/57,439  elapsed 11.9s]
    [46,592/57,439  elapsed 13.4s]
    [51,712/57,439  elapsed 14.8s]
    [56,832/57,439  elapsed 16.3s]
  eval done in 16.5s
  by-popularity NDCG@10: tail=0.0014(n=7,762)  mid=0.0056(n=8,169)  head=0.0618(n=41,508)
  evaluating 57,439 users in batches of 512...
    [512/57,439  elapsed 0.1s]
    [5,632/57,439  elapsed 1.6s]
    [10,752/57,439  elapsed 3.1s]
    [15,872/57,439  elapsed 4.6s]
    [20,992/57,439  elapsed 6.1s]
    [26,112/57,439  elapsed 7.6s]
    [31,232/57,439  elapsed 9.1s]
    [36,352/57,439  elapsed 10.6s]
    [41,472/57,439  elapsed 12.2s]
    [46,592/57,439  elapsed 13.7s]
    [51,712/57,439  elapsed 15.2s]
    [56,832/57,439  elapsed 16.7s]
  eval done in 16.9s
  by-popularity NDCG@10: tail=0.0011(n=8,800)  mid=0.0052(n=8,657)  head=0.0577(n=39,982)
  epoch  10  loss=8.4744  val_NDCG=0.0456  test_NDCG=0.0411  test_HR=0.0743  (6.2s)
  evaluating 57,439 users in batches of 512...
    [512/57,439  elapsed 0.2s]
    [5,632/57,439  elapsed 1.7s]
    [10,752/57,439  elapsed 3.2s]
    [15,872/57,439  elapsed 4.7s]
    [20,992/57,439  elapsed 6.1s]
    [26,112/57,439  elapsed 7.6s]
    [31,232/57,439  elapsed 9.1s]
    [36,352/57,439  elapsed 10.5s]
    [41,472/57,439  elapsed 12.0s]
    [46,592/57,439  elapsed 13.5s]
    [51,712/57,439  elapsed 14.9s]
    [56,832/57,439  elapsed 16.4s]
  eval done in 16.6s
  by-popularity NDCG@10: tail=0.0015(n=7,762)  mid=0.0063(n=8,169)  head=0.0618(n=41,508)
  evaluating 57,439 users in batches of 512...
    [512/57,439  elapsed 0.1s]
    [5,632/57,439  elapsed 1.6s]
    [10,752/57,439  elapsed 3.1s]
    [15,872/57,439  elapsed 4.6s]
    [20,992/57,439  elapsed 6.0s]
    [26,112/57,439  elapsed 7.5s]
    [31,232/57,439  elapsed 8.9s]
    [36,352/57,439  elapsed 10.4s]
    [41,472/57,439  elapsed 12.0s]
    [46,592/57,439  elapsed 13.5s]
    [51,712/57,439  elapsed 14.9s]
    [56,832/57,439  elapsed 16.4s]
  eval done in 16.6s
  by-popularity NDCG@10: tail=0.0013(n=8,800)  mid=0.0060(n=8,657)  head=0.0569(n=39,982)
  epoch  11  loss=8.4362  val_NDCG=0.0458  test_NDCG=0.0407  test_HR=0.0736  (6.3s)
  evaluating 57,439 users in batches of 512...
    [512/57,439  elapsed 0.2s]
    [5,632/57,439  elapsed 2.1s]
    [10,752/57,439  elapsed 3.9s]
    [15,872/57,439  elapsed 5.7s]
    [20,992/57,439  elapsed 7.5s]
    [26,112/57,439  elapsed 9.2s]
    [31,232/57,439  elapsed 11.3s]
    [36,352/57,439  elapsed 12.9s]
    [41,472/57,439  elapsed 14.6s]
    [46,592/57,439  elapsed 16.4s]
    [51,712/57,439  elapsed 18.2s]
    [56,832/57,439  elapsed 19.9s]
  eval done in 20.2s
  by-popularity NDCG@10: tail=0.0019(n=7,762)  mid=0.0060(n=8,169)  head=0.0621(n=41,508)
  evaluating 57,439 users in batches of 512...
    [512/57,439  elapsed 0.2s]
    [5,632/57,439  elapsed 1.9s]
    [10,752/57,439  elapsed 3.5s]
    [15,872/57,439  elapsed 5.2s]
    [20,992/57,439  elapsed 6.8s]
    [26,112/57,439  elapsed 8.5s]
    [31,232/57,439  elapsed 10.1s]
    [36,352/57,439  elapsed 11.8s]
    [41,472/57,439  elapsed 13.5s]
    [46,592/57,439  elapsed 15.1s]
    [51,712/57,439  elapsed 16.9s]
    [56,832/57,439  elapsed 18.6s]
  eval done in 18.8s
  by-popularity NDCG@10: tail=0.0014(n=8,800)  mid=0.0059(n=8,657)  head=0.0575(n=39,982)
  epoch  12  loss=8.4007  val_NDCG=0.0460  test_NDCG=0.0411  test_HR=0.0741  (6.5s)
  evaluating 57,439 users in batches of 512...
    [512/57,439  elapsed 0.2s]
    [5,632/57,439  elapsed 1.9s]
    [10,752/57,439  elapsed 3.6s]
    [15,872/57,439  elapsed 5.3s]
    [20,992/57,439  elapsed 7.0s]
    [26,112/57,439  elapsed 8.8s]
    [31,232/57,439  elapsed 10.5s]
    [36,352/57,439  elapsed 12.3s]
    [41,472/57,439  elapsed 14.0s]
    [46,592/57,439  elapsed 15.7s]
    [51,712/57,439  elapsed 17.4s]
    [56,832/57,439  elapsed 19.1s]
  eval done in 19.3s
  by-popularity NDCG@10: tail=0.0019(n=7,762)  mid=0.0064(n=8,169)  head=0.0620(n=41,508)
  evaluating 57,439 users in batches of 512...
    [512/57,439  elapsed 0.2s]
    [5,632/57,439  elapsed 1.9s]
    [10,752/57,439  elapsed 3.7s]
    [15,872/57,439  elapsed 5.4s]
    [20,992/57,439  elapsed 7.2s]
    [26,112/57,439  elapsed 9.0s]
    [31,232/57,439  elapsed 10.8s]
    [36,352/57,439  elapsed 12.5s]
    [41,472/57,439  elapsed 14.2s]
    [46,592/57,439  elapsed 16.0s]
    [51,712/57,439  elapsed 17.7s]
    [56,832/57,439  elapsed 19.5s]
  eval done in 19.7s
  by-popularity NDCG@10: tail=0.0016(n=8,800)  mid=0.0060(n=8,657)  head=0.0573(n=39,982)
  epoch  13  loss=8.3703  val_NDCG=0.0460  test_NDCG=0.0411  test_HR=0.0739  (7.1s)
  evaluating 57,439 users in batches of 512...
    [512/57,439  elapsed 0.3s]
    [5,632/57,439  elapsed 2.0s]
    [10,752/57,439  elapsed 3.7s]
    [15,872/57,439  elapsed 5.4s]
    [20,992/57,439  elapsed 7.2s]
    [26,112/57,439  elapsed 8.9s]
    [31,232/57,439  elapsed 10.6s]
    [36,352/57,439  elapsed 12.4s]
    [41,472/57,439  elapsed 14.2s]
    [46,592/57,439  elapsed 15.9s]
    [51,712/57,439  elapsed 17.7s]
    [56,832/57,439  elapsed 19.4s]
  eval done in 19.6s
  by-popularity NDCG@10: tail=0.0021(n=7,762)  mid=0.0067(n=8,169)  head=0.0621(n=41,508)
  evaluating 57,439 users in batches of 512...
    [512/57,439  elapsed 0.2s]
    [5,632/57,439  elapsed 1.9s]
    [10,752/57,439  elapsed 3.6s]
    [15,872/57,439  elapsed 5.4s]
    [20,992/57,439  elapsed 7.1s]
    [26,112/57,439  elapsed 8.8s]
    [31,232/57,439  elapsed 10.6s]
    [36,352/57,439  elapsed 12.3s]
    [41,472/57,439  elapsed 14.1s]
    [46,592/57,439  elapsed 15.8s]
    [51,712/57,439  elapsed 17.5s]
    [56,832/57,439  elapsed 19.3s]
  eval done in 19.5s
  by-popularity NDCG@10: tail=0.0017(n=8,800)  mid=0.0062(n=8,657)  head=0.0577(n=39,982)
  epoch  14  loss=8.3419  val_NDCG=0.0461  test_NDCG=0.0413  test_HR=0.0740  (7.3s)
  evaluating 57,439 users in batches of 512...
    [512/57,439  elapsed 0.2s]
    [5,632/57,439  elapsed 1.9s]
    [10,752/57,439  elapsed 3.6s]
    [15,872/57,439  elapsed 5.4s]
    [20,992/57,439  elapsed 7.1s]
    [26,112/57,439  elapsed 8.8s]
    [31,232/57,439  elapsed 10.6s]
    [36,352/57,439  elapsed 12.3s]
    [41,472/57,439  elapsed 14.1s]
    [46,592/57,439  elapsed 15.8s]
    [51,712/57,439  elapsed 17.5s]
    [56,832/57,439  elapsed 19.3s]
  eval done in 19.5s
  by-popularity NDCG@10: tail=0.0022(n=7,762)  mid=0.0067(n=8,169)  head=0.0620(n=41,508)
  evaluating 57,439 users in batches of 512...
    [512/57,439  elapsed 0.2s]
    [5,632/57,439  elapsed 1.9s]
    [10,752/57,439  elapsed 3.6s]
    [15,872/57,439  elapsed 5.3s]
    [20,992/57,439  elapsed 7.0s]
    [26,112/57,439  elapsed 8.7s]
    [31,232/57,439  elapsed 10.4s]
    [36,352/57,439  elapsed 12.1s]
    [41,472/57,439  elapsed 13.7s]
    [46,592/57,439  elapsed 15.5s]
    [51,712/57,439  elapsed 17.2s]
    [56,832/57,439  elapsed 19.0s]
  eval done in 19.3s
  by-popularity NDCG@10: tail=0.0017(n=8,800)  mid=0.0064(n=8,657)  head=0.0577(n=39,982)
  epoch  15  loss=8.3198  val_NDCG=0.0460  test_NDCG=0.0414  test_HR=0.0748  (7.4s)
  evaluating 57,439 users in batches of 512...
    [512/57,439  elapsed 0.3s]
    [5,632/57,439  elapsed 2.0s]
    [10,752/57,439  elapsed 3.8s]
    [15,872/57,439  elapsed 5.5s]
    [20,992/57,439  elapsed 7.2s]
    [26,112/57,439  elapsed 8.9s]
    [31,232/57,439  elapsed 10.7s]
    [36,352/57,439  elapsed 12.5s]
    [41,472/57,439  elapsed 14.2s]
    [46,592/57,439  elapsed 15.9s]
    [51,712/57,439  elapsed 17.7s]
    [56,832/57,439  elapsed 19.4s]
  eval done in 19.6s
  by-popularity NDCG@10: tail=0.0020(n=7,762)  mid=0.0067(n=8,169)  head=0.0621(n=41,508)
  evaluating 57,439 users in batches of 512...
    [512/57,439  elapsed 0.2s]
    [5,632/57,439  elapsed 1.9s]
    [10,752/57,439  elapsed 3.7s]
    [15,872/57,439  elapsed 5.4s]
    [20,992/57,439  elapsed 7.1s]
    [26,112/57,439  elapsed 8.9s]
    [31,232/57,439  elapsed 10.6s]
    [36,352/57,439  elapsed 12.4s]
    [41,472/57,439  elapsed 14.2s]
    [46,592/57,439  elapsed 15.9s]
    [51,712/57,439  elapsed 17.7s]
    [56,832/57,439  elapsed 19.4s]
  eval done in 19.6s
  by-popularity NDCG@10: tail=0.0017(n=8,800)  mid=0.0066(n=8,657)  head=0.0575(n=39,982)
  epoch  16  loss=8.3026  val_NDCG=0.0461  test_NDCG=0.0413  test_HR=0.0740  (7.3s)
  evaluating 57,439 users in batches of 512...
    [512/57,439  elapsed 0.2s]
    [5,632/57,439  elapsed 1.9s]
    [10,752/57,439  elapsed 3.6s]
    [15,872/57,439  elapsed 5.3s]
    [20,992/57,439  elapsed 7.0s]
    [26,112/57,439  elapsed 8.6s]
    [31,232/57,439  elapsed 10.3s]
    [36,352/57,439  elapsed 12.0s]
    [41,472/57,439  elapsed 13.6s]
    [46,592/57,439  elapsed 15.3s]
    [51,712/57,439  elapsed 16.9s]
    [56,832/57,439  elapsed 18.5s]
  eval done in 18.7s
  by-popularity NDCG@10: tail=0.0020(n=7,762)  mid=0.0068(n=8,169)  head=0.0620(n=41,508)
  evaluating 57,439 users in batches of 512...
    [512/57,439  elapsed 0.2s]
    [5,632/57,439  elapsed 1.9s]
    [10,752/57,439  elapsed 3.6s]
    [15,872/57,439  elapsed 5.3s]
    [20,992/57,439  elapsed 7.0s]
    [26,112/57,439  elapsed 8.8s]
    [31,232/57,439  elapsed 10.5s]
    [36,352/57,439  elapsed 12.2s]
    [41,472/57,439  elapsed 13.9s]
    [46,592/57,439  elapsed 15.7s]
    [51,712/57,439  elapsed 17.4s]
    [56,832/57,439  elapsed 19.1s]
  eval done in 19.3s
  by-popularity NDCG@10: tail=0.0017(n=8,800)  mid=0.0065(n=8,657)  head=0.0577(n=39,982)
  epoch  17  loss=8.2881  val_NDCG=0.0460  test_NDCG=0.0414  test_HR=0.0741  (7.2s)
  evaluating 57,439 users in batches of 512...
    [512/57,439  elapsed 0.2s]
    [5,632/57,439  elapsed 1.9s]
    [10,752/57,439  elapsed 3.6s]
    [15,872/57,439  elapsed 5.3s]
    [20,992/57,439  elapsed 7.0s]
    [26,112/57,439  elapsed 8.6s]
    [31,232/57,439  elapsed 10.3s]
    [36,352/57,439  elapsed 11.9s]
    [41,472/57,439  elapsed 13.6s]
    [46,592/57,439  elapsed 15.3s]
    [51,712/57,439  elapsed 16.9s]
    [56,832/57,439  elapsed 18.6s]
  eval done in 18.8s
  by-popularity NDCG@10: tail=0.0021(n=7,762)  mid=0.0069(n=8,169)  head=0.0620(n=41,508)
  evaluating 57,439 users in batches of 512...
    [512/57,439  elapsed 0.2s]
    [5,632/57,439  elapsed 1.9s]
    [10,752/57,439  elapsed 3.6s]
    [15,872/57,439  elapsed 5.3s]
    [20,992/57,439  elapsed 7.0s]
    [26,112/57,439  elapsed 8.7s]
    [31,232/57,439  elapsed 10.4s]
    [36,352/57,439  elapsed 12.2s]
    [41,472/57,439  elapsed 13.9s]
    [46,592/57,439  elapsed 15.6s]
    [51,712/57,439  elapsed 17.4s]
    [56,832/57,439  elapsed 19.2s]
  eval done in 19.4s
  by-popularity NDCG@10: tail=0.0018(n=8,800)  mid=0.0067(n=8,657)  head=0.0574(n=39,982)
  epoch  18  loss=8.2777  val_NDCG=0.0461  test_NDCG=0.0412  test_HR=0.0741  (7.2s)
  evaluating 57,439 users in batches of 512...
    [512/57,439  elapsed 0.2s]
    [5,632/57,439  elapsed 1.9s]
    [10,752/57,439  elapsed 3.6s]
    [15,872/57,439  elapsed 5.3s]
    [20,992/57,439  elapsed 7.0s]
    [26,112/57,439  elapsed 8.7s]
    [31,232/57,439  elapsed 10.4s]
    [36,352/57,439  elapsed 12.0s]
    [41,472/57,439  elapsed 13.7s]
    [46,592/57,439  elapsed 15.3s]
    [51,712/57,439  elapsed 17.0s]
    [56,832/57,439  elapsed 18.6s]
  eval done in 18.8s
  by-popularity NDCG@10: tail=0.0021(n=7,762)  mid=0.0067(n=8,169)  head=0.0619(n=41,508)
  evaluating 57,439 users in batches of 512...
    [512/57,439  elapsed 0.2s]
    [5,632/57,439  elapsed 1.9s]
    [10,752/57,439  elapsed 3.6s]
    [15,872/57,439  elapsed 5.4s]
    [20,992/57,439  elapsed 7.1s]
    [26,112/57,439  elapsed 8.9s]
    [31,232/57,439  elapsed 10.6s]
    [36,352/57,439  elapsed 12.4s]
    [41,472/57,439  elapsed 14.2s]
    [46,592/57,439  elapsed 15.9s]
    [51,712/57,439  elapsed 17.6s]
    [56,832/57,439  elapsed 19.3s]
  eval done in 19.5s
  by-popularity NDCG@10: tail=0.0017(n=8,800)  mid=0.0067(n=8,657)  head=0.0573(n=39,982)
  epoch  19  loss=8.2704  val_NDCG=0.0460  test_NDCG=0.0412  test_HR=0.0737  (7.2s)
  evaluating 57,439 users in batches of 512...
    [512/57,439  elapsed 0.2s]
    [5,632/57,439  elapsed 2.0s]
    [10,752/57,439  elapsed 3.8s]
    [15,872/57,439  elapsed 5.6s]
    [20,992/57,439  elapsed 7.3s]
    [26,112/57,439  elapsed 9.1s]
    [31,232/57,439  elapsed 10.8s]
    [36,352/57,439  elapsed 12.6s]
    [41,472/57,439  elapsed 14.3s]
    [46,592/57,439  elapsed 16.0s]
    [51,712/57,439  elapsed 17.7s]
    [56,832/57,439  elapsed 19.4s]
  eval done in 19.6s
  by-popularity NDCG@10: tail=0.0021(n=7,762)  mid=0.0068(n=8,169)  head=0.0619(n=41,508)
  evaluating 57,439 users in batches of 512...
    [512/57,439  elapsed 0.2s]
    [5,632/57,439  elapsed 1.9s]
    [10,752/57,439  elapsed 3.7s]
    [15,872/57,439  elapsed 5.4s]
    [20,992/57,439  elapsed 7.2s]
    [26,112/57,439  elapsed 8.9s]
    [31,232/57,439  elapsed 10.6s]
    [36,352/57,439  elapsed 12.3s]
    [41,472/57,439  elapsed 14.0s]
    [46,592/57,439  elapsed 15.6s]
    [51,712/57,439  elapsed 17.4s]
    [56,832/57,439  elapsed 19.3s]
  eval done in 19.5s
  by-popularity NDCG@10: tail=0.0018(n=8,800)  mid=0.0068(n=8,657)  head=0.0574(n=39,982)
  epoch  20  loss=8.2689  val_NDCG=0.0459  test_NDCG=0.0412  test_HR=0.0740  (7.3s)

=== Best by val NDCG@10 ===
  val_NDCG=0.0461
  test: {'NDCG@10': 0.041337327092624776, 'HR@10': 0.07400894862375738, 'MRR': 0.037791225348567985, 'n_eval': 57439, 'by_popularity': {'tail': {'NDCG@10': 0.0016936176686878333, 'HR@10': 0.003522727272727273, 'n': 8800, 'n_hit@10': 31, 'HR@20': 0.006136363636363636, 'n_hit@20': 54, 'HR@50': 0.01625, 'n_hit@50': 143, 'HR@100': 0.031818181818181815, 'n_hit@100': 280}, 'mid': {'NDCG@10': 0.006239650426035079, 'HR@10': 0.011551345731777752, 'n': 8657, 'n_hit@10': 100, 'HR@20': 0.022178583805013283, 'n_hit@20': 192, 'HR@50': 0.04759154441492434, 'n_hit@50': 412, 'HR@100': 0.08074390666512649, 'n_hit@100': 699}, 'head': {'NDCG@10': 0.05766230407810104, 'HR@10': 0.1030463708668901, 'n': 39982, 'n_hit@10': 4120, 'HR@20': 0.1486418888499825, 'n_hit@20': 5943, 'HR@50': 0.22947826521934872, 'n_hit@50': 9175, 'HR@100': 0.3067880546245811, 'n_hit@100': 12266}}}
wrote C:\Users\rayxc\Documents\R\_bestrec_run\results_MI_FIRV3_a2learnedwd0_seed20260718.users.jsonl.gz (57,439 per-user records, best epoch 14, sha256 fed309226a38…)
wrote C:\Users\rayxc\Documents\R\_bestrec_run\results_MI_FIRV3_a2learnedwd0_seed20260718.final.users.jsonl.gz (57,439 FINAL-epoch per-user records)
  fir_v3 final ||DELTA||_2 = 5.153233

wrote C:\Users\rayxc\Documents\R\_bestrec_run\results_MI_FIRV3_a2learnedwd0_seed20260718.json
[19/24] results_MI_FIRV3_a0ident_seed20260719.json
  random seed set to 20260719
=== Musical_Instruments: load splits ===
  n_users=57,439  n_items=24,587  pad_id=24587
  built sequences for 57,439 users
  built timestamp sequences (12 time buckets)
  loading SBERT embeddings from C:\Users\rayxc\Documents\R\cache_5core\sbert_titles_Musical_Instruments.npy...
  TAPE: k-means 24,587 text embeddings into K=512 prototypes (tau=0.05)...
  TAPE: K=512 mean max-assignment weight = 0.523 (1.0 = hard clustering)

=== Build SASRec-SBERT (d=64, layers=4, heads=2) ===
  total params: 11,186,046  device=cuda
  57,439 training examples / 225 batches per epoch
  init_state_sha256 = fdfc9bc210f23fedeac811e01d7502d9995b0a958cf7fcfc0365fb09a61bfd0c
  LR schedule: warmup_cosine (225 warmup + 4275 cosine steps)

=== Train for 20 epochs ===
  evaluating 57,439 users in batches of 512...
    [512/57,439  elapsed 0.2s]
    [5,632/57,439  elapsed 1.9s]
    [10,752/57,439  elapsed 3.7s]
    [15,872/57,439  elapsed 5.4s]
    [20,992/57,439  elapsed 7.1s]
    [26,112/57,439  elapsed 8.8s]
    [31,232/57,439  elapsed 10.5s]
    [36,352/57,439  elapsed 12.3s]
    [41,472/57,439  elapsed 14.0s]
    [46,592/57,439  elapsed 15.8s]
    [51,712/57,439  elapsed 17.5s]
    [56,832/57,439  elapsed 19.3s]
  eval done in 19.5s
  by-popularity NDCG@10: tail=0.0003(n=7,762)  mid=0.0003(n=8,169)  head=0.0363(n=41,508)
  evaluating 57,439 users in batches of 512...
    [512/57,439  elapsed 0.2s]
    [5,632/57,439  elapsed 1.9s]
    [10,752/57,439  elapsed 3.6s]
    [15,872/57,439  elapsed 5.4s]
    [20,992/57,439  elapsed 7.1s]
    [26,112/57,439  elapsed 8.9s]
    [31,232/57,439  elapsed 10.6s]
    [36,352/57,439  elapsed 12.4s]
    [41,472/57,439  elapsed 14.2s]
    [46,592/57,439  elapsed 16.0s]
    [51,712/57,439  elapsed 17.8s]
    [56,832/57,439  elapsed 19.6s]
  eval done in 19.8s
  by-popularity NDCG@10: tail=0.0001(n=8,800)  mid=0.0004(n=8,657)  head=0.0331(n=39,982)
  epoch   1  loss=9.6243  val_NDCG=0.0263  test_NDCG=0.0231  test_HR=0.0446  (7.6s)
  evaluating 57,439 users in batches of 512...
    [512/57,439  elapsed 0.2s]
    [5,632/57,439  elapsed 1.9s]
    [10,752/57,439  elapsed 3.6s]
    [15,872/57,439  elapsed 5.4s]
    [20,992/57,439  elapsed 7.1s]
    [26,112/57,439  elapsed 8.8s]
    [31,232/57,439  elapsed 10.5s]
    [36,352/57,439  elapsed 12.2s]
    [41,472/57,439  elapsed 13.9s]
    [46,592/57,439  elapsed 15.7s]
    [51,712/57,439  elapsed 17.4s]
    [56,832/57,439  elapsed 19.2s]
  eval done in 19.4s
  by-popularity NDCG@10: tail=0.0000(n=7,762)  mid=0.0003(n=8,169)  head=0.0449(n=41,508)
  evaluating 57,439 users in batches of 512...
    [512/57,439  elapsed 0.2s]
    [5,632/57,439  elapsed 1.9s]
    [10,752/57,439  elapsed 3.6s]
    [15,872/57,439  elapsed 5.4s]
    [20,992/57,439  elapsed 7.1s]
    [26,112/57,439  elapsed 8.9s]
    [31,232/57,439  elapsed 10.6s]
    [36,352/57,439  elapsed 12.3s]
    [41,472/57,439  elapsed 14.1s]
    [46,592/57,439  elapsed 15.9s]
    [51,712/57,439  elapsed 17.7s]
    [56,832/57,439  elapsed 19.5s]
  eval done in 19.7s
  by-popularity NDCG@10: tail=0.0001(n=8,800)  mid=0.0003(n=8,657)  head=0.0424(n=39,982)
  epoch   2  loss=9.1045  val_NDCG=0.0325  test_NDCG=0.0296  test_HR=0.0558  (6.9s)
  evaluating 57,439 users in batches of 512...
    [512/57,439  elapsed 0.2s]
    [5,632/57,439  elapsed 1.9s]
    [10,752/57,439  elapsed 3.6s]
    [15,872/57,439  elapsed 5.3s]
    [20,992/57,439  elapsed 7.0s]
    [26,112/57,439  elapsed 8.8s]
    [31,232/57,439  elapsed 10.5s]
    [36,352/57,439  elapsed 12.1s]
    [41,472/57,439  elapsed 13.8s]
    [46,592/57,439  elapsed 15.4s]
    [51,712/57,439  elapsed 17.1s]
    [56,832/57,439  elapsed 18.8s]
  eval done in 19.0s
  by-popularity NDCG@10: tail=0.0000(n=7,762)  mid=0.0002(n=8,169)  head=0.0493(n=41,508)
  evaluating 57,439 users in batches of 512...
    [512/57,439  elapsed 0.2s]
    [5,632/57,439  elapsed 1.8s]
    [10,752/57,439  elapsed 3.5s]
    [15,872/57,439  elapsed 5.3s]
    [20,992/57,439  elapsed 7.0s]
    [26,112/57,439  elapsed 8.8s]
    [31,232/57,439  elapsed 10.6s]
    [36,352/57,439  elapsed 12.3s]
    [41,472/57,439  elapsed 14.1s]
    [46,592/57,439  elapsed 15.8s]
    [51,712/57,439  elapsed 17.6s]
    [56,832/57,439  elapsed 19.3s]
  eval done in 19.5s
  by-popularity NDCG@10: tail=0.0001(n=8,800)  mid=0.0005(n=8,657)  head=0.0467(n=39,982)
  epoch   3  loss=8.9536  val_NDCG=0.0357  test_NDCG=0.0326  test_HR=0.0606  (7.1s)
  evaluating 57,439 users in batches of 512...
    [512/57,439  elapsed 0.2s]
    [5,632/57,439  elapsed 1.9s]
    [10,752/57,439  elapsed 3.6s]
    [15,872/57,439  elapsed 5.3s]
    [20,992/57,439  elapsed 6.9s]
    [26,112/57,439  elapsed 8.6s]
    [31,232/57,439  elapsed 10.3s]
    [36,352/57,439  elapsed 12.0s]
    [41,472/57,439  elapsed 13.6s]
    [46,592/57,439  elapsed 15.3s]
    [51,712/57,439  elapsed 17.0s]
    [56,832/57,439  elapsed 18.7s]
  eval done in 18.9s
  by-popularity NDCG@10: tail=0.0000(n=7,762)  mid=0.0005(n=8,169)  head=0.0523(n=41,508)
  evaluating 57,439 users in batches of 512...
    [512/57,439  elapsed 0.2s]
    [5,632/57,439  elapsed 1.8s]
    [10,752/57,439  elapsed 3.5s]
    [15,872/57,439  elapsed 5.2s]
    [20,992/57,439  elapsed 6.9s]
    [26,112/57,439  elapsed 8.7s]
    [31,232/57,439  elapsed 10.4s]
    [36,352/57,439  elapsed 12.1s]
    [41,472/57,439  elapsed 13.9s]
    [46,592/57,439  elapsed 15.7s]
    [51,712/57,439  elapsed 17.5s]
    [56,832/57,439  elapsed 19.3s]
  eval done in 19.6s
  by-popularity NDCG@10: tail=0.0001(n=8,800)  mid=0.0007(n=8,657)  head=0.0501(n=39,982)
  epoch   4  loss=8.8540  val_NDCG=0.0378  test_NDCG=0.0350  test_HR=0.0644  (7.1s)
  evaluating 57,439 users in batches of 512...
    [512/57,439  elapsed 0.2s]
    [5,632/57,439  elapsed 2.0s]
    [10,752/57,439  elapsed 3.8s]
    [15,872/57,439  elapsed 5.5s]
    [20,992/57,439  elapsed 7.3s]
    [26,112/57,439  elapsed 9.0s]
    [31,232/57,439  elapsed 10.8s]
    [36,352/57,439  elapsed 12.5s]
    [41,472/57,439  elapsed 14.2s]
    [46,592/57,439  elapsed 16.0s]
    [51,712/57,439  elapsed 17.7s]
    [56,832/57,439  elapsed 19.4s]
  eval done in 19.6s
  by-popularity NDCG@10: tail=0.0002(n=7,762)  mid=0.0011(n=8,169)  head=0.0550(n=41,508)
  evaluating 57,439 users in batches of 512...
    [512/57,439  elapsed 0.2s]
    [5,632/57,439  elapsed 1.9s]
    [10,752/57,439  elapsed 3.6s]
    [15,872/57,439  elapsed 5.3s]
    [20,992/57,439  elapsed 6.9s]
    [26,112/57,439  elapsed 8.6s]
    [31,232/57,439  elapsed 10.4s]
    [36,352/57,439  elapsed 12.0s]
    [41,472/57,439  elapsed 13.7s]
    [46,592/57,439  elapsed 15.3s]
    [51,712/57,439  elapsed 17.0s]
    [56,832/57,439  elapsed 18.7s]
  eval done in 18.9s
  by-popularity NDCG@10: tail=0.0002(n=8,800)  mid=0.0012(n=8,657)  head=0.0527(n=39,982)
  epoch   5  loss=8.7779  val_NDCG=0.0399  test_NDCG=0.0369  test_HR=0.0679  (7.4s)
  evaluating 57,439 users in batches of 512...
    [512/57,439  elapsed 0.2s]
    [5,632/57,439  elapsed 2.0s]
    [10,752/57,439  elapsed 3.7s]
    [15,872/57,439  elapsed 5.3s]
    [20,992/57,439  elapsed 7.1s]
    [26,112/57,439  elapsed 8.8s]
    [31,232/57,439  elapsed 10.5s]
    [36,352/57,439  elapsed 12.2s]
    [41,472/57,439  elapsed 14.0s]
    [46,592/57,439  elapsed 15.8s]
    [51,712/57,439  elapsed 17.5s]
    [56,832/57,439  elapsed 19.2s]
  eval done in 19.4s
  by-popularity NDCG@10: tail=0.0001(n=7,762)  mid=0.0018(n=8,169)  head=0.0559(n=41,508)
  evaluating 57,439 users in batches of 512...
    [512/57,439  elapsed 0.2s]
    [5,632/57,439  elapsed 2.0s]
    [10,752/57,439  elapsed 3.7s]
    [15,872/57,439  elapsed 5.5s]
    [20,992/57,439  elapsed 7.2s]
    [26,112/57,439  elapsed 8.9s]
    [31,232/57,439  elapsed 10.6s]
    [36,352/57,439  elapsed 12.4s]
    [41,472/57,439  elapsed 14.1s]
    [46,592/57,439  elapsed 15.9s]
    [51,712/57,439  elapsed 17.7s]
    [56,832/57,439  elapsed 19.4s]
  eval done in 19.6s
  by-popularity NDCG@10: tail=0.0001(n=8,800)  mid=0.0017(n=8,657)  head=0.0525(n=39,982)
  epoch   6  loss=8.7171  val_NDCG=0.0407  test_NDCG=0.0368  test_HR=0.0675  (7.0s)
  evaluating 57,439 users in batches of 512...
    [512/57,439  elapsed 0.2s]
    [5,632/57,439  elapsed 1.9s]
    [10,752/57,439  elapsed 3.6s]
    [15,872/57,439  elapsed 5.3s]
    [20,992/57,439  elapsed 6.9s]
    [26,112/57,439  elapsed 8.7s]
    [31,232/57,439  elapsed 10.4s]
    [36,352/57,439  elapsed 12.1s]
    [41,472/57,439  elapsed 13.8s]
    [46,592/57,439  elapsed 15.5s]
    [51,712/57,439  elapsed 17.3s]
    [56,832/57,439  elapsed 19.0s]
  eval done in 19.2s
  by-popularity NDCG@10: tail=0.0002(n=7,762)  mid=0.0023(n=8,169)  head=0.0565(n=41,508)
  evaluating 57,439 users in batches of 512...
    [512/57,439  elapsed 0.2s]
    [5,632/57,439  elapsed 1.9s]
    [10,752/57,439  elapsed 3.6s]
    [15,872/57,439  elapsed 5.3s]
    [20,992/57,439  elapsed 6.9s]
    [26,112/57,439  elapsed 8.7s]
    [31,232/57,439  elapsed 10.4s]
    [36,352/57,439  elapsed 12.1s]
    [41,472/57,439  elapsed 13.8s]
    [46,592/57,439  elapsed 15.6s]
    [51,712/57,439  elapsed 17.4s]
    [56,832/57,439  elapsed 19.1s]
  eval done in 19.3s
  by-popularity NDCG@10: tail=0.0002(n=8,800)  mid=0.0021(n=8,657)  head=0.0534(n=39,982)
  epoch   7  loss=8.6647  val_NDCG=0.0412  test_NDCG=0.0375  test_HR=0.0682  (7.1s)
  evaluating 57,439 users in batches of 512...
    [512/57,439  elapsed 0.2s]
    [5,632/57,439  elapsed 1.9s]
    [10,752/57,439  elapsed 3.6s]
    [15,872/57,439  elapsed 5.3s]
    [20,992/57,439  elapsed 7.1s]
    [26,112/57,439  elapsed 8.7s]
    [31,232/57,439  elapsed 10.5s]
    [36,352/57,439  elapsed 12.2s]
    [41,472/57,439  elapsed 13.9s]
    [46,592/57,439  elapsed 15.6s]
    [51,712/57,439  elapsed 17.4s]
    [56,832/57,439  elapsed 19.1s]
  eval done in 19.3s
  by-popularity NDCG@10: tail=0.0005(n=7,762)  mid=0.0032(n=8,169)  head=0.0581(n=41,508)
  evaluating 57,439 users in batches of 512...
    [512/57,439  elapsed 0.2s]
    [5,632/57,439  elapsed 2.0s]
    [10,752/57,439  elapsed 3.7s]
    [15,872/57,439  elapsed 5.4s]
    [20,992/57,439  elapsed 7.1s]
    [26,112/57,439  elapsed 8.8s]
    [31,232/57,439  elapsed 10.4s]
    [36,352/57,439  elapsed 12.1s]
    [41,472/57,439  elapsed 13.7s]
    [46,592/57,439  elapsed 15.4s]
    [51,712/57,439  elapsed 17.0s]
    [56,832/57,439  elapsed 18.7s]
  eval done in 18.9s
  by-popularity NDCG@10: tail=0.0003(n=8,800)  mid=0.0033(n=8,657)  head=0.0547(n=39,982)
  epoch   8  loss=8.6161  val_NDCG=0.0425  test_NDCG=0.0386  test_HR=0.0701  (7.2s)
  evaluating 57,439 users in batches of 512...
    [512/57,439  elapsed 0.2s]
    [5,632/57,439  elapsed 2.0s]
    [10,752/57,439  elapsed 3.7s]
    [15,872/57,439  elapsed 5.4s]
    [20,992/57,439  elapsed 7.2s]
    [26,112/57,439  elapsed 9.0s]
    [31,232/57,439  elapsed 10.7s]
    [36,352/57,439  elapsed 12.4s]
    [41,472/57,439  elapsed 14.1s]
    [46,592/57,439  elapsed 15.9s]
    [51,712/57,439  elapsed 17.6s]
    [56,832/57,439  elapsed 19.2s]
  eval done in 19.4s
  by-popularity NDCG@10: tail=0.0006(n=7,762)  mid=0.0034(n=8,169)  head=0.0582(n=41,508)
  evaluating 57,439 users in batches of 512...
    [512/57,439  elapsed 0.2s]
    [5,632/57,439  elapsed 1.8s]
    [10,752/57,439  elapsed 3.5s]
    [15,872/57,439  elapsed 5.2s]
    [20,992/57,439  elapsed 6.9s]
    [26,112/57,439  elapsed 8.6s]
    [31,232/57,439  elapsed 10.4s]
    [36,352/57,439  elapsed 12.2s]
    [41,472/57,439  elapsed 13.9s]
    [46,592/57,439  elapsed 15.7s]
    [51,712/57,439  elapsed 17.4s]
    [56,832/57,439  elapsed 19.2s]
  eval done in 19.4s
  by-popularity NDCG@10: tail=0.0004(n=8,800)  mid=0.0034(n=8,657)  head=0.0543(n=39,982)
  epoch   9  loss=8.5728  val_NDCG=0.0426  test_NDCG=0.0384  test_HR=0.0700  (6.8s)
  evaluating 57,439 users in batches of 512...
    [512/57,439  elapsed 0.2s]
    [5,632/57,439  elapsed 1.9s]
    [10,752/57,439  elapsed 3.7s]
    [15,872/57,439  elapsed 5.4s]
    [20,992/57,439  elapsed 7.1s]
    [26,112/57,439  elapsed 8.8s]
    [31,232/57,439  elapsed 10.6s]
    [36,352/57,439  elapsed 12.3s]
    [41,472/57,439  elapsed 14.0s]
    [46,592/57,439  elapsed 15.8s]
    [51,712/57,439  elapsed 17.6s]
    [56,832/57,439  elapsed 19.3s]
  eval done in 19.5s
  by-popularity NDCG@10: tail=0.0009(n=7,762)  mid=0.0042(n=8,169)  head=0.0592(n=41,508)
  evaluating 57,439 users in batches of 512...
    [512/57,439  elapsed 0.2s]
    [5,632/57,439  elapsed 1.9s]
    [10,752/57,439  elapsed 3.8s]
    [15,872/57,439  elapsed 5.3s]
    [20,992/57,439  elapsed 6.7s]
    [26,112/57,439  elapsed 8.1s]
    [31,232/57,439  elapsed 9.6s]
    [36,352/57,439  elapsed 11.0s]
    [41,472/57,439  elapsed 12.5s]
    [46,592/57,439  elapsed 14.0s]
    [51,712/57,439  elapsed 15.5s]
    [56,832/57,439  elapsed 17.0s]
  eval done in 17.2s
  by-popularity NDCG@10: tail=0.0006(n=8,800)  mid=0.0039(n=8,657)  head=0.0550(n=39,982)
  epoch  10  loss=8.5347  val_NDCG=0.0435  test_NDCG=0.0390  test_HR=0.0704  (7.2s)
  evaluating 57,439 users in batches of 512...
    [512/57,439  elapsed 0.2s]
    [5,632/57,439  elapsed 1.7s]
    [10,752/57,439  elapsed 3.1s]
    [15,872/57,439  elapsed 4.6s]
    [20,992/57,439  elapsed 6.0s]
    [26,112/57,439  elapsed 7.5s]
    [31,232/57,439  elapsed 9.0s]
    [36,352/57,439  elapsed 10.5s]
    [41,472/57,439  elapsed 11.9s]
    [46,592/57,439  elapsed 13.4s]
    [51,712/57,439  elapsed 14.9s]
    [56,832/57,439  elapsed 16.3s]
  eval done in 16.5s
  by-popularity NDCG@10: tail=0.0010(n=7,762)  mid=0.0043(n=8,169)  head=0.0591(n=41,508)
  evaluating 57,439 users in batches of 512...
    [512/57,439  elapsed 0.1s]
    [5,632/57,439  elapsed 1.6s]
    [10,752/57,439  elapsed 3.2s]
    [15,872/57,439  elapsed 4.6s]
    [20,992/57,439  elapsed 6.1s]
    [26,112/57,439  elapsed 7.6s]
    [31,232/57,439  elapsed 9.1s]
    [36,352/57,439  elapsed 10.6s]
    [41,472/57,439  elapsed 12.1s]
    [46,592/57,439  elapsed 13.6s]
    [51,712/57,439  elapsed 15.1s]
    [56,832/57,439  elapsed 16.6s]
  eval done in 16.8s
  by-popularity NDCG@10: tail=0.0007(n=8,800)  mid=0.0042(n=8,657)  head=0.0551(n=39,982)
  epoch  11  loss=8.4956  val_NDCG=0.0435  test_NDCG=0.0391  test_HR=0.0703  (6.2s)
  evaluating 57,439 users in batches of 512...
    [512/57,439  elapsed 0.2s]
    [5,632/57,439  elapsed 1.7s]
    [10,752/57,439  elapsed 3.1s]
    [15,872/57,439  elapsed 4.6s]
    [20,992/57,439  elapsed 6.1s]
    [26,112/57,439  elapsed 7.5s]
    [31,232/57,439  elapsed 9.0s]
    [36,352/57,439  elapsed 10.4s]
    [41,472/57,439  elapsed 11.9s]
    [46,592/57,439  elapsed 13.3s]
    [51,712/57,439  elapsed 14.8s]
    [56,832/57,439  elapsed 16.3s]
  eval done in 16.4s
  by-popularity NDCG@10: tail=0.0012(n=7,762)  mid=0.0048(n=8,169)  head=0.0590(n=41,508)
  evaluating 57,439 users in batches of 512...
    [512/57,439  elapsed 0.1s]
    [5,632/57,439  elapsed 1.6s]
    [10,752/57,439  elapsed 3.1s]
    [15,872/57,439  elapsed 4.6s]
    [20,992/57,439  elapsed 6.0s]
    [26,112/57,439  elapsed 7.5s]
    [31,232/57,439  elapsed 9.0s]
    [36,352/57,439  elapsed 10.4s]
    [41,472/57,439  elapsed 11.9s]
    [46,592/57,439  elapsed 13.3s]
    [51,712/57,439  elapsed 14.8s]
    [56,832/57,439  elapsed 16.2s]
  eval done in 16.4s
  by-popularity NDCG@10: tail=0.0008(n=8,800)  mid=0.0043(n=8,657)  head=0.0545(n=39,982)
  epoch  12  loss=8.4640  val_NDCG=0.0435  test_NDCG=0.0387  test_HR=0.0695  (6.3s)
  evaluating 57,439 users in batches of 512...
    [512/57,439  elapsed 0.2s]
    [5,632/57,439  elapsed 1.7s]
    [10,752/57,439  elapsed 3.3s]
    [15,872/57,439  elapsed 4.9s]
    [20,992/57,439  elapsed 6.5s]
    [26,112/57,439  elapsed 8.0s]
    [31,232/57,439  elapsed 9.5s]
    [36,352/57,439  elapsed 11.1s]
    [41,472/57,439  elapsed 12.6s]
    [46,592/57,439  elapsed 14.3s]
    [51,712/57,439  elapsed 16.1s]
    [56,832/57,439  elapsed 17.9s]
  eval done in 18.1s
  by-popularity NDCG@10: tail=0.0012(n=7,762)  mid=0.0052(n=8,169)  head=0.0592(n=41,508)
  evaluating 57,439 users in batches of 512...
    [512/57,439  elapsed 0.2s]
    [5,632/57,439  elapsed 2.0s]
    [10,752/57,439  elapsed 3.8s]
    [15,872/57,439  elapsed 5.6s]
    [20,992/57,439  elapsed 7.4s]
    [26,112/57,439  elapsed 9.1s]
    [31,232/57,439  elapsed 10.9s]
    [36,352/57,439  elapsed 12.8s]
    [41,472/57,439  elapsed 14.5s]
    [46,592/57,439  elapsed 16.2s]
    [51,712/57,439  elapsed 17.9s]
    [56,832/57,439  elapsed 19.6s]
  eval done in 19.8s
  by-popularity NDCG@10: tail=0.0009(n=8,800)  mid=0.0049(n=8,657)  head=0.0548(n=39,982)
  epoch  13  loss=8.4344  val_NDCG=0.0437  test_NDCG=0.0390  test_HR=0.0700  (6.3s)
  evaluating 57,439 users in batches of 512...
    [512/57,439  elapsed 0.2s]
    [5,632/57,439  elapsed 1.8s]
    [10,752/57,439  elapsed 3.5s]
    [15,872/57,439  elapsed 5.2s]
    [20,992/57,439  elapsed 6.9s]
    [26,112/57,439  elapsed 8.5s]
    [31,232/57,439  elapsed 10.2s]
    [36,352/57,439  elapsed 11.9s]
    [41,472/57,439  elapsed 13.5s]
    [46,592/57,439  elapsed 15.2s]
    [51,712/57,439  elapsed 16.8s]
    [56,832/57,439  elapsed 18.5s]
  eval done in 18.7s
  by-popularity NDCG@10: tail=0.0013(n=7,762)  mid=0.0051(n=8,169)  head=0.0597(n=41,508)
  evaluating 57,439 users in batches of 512...
    [512/57,439  elapsed 0.2s]
    [5,632/57,439  elapsed 1.8s]
    [10,752/57,439  elapsed 3.5s]
    [15,872/57,439  elapsed 5.2s]
    [20,992/57,439  elapsed 6.9s]
    [26,112/57,439  elapsed 8.5s]
    [31,232/57,439  elapsed 10.2s]
    [36,352/57,439  elapsed 11.9s]
    [41,472/57,439  elapsed 13.5s]
    [46,592/57,439  elapsed 15.2s]
    [51,712/57,439  elapsed 16.9s]
    [56,832/57,439  elapsed 18.6s]
  eval done in 18.8s
  by-popularity NDCG@10: tail=0.0009(n=8,800)  mid=0.0049(n=8,657)  head=0.0550(n=39,982)
  epoch  14  loss=8.4093  val_NDCG=0.0440  test_NDCG=0.0392  test_HR=0.0700  (6.9s)
  evaluating 57,439 users in batches of 512...
    [512/57,439  elapsed 0.3s]
    [5,632/57,439  elapsed 2.0s]
    [10,752/57,439  elapsed 3.6s]
    [15,872/57,439  elapsed 5.3s]
    [20,992/57,439  elapsed 7.0s]
    [26,112/57,439  elapsed 8.7s]
    [31,232/57,439  elapsed 10.4s]
    [36,352/57,439  elapsed 12.0s]
    [41,472/57,439  elapsed 13.7s]
    [46,592/57,439  elapsed 15.4s]
    [51,712/57,439  elapsed 17.1s]
    [56,832/57,439  elapsed 18.8s]
  eval done in 19.0s
  by-popularity NDCG@10: tail=0.0014(n=7,762)  mid=0.0053(n=8,169)  head=0.0599(n=41,508)
  evaluating 57,439 users in batches of 512...
    [512/57,439  elapsed 0.2s]
    [5,632/57,439  elapsed 1.9s]
    [10,752/57,439  elapsed 3.7s]
    [15,872/57,439  elapsed 5.5s]
    [20,992/57,439  elapsed 7.2s]
    [26,112/57,439  elapsed 9.0s]
    [31,232/57,439  elapsed 10.8s]
    [36,352/57,439  elapsed 12.6s]
    [41,472/57,439  elapsed 14.3s]
    [46,592/57,439  elapsed 16.1s]
    [51,712/57,439  elapsed 17.8s]
    [56,832/57,439  elapsed 19.6s]
  eval done in 19.8s
  by-popularity NDCG@10: tail=0.0010(n=8,800)  mid=0.0052(n=8,657)  head=0.0555(n=39,982)
  epoch  15  loss=8.3881  val_NDCG=0.0442  test_NDCG=0.0396  test_HR=0.0706  (7.1s)
  evaluating 57,439 users in batches of 512...
    [512/57,439  elapsed 0.2s]
    [5,632/57,439  elapsed 2.0s]
    [10,752/57,439  elapsed 3.8s]
    [15,872/57,439  elapsed 5.5s]
    [20,992/57,439  elapsed 7.3s]
    [26,112/57,439  elapsed 9.0s]
    [31,232/57,439  elapsed 10.8s]
    [36,352/57,439  elapsed 12.5s]
    [41,472/57,439  elapsed 14.2s]
    [46,592/57,439  elapsed 15.9s]
    [51,712/57,439  elapsed 17.5s]
    [56,832/57,439  elapsed 19.2s]
  eval done in 19.4s
  by-popularity NDCG@10: tail=0.0014(n=7,762)  mid=0.0053(n=8,169)  head=0.0596(n=41,508)
  evaluating 57,439 users in batches of 512...
    [512/57,439  elapsed 0.2s]
    [5,632/57,439  elapsed 1.9s]
    [10,752/57,439  elapsed 3.7s]
    [15,872/57,439  elapsed 5.4s]
    [20,992/57,439  elapsed 7.2s]
    [26,112/57,439  elapsed 8.9s]
    [31,232/57,439  elapsed 10.6s]
    [36,352/57,439  elapsed 12.4s]
    [41,472/57,439  elapsed 14.2s]
    [46,592/57,439  elapsed 16.0s]
    [51,712/57,439  elapsed 17.7s]
    [56,832/57,439  elapsed 19.5s]
  eval done in 19.7s
  by-popularity NDCG@10: tail=0.0010(n=8,800)  mid=0.0052(n=8,657)  head=0.0550(n=39,982)
  epoch  16  loss=8.3713  val_NDCG=0.0440  test_NDCG=0.0392  test_HR=0.0702  (7.4s)
  evaluating 57,439 users in batches of 512...
    [512/57,439  elapsed 0.2s]
    [5,632/57,439  elapsed 2.0s]
    [10,752/57,439  elapsed 3.6s]
    [15,872/57,439  elapsed 5.3s]
    [20,992/57,439  elapsed 7.0s]
    [26,112/57,439  elapsed 8.7s]
    [31,232/57,439  elapsed 10.3s]
    [36,352/57,439  elapsed 12.1s]
    [41,472/57,439  elapsed 13.8s]
    [46,592/57,439  elapsed 15.6s]
    [51,712/57,439  elapsed 17.4s]
    [56,832/57,439  elapsed 19.1s]
  eval done in 19.3s
  by-popularity NDCG@10: tail=0.0014(n=7,762)  mid=0.0055(n=8,169)  head=0.0600(n=41,508)
  evaluating 57,439 users in batches of 512...
    [512/57,439  elapsed 0.2s]
    [5,632/57,439  elapsed 1.9s]
    [10,752/57,439  elapsed 3.7s]
    [15,872/57,439  elapsed 5.5s]
    [20,992/57,439  elapsed 7.3s]
    [26,112/57,439  elapsed 9.0s]
    [31,232/57,439  elapsed 10.8s]
    [36,352/57,439  elapsed 12.5s]
    [41,472/57,439  elapsed 14.2s]
    [46,592/57,439  elapsed 15.9s]
    [51,712/57,439  elapsed 17.7s]
    [56,832/57,439  elapsed 19.3s]
  eval done in 19.5s
  by-popularity NDCG@10: tail=0.0010(n=8,800)  mid=0.0052(n=8,657)  head=0.0550(n=39,982)
  epoch  17  loss=8.3582  val_NDCG=0.0443  test_NDCG=0.0392  test_HR=0.0703  (7.3s)
  evaluating 57,439 users in batches of 512...
    [512/57,439  elapsed 0.2s]
    [5,632/57,439  elapsed 1.9s]
    [10,752/57,439  elapsed 3.6s]
    [15,872/57,439  elapsed 5.3s]
    [20,992/57,439  elapsed 6.9s]
    [26,112/57,439  elapsed 8.6s]
    [31,232/57,439  elapsed 10.3s]
    [36,352/57,439  elapsed 12.1s]
    [41,472/57,439  elapsed 13.8s]
    [46,592/57,439  elapsed 15.6s]
    [51,712/57,439  elapsed 17.3s]
    [56,832/57,439  elapsed 19.0s]
  eval done in 19.2s
  by-popularity NDCG@10: tail=0.0015(n=7,762)  mid=0.0054(n=8,169)  head=0.0599(n=41,508)
  evaluating 57,439 users in batches of 512...
    [512/57,439  elapsed 0.2s]
    [5,632/57,439  elapsed 1.9s]
    [10,752/57,439  elapsed 3.6s]
    [15,872/57,439  elapsed 5.4s]
    [20,992/57,439  elapsed 7.1s]
    [26,112/57,439  elapsed 8.9s]
    [31,232/57,439  elapsed 10.6s]
    [36,352/57,439  elapsed 12.3s]
    [41,472/57,439  elapsed 14.0s]
    [46,592/57,439  elapsed 15.7s]
    [51,712/57,439  elapsed 17.4s]
    [56,832/57,439  elapsed 19.0s]
  eval done in 19.2s
  by-popularity NDCG@10: tail=0.0011(n=8,800)  mid=0.0052(n=8,657)  head=0.0553(n=39,982)
  epoch  18  loss=8.3480  val_NDCG=0.0442  test_NDCG=0.0395  test_HR=0.0708  (6.9s)
  evaluating 57,439 users in batches of 512...
    [512/57,439  elapsed 0.2s]
    [5,632/57,439  elapsed 2.0s]
    [10,752/57,439  elapsed 3.8s]
    [15,872/57,439  elapsed 5.6s]
    [20,992/57,439  elapsed 7.3s]
    [26,112/57,439  elapsed 9.1s]
    [31,232/57,439  elapsed 10.8s]
    [36,352/57,439  elapsed 12.5s]
    [41,472/57,439  elapsed 14.3s]
    [46,592/57,439  elapsed 16.1s]
    [51,712/57,439  elapsed 17.8s]
    [56,832/57,439  elapsed 19.5s]
  eval done in 19.7s
  by-popularity NDCG@10: tail=0.0015(n=7,762)  mid=0.0054(n=8,169)  head=0.0599(n=41,508)
  evaluating 57,439 users in batches of 512...
    [512/57,439  elapsed 0.2s]
    [5,632/57,439  elapsed 1.9s]
    [10,752/57,439  elapsed 3.7s]
    [15,872/57,439  elapsed 5.5s]
    [20,992/57,439  elapsed 7.2s]
    [26,112/57,439  elapsed 8.9s]
    [31,232/57,439  elapsed 10.6s]
    [36,352/57,439  elapsed 12.3s]
    [41,472/57,439  elapsed 14.0s]
    [46,592/57,439  elapsed 15.8s]
    [51,712/57,439  elapsed 17.5s]
    [56,832/57,439  elapsed 19.3s]
  eval done in 19.5s
  by-popularity NDCG@10: tail=0.0011(n=8,800)  mid=0.0052(n=8,657)  head=0.0552(n=39,982)
  epoch  19  loss=8.3418  val_NDCG=0.0442  test_NDCG=0.0394  test_HR=0.0704  (7.0s)
  evaluating 57,439 users in batches of 512...
    [512/57,439  elapsed 0.2s]
    [5,632/57,439  elapsed 2.0s]
    [10,752/57,439  elapsed 3.8s]
    [15,872/57,439  elapsed 5.5s]
    [20,992/57,439  elapsed 7.3s]
    [26,112/57,439  elapsed 8.9s]
    [31,232/57,439  elapsed 10.7s]
    [36,352/57,439  elapsed 12.4s]
    [41,472/57,439  elapsed 14.1s]
    [46,592/57,439  elapsed 15.8s]
    [51,712/57,439  elapsed 17.4s]
    [56,832/57,439  elapsed 19.1s]
  eval done in 19.3s
  by-popularity NDCG@10: tail=0.0015(n=7,762)  mid=0.0053(n=8,169)  head=0.0599(n=41,508)
  evaluating 57,439 users in batches of 512...
    [512/57,439  elapsed 0.2s]
    [5,632/57,439  elapsed 1.8s]
    [10,752/57,439  elapsed 3.6s]
    [15,872/57,439  elapsed 5.3s]
    [20,992/57,439  elapsed 7.0s]
    [26,112/57,439  elapsed 8.7s]
    [31,232/57,439  elapsed 10.4s]
    [36,352/57,439  elapsed 12.1s]
    [41,472/57,439  elapsed 13.8s]
    [46,592/57,439  elapsed 15.5s]
    [51,712/57,439  elapsed 17.2s]
    [56,832/57,439  elapsed 19.0s]
  eval done in 19.2s
  by-popularity NDCG@10: tail=0.0011(n=8,800)  mid=0.0052(n=8,657)  head=0.0552(n=39,982)
  epoch  20  loss=8.3407  val_NDCG=0.0442  test_NDCG=0.0394  test_HR=0.0703  (7.4s)

=== Best by val NDCG@10 ===
  val_NDCG=0.0443
  test: {'NDCG@10': 0.03920806126362842, 'HR@10': 0.07026584724664427, 'MRR': 0.035959276236856325, 'n_eval': 57439, 'by_popularity': {'tail': {'NDCG@10': 0.0010384602662972429, 'HR@10': 0.0023863636363636366, 'n': 8800, 'n_hit@10': 21, 'HR@20': 0.004545454545454545, 'n_hit@20': 40, 'HR@50': 0.011136363636363637, 'n_hit@50': 98, 'HR@100': 0.026363636363636363, 'n_hit@100': 232}, 'mid': {'NDCG@10': 0.005184248996911594, 'HR@10': 0.009587616957375535, 'n': 8657, 'n_hit@10': 83, 'HR@20': 0.01825112625620885, 'n_hit@20': 158, 'HR@50': 0.04170035809171768, 'n_hit@50': 361, 'HR@100': 0.07427515305533094, 'n_hit@100': 643}, 'head': {'NDCG@10': 0.05497607265799292, 'HR@10': 0.09834425491471162, 'n': 39982, 'n_hit@10': 3932, 'HR@20': 0.14291431144014807, 'n_hit@20': 5714, 'HR@50': 0.22072432594667601, 'n_hit@50': 8825, 'HR@100': 0.2983842729228153, 'n_hit@100': 11930}}}
wrote C:\Users\rayxc\Documents\R\_bestrec_run\results_MI_FIRV3_a0ident_seed20260719.users.jsonl.gz (57,439 per-user records, best epoch 17, sha256 124371e9a6bb…)
wrote C:\Users\rayxc\Documents\R\_bestrec_run\results_MI_FIRV3_a0ident_seed20260719.final.users.jsonl.gz (57,439 FINAL-epoch per-user records)
  fir_v3 final ||DELTA||_2 = 0.000000

wrote C:\Users\rayxc\Documents\R\_bestrec_run\results_MI_FIRV3_a0ident_seed20260719.json
[20/24] results_MI_FIRV3_a1learned_seed20260719.json
  random seed set to 20260719
=== Musical_Instruments: load splits ===
  n_users=57,439  n_items=24,587  pad_id=24587
  built sequences for 57,439 users
  built timestamp sequences (12 time buckets)
  loading SBERT embeddings from C:\Users\rayxc\Documents\R\cache_5core\sbert_titles_Musical_Instruments.npy...
  TAPE: k-means 24,587 text embeddings into K=512 prototypes (tau=0.05)...
  TAPE: K=512 mean max-assignment weight = 0.523 (1.0 = hard clustering)

=== Build SASRec-SBERT (d=64, layers=4, heads=2) ===
  total params: 11,186,046  device=cuda
  57,439 training examples / 225 batches per epoch
  init_state_sha256 = fdfc9bc210f23fedeac811e01d7502d9995b0a958cf7fcfc0365fb09a61bfd0c
  LR schedule: warmup_cosine (225 warmup + 4275 cosine steps)

=== Train for 20 epochs ===
  evaluating 57,439 users in batches of 512...
    [512/57,439  elapsed 0.2s]
    [5,632/57,439  elapsed 1.9s]
    [10,752/57,439  elapsed 3.7s]
    [15,872/57,439  elapsed 5.4s]
    [20,992/57,439  elapsed 7.1s]
    [26,112/57,439  elapsed 8.7s]
    [31,232/57,439  elapsed 10.4s]
    [36,352/57,439  elapsed 12.2s]
    [41,472/57,439  elapsed 13.8s]
    [46,592/57,439  elapsed 15.5s]
    [51,712/57,439  elapsed 17.2s]
    [56,832/57,439  elapsed 18.8s]
  eval done in 19.0s
  by-popularity NDCG@10: tail=0.0003(n=7,762)  mid=0.0003(n=8,169)  head=0.0367(n=41,508)
  evaluating 57,439 users in batches of 512...
    [512/57,439  elapsed 0.2s]
    [5,632/57,439  elapsed 1.8s]
    [10,752/57,439  elapsed 3.4s]
    [15,872/57,439  elapsed 5.1s]
    [20,992/57,439  elapsed 6.8s]
    [26,112/57,439  elapsed 8.5s]
    [31,232/57,439  elapsed 10.2s]
    [36,352/57,439  elapsed 12.0s]
    [41,472/57,439  elapsed 13.7s]
    [46,592/57,439  elapsed 15.5s]
    [51,712/57,439  elapsed 17.3s]
    [56,832/57,439  elapsed 19.1s]
  eval done in 19.4s
  by-popularity NDCG@10: tail=0.0001(n=8,800)  mid=0.0004(n=8,657)  head=0.0339(n=39,982)
  epoch   1  loss=9.6189  val_NDCG=0.0266  test_NDCG=0.0237  test_HR=0.0458  (7.6s)
  evaluating 57,439 users in batches of 512...
    [512/57,439  elapsed 0.2s]
    [5,632/57,439  elapsed 2.0s]
    [10,752/57,439  elapsed 3.7s]
    [15,872/57,439  elapsed 5.4s]
    [20,992/57,439  elapsed 7.2s]
    [26,112/57,439  elapsed 8.9s]
    [31,232/57,439  elapsed 10.6s]
    [36,352/57,439  elapsed 12.3s]
    [41,472/57,439  elapsed 14.0s]
    [46,592/57,439  elapsed 15.7s]
    [51,712/57,439  elapsed 17.3s]
    [56,832/57,439  elapsed 19.0s]
  eval done in 19.2s
  by-popularity NDCG@10: tail=0.0000(n=7,762)  mid=0.0004(n=8,169)  head=0.0470(n=41,508)
  evaluating 57,439 users in batches of 512...
    [512/57,439  elapsed 0.2s]
    [5,632/57,439  elapsed 1.9s]
    [10,752/57,439  elapsed 3.5s]
    [15,872/57,439  elapsed 5.3s]
    [20,992/57,439  elapsed 6.9s]
    [26,112/57,439  elapsed 8.6s]
    [31,232/57,439  elapsed 10.3s]
    [36,352/57,439  elapsed 12.0s]
    [41,472/57,439  elapsed 13.7s]
    [46,592/57,439  elapsed 15.3s]
    [51,712/57,439  elapsed 17.0s]
    [56,832/57,439  elapsed 18.7s]
  eval done in 18.9s
  by-popularity NDCG@10: tail=0.0001(n=8,800)  mid=0.0003(n=8,657)  head=0.0449(n=39,982)
  epoch   2  loss=9.0905  val_NDCG=0.0340  test_NDCG=0.0313  test_HR=0.0584  (7.4s)
  evaluating 57,439 users in batches of 512...
    [512/57,439  elapsed 0.2s]
    [5,632/57,439  elapsed 1.9s]
    [10,752/57,439  elapsed 3.6s]
    [15,872/57,439  elapsed 5.3s]
    [20,992/57,439  elapsed 7.0s]
    [26,112/57,439  elapsed 8.7s]
    [31,232/57,439  elapsed 10.4s]
    [36,352/57,439  elapsed 12.1s]
    [41,472/57,439  elapsed 13.8s]
    [46,592/57,439  elapsed 15.5s]
    [51,712/57,439  elapsed 17.2s]
    [56,832/57,439  elapsed 19.0s]
  eval done in 19.2s
  by-popularity NDCG@10: tail=0.0000(n=7,762)  mid=0.0005(n=8,169)  head=0.0523(n=41,508)
  evaluating 57,439 users in batches of 512...
    [512/57,439  elapsed 0.2s]
    [5,632/57,439  elapsed 1.9s]
    [10,752/57,439  elapsed 3.6s]
    [15,872/57,439  elapsed 5.3s]
    [20,992/57,439  elapsed 7.1s]
    [26,112/57,439  elapsed 8.9s]
    [31,232/57,439  elapsed 10.6s]
    [36,352/57,439  elapsed 12.3s]
    [41,472/57,439  elapsed 14.0s]
    [46,592/57,439  elapsed 15.7s]
    [51,712/57,439  elapsed 17.3s]
    [56,832/57,439  elapsed 19.0s]
  eval done in 19.2s
  by-popularity NDCG@10: tail=0.0002(n=8,800)  mid=0.0008(n=8,657)  head=0.0494(n=39,982)
  epoch   3  loss=8.9288  val_NDCG=0.0379  test_NDCG=0.0346  test_HR=0.0645  (7.2s)
  evaluating 57,439 users in batches of 512...
    [512/57,439  elapsed 0.2s]
    [5,632/57,439  elapsed 1.9s]
    [10,752/57,439  elapsed 3.6s]
    [15,872/57,439  elapsed 5.3s]
    [20,992/57,439  elapsed 7.0s]
    [26,112/57,439  elapsed 8.8s]
    [31,232/57,439  elapsed 10.7s]
    [36,352/57,439  elapsed 12.5s]
    [41,472/57,439  elapsed 14.2s]
    [46,592/57,439  elapsed 15.9s]
    [51,712/57,439  elapsed 17.6s]
    [56,832/57,439  elapsed 19.2s]
  eval done in 19.4s
  by-popularity NDCG@10: tail=0.0001(n=7,762)  mid=0.0013(n=8,169)  head=0.0557(n=41,508)
  evaluating 57,439 users in batches of 512...
    [512/57,439  elapsed 0.2s]
    [5,632/57,439  elapsed 1.9s]
    [10,752/57,439  elapsed 3.6s]
    [15,872/57,439  elapsed 5.3s]
    [20,992/57,439  elapsed 7.0s]
    [26,112/57,439  elapsed 8.7s]
    [31,232/57,439  elapsed 10.4s]
    [36,352/57,439  elapsed 12.0s]
    [41,472/57,439  elapsed 13.7s]
    [46,592/57,439  elapsed 15.3s]
    [51,712/57,439  elapsed 17.0s]
    [56,832/57,439  elapsed 18.6s]
  eval done in 18.8s
  by-popularity NDCG@10: tail=0.0002(n=8,800)  mid=0.0013(n=8,657)  head=0.0533(n=39,982)
  epoch   4  loss=8.8221  val_NDCG=0.0405  test_NDCG=0.0374  test_HR=0.0685  (7.1s)
  evaluating 57,439 users in batches of 512...
    [512/57,439  elapsed 0.2s]
    [5,632/57,439  elapsed 1.9s]
    [10,752/57,439  elapsed 3.6s]
    [15,872/57,439  elapsed 5.2s]
    [20,992/57,439  elapsed 7.0s]
    [26,112/57,439  elapsed 8.9s]
    [31,232/57,439  elapsed 10.7s]
    [36,352/57,439  elapsed 12.3s]
    [41,472/57,439  elapsed 14.0s]
    [46,592/57,439  elapsed 15.7s]
    [51,712/57,439  elapsed 17.4s]
    [56,832/57,439  elapsed 19.0s]
  eval done in 19.2s
  by-popularity NDCG@10: tail=0.0005(n=7,762)  mid=0.0022(n=8,169)  head=0.0580(n=41,508)
  evaluating 57,439 users in batches of 512...
    [512/57,439  elapsed 0.2s]
    [5,632/57,439  elapsed 1.8s]
    [10,752/57,439  elapsed 3.5s]
    [15,872/57,439  elapsed 5.1s]
    [20,992/57,439  elapsed 6.8s]
    [26,112/57,439  elapsed 8.5s]
    [31,232/57,439  elapsed 10.2s]
    [36,352/57,439  elapsed 11.9s]
    [41,472/57,439  elapsed 13.5s]
    [46,592/57,439  elapsed 15.2s]
    [51,712/57,439  elapsed 17.0s]
    [56,832/57,439  elapsed 18.7s]
  eval done in 19.0s
  by-popularity NDCG@10: tail=0.0004(n=8,800)  mid=0.0020(n=8,657)  head=0.0551(n=39,982)
  epoch   5  loss=8.7410  val_NDCG=0.0423  test_NDCG=0.0387  test_HR=0.0709  (7.4s)
  evaluating 57,439 users in batches of 512...
    [512/57,439  elapsed 0.2s]
    [5,632/57,439  elapsed 2.0s]
    [10,752/57,439  elapsed 3.7s]
    [15,872/57,439  elapsed 5.4s]
    [20,992/57,439  elapsed 7.1s]
    [26,112/57,439  elapsed 8.9s]
    [31,232/57,439  elapsed 10.6s]
    [36,352/57,439  elapsed 12.2s]
    [41,472/57,439  elapsed 13.9s]
    [46,592/57,439  elapsed 15.5s]
    [51,712/57,439  elapsed 17.2s]
    [56,832/57,439  elapsed 18.9s]
  eval done in 19.1s
  by-popularity NDCG@10: tail=0.0006(n=7,762)  mid=0.0032(n=8,169)  head=0.0600(n=41,508)
  evaluating 57,439 users in batches of 512...
    [512/57,439  elapsed 0.2s]
    [5,632/57,439  elapsed 1.8s]
    [10,752/57,439  elapsed 3.5s]
    [15,872/57,439  elapsed 5.2s]
    [20,992/57,439  elapsed 6.9s]
    [26,112/57,439  elapsed 8.6s]
    [31,232/57,439  elapsed 10.4s]
    [36,352/57,439  elapsed 12.1s]
    [41,472/57,439  elapsed 13.8s]
    [46,592/57,439  elapsed 15.5s]
    [51,712/57,439  elapsed 17.2s]
    [56,832/57,439  elapsed 18.9s]
  eval done in 19.1s
  by-popularity NDCG@10: tail=0.0005(n=8,800)  mid=0.0035(n=8,657)  head=0.0561(n=39,982)
  epoch   6  loss=8.6742  val_NDCG=0.0439  test_NDCG=0.0397  test_HR=0.0724  (7.2s)
  evaluating 57,439 users in batches of 512...
    [512/57,439  elapsed 0.2s]
    [5,632/57,439  elapsed 1.9s]
    [10,752/57,439  elapsed 3.6s]
    [15,872/57,439  elapsed 5.4s]
    [20,992/57,439  elapsed 7.1s]
    [26,112/57,439  elapsed 8.8s]
    [31,232/57,439  elapsed 10.5s]
    [36,352/57,439  elapsed 12.3s]
    [41,472/57,439  elapsed 14.1s]
    [46,592/57,439  elapsed 15.8s]
    [51,712/57,439  elapsed 17.5s]
    [56,832/57,439  elapsed 19.2s]
  eval done in 19.4s
  by-popularity NDCG@10: tail=0.0009(n=7,762)  mid=0.0038(n=8,169)  head=0.0600(n=41,508)
  evaluating 57,439 users in batches of 512...
    [512/57,439  elapsed 0.2s]
    [5,632/57,439  elapsed 1.9s]
    [10,752/57,439  elapsed 3.6s]
    [15,872/57,439  elapsed 5.2s]
    [20,992/57,439  elapsed 6.9s]
    [26,112/57,439  elapsed 8.6s]
    [31,232/57,439  elapsed 10.3s]
    [36,352/57,439  elapsed 12.0s]
    [41,472/57,439  elapsed 13.7s]
    [46,592/57,439  elapsed 15.4s]
    [51,712/57,439  elapsed 17.1s]
    [56,832/57,439  elapsed 18.7s]
  eval done in 18.9s
  by-popularity NDCG@10: tail=0.0007(n=8,800)  mid=0.0037(n=8,657)  head=0.0564(n=39,982)
  epoch   7  loss=8.6168  val_NDCG=0.0440  test_NDCG=0.0399  test_HR=0.0727  (7.1s)
  evaluating 57,439 users in batches of 512...
    [512/57,439  elapsed 0.2s]
    [5,632/57,439  elapsed 1.9s]
    [10,752/57,439  elapsed 3.5s]
    [15,872/57,439  elapsed 5.2s]
    [20,992/57,439  elapsed 6.9s]
    [26,112/57,439  elapsed 8.6s]
    [31,232/57,439  elapsed 10.4s]
    [36,352/57,439  elapsed 12.1s]
    [41,472/57,439  elapsed 13.8s]
    [46,592/57,439  elapsed 15.5s]
    [51,712/57,439  elapsed 17.2s]
    [56,832/57,439  elapsed 18.9s]
  eval done in 19.1s
  by-popularity NDCG@10: tail=0.0010(n=7,762)  mid=0.0048(n=8,169)  head=0.0616(n=41,508)
  evaluating 57,439 users in batches of 512...
    [512/57,439  elapsed 0.2s]
    [5,632/57,439  elapsed 1.9s]
    [10,752/57,439  elapsed 3.6s]
    [15,872/57,439  elapsed 5.3s]
    [20,992/57,439  elapsed 7.0s]
    [26,112/57,439  elapsed 8.7s]
    [31,232/57,439  elapsed 10.4s]
    [36,352/57,439  elapsed 12.1s]
    [41,472/57,439  elapsed 13.9s]
    [46,592/57,439  elapsed 15.6s]
    [51,712/57,439  elapsed 17.4s]
    [56,832/57,439  elapsed 19.1s]
  eval done in 19.3s
  by-popularity NDCG@10: tail=0.0010(n=8,800)  mid=0.0046(n=8,657)  head=0.0580(n=39,982)
  epoch   8  loss=8.5639  val_NDCG=0.0454  test_NDCG=0.0412  test_HR=0.0745  (7.0s)
  evaluating 57,439 users in batches of 512...
    [512/57,439  elapsed 0.2s]
    [5,632/57,439  elapsed 1.9s]
    [10,752/57,439  elapsed 3.5s]
    [15,872/57,439  elapsed 5.2s]
    [20,992/57,439  elapsed 6.9s]
    [26,112/57,439  elapsed 8.6s]
    [31,232/57,439  elapsed 10.2s]
    [36,352/57,439  elapsed 11.9s]
    [41,472/57,439  elapsed 13.6s]
    [46,592/57,439  elapsed 15.4s]
    [51,712/57,439  elapsed 17.2s]
    [56,832/57,439  elapsed 18.9s]
  eval done in 19.2s
  by-popularity NDCG@10: tail=0.0013(n=7,762)  mid=0.0052(n=8,169)  head=0.0613(n=41,508)
  evaluating 57,439 users in batches of 512...
    [512/57,439  elapsed 0.2s]
    [5,632/57,439  elapsed 1.9s]
    [10,752/57,439  elapsed 3.6s]
    [15,872/57,439  elapsed 5.3s]
    [20,992/57,439  elapsed 7.0s]
    [26,112/57,439  elapsed 8.7s]
    [31,232/57,439  elapsed 10.4s]
    [36,352/57,439  elapsed 12.2s]
    [41,472/57,439  elapsed 13.9s]
    [46,592/57,439  elapsed 15.6s]
    [51,712/57,439  elapsed 17.2s]
    [56,832/57,439  elapsed 18.9s]
  eval done in 19.1s
  by-popularity NDCG@10: tail=0.0009(n=8,800)  mid=0.0050(n=8,657)  head=0.0577(n=39,982)
  epoch   9  loss=8.5170  val_NDCG=0.0452  test_NDCG=0.0411  test_HR=0.0745  (7.1s)
  evaluating 57,439 users in batches of 512...
    [512/57,439  elapsed 0.2s]
    [5,632/57,439  elapsed 1.9s]
    [10,752/57,439  elapsed 3.6s]
    [15,872/57,439  elapsed 5.4s]
    [20,992/57,439  elapsed 7.0s]
    [26,112/57,439  elapsed 8.7s]
    [31,232/57,439  elapsed 10.4s]
    [36,352/57,439  elapsed 12.1s]
    [41,472/57,439  elapsed 13.9s]
    [46,592/57,439  elapsed 15.6s]
    [51,712/57,439  elapsed 17.3s]
    [56,832/57,439  elapsed 19.1s]
  eval done in 19.3s
  by-popularity NDCG@10: tail=0.0015(n=7,762)  mid=0.0054(n=8,169)  head=0.0622(n=41,508)
  evaluating 57,439 users in batches of 512...
    [512/57,439  elapsed 0.2s]
    [5,632/57,439  elapsed 1.9s]
    [10,752/57,439  elapsed 3.6s]
    [15,872/57,439  elapsed 5.3s]
    [20,992/57,439  elapsed 7.0s]
    [26,112/57,439  elapsed 8.7s]
    [31,232/57,439  elapsed 10.4s]
    [36,352/57,439  elapsed 12.0s]
    [41,472/57,439  elapsed 13.7s]
    [46,592/57,439  elapsed 15.4s]
    [51,712/57,439  elapsed 17.0s]
    [56,832/57,439  elapsed 18.7s]
  eval done in 18.9s
  by-popularity NDCG@10: tail=0.0011(n=8,800)  mid=0.0051(n=8,657)  head=0.0584(n=39,982)
  epoch  10  loss=8.4753  val_NDCG=0.0459  test_NDCG=0.0416  test_HR=0.0750  (7.1s)
  evaluating 57,439 users in batches of 512...
    [512/57,439  elapsed 0.3s]
    [5,632/57,439  elapsed 2.0s]
    [10,752/57,439  elapsed 3.7s]
    [15,872/57,439  elapsed 5.5s]
    [20,992/57,439  elapsed 7.3s]
    [26,112/57,439  elapsed 9.0s]
    [31,232/57,439  elapsed 10.8s]
    [36,352/57,439  elapsed 12.5s]
    [41,472/57,439  elapsed 14.1s]
    [46,592/57,439  elapsed 15.8s]
    [51,712/57,439  elapsed 17.4s]
    [56,832/57,439  elapsed 19.1s]
  eval done in 19.3s
  by-popularity NDCG@10: tail=0.0017(n=7,762)  mid=0.0059(n=8,169)  head=0.0619(n=41,508)
  evaluating 57,439 users in batches of 512...
    [512/57,439  elapsed 0.2s]
    [5,632/57,439  elapsed 1.9s]
    [10,752/57,439  elapsed 3.6s]
    [15,872/57,439  elapsed 5.3s]
    [20,992/57,439  elapsed 7.0s]
    [26,112/57,439  elapsed 8.7s]
    [31,232/57,439  elapsed 10.4s]
    [36,352/57,439  elapsed 12.1s]
    [41,472/57,439  elapsed 13.8s]
    [46,592/57,439  elapsed 15.6s]
    [51,712/57,439  elapsed 17.3s]
    [56,832/57,439  elapsed 19.1s]
  eval done in 19.3s
  by-popularity NDCG@10: tail=0.0012(n=8,800)  mid=0.0055(n=8,657)  head=0.0580(n=39,982)
  epoch  11  loss=8.4335  val_NDCG=0.0458  test_NDCG=0.0414  test_HR=0.0745  (7.0s)
  evaluating 57,439 users in batches of 512...
    [512/57,439  elapsed 0.2s]
    [5,632/57,439  elapsed 1.9s]
    [10,752/57,439  elapsed 3.7s]
    [15,872/57,439  elapsed 5.3s]
    [20,992/57,439  elapsed 7.0s]
    [26,112/57,439  elapsed 8.6s]
    [31,232/57,439  elapsed 10.3s]
    [36,352/57,439  elapsed 11.9s]
    [41,472/57,439  elapsed 13.6s]
    [46,592/57,439  elapsed 15.2s]
    [51,712/57,439  elapsed 16.8s]
    [56,832/57,439  elapsed 18.4s]
  eval done in 18.6s
  by-popularity NDCG@10: tail=0.0017(n=7,762)  mid=0.0067(n=8,169)  head=0.0618(n=41,508)
  evaluating 57,439 users in batches of 512...
    [512/57,439  elapsed 0.2s]
    [5,632/57,439  elapsed 1.8s]
    [10,752/57,439  elapsed 3.6s]
    [15,872/57,439  elapsed 5.3s]
    [20,992/57,439  elapsed 7.0s]
    [26,112/57,439  elapsed 8.7s]
    [31,232/57,439  elapsed 10.5s]
    [36,352/57,439  elapsed 12.2s]
    [41,472/57,439  elapsed 14.0s]
    [46,592/57,439  elapsed 15.7s]
    [51,712/57,439  elapsed 17.4s]
    [56,832/57,439  elapsed 19.1s]
  eval done in 19.3s
  by-popularity NDCG@10: tail=0.0014(n=8,800)  mid=0.0059(n=8,657)  head=0.0575(n=39,982)
  epoch  12  loss=8.3996  val_NDCG=0.0459  test_NDCG=0.0412  test_HR=0.0745  (7.3s)
  evaluating 57,439 users in batches of 512...
    [512/57,439  elapsed 0.2s]
    [5,632/57,439  elapsed 1.9s]
    [10,752/57,439  elapsed 3.7s]
    [15,872/57,439  elapsed 5.3s]
    [20,992/57,439  elapsed 7.0s]
    [26,112/57,439  elapsed 8.7s]
    [31,232/57,439  elapsed 10.4s]
    [36,352/57,439  elapsed 12.2s]
    [41,472/57,439  elapsed 14.0s]
    [46,592/57,439  elapsed 15.6s]
    [51,712/57,439  elapsed 17.3s]
    [56,832/57,439  elapsed 19.1s]
  eval done in 19.3s
  by-popularity NDCG@10: tail=0.0020(n=7,762)  mid=0.0069(n=8,169)  head=0.0619(n=41,508)
  evaluating 57,439 users in batches of 512...
    [512/57,439  elapsed 0.2s]
    [5,632/57,439  elapsed 1.9s]
    [10,752/57,439  elapsed 3.6s]
    [15,872/57,439  elapsed 5.2s]
    [20,992/57,439  elapsed 6.9s]
    [26,112/57,439  elapsed 8.6s]
    [31,232/57,439  elapsed 10.3s]
    [36,352/57,439  elapsed 12.1s]
    [41,472/57,439  elapsed 13.8s]
    [46,592/57,439  elapsed 15.5s]
    [51,712/57,439  elapsed 17.1s]
    [56,832/57,439  elapsed 18.8s]
  eval done in 19.0s
  by-popularity NDCG@10: tail=0.0014(n=8,800)  mid=0.0062(n=8,657)  head=0.0578(n=39,982)
  epoch  13  loss=8.3690  val_NDCG=0.0460  test_NDCG=0.0414  test_HR=0.0747  (7.3s)
  evaluating 57,439 users in batches of 512...
    [512/57,439  elapsed 0.2s]
    [5,632/57,439  elapsed 2.0s]
    [10,752/57,439  elapsed 3.9s]
    [15,872/57,439  elapsed 5.5s]
    [20,992/57,439  elapsed 6.9s]
    [26,112/57,439  elapsed 8.3s]
    [31,232/57,439  elapsed 9.7s]
    [36,352/57,439  elapsed 11.1s]
    [41,472/57,439  elapsed 12.5s]
    [46,592/57,439  elapsed 14.0s]
    [51,712/57,439  elapsed 15.4s]
    [56,832/57,439  elapsed 16.8s]
  eval done in 17.0s
  by-popularity NDCG@10: tail=0.0021(n=7,762)  mid=0.0069(n=8,169)  head=0.0622(n=41,508)
  evaluating 57,439 users in batches of 512...
    [512/57,439  elapsed 0.1s]
    [5,632/57,439  elapsed 1.5s]
    [10,752/57,439  elapsed 3.0s]
    [15,872/57,439  elapsed 4.5s]
    [20,992/57,439  elapsed 6.0s]
    [26,112/57,439  elapsed 7.5s]
    [31,232/57,439  elapsed 9.0s]
    [36,352/57,439  elapsed 10.5s]
    [41,472/57,439  elapsed 11.9s]
    [46,592/57,439  elapsed 13.4s]
    [51,712/57,439  elapsed 14.9s]
    [56,832/57,439  elapsed 16.4s]
  eval done in 16.6s
  by-popularity NDCG@10: tail=0.0016(n=8,800)  mid=0.0067(n=8,657)  head=0.0582(n=39,982)
  epoch  14  loss=8.3427  val_NDCG=0.0462  test_NDCG=0.0417  test_HR=0.0753  (7.4s)
  evaluating 57,439 users in batches of 512...
    [512/57,439  elapsed 0.2s]
    [5,632/57,439  elapsed 1.7s]
    [10,752/57,439  elapsed 3.2s]
    [15,872/57,439  elapsed 4.6s]
    [20,992/57,439  elapsed 6.1s]
    [26,112/57,439  elapsed 7.5s]
    [31,232/57,439  elapsed 9.0s]
    [36,352/57,439  elapsed 10.5s]
    [41,472/57,439  elapsed 11.9s]
    [46,592/57,439  elapsed 13.4s]
    [51,712/57,439  elapsed 14.8s]
    [56,832/57,439  elapsed 16.3s]
  eval done in 16.4s
  by-popularity NDCG@10: tail=0.0022(n=7,762)  mid=0.0071(n=8,169)  head=0.0624(n=41,508)
  evaluating 57,439 users in batches of 512...
    [512/57,439  elapsed 0.2s]
    [5,632/57,439  elapsed 1.6s]
    [10,752/57,439  elapsed 3.1s]
    [15,872/57,439  elapsed 4.6s]
    [20,992/57,439  elapsed 6.0s]
    [26,112/57,439  elapsed 7.5s]
    [31,232/57,439  elapsed 9.0s]
    [36,352/57,439  elapsed 10.4s]
    [41,472/57,439  elapsed 11.9s]
    [46,592/57,439  elapsed 13.3s]
    [51,712/57,439  elapsed 14.8s]
    [56,832/57,439  elapsed 16.2s]
  eval done in 16.4s
  by-popularity NDCG@10: tail=0.0016(n=8,800)  mid=0.0067(n=8,657)  head=0.0583(n=39,982)
  epoch  15  loss=8.3196  val_NDCG=0.0464  test_NDCG=0.0419  test_HR=0.0754  (6.4s)
  evaluating 57,439 users in batches of 512...
    [512/57,439  elapsed 0.2s]
    [5,632/57,439  elapsed 1.7s]
    [10,752/57,439  elapsed 3.2s]
    [15,872/57,439  elapsed 4.7s]
    [20,992/57,439  elapsed 6.2s]
    [26,112/57,439  elapsed 7.7s]
    [31,232/57,439  elapsed 9.2s]
    [36,352/57,439  elapsed 10.6s]
    [41,472/57,439  elapsed 12.1s]
    [46,592/57,439  elapsed 13.8s]
    [51,712/57,439  elapsed 15.6s]
    [56,832/57,439  elapsed 17.3s]
  eval done in 17.5s
  by-popularity NDCG@10: tail=0.0021(n=7,762)  mid=0.0070(n=8,169)  head=0.0621(n=41,508)
  evaluating 57,439 users in batches of 512...
    [512/57,439  elapsed 0.2s]
    [5,632/57,439  elapsed 1.9s]
    [10,752/57,439  elapsed 3.8s]
    [15,872/57,439  elapsed 5.5s]
    [20,992/57,439  elapsed 7.2s]
    [26,112/57,439  elapsed 9.0s]
    [31,232/57,439  elapsed 10.7s]
    [36,352/57,439  elapsed 12.4s]
    [41,472/57,439  elapsed 14.1s]
    [46,592/57,439  elapsed 16.0s]
    [51,712/57,439  elapsed 18.0s]
    [56,832/57,439  elapsed 19.7s]
  eval done in 19.9s
  by-popularity NDCG@10: tail=0.0016(n=8,800)  mid=0.0067(n=8,657)  head=0.0579(n=39,982)
  epoch  16  loss=8.3017  val_NDCG=0.0461  test_NDCG=0.0415  test_HR=0.0752  (6.1s)
  evaluating 57,439 users in batches of 512...
    [512/57,439  elapsed 0.2s]
    [5,632/57,439  elapsed 1.9s]
    [10,752/57,439  elapsed 3.5s]
    [15,872/57,439  elapsed 5.1s]
    [20,992/57,439  elapsed 6.8s]
    [26,112/57,439  elapsed 8.4s]
    [31,232/57,439  elapsed 10.0s]
    [36,352/57,439  elapsed 11.6s]
    [41,472/57,439  elapsed 13.2s]
    [46,592/57,439  elapsed 14.8s]
    [51,712/57,439  elapsed 16.5s]
    [56,832/57,439  elapsed 18.1s]
  eval done in 18.3s
  by-popularity NDCG@10: tail=0.0022(n=7,762)  mid=0.0073(n=8,169)  head=0.0620(n=41,508)
  evaluating 57,439 users in batches of 512...
    [512/57,439  elapsed 0.2s]
    [5,632/57,439  elapsed 1.8s]
    [10,752/57,439  elapsed 3.5s]
    [15,872/57,439  elapsed 5.2s]
    [20,992/57,439  elapsed 6.9s]
    [26,112/57,439  elapsed 8.8s]
    [31,232/57,439  elapsed 10.6s]
    [36,352/57,439  elapsed 12.3s]
    [41,472/57,439  elapsed 14.0s]
    [46,592/57,439  elapsed 15.7s]
    [51,712/57,439  elapsed 17.4s]
    [56,832/57,439  elapsed 19.2s]
  eval done in 19.4s
  by-popularity NDCG@10: tail=0.0017(n=8,800)  mid=0.0066(n=8,657)  head=0.0581(n=39,982)
  epoch  17  loss=8.2881  val_NDCG=0.0461  test_NDCG=0.0417  test_HR=0.0752  (7.0s)
  evaluating 57,439 users in batches of 512...
    [512/57,439  elapsed 0.2s]
    [5,632/57,439  elapsed 1.9s]
    [10,752/57,439  elapsed 3.7s]
    [15,872/57,439  elapsed 5.4s]
    [20,992/57,439  elapsed 7.1s]
    [26,112/57,439  elapsed 8.8s]
    [31,232/57,439  elapsed 10.5s]
    [36,352/57,439  elapsed 12.2s]
    [41,472/57,439  elapsed 13.9s]
    [46,592/57,439  elapsed 15.6s]
    [51,712/57,439  elapsed 17.3s]
    [56,832/57,439  elapsed 19.0s]
  eval done in 19.2s
  by-popularity NDCG@10: tail=0.0022(n=7,762)  mid=0.0072(n=8,169)  head=0.0622(n=41,508)
  evaluating 57,439 users in batches of 512...
    [512/57,439  elapsed 0.2s]
    [5,632/57,439  elapsed 1.8s]
    [10,752/57,439  elapsed 3.5s]
    [15,872/57,439  elapsed 5.2s]
    [20,992/57,439  elapsed 7.0s]
    [26,112/57,439  elapsed 8.7s]
    [31,232/57,439  elapsed 10.4s]
    [36,352/57,439  elapsed 12.1s]
    [41,472/57,439  elapsed 13.8s]
    [46,592/57,439  elapsed 15.7s]
    [51,712/57,439  elapsed 17.5s]
    [56,832/57,439  elapsed 19.3s]
  eval done in 19.5s
  by-popularity NDCG@10: tail=0.0017(n=8,800)  mid=0.0066(n=8,657)  head=0.0582(n=39,982)
  epoch  18  loss=8.2764  val_NDCG=0.0463  test_NDCG=0.0417  test_HR=0.0755  (7.3s)
  evaluating 57,439 users in batches of 512...
    [512/57,439  elapsed 0.2s]
    [5,632/57,439  elapsed 1.9s]
    [10,752/57,439  elapsed 3.5s]
    [15,872/57,439  elapsed 5.2s]
    [20,992/57,439  elapsed 6.9s]
    [26,112/57,439  elapsed 8.5s]
    [31,232/57,439  elapsed 10.1s]
    [36,352/57,439  elapsed 11.8s]
    [41,472/57,439  elapsed 13.5s]
    [46,592/57,439  elapsed 15.1s]
    [51,712/57,439  elapsed 16.8s]
    [56,832/57,439  elapsed 18.5s]
  eval done in 18.7s
  by-popularity NDCG@10: tail=0.0022(n=7,762)  mid=0.0072(n=8,169)  head=0.0623(n=41,508)
  evaluating 57,439 users in batches of 512...
    [512/57,439  elapsed 0.2s]
    [5,632/57,439  elapsed 1.9s]
    [10,752/57,439  elapsed 3.6s]
    [15,872/57,439  elapsed 5.3s]
    [20,992/57,439  elapsed 7.0s]
    [26,112/57,439  elapsed 8.7s]
    [31,232/57,439  elapsed 10.4s]
    [36,352/57,439  elapsed 12.1s]
    [41,472/57,439  elapsed 13.8s]
    [46,592/57,439  elapsed 15.4s]
    [51,712/57,439  elapsed 17.2s]
    [56,832/57,439  elapsed 18.9s]
  eval done in 19.2s
  by-popularity NDCG@10: tail=0.0016(n=8,800)  mid=0.0066(n=8,657)  head=0.0581(n=39,982)
  epoch  19  loss=8.2714  val_NDCG=0.0463  test_NDCG=0.0417  test_HR=0.0753  (7.0s)
  evaluating 57,439 users in batches of 512...
    [512/57,439  elapsed 0.2s]
    [5,632/57,439  elapsed 2.0s]
    [10,752/57,439  elapsed 3.7s]
    [15,872/57,439  elapsed 5.4s]
    [20,992/57,439  elapsed 7.1s]
    [26,112/57,439  elapsed 8.9s]
    [31,232/57,439  elapsed 10.6s]
    [36,352/57,439  elapsed 12.3s]
    [41,472/57,439  elapsed 14.1s]
    [46,592/57,439  elapsed 15.8s]
    [51,712/57,439  elapsed 17.4s]
    [56,832/57,439  elapsed 19.1s]
  eval done in 19.2s
  by-popularity NDCG@10: tail=0.0022(n=7,762)  mid=0.0071(n=8,169)  head=0.0623(n=41,508)
  evaluating 57,439 users in batches of 512...
    [512/57,439  elapsed 0.2s]
    [5,632/57,439  elapsed 1.8s]
    [10,752/57,439  elapsed 3.5s]
    [15,872/57,439  elapsed 5.2s]
    [20,992/57,439  elapsed 6.8s]
    [26,112/57,439  elapsed 8.5s]
    [31,232/57,439  elapsed 10.2s]
    [36,352/57,439  elapsed 11.9s]
    [41,472/57,439  elapsed 13.5s]
    [46,592/57,439  elapsed 15.2s]
    [51,712/57,439  elapsed 17.0s]
    [56,832/57,439  elapsed 18.7s]
  eval done in 18.9s
  by-popularity NDCG@10: tail=0.0017(n=8,800)  mid=0.0066(n=8,657)  head=0.0580(n=39,982)
  epoch  20  loss=8.2698  val_NDCG=0.0463  test_NDCG=0.0416  test_HR=0.0752  (7.4s)

=== Best by val NDCG@10 ===
  val_NDCG=0.0464
  test: {'NDCG@10': 0.041859510433053464, 'HR@10': 0.07536691098382632, 'MRR': 0.037937233962546855, 'n_eval': 57439, 'by_popularity': {'tail': {'NDCG@10': 0.0016132520750813443, 'HR@10': 0.003522727272727273, 'n': 8800, 'n_hit@10': 31, 'HR@20': 0.007272727272727273, 'n_hit@20': 64, 'HR@50': 0.01784090909090909, 'n_hit@50': 157, 'HR@100': 0.03420454545454545, 'n_hit@100': 301}, 'mid': {'NDCG@10': 0.006747193625898447, 'HR@10': 0.013284047591544414, 'n': 8657, 'n_hit@10': 115, 'HR@20': 0.023218204920873283, 'n_hit@20': 201, 'HR@50': 0.04747603095760656, 'n_hit@50': 411, 'HR@100': 0.0801663393785376, 'n_hit@100': 694}, 'head': {'NDCG@10': 0.05832027778210292, 'HR@10': 0.10462207993597118, 'n': 39982, 'n_hit@10': 4183, 'HR@20': 0.14866690010504727, 'n_hit@20': 5944, 'HR@50': 0.22667700465209345, 'n_hit@50': 9063, 'HR@100': 0.3068380771347106, 'n_hit@100': 12268}}}
wrote C:\Users\rayxc\Documents\R\_bestrec_run\results_MI_FIRV3_a1learned_seed20260719.users.jsonl.gz (57,439 per-user records, best epoch 15, sha256 ab1d5fe14d74…)
wrote C:\Users\rayxc\Documents\R\_bestrec_run\results_MI_FIRV3_a1learned_seed20260719.final.users.jsonl.gz (57,439 FINAL-epoch per-user records)
  fir_v3 final ||DELTA||_2 = 4.917759

wrote C:\Users\rayxc\Documents\R\_bestrec_run\results_MI_FIRV3_a1learned_seed20260719.json
[21/24] results_MI_FIRV3_a2learnedwd0_seed20260719.json
  random seed set to 20260719
=== Musical_Instruments: load splits ===
  n_users=57,439  n_items=24,587  pad_id=24587
  built sequences for 57,439 users
  built timestamp sequences (12 time buckets)
  loading SBERT embeddings from C:\Users\rayxc\Documents\R\cache_5core\sbert_titles_Musical_Instruments.npy...
  TAPE: k-means 24,587 text embeddings into K=512 prototypes (tau=0.05)...
  TAPE: K=512 mean max-assignment weight = 0.523 (1.0 = hard clustering)

=== Build SASRec-SBERT (d=64, layers=4, heads=2) ===
  total params: 11,186,046  device=cuda
  57,439 training examples / 225 batches per epoch
  init_state_sha256 = fdfc9bc210f23fedeac811e01d7502d9995b0a958cf7fcfc0365fb09a61bfd0c
  LR schedule: warmup_cosine (225 warmup + 4275 cosine steps)

=== Train for 20 epochs ===
  evaluating 57,439 users in batches of 512...
    [512/57,439  elapsed 0.2s]
    [5,632/57,439  elapsed 1.9s]
    [10,752/57,439  elapsed 3.7s]
    [15,872/57,439  elapsed 5.6s]
    [20,992/57,439  elapsed 7.5s]
    [26,112/57,439  elapsed 9.2s]
    [31,232/57,439  elapsed 10.9s]
    [36,352/57,439  elapsed 12.6s]
    [41,472/57,439  elapsed 14.3s]
    [46,592/57,439  elapsed 15.9s]
    [51,712/57,439  elapsed 17.5s]
    [56,832/57,439  elapsed 19.1s]
  eval done in 19.3s
  by-popularity NDCG@10: tail=0.0003(n=7,762)  mid=0.0003(n=8,169)  head=0.0367(n=41,508)
  evaluating 57,439 users in batches of 512...
    [512/57,439  elapsed 0.2s]
    [5,632/57,439  elapsed 1.8s]
    [10,752/57,439  elapsed 3.5s]
    [15,872/57,439  elapsed 5.1s]
    [20,992/57,439  elapsed 6.8s]
    [26,112/57,439  elapsed 8.5s]
    [31,232/57,439  elapsed 10.2s]
    [36,352/57,439  elapsed 12.0s]
    [41,472/57,439  elapsed 13.7s]
    [46,592/57,439  elapsed 15.4s]
    [51,712/57,439  elapsed 17.1s]
    [56,832/57,439  elapsed 18.8s]
  eval done in 19.0s
  by-popularity NDCG@10: tail=0.0001(n=8,800)  mid=0.0004(n=8,657)  head=0.0339(n=39,982)
  epoch   1  loss=9.6189  val_NDCG=0.0266  test_NDCG=0.0237  test_HR=0.0458  (7.2s)
  evaluating 57,439 users in batches of 512...
    [512/57,439  elapsed 0.2s]
    [5,632/57,439  elapsed 2.0s]
    [10,752/57,439  elapsed 3.8s]
    [15,872/57,439  elapsed 5.5s]
    [20,992/57,439  elapsed 7.3s]
    [26,112/57,439  elapsed 9.1s]
    [31,232/57,439  elapsed 10.8s]
    [36,352/57,439  elapsed 12.5s]
    [41,472/57,439  elapsed 14.2s]
    [46,592/57,439  elapsed 15.9s]
    [51,712/57,439  elapsed 17.6s]
    [56,832/57,439  elapsed 19.3s]
  eval done in 19.5s
  by-popularity NDCG@10: tail=0.0000(n=7,762)  mid=0.0004(n=8,169)  head=0.0470(n=41,508)
  evaluating 57,439 users in batches of 512...
    [512/57,439  elapsed 0.2s]
    [5,632/57,439  elapsed 2.0s]
    [10,752/57,439  elapsed 3.8s]
    [15,872/57,439  elapsed 5.6s]
    [20,992/57,439  elapsed 7.3s]
    [26,112/57,439  elapsed 9.1s]
    [31,232/57,439  elapsed 10.8s]
    [36,352/57,439  elapsed 12.6s]
    [41,472/57,439  elapsed 14.3s]
    [46,592/57,439  elapsed 16.1s]
    [51,712/57,439  elapsed 17.9s]
    [56,832/57,439  elapsed 19.6s]
  eval done in 19.8s
  by-popularity NDCG@10: tail=0.0001(n=8,800)  mid=0.0003(n=8,657)  head=0.0449(n=39,982)
  epoch   2  loss=9.0905  val_NDCG=0.0340  test_NDCG=0.0313  test_HR=0.0584  (7.3s)
  evaluating 57,439 users in batches of 512...
    [512/57,439  elapsed 0.2s]
    [5,632/57,439  elapsed 1.9s]
    [10,752/57,439  elapsed 3.5s]
    [15,872/57,439  elapsed 5.1s]
    [20,992/57,439  elapsed 6.7s]
    [26,112/57,439  elapsed 8.3s]
    [31,232/57,439  elapsed 10.0s]
    [36,352/57,439  elapsed 11.7s]
    [41,472/57,439  elapsed 13.3s]
    [46,592/57,439  elapsed 15.0s]
    [51,712/57,439  elapsed 16.7s]
    [56,832/57,439  elapsed 18.3s]
  eval done in 18.5s
  by-popularity NDCG@10: tail=0.0000(n=7,762)  mid=0.0005(n=8,169)  head=0.0523(n=41,508)
  evaluating 57,439 users in batches of 512...
    [512/57,439  elapsed 0.2s]
    [5,632/57,439  elapsed 1.9s]
    [10,752/57,439  elapsed 3.6s]
    [15,872/57,439  elapsed 5.2s]
    [20,992/57,439  elapsed 6.9s]
    [26,112/57,439  elapsed 8.6s]
    [31,232/57,439  elapsed 10.3s]
    [36,352/57,439  elapsed 11.9s]
    [41,472/57,439  elapsed 13.6s]
    [46,592/57,439  elapsed 15.4s]
    [51,712/57,439  elapsed 17.2s]
    [56,832/57,439  elapsed 18.9s]
  eval done in 19.1s
  by-popularity NDCG@10: tail=0.0002(n=8,800)  mid=0.0008(n=8,657)  head=0.0494(n=39,982)
  epoch   3  loss=8.9288  val_NDCG=0.0379  test_NDCG=0.0345  test_HR=0.0645  (7.2s)
  evaluating 57,439 users in batches of 512...
    [512/57,439  elapsed 0.2s]
    [5,632/57,439  elapsed 1.9s]
    [10,752/57,439  elapsed 3.6s]
    [15,872/57,439  elapsed 5.3s]
    [20,992/57,439  elapsed 7.1s]
    [26,112/57,439  elapsed 8.9s]
    [31,232/57,439  elapsed 10.7s]
    [36,352/57,439  elapsed 12.5s]
    [41,472/57,439  elapsed 14.2s]
    [46,592/57,439  elapsed 15.9s]
    [51,712/57,439  elapsed 17.7s]
    [56,832/57,439  elapsed 19.4s]
  eval done in 19.6s
  by-popularity NDCG@10: tail=0.0001(n=7,762)  mid=0.0012(n=8,169)  head=0.0557(n=41,508)
  evaluating 57,439 users in batches of 512...
    [512/57,439  elapsed 0.2s]
    [5,632/57,439  elapsed 1.9s]
    [10,752/57,439  elapsed 3.6s]
    [15,872/57,439  elapsed 5.4s]
    [20,992/57,439  elapsed 7.1s]
    [26,112/57,439  elapsed 8.9s]
    [31,232/57,439  elapsed 10.6s]
    [36,352/57,439  elapsed 12.3s]
    [41,472/57,439  elapsed 14.0s]
    [46,592/57,439  elapsed 15.7s]
    [51,712/57,439  elapsed 17.4s]
    [56,832/57,439  elapsed 19.0s]
  eval done in 19.2s
  by-popularity NDCG@10: tail=0.0002(n=8,800)  mid=0.0013(n=8,657)  head=0.0534(n=39,982)
  epoch   4  loss=8.8220  val_NDCG=0.0404  test_NDCG=0.0374  test_HR=0.0687  (7.2s)
  evaluating 57,439 users in batches of 512...
    [512/57,439  elapsed 0.3s]
    [5,632/57,439  elapsed 2.0s]
    [10,752/57,439  elapsed 3.7s]
    [15,872/57,439  elapsed 5.5s]
    [20,992/57,439  elapsed 7.3s]
    [26,112/57,439  elapsed 9.2s]
    [31,232/57,439  elapsed 10.9s]
    [36,352/57,439  elapsed 12.7s]
    [41,472/57,439  elapsed 14.5s]
    [46,592/57,439  elapsed 16.3s]
    [51,712/57,439  elapsed 18.0s]
    [56,832/57,439  elapsed 19.8s]
  eval done in 20.0s
  by-popularity NDCG@10: tail=0.0005(n=7,762)  mid=0.0021(n=8,169)  head=0.0582(n=41,508)
  evaluating 57,439 users in batches of 512...
    [512/57,439  elapsed 0.2s]
    [5,632/57,439  elapsed 1.9s]
    [10,752/57,439  elapsed 3.6s]
    [15,872/57,439  elapsed 5.3s]
    [20,992/57,439  elapsed 7.1s]
    [26,112/57,439  elapsed 8.8s]
    [31,232/57,439  elapsed 10.4s]
    [36,352/57,439  elapsed 12.1s]
    [41,472/57,439  elapsed 13.8s]
    [46,592/57,439  elapsed 15.4s]
    [51,712/57,439  elapsed 17.1s]
    [56,832/57,439  elapsed 18.7s]
  eval done in 18.9s
  by-popularity NDCG@10: tail=0.0004(n=8,800)  mid=0.0020(n=8,657)  head=0.0551(n=39,982)
  epoch   5  loss=8.7410  val_NDCG=0.0424  test_NDCG=0.0388  test_HR=0.0711  (7.0s)
  evaluating 57,439 users in batches of 512...
    [512/57,439  elapsed 0.2s]
    [5,632/57,439  elapsed 2.0s]
    [10,752/57,439  elapsed 3.7s]
    [15,872/57,439  elapsed 5.4s]
    [20,992/57,439  elapsed 7.1s]
    [26,112/57,439  elapsed 8.8s]
    [31,232/57,439  elapsed 10.5s]
    [36,352/57,439  elapsed 12.2s]
    [41,472/57,439  elapsed 13.9s]
    [46,592/57,439  elapsed 15.6s]
    [51,712/57,439  elapsed 17.2s]
    [56,832/57,439  elapsed 18.9s]
  eval done in 19.1s
  by-popularity NDCG@10: tail=0.0006(n=7,762)  mid=0.0034(n=8,169)  head=0.0600(n=41,508)
  evaluating 57,439 users in batches of 512...
    [512/57,439  elapsed 0.2s]
    [5,632/57,439  elapsed 1.9s]
    [10,752/57,439  elapsed 3.6s]
    [15,872/57,439  elapsed 5.2s]
    [20,992/57,439  elapsed 6.9s]
    [26,112/57,439  elapsed 8.6s]
    [31,232/57,439  elapsed 10.2s]
    [36,352/57,439  elapsed 11.8s]
    [41,472/57,439  elapsed 13.4s]
    [46,592/57,439  elapsed 15.1s]
    [51,712/57,439  elapsed 16.7s]
    [56,832/57,439  elapsed 18.4s]
  eval done in 18.6s
  by-popularity NDCG@10: tail=0.0005(n=8,800)  mid=0.0035(n=8,657)  head=0.0562(n=39,982)
  epoch   6  loss=8.6741  val_NDCG=0.0439  test_NDCG=0.0397  test_HR=0.0725  (7.2s)
  evaluating 57,439 users in batches of 512...
    [512/57,439  elapsed 0.2s]
    [5,632/57,439  elapsed 1.9s]
    [10,752/57,439  elapsed 3.7s]
    [15,872/57,439  elapsed 5.5s]
    [20,992/57,439  elapsed 7.2s]
    [26,112/57,439  elapsed 8.8s]
    [31,232/57,439  elapsed 10.5s]
    [36,352/57,439  elapsed 12.2s]
    [41,472/57,439  elapsed 13.9s]
    [46,592/57,439  elapsed 15.6s]
    [51,712/57,439  elapsed 17.3s]
    [56,832/57,439  elapsed 19.0s]
  eval done in 19.2s
  by-popularity NDCG@10: tail=0.0009(n=7,762)  mid=0.0038(n=8,169)  head=0.0598(n=41,508)
  evaluating 57,439 users in batches of 512...
    [512/57,439  elapsed 0.2s]
    [5,632/57,439  elapsed 1.9s]
    [10,752/57,439  elapsed 3.7s]
    [15,872/57,439  elapsed 5.5s]
    [20,992/57,439  elapsed 7.3s]
    [26,112/57,439  elapsed 9.1s]
    [31,232/57,439  elapsed 10.8s]
    [36,352/57,439  elapsed 12.6s]
    [41,472/57,439  elapsed 14.4s]
    [46,592/57,439  elapsed 16.1s]
    [51,712/57,439  elapsed 17.9s]
    [56,832/57,439  elapsed 19.7s]
  eval done in 19.9s
  by-popularity NDCG@10: tail=0.0007(n=8,800)  mid=0.0036(n=8,657)  head=0.0564(n=39,982)
  epoch   7  loss=8.6167  val_NDCG=0.0439  test_NDCG=0.0399  test_HR=0.0728  (7.4s)
  evaluating 57,439 users in batches of 512...
    [512/57,439  elapsed 0.2s]
    [5,632/57,439  elapsed 2.0s]
    [10,752/57,439  elapsed 3.8s]
    [15,872/57,439  elapsed 5.6s]
    [20,992/57,439  elapsed 7.3s]
    [26,112/57,439  elapsed 9.0s]
    [31,232/57,439  elapsed 10.7s]
    [36,352/57,439  elapsed 12.4s]
    [41,472/57,439  elapsed 14.1s]
    [46,592/57,439  elapsed 15.9s]
    [51,712/57,439  elapsed 17.6s]
    [56,832/57,439  elapsed 19.3s]
  eval done in 19.5s
  by-popularity NDCG@10: tail=0.0011(n=7,762)  mid=0.0048(n=8,169)  head=0.0617(n=41,508)
  evaluating 57,439 users in batches of 512...
    [512/57,439  elapsed 0.2s]
    [5,632/57,439  elapsed 1.9s]
    [10,752/57,439  elapsed 3.6s]
    [15,872/57,439  elapsed 5.3s]
    [20,992/57,439  elapsed 6.9s]
    [26,112/57,439  elapsed 8.5s]
    [31,232/57,439  elapsed 10.2s]
    [36,352/57,439  elapsed 11.9s]
    [41,472/57,439  elapsed 13.6s]
    [46,592/57,439  elapsed 15.3s]
    [51,712/57,439  elapsed 17.0s]
    [56,832/57,439  elapsed 18.7s]
  eval done in 18.9s
  by-popularity NDCG@10: tail=0.0010(n=8,800)  mid=0.0045(n=8,657)  head=0.0580(n=39,982)
  epoch   8  loss=8.5638  val_NDCG=0.0454  test_NDCG=0.0412  test_HR=0.0746  (7.5s)
  evaluating 57,439 users in batches of 512...
    [512/57,439  elapsed 0.2s]
    [5,632/57,439  elapsed 1.9s]
    [10,752/57,439  elapsed 3.5s]
    [15,872/57,439  elapsed 5.2s]
    [20,992/57,439  elapsed 6.9s]
    [26,112/57,439  elapsed 8.6s]
    [31,232/57,439  elapsed 10.3s]
    [36,352/57,439  elapsed 12.0s]
    [41,472/57,439  elapsed 13.7s]
    [46,592/57,439  elapsed 15.4s]
    [51,712/57,439  elapsed 17.1s]
    [56,832/57,439  elapsed 18.9s]
  eval done in 19.1s
  by-popularity NDCG@10: tail=0.0013(n=7,762)  mid=0.0051(n=8,169)  head=0.0614(n=41,508)
  evaluating 57,439 users in batches of 512...
    [512/57,439  elapsed 0.2s]
    [5,632/57,439  elapsed 1.9s]
    [10,752/57,439  elapsed 3.6s]
    [15,872/57,439  elapsed 5.4s]
    [20,992/57,439  elapsed 7.2s]
    [26,112/57,439  elapsed 9.0s]
    [31,232/57,439  elapsed 10.8s]
    [36,352/57,439  elapsed 12.7s]
    [41,472/57,439  elapsed 14.6s]
    [46,592/57,439  elapsed 16.4s]
    [51,712/57,439  elapsed 18.1s]
    [56,832/57,439  elapsed 20.0s]
  eval done in 20.2s
  by-popularity NDCG@10: tail=0.0009(n=8,800)  mid=0.0050(n=8,657)  head=0.0578(n=39,982)
  epoch   9  loss=8.5169  val_NDCG=0.0453  test_NDCG=0.0411  test_HR=0.0746  (7.0s)
  evaluating 57,439 users in batches of 512...
    [512/57,439  elapsed 0.3s]
    [5,632/57,439  elapsed 1.9s]
    [10,752/57,439  elapsed 3.6s]
    [15,872/57,439  elapsed 5.2s]
    [20,992/57,439  elapsed 6.8s]
    [26,112/57,439  elapsed 8.5s]
    [31,232/57,439  elapsed 10.3s]
    [36,352/57,439  elapsed 12.0s]
    [41,472/57,439  elapsed 13.6s]
    [46,592/57,439  elapsed 15.3s]
    [51,712/57,439  elapsed 17.0s]
    [56,832/57,439  elapsed 18.8s]
  eval done in 19.0s
  by-popularity NDCG@10: tail=0.0015(n=7,762)  mid=0.0054(n=8,169)  head=0.0621(n=41,508)
  evaluating 57,439 users in batches of 512...
    [512/57,439  elapsed 0.2s]
    [5,632/57,439  elapsed 2.0s]
    [10,752/57,439  elapsed 3.7s]
    [15,872/57,439  elapsed 5.4s]
    [20,992/57,439  elapsed 7.2s]
    [26,112/57,439  elapsed 8.9s]
    [31,232/57,439  elapsed 10.6s]
    [36,352/57,439  elapsed 12.3s]
    [41,472/57,439  elapsed 14.0s]
    [46,592/57,439  elapsed 15.7s]
    [51,712/57,439  elapsed 17.4s]
    [56,832/57,439  elapsed 19.2s]
  eval done in 19.4s
  by-popularity NDCG@10: tail=0.0011(n=8,800)  mid=0.0051(n=8,657)  head=0.0584(n=39,982)
  epoch  10  loss=8.4751  val_NDCG=0.0459  test_NDCG=0.0416  test_HR=0.0749  (7.2s)
  evaluating 57,439 users in batches of 512...
    [512/57,439  elapsed 0.2s]
    [5,632/57,439  elapsed 2.0s]
    [10,752/57,439  elapsed 3.7s]
    [15,872/57,439  elapsed 5.4s]
    [20,992/57,439  elapsed 7.0s]
    [26,112/57,439  elapsed 8.6s]
    [31,232/57,439  elapsed 10.2s]
    [36,352/57,439  elapsed 11.9s]
    [41,472/57,439  elapsed 13.6s]
    [46,592/57,439  elapsed 15.3s]
    [51,712/57,439  elapsed 17.0s]
    [56,832/57,439  elapsed 18.7s]
  eval done in 18.9s
  by-popularity NDCG@10: tail=0.0017(n=7,762)  mid=0.0058(n=8,169)  head=0.0620(n=41,508)
  evaluating 57,439 users in batches of 512...
    [512/57,439  elapsed 0.2s]
    [5,632/57,439  elapsed 1.9s]
    [10,752/57,439  elapsed 3.7s]
    [15,872/57,439  elapsed 5.4s]
    [20,992/57,439  elapsed 7.1s]
    [26,112/57,439  elapsed 8.8s]
    [31,232/57,439  elapsed 10.5s]
    [36,352/57,439  elapsed 12.3s]
    [41,472/57,439  elapsed 14.1s]
    [46,592/57,439  elapsed 15.9s]
    [51,712/57,439  elapsed 17.7s]
    [56,832/57,439  elapsed 19.5s]
  eval done in 19.7s
  by-popularity NDCG@10: tail=0.0012(n=8,800)  mid=0.0055(n=8,657)  head=0.0581(n=39,982)
  epoch  11  loss=8.4333  val_NDCG=0.0459  test_NDCG=0.0415  test_HR=0.0747  (7.2s)
  evaluating 57,439 users in batches of 512...
    [512/57,439  elapsed 0.2s]
    [5,632/57,439  elapsed 2.0s]
    [10,752/57,439  elapsed 3.8s]
    [15,872/57,439  elapsed 5.6s]
    [20,992/57,439  elapsed 7.4s]
    [26,112/57,439  elapsed 9.1s]
    [31,232/57,439  elapsed 10.8s]
    [36,352/57,439  elapsed 12.5s]
    [41,472/57,439  elapsed 14.2s]
    [46,592/57,439  elapsed 15.9s]
    [51,712/57,439  elapsed 17.6s]
    [56,832/57,439  elapsed 19.4s]
  eval done in 19.6s
  by-popularity NDCG@10: tail=0.0017(n=7,762)  mid=0.0067(n=8,169)  head=0.0619(n=41,508)
  evaluating 57,439 users in batches of 512...
    [512/57,439  elapsed 0.2s]
    [5,632/57,439  elapsed 1.9s]
    [10,752/57,439  elapsed 3.6s]
    [15,872/57,439  elapsed 5.2s]
    [20,992/57,439  elapsed 6.9s]
    [26,112/57,439  elapsed 8.6s]
    [31,232/57,439  elapsed 10.4s]
    [36,352/57,439  elapsed 12.1s]
    [41,472/57,439  elapsed 13.8s]
    [46,592/57,439  elapsed 15.6s]
    [51,712/57,439  elapsed 17.4s]
    [56,832/57,439  elapsed 19.1s]
  eval done in 19.3s
  by-popularity NDCG@10: tail=0.0014(n=8,800)  mid=0.0059(n=8,657)  head=0.0575(n=39,982)
  epoch  12  loss=8.3995  val_NDCG=0.0459  test_NDCG=0.0411  test_HR=0.0745  (7.5s)
  evaluating 57,439 users in batches of 512...
    [512/57,439  elapsed 0.2s]
    [5,632/57,439  elapsed 1.9s]
    [10,752/57,439  elapsed 3.6s]
    [15,872/57,439  elapsed 5.4s]
    [20,992/57,439  elapsed 7.1s]
    [26,112/57,439  elapsed 8.9s]
    [31,232/57,439  elapsed 10.5s]
    [36,352/57,439  elapsed 12.2s]
    [41,472/57,439  elapsed 13.8s]
    [46,592/57,439  elapsed 15.4s]
    [51,712/57,439  elapsed 17.0s]
    [56,832/57,439  elapsed 18.7s]
  eval done in 18.9s
  by-popularity NDCG@10: tail=0.0020(n=7,762)  mid=0.0070(n=8,169)  head=0.0619(n=41,508)
  evaluating 57,439 users in batches of 512...
    [512/57,439  elapsed 0.2s]
    [5,632/57,439  elapsed 1.8s]
    [10,752/57,439  elapsed 3.5s]
    [15,872/57,439  elapsed 5.1s]
    [20,992/57,439  elapsed 6.7s]
    [26,112/57,439  elapsed 8.3s]
    [31,232/57,439  elapsed 10.0s]
    [36,352/57,439  elapsed 11.7s]
    [41,472/57,439  elapsed 13.4s]
    [46,592/57,439  elapsed 15.1s]
    [51,712/57,439  elapsed 16.8s]
    [56,832/57,439  elapsed 18.6s]
  eval done in 18.9s
  by-popularity NDCG@10: tail=0.0014(n=8,800)  mid=0.0062(n=8,657)  head=0.0579(n=39,982)
  epoch  13  loss=8.3688  val_NDCG=0.0460  test_NDCG=0.0415  test_HR=0.0750  (7.1s)
  evaluating 57,439 users in batches of 512...
    [512/57,439  elapsed 0.2s]
    [5,632/57,439  elapsed 1.9s]
    [10,752/57,439  elapsed 3.7s]
    [15,872/57,439  elapsed 5.5s]
    [20,992/57,439  elapsed 7.4s]
    [26,112/57,439  elapsed 9.1s]
    [31,232/57,439  elapsed 10.8s]
    [36,352/57,439  elapsed 12.5s]
    [41,472/57,439  elapsed 14.3s]
    [46,592/57,439  elapsed 16.1s]
    [51,712/57,439  elapsed 17.8s]
    [56,832/57,439  elapsed 19.4s]
  eval done in 19.6s
  by-popularity NDCG@10: tail=0.0020(n=7,762)  mid=0.0069(n=8,169)  head=0.0624(n=41,508)
  evaluating 57,439 users in batches of 512...
    [512/57,439  elapsed 0.2s]
    [5,632/57,439  elapsed 1.9s]
    [10,752/57,439  elapsed 3.7s]
    [15,872/57,439  elapsed 5.4s]
    [20,992/57,439  elapsed 7.2s]
    [26,112/57,439  elapsed 9.0s]
    [31,232/57,439  elapsed 10.8s]
    [36,352/57,439  elapsed 12.4s]
    [41,472/57,439  elapsed 14.1s]
    [46,592/57,439  elapsed 15.8s]
    [51,712/57,439  elapsed 17.4s]
    [56,832/57,439  elapsed 19.0s]
  eval done in 19.2s
  by-popularity NDCG@10: tail=0.0015(n=8,800)  mid=0.0065(n=8,657)  head=0.0582(n=39,982)
  epoch  14  loss=8.3425  val_NDCG=0.0463  test_NDCG=0.0418  test_HR=0.0752  (7.4s)
  evaluating 57,439 users in batches of 512...
    [512/57,439  elapsed 0.2s]
    [5,632/57,439  elapsed 1.8s]
    [10,752/57,439  elapsed 3.5s]
    [15,872/57,439  elapsed 5.2s]
    [20,992/57,439  elapsed 6.9s]
    [26,112/57,439  elapsed 8.7s]
    [31,232/57,439  elapsed 10.4s]
    [36,352/57,439  elapsed 12.0s]
    [41,472/57,439  elapsed 13.7s]
    [46,592/57,439  elapsed 15.5s]
    [51,712/57,439  elapsed 17.2s]
    [56,832/57,439  elapsed 18.9s]
  eval done in 19.1s
  by-popularity NDCG@10: tail=0.0022(n=7,762)  mid=0.0071(n=8,169)  head=0.0626(n=41,508)
  evaluating 57,439 users in batches of 512...
    [512/57,439  elapsed 0.2s]
    [5,632/57,439  elapsed 2.0s]
    [10,752/57,439  elapsed 3.8s]
    [15,872/57,439  elapsed 5.6s]
    [20,992/57,439  elapsed 7.3s]
    [26,112/57,439  elapsed 9.2s]
    [31,232/57,439  elapsed 11.0s]
    [36,352/57,439  elapsed 12.9s]
    [41,472/57,439  elapsed 14.8s]
    [46,592/57,439  elapsed 16.6s]
    [51,712/57,439  elapsed 18.5s]
    [56,832/57,439  elapsed 20.3s]
  eval done in 20.6s
  by-popularity NDCG@10: tail=0.0016(n=8,800)  mid=0.0066(n=8,657)  head=0.0585(n=39,982)
  epoch  15  loss=8.3194  val_NDCG=0.0465  test_NDCG=0.0420  test_HR=0.0758  (6.8s)
  evaluating 57,439 users in batches of 512...
    [512/57,439  elapsed 0.2s]
    [5,632/57,439  elapsed 1.9s]
    [10,752/57,439  elapsed 3.5s]
    [15,872/57,439  elapsed 5.2s]
    [20,992/57,439  elapsed 7.0s]
    [26,112/57,439  elapsed 8.7s]
    [31,232/57,439  elapsed 10.4s]
    [36,352/57,439  elapsed 12.1s]
    [41,472/57,439  elapsed 13.8s]
    [46,592/57,439  elapsed 15.5s]
    [51,712/57,439  elapsed 17.1s]
    [56,832/57,439  elapsed 18.7s]
  eval done in 18.9s
  by-popularity NDCG@10: tail=0.0022(n=7,762)  mid=0.0070(n=8,169)  head=0.0622(n=41,508)
  evaluating 57,439 users in batches of 512...
    [512/57,439  elapsed 0.2s]
    [5,632/57,439  elapsed 1.8s]
    [10,752/57,439  elapsed 3.4s]
    [15,872/57,439  elapsed 5.0s]
    [20,992/57,439  elapsed 6.6s]
    [26,112/57,439  elapsed 8.2s]
    [31,232/57,439  elapsed 9.9s]
    [36,352/57,439  elapsed 11.6s]
    [41,472/57,439  elapsed 13.2s]
    [46,592/57,439  elapsed 14.9s]
    [51,712/57,439  elapsed 16.6s]
    [56,832/57,439  elapsed 18.3s]
  eval done in 18.5s
  by-popularity NDCG@10: tail=0.0016(n=8,800)  mid=0.0066(n=8,657)  head=0.0580(n=39,982)
  epoch  16  loss=8.3015  val_NDCG=0.0463  test_NDCG=0.0416  test_HR=0.0753  (7.4s)
  evaluating 57,439 users in batches of 512...
    [512/57,439  elapsed 0.2s]
    [5,632/57,439  elapsed 1.9s]
    [10,752/57,439  elapsed 3.6s]
    [15,872/57,439  elapsed 5.2s]
    [20,992/57,439  elapsed 6.9s]
    [26,112/57,439  elapsed 8.6s]
    [31,232/57,439  elapsed 10.4s]
    [36,352/57,439  elapsed 12.3s]
    [41,472/57,439  elapsed 14.1s]
    [46,592/57,439  elapsed 15.9s]
    [51,712/57,439  elapsed 17.7s]
    [56,832/57,439  elapsed 19.4s]
  eval done in 19.6s
  by-popularity NDCG@10: tail=0.0022(n=7,762)  mid=0.0072(n=8,169)  head=0.0620(n=41,508)
  evaluating 57,439 users in batches of 512...
    [512/57,439  elapsed 0.2s]
    [5,632/57,439  elapsed 1.8s]
    [10,752/57,439  elapsed 3.4s]
    [15,872/57,439  elapsed 5.0s]
    [20,992/57,439  elapsed 6.7s]
    [26,112/57,439  elapsed 8.4s]
    [31,232/57,439  elapsed 10.0s]
    [36,352/57,439  elapsed 11.7s]
    [41,472/57,439  elapsed 13.3s]
    [46,592/57,439  elapsed 15.0s]
    [51,712/57,439  elapsed 16.7s]
    [56,832/57,439  elapsed 18.3s]
  eval done in 18.5s
  by-popularity NDCG@10: tail=0.0016(n=8,800)  mid=0.0067(n=8,657)  head=0.0581(n=39,982)
  epoch  17  loss=8.2878  val_NDCG=0.0461  test_NDCG=0.0417  test_HR=0.0754  (7.1s)
  evaluating 57,439 users in batches of 512...
    [512/57,439  elapsed 0.2s]
    [5,632/57,439  elapsed 1.9s]
    [10,752/57,439  elapsed 3.6s]
    [15,872/57,439  elapsed 5.3s]
    [20,992/57,439  elapsed 7.0s]
    [26,112/57,439  elapsed 8.7s]
    [31,232/57,439  elapsed 10.4s]
    [36,352/57,439  elapsed 12.1s]
    [41,472/57,439  elapsed 13.9s]
    [46,592/57,439  elapsed 15.7s]
    [51,712/57,439  elapsed 17.5s]
    [56,832/57,439  elapsed 19.4s]
  eval done in 19.6s
  by-popularity NDCG@10: tail=0.0022(n=7,762)  mid=0.0072(n=8,169)  head=0.0623(n=41,508)
  evaluating 57,439 users in batches of 512...
    [512/57,439  elapsed 0.2s]
    [5,632/57,439  elapsed 2.0s]
    [10,752/57,439  elapsed 3.9s]
    [15,872/57,439  elapsed 5.7s]
    [20,992/57,439  elapsed 7.4s]
    [26,112/57,439  elapsed 9.1s]
    [31,232/57,439  elapsed 10.9s]
    [36,352/57,439  elapsed 12.6s]
    [41,472/57,439  elapsed 14.4s]
    [46,592/57,439  elapsed 16.1s]
    [51,712/57,439  elapsed 17.8s]
    [56,832/57,439  elapsed 19.5s]
  eval done in 19.7s
  by-popularity NDCG@10: tail=0.0016(n=8,800)  mid=0.0067(n=8,657)  head=0.0581(n=39,982)
  epoch  18  loss=8.2762  val_NDCG=0.0463  test_NDCG=0.0417  test_HR=0.0754  (7.0s)
  evaluating 57,439 users in batches of 512...
    [512/57,439  elapsed 0.2s]
    [5,632/57,439  elapsed 1.9s]
    [10,752/57,439  elapsed 3.7s]
    [15,872/57,439  elapsed 5.4s]
    [20,992/57,439  elapsed 7.0s]
    [26,112/57,439  elapsed 8.7s]
    [31,232/57,439  elapsed 10.4s]
    [36,352/57,439  elapsed 12.0s]
    [41,472/57,439  elapsed 13.7s]
    [46,592/57,439  elapsed 15.4s]
    [51,712/57,439  elapsed 17.1s]
    [56,832/57,439  elapsed 18.8s]
  eval done in 19.0s
  by-popularity NDCG@10: tail=0.0022(n=7,762)  mid=0.0072(n=8,169)  head=0.0623(n=41,508)
  evaluating 57,439 users in batches of 512...
    [512/57,439  elapsed 0.2s]
    [5,632/57,439  elapsed 1.9s]
    [10,752/57,439  elapsed 3.6s]
    [15,872/57,439  elapsed 5.3s]
    [20,992/57,439  elapsed 6.9s]
    [26,112/57,439  elapsed 8.6s]
    [31,232/57,439  elapsed 10.2s]
    [36,352/57,439  elapsed 11.9s]
    [41,472/57,439  elapsed 13.6s]
    [46,592/57,439  elapsed 15.3s]
    [51,712/57,439  elapsed 17.0s]
    [56,832/57,439  elapsed 18.7s]
  eval done in 18.9s
  by-popularity NDCG@10: tail=0.0016(n=8,800)  mid=0.0067(n=8,657)  head=0.0582(n=39,982)
  epoch  19  loss=8.2712  val_NDCG=0.0464  test_NDCG=0.0418  test_HR=0.0755  (7.0s)
  evaluating 57,439 users in batches of 512...
    [512/57,439  elapsed 0.2s]
    [5,632/57,439  elapsed 1.9s]
    [10,752/57,439  elapsed 3.7s]
    [15,872/57,439  elapsed 5.5s]
    [20,992/57,439  elapsed 7.3s]
    [26,112/57,439  elapsed 9.1s]
    [31,232/57,439  elapsed 10.7s]
    [36,352/57,439  elapsed 12.4s]
    [41,472/57,439  elapsed 14.1s]
    [46,592/57,439  elapsed 15.7s]
    [51,712/57,439  elapsed 17.4s]
    [56,832/57,439  elapsed 19.1s]
  eval done in 19.3s
  by-popularity NDCG@10: tail=0.0022(n=7,762)  mid=0.0072(n=8,169)  head=0.0623(n=41,508)
  evaluating 57,439 users in batches of 512...
    [512/57,439  elapsed 0.2s]
    [5,632/57,439  elapsed 2.0s]
    [10,752/57,439  elapsed 3.8s]
    [15,872/57,439  elapsed 5.5s]
    [20,992/57,439  elapsed 7.1s]
    [26,112/57,439  elapsed 8.8s]
    [31,232/57,439  elapsed 10.5s]
    [36,352/57,439  elapsed 12.2s]
    [41,472/57,439  elapsed 14.0s]
    [46,592/57,439  elapsed 15.9s]
    [51,712/57,439  elapsed 17.7s]
    [56,832/57,439  elapsed 19.5s]
  eval done in 19.7s
  by-popularity NDCG@10: tail=0.0016(n=8,800)  mid=0.0066(n=8,657)  head=0.0581(n=39,982)
  epoch  20  loss=8.2696  val_NDCG=0.0464  test_NDCG=0.0417  test_HR=0.0753  (7.2s)

=== Best by val NDCG@10 ===
  val_NDCG=0.0465
  test: {'NDCG@10': 0.04197338926908082, 'HR@10': 0.07576733578230818, 'MRR': 0.0379448812892715, 'n_eval': 57439, 'by_popularity': {'tail': {'NDCG@10': 0.001573896058372621, 'HR@10': 0.003409090909090909, 'n': 8800, 'n_hit@10': 30, 'HR@20': 0.007159090909090909, 'n_hit@20': 63, 'HR@50': 0.01784090909090909, 'n_hit@50': 157, 'HR@100': 0.03375, 'n_hit@100': 297}, 'mid': {'NDCG@10': 0.006616394432682779, 'HR@10': 0.012821993762273306, 'n': 8657, 'n_hit@10': 111, 'HR@20': 0.023449231835508837, 'n_hit@20': 203, 'HR@50': 0.04747603095760656, 'n_hit@50': 411, 'HR@100': 0.08005082592121983, 'n_hit@100': 693}, 'head': {'NDCG@10': 0.05852086174551848, 'HR@10': 0.105322395077785, 'n': 39982, 'n_hit@10': 4211, 'HR@20': 0.14859186633985294, 'n_hit@20': 5941, 'HR@50': 0.2273022860287129, 'n_hit@50': 9088, 'HR@100': 0.30693812215496974, 'n_hit@100': 12272}}}
wrote C:\Users\rayxc\Documents\R\_bestrec_run\results_MI_FIRV3_a2learnedwd0_seed20260719.users.jsonl.gz (57,439 per-user records, best epoch 15, sha256 d89079469d4e…)
wrote C:\Users\rayxc\Documents\R\_bestrec_run\results_MI_FIRV3_a2learnedwd0_seed20260719.final.users.jsonl.gz (57,439 FINAL-epoch per-user records)
  fir_v3 final ||DELTA||_2 = 4.962165

wrote C:\Users\rayxc\Documents\R\_bestrec_run\results_MI_FIRV3_a2learnedwd0_seed20260719.json
[22/24] results_MI_FIRV3_a0ident_seed20260720.json
  random seed set to 20260720
=== Musical_Instruments: load splits ===
  n_users=57,439  n_items=24,587  pad_id=24587
  built sequences for 57,439 users
  built timestamp sequences (12 time buckets)
  loading SBERT embeddings from C:\Users\rayxc\Documents\R\cache_5core\sbert_titles_Musical_Instruments.npy...
  TAPE: k-means 24,587 text embeddings into K=512 prototypes (tau=0.05)...
  TAPE: K=512 mean max-assignment weight = 0.520 (1.0 = hard clustering)

=== Build SASRec-SBERT (d=64, layers=4, heads=2) ===
  total params: 11,186,046  device=cuda
  57,439 training examples / 225 batches per epoch
  init_state_sha256 = 825cecc1a64642e37c005826ea50b5b7ee49f5a9a82b25bb28f292da87e3199f
  LR schedule: warmup_cosine (225 warmup + 4275 cosine steps)

=== Train for 20 epochs ===
  evaluating 57,439 users in batches of 512...
    [512/57,439  elapsed 0.2s]
    [5,632/57,439  elapsed 2.0s]
    [10,752/57,439  elapsed 3.8s]
    [15,872/57,439  elapsed 5.5s]
    [20,992/57,439  elapsed 7.3s]
    [26,112/57,439  elapsed 9.1s]
    [31,232/57,439  elapsed 10.8s]
    [36,352/57,439  elapsed 12.5s]
    [41,472/57,439  elapsed 14.2s]
    [46,592/57,439  elapsed 15.9s]
    [51,712/57,439  elapsed 17.6s]
    [56,832/57,439  elapsed 19.3s]
  eval done in 19.5s
  by-popularity NDCG@10: tail=0.0001(n=7,762)  mid=0.0002(n=8,169)  head=0.0369(n=41,508)
  evaluating 57,439 users in batches of 512...
    [512/57,439  elapsed 0.2s]
    [5,632/57,439  elapsed 1.9s]
    [10,752/57,439  elapsed 3.7s]
    [15,872/57,439  elapsed 5.5s]
    [20,992/57,439  elapsed 7.2s]
    [26,112/57,439  elapsed 8.9s]
    [31,232/57,439  elapsed 10.6s]
    [36,352/57,439  elapsed 12.3s]
    [41,472/57,439  elapsed 14.0s]
    [46,592/57,439  elapsed 15.7s]
    [51,712/57,439  elapsed 17.4s]
    [56,832/57,439  elapsed 19.1s]
  eval done in 19.3s
  by-popularity NDCG@10: tail=0.0001(n=8,800)  mid=0.0002(n=8,657)  head=0.0350(n=39,982)
  epoch   1  loss=9.6250  val_NDCG=0.0267  test_NDCG=0.0244  test_HR=0.0465  (7.7s)
  evaluating 57,439 users in batches of 512...
    [512/57,439  elapsed 0.2s]
    [5,632/57,439  elapsed 1.8s]
    [10,752/57,439  elapsed 3.5s]
    [15,872/57,439  elapsed 5.1s]
    [20,992/57,439  elapsed 6.8s]
    [26,112/57,439  elapsed 8.4s]
    [31,232/57,439  elapsed 10.0s]
    [36,352/57,439  elapsed 11.6s]
    [41,472/57,439  elapsed 13.3s]
    [46,592/57,439  elapsed 14.9s]
    [51,712/57,439  elapsed 16.5s]
    [56,832/57,439  elapsed 18.1s]
  eval done in 18.3s
  by-popularity NDCG@10: tail=0.0000(n=7,762)  mid=0.0002(n=8,169)  head=0.0447(n=41,508)
  evaluating 57,439 users in batches of 512...
    [512/57,439  elapsed 0.2s]
    [5,632/57,439  elapsed 1.8s]
    [10,752/57,439  elapsed 3.5s]
    [15,872/57,439  elapsed 5.2s]
    [20,992/57,439  elapsed 7.0s]
    [26,112/57,439  elapsed 8.8s]
    [31,232/57,439  elapsed 10.6s]
    [36,352/57,439  elapsed 12.4s]
    [41,472/57,439  elapsed 14.2s]
    [46,592/57,439  elapsed 16.0s]
    [51,712/57,439  elapsed 17.7s]
    [56,832/57,439  elapsed 19.5s]
  eval done in 19.7s
  by-popularity NDCG@10: tail=0.0001(n=8,800)  mid=0.0002(n=8,657)  head=0.0426(n=39,982)
  epoch   2  loss=9.1001  val_NDCG=0.0323  test_NDCG=0.0297  test_HR=0.0555  (6.9s)
  evaluating 57,439 users in batches of 512...
    [512/57,439  elapsed 0.2s]
    [5,632/57,439  elapsed 1.9s]
    [10,752/57,439  elapsed 3.6s]
    [15,872/57,439  elapsed 5.3s]
    [20,992/57,439  elapsed 7.0s]
    [26,112/57,439  elapsed 8.8s]
    [31,232/57,439  elapsed 10.5s]
    [36,352/57,439  elapsed 12.3s]
    [41,472/57,439  elapsed 14.0s]
    [46,592/57,439  elapsed 15.7s]
    [51,712/57,439  elapsed 17.4s]
    [56,832/57,439  elapsed 19.1s]
  eval done in 19.3s
  by-popularity NDCG@10: tail=0.0000(n=7,762)  mid=0.0005(n=8,169)  head=0.0514(n=41,508)
  evaluating 57,439 users in batches of 512...
    [512/57,439  elapsed 0.2s]
    [5,632/57,439  elapsed 1.8s]
    [10,752/57,439  elapsed 3.5s]
    [15,872/57,439  elapsed 5.2s]
    [20,992/57,439  elapsed 6.8s]
    [26,112/57,439  elapsed 8.5s]
    [31,232/57,439  elapsed 10.2s]
    [36,352/57,439  elapsed 11.8s]
    [41,472/57,439  elapsed 13.5s]
    [46,592/57,439  elapsed 15.2s]
    [51,712/57,439  elapsed 16.9s]
    [56,832/57,439  elapsed 18.6s]
  eval done in 18.8s
  by-popularity NDCG@10: tail=0.0001(n=8,800)  mid=0.0008(n=8,657)  head=0.0480(n=39,982)
  epoch   3  loss=8.9489  val_NDCG=0.0372  test_NDCG=0.0336  test_HR=0.0621  (7.2s)
  evaluating 57,439 users in batches of 512...
    [512/57,439  elapsed 0.2s]
    [5,632/57,439  elapsed 1.9s]
    [10,752/57,439  elapsed 3.6s]
    [15,872/57,439  elapsed 5.3s]
    [20,992/57,439  elapsed 7.1s]
    [26,112/57,439  elapsed 9.0s]
    [31,232/57,439  elapsed 11.0s]
    [36,352/57,439  elapsed 12.7s]
    [41,472/57,439  elapsed 14.2s]
    [46,592/57,439  elapsed 15.6s]
    [51,712/57,439  elapsed 17.1s]
    [56,832/57,439  elapsed 18.5s]
  eval done in 18.7s
  by-popularity NDCG@10: tail=0.0000(n=7,762)  mid=0.0010(n=8,169)  head=0.0532(n=41,508)
  evaluating 57,439 users in batches of 512...
    [512/57,439  elapsed 0.1s]
    [5,632/57,439  elapsed 1.6s]
    [10,752/57,439  elapsed 3.1s]
    [15,872/57,439  elapsed 4.6s]
    [20,992/57,439  elapsed 6.1s]
    [26,112/57,439  elapsed 7.6s]
    [31,232/57,439  elapsed 9.0s]
    [36,352/57,439  elapsed 10.5s]
    [41,472/57,439  elapsed 11.9s]
    [46,592/57,439  elapsed 13.3s]
    [51,712/57,439  elapsed 14.8s]
    [56,832/57,439  elapsed 16.2s]
  eval done in 16.4s
  by-popularity NDCG@10: tail=0.0000(n=8,800)  mid=0.0011(n=8,657)  head=0.0501(n=39,982)
  epoch   4  loss=8.8506  val_NDCG=0.0386  test_NDCG=0.0350  test_HR=0.0642  (7.0s)
  evaluating 57,439 users in batches of 512...
    [512/57,439  elapsed 0.1s]
    [5,632/57,439  elapsed 1.6s]
    [10,752/57,439  elapsed 3.0s]
    [15,872/57,439  elapsed 4.4s]
    [20,992/57,439  elapsed 5.8s]
    [26,112/57,439  elapsed 7.2s]
    [31,232/57,439  elapsed 8.6s]
    [36,352/57,439  elapsed 10.1s]
    [41,472/57,439  elapsed 11.5s]
    [46,592/57,439  elapsed 12.9s]
    [51,712/57,439  elapsed 14.3s]
    [56,832/57,439  elapsed 15.7s]
  eval done in 15.9s
  by-popularity NDCG@10: tail=0.0000(n=7,762)  mid=0.0014(n=8,169)  head=0.0552(n=41,508)
  evaluating 57,439 users in batches of 512...
    [512/57,439  elapsed 0.1s]
    [5,632/57,439  elapsed 1.6s]
    [10,752/57,439  elapsed 3.0s]
    [15,872/57,439  elapsed 4.4s]
    [20,992/57,439  elapsed 5.9s]
    [26,112/57,439  elapsed 6.9s]
    [31,232/57,439  elapsed 7.9s]
    [36,352/57,439  elapsed 8.8s]
    [41,472/57,439  elapsed 9.7s]
    [46,592/57,439  elapsed 10.6s]
    [51,712/57,439  elapsed 11.5s]
    [56,832/57,439  elapsed 12.4s]
  eval done in 12.5s
  by-popularity NDCG@10: tail=0.0001(n=8,800)  mid=0.0016(n=8,657)  head=0.0516(n=39,982)
  epoch   5  loss=8.7754  val_NDCG=0.0401  test_NDCG=0.0362  test_HR=0.0662  (6.0s)
  evaluating 57,439 users in batches of 512...
    [512/57,439  elapsed 0.1s]
    [5,632/57,439  elapsed 1.0s]
    [10,752/57,439  elapsed 1.9s]
    [15,872/57,439  elapsed 2.8s]
    [20,992/57,439  elapsed 3.7s]
    [26,112/57,439  elapsed 4.6s]
    [31,232/57,439  elapsed 5.5s]
    [36,352/57,439  elapsed 6.3s]
    [41,472/57,439  elapsed 7.2s]
    [46,592/57,439  elapsed 8.1s]
    [51,712/57,439  elapsed 9.0s]
    [56,832/57,439  elapsed 9.9s]
  eval done in 10.1s
  by-popularity NDCG@10: tail=0.0001(n=7,762)  mid=0.0020(n=8,169)  head=0.0564(n=41,508)
  evaluating 57,439 users in batches of 512...
    [512/57,439  elapsed 0.1s]
    [5,632/57,439  elapsed 1.2s]
    [10,752/57,439  elapsed 2.1s]
    [15,872/57,439  elapsed 3.0s]
    [20,992/57,439  elapsed 3.9s]
    [26,112/57,439  elapsed 4.8s]
    [31,232/57,439  elapsed 5.7s]
    [36,352/57,439  elapsed 6.7s]
    [41,472/57,439  elapsed 7.6s]
    [46,592/57,439  elapsed 8.5s]
    [51,712/57,439  elapsed 9.4s]
    [56,832/57,439  elapsed 10.3s]
  eval done in 10.4s
  by-popularity NDCG@10: tail=0.0001(n=8,800)  mid=0.0023(n=8,657)  head=0.0533(n=39,982)
  epoch   6  loss=8.7154  val_NDCG=0.0410  test_NDCG=0.0374  test_HR=0.0686  (5.6s)
  evaluating 57,439 users in batches of 512...
    [512/57,439  elapsed 0.1s]
    [5,632/57,439  elapsed 1.0s]
    [10,752/57,439  elapsed 1.9s]
    [15,872/57,439  elapsed 2.8s]
    [20,992/57,439  elapsed 3.7s]
    [26,112/57,439  elapsed 4.6s]
    [31,232/57,439  elapsed 5.5s]
    [36,352/57,439  elapsed 6.4s]
    [41,472/57,439  elapsed 7.3s]
    [46,592/57,439  elapsed 8.2s]
    [51,712/57,439  elapsed 9.1s]
    [56,832/57,439  elapsed 10.0s]
  eval done in 10.1s
  by-popularity NDCG@10: tail=0.0002(n=7,762)  mid=0.0024(n=8,169)  head=0.0565(n=41,508)
  evaluating 57,439 users in batches of 512...
    [512/57,439  elapsed 0.1s]
    [5,632/57,439  elapsed 1.0s]
    [10,752/57,439  elapsed 1.9s]
    [15,872/57,439  elapsed 2.8s]
    [20,992/57,439  elapsed 3.7s]
    [26,112/57,439  elapsed 4.6s]
    [31,232/57,439  elapsed 5.5s]
    [36,352/57,439  elapsed 6.4s]
    [41,472/57,439  elapsed 7.3s]
    [46,592/57,439  elapsed 8.2s]
    [51,712/57,439  elapsed 9.1s]
    [56,832/57,439  elapsed 10.0s]
  eval done in 10.1s
  by-popularity NDCG@10: tail=0.0002(n=8,800)  mid=0.0028(n=8,657)  head=0.0528(n=39,982)
  epoch   7  loss=8.6628  val_NDCG=0.0412  test_NDCG=0.0372  test_HR=0.0683  (5.5s)
  evaluating 57,439 users in batches of 512...
    [512/57,439  elapsed 0.1s]
    [5,632/57,439  elapsed 1.0s]
    [10,752/57,439  elapsed 2.0s]
    [15,872/57,439  elapsed 3.2s]
    [20,992/57,439  elapsed 4.3s]
    [26,112/57,439  elapsed 5.4s]
    [31,232/57,439  elapsed 6.4s]
    [36,352/57,439  elapsed 7.6s]
    [41,472/57,439  elapsed 8.6s]
    [46,592/57,439  elapsed 9.6s]
    [51,712/57,439  elapsed 10.6s]
    [56,832/57,439  elapsed 11.6s]
  eval done in 11.8s
  by-popularity NDCG@10: tail=0.0004(n=7,762)  mid=0.0031(n=8,169)  head=0.0579(n=41,508)
  evaluating 57,439 users in batches of 512...
    [512/57,439  elapsed 0.1s]
    [5,632/57,439  elapsed 1.2s]
    [10,752/57,439  elapsed 2.3s]
    [15,872/57,439  elapsed 3.3s]
    [20,992/57,439  elapsed 4.4s]
    [26,112/57,439  elapsed 5.4s]
    [31,232/57,439  elapsed 6.4s]
    [36,352/57,439  elapsed 7.5s]
    [41,472/57,439  elapsed 8.5s]
    [46,592/57,439  elapsed 9.5s]
    [51,712/57,439  elapsed 10.5s]
    [56,832/57,439  elapsed 11.6s]
  eval done in 11.7s
  by-popularity NDCG@10: tail=0.0003(n=8,800)  mid=0.0033(n=8,657)  head=0.0543(n=39,982)
  epoch   8  loss=8.6156  val_NDCG=0.0424  test_NDCG=0.0383  test_HR=0.0698  (5.4s)
  evaluating 57,439 users in batches of 512...
    [512/57,439  elapsed 0.1s]
    [5,632/57,439  elapsed 1.1s]
    [10,752/57,439  elapsed 2.2s]
    [15,872/57,439  elapsed 3.2s]
    [20,992/57,439  elapsed 4.2s]
    [26,112/57,439  elapsed 5.2s]
    [31,232/57,439  elapsed 6.2s]
    [36,352/57,439  elapsed 7.2s]
    [41,472/57,439  elapsed 8.2s]
    [46,592/57,439  elapsed 9.2s]
    [51,712/57,439  elapsed 10.2s]
    [56,832/57,439  elapsed 11.2s]
  eval done in 11.3s
  by-popularity NDCG@10: tail=0.0008(n=7,762)  mid=0.0033(n=8,169)  head=0.0583(n=41,508)
  evaluating 57,439 users in batches of 512...
    [512/57,439  elapsed 0.1s]
    [5,632/57,439  elapsed 1.2s]
    [10,752/57,439  elapsed 2.2s]
    [15,872/57,439  elapsed 3.3s]
    [20,992/57,439  elapsed 4.4s]
    [26,112/57,439  elapsed 5.4s]
    [31,232/57,439  elapsed 6.4s]
    [36,352/57,439  elapsed 7.4s]
    [41,472/57,439  elapsed 8.4s]
    [46,592/57,439  elapsed 9.5s]
    [51,712/57,439  elapsed 10.5s]
    [56,832/57,439  elapsed 11.5s]
  eval done in 11.6s
  by-popularity NDCG@10: tail=0.0006(n=8,800)  mid=0.0035(n=8,657)  head=0.0540(n=39,982)
  epoch   9  loss=8.5722  val_NDCG=0.0427  test_NDCG=0.0382  test_HR=0.0694  (5.8s)
  evaluating 57,439 users in batches of 512...
    [512/57,439  elapsed 0.1s]
    [5,632/57,439  elapsed 1.1s]
    [10,752/57,439  elapsed 2.2s]
    [15,872/57,439  elapsed 3.2s]
    [20,992/57,439  elapsed 4.2s]
    [26,112/57,439  elapsed 5.2s]
    [31,232/57,439  elapsed 6.2s]
    [36,352/57,439  elapsed 7.1s]
    [41,472/57,439  elapsed 8.1s]
    [46,592/57,439  elapsed 9.2s]
    [51,712/57,439  elapsed 10.2s]
    [56,832/57,439  elapsed 11.2s]
  eval done in 11.3s
  by-popularity NDCG@10: tail=0.0008(n=7,762)  mid=0.0037(n=8,169)  head=0.0586(n=41,508)
  evaluating 57,439 users in batches of 512...
    [512/57,439  elapsed 0.1s]
    [5,632/57,439  elapsed 1.2s]
    [10,752/57,439  elapsed 2.2s]
    [15,872/57,439  elapsed 3.3s]
    [20,992/57,439  elapsed 4.5s]
    [26,112/57,439  elapsed 5.5s]
    [31,232/57,439  elapsed 6.5s]
    [36,352/57,439  elapsed 7.5s]
    [41,472/57,439  elapsed 8.5s]
    [46,592/57,439  elapsed 9.5s]
    [51,712/57,439  elapsed 10.5s]
    [56,832/57,439  elapsed 11.5s]
  eval done in 11.6s
  by-popularity NDCG@10: tail=0.0005(n=8,800)  mid=0.0040(n=8,657)  head=0.0544(n=39,982)
  epoch  10  loss=8.5303  val_NDCG=0.0430  test_NDCG=0.0385  test_HR=0.0700  (5.8s)
  evaluating 57,439 users in batches of 512...
    [512/57,439  elapsed 0.1s]
    [5,632/57,439  elapsed 1.2s]
    [10,752/57,439  elapsed 2.3s]
    [15,872/57,439  elapsed 3.4s]
    [20,992/57,439  elapsed 4.4s]
    [26,112/57,439  elapsed 5.5s]
    [31,232/57,439  elapsed 6.7s]
    [36,352/57,439  elapsed 8.1s]
    [41,472/57,439  elapsed 9.5s]
    [46,592/57,439  elapsed 11.0s]
    [51,712/57,439  elapsed 12.2s]
    [56,832/57,439  elapsed 13.2s]
  eval done in 13.4s
  by-popularity NDCG@10: tail=0.0009(n=7,762)  mid=0.0045(n=8,169)  head=0.0591(n=41,508)
  evaluating 57,439 users in batches of 512...
    [512/57,439  elapsed 0.1s]
    [5,632/57,439  elapsed 1.1s]
    [10,752/57,439  elapsed 2.2s]
    [15,872/57,439  elapsed 3.3s]
    [20,992/57,439  elapsed 4.3s]
    [26,112/57,439  elapsed 5.3s]
    [31,232/57,439  elapsed 6.3s]
    [36,352/57,439  elapsed 7.3s]
    [41,472/57,439  elapsed 8.3s]
    [46,592/57,439  elapsed 9.3s]
    [51,712/57,439  elapsed 10.3s]
    [56,832/57,439  elapsed 11.3s]
  eval done in 11.5s
  by-popularity NDCG@10: tail=0.0007(n=8,800)  mid=0.0046(n=8,657)  head=0.0549(n=39,982)
  epoch  11  loss=8.4933  val_NDCG=0.0435  test_NDCG=0.0390  test_HR=0.0709  (5.8s)
  evaluating 57,439 users in batches of 512...
    [512/57,439  elapsed 0.1s]
    [5,632/57,439  elapsed 1.1s]
    [10,752/57,439  elapsed 2.1s]
    [15,872/57,439  elapsed 3.1s]
    [20,992/57,439  elapsed 4.2s]
    [26,112/57,439  elapsed 5.2s]
    [31,232/57,439  elapsed 6.2s]
    [36,352/57,439  elapsed 7.2s]
    [41,472/57,439  elapsed 8.2s]
    [46,592/57,439  elapsed 9.3s]
    [51,712/57,439  elapsed 10.3s]
    [56,832/57,439  elapsed 11.2s]
  eval done in 11.4s
  by-popularity NDCG@10: tail=0.0008(n=7,762)  mid=0.0046(n=8,169)  head=0.0593(n=41,508)
  evaluating 57,439 users in batches of 512...
    [512/57,439  elapsed 0.1s]
    [5,632/57,439  elapsed 1.1s]
    [10,752/57,439  elapsed 2.2s]
    [15,872/57,439  elapsed 3.3s]
    [20,992/57,439  elapsed 4.4s]
    [26,112/57,439  elapsed 5.4s]
    [31,232/57,439  elapsed 6.5s]
    [36,352/57,439  elapsed 7.4s]
    [41,472/57,439  elapsed 8.5s]
    [46,592/57,439  elapsed 9.5s]
    [51,712/57,439  elapsed 10.6s]
    [56,832/57,439  elapsed 11.7s]
  eval done in 11.9s
  by-popularity NDCG@10: tail=0.0007(n=8,800)  mid=0.0049(n=8,657)  head=0.0551(n=39,982)
  epoch  12  loss=8.4602  val_NDCG=0.0436  test_NDCG=0.0392  test_HR=0.0706  (5.8s)
  evaluating 57,439 users in batches of 512...
    [512/57,439  elapsed 0.1s]
    [5,632/57,439  elapsed 1.0s]
    [10,752/57,439  elapsed 1.9s]
    [15,872/57,439  elapsed 2.8s]
    [20,992/57,439  elapsed 3.7s]
    [26,112/57,439  elapsed 4.6s]
    [31,232/57,439  elapsed 5.4s]
    [36,352/57,439  elapsed 6.3s]
    [41,472/57,439  elapsed 7.2s]
    [46,592/57,439  elapsed 8.1s]
    [51,712/57,439  elapsed 9.0s]
    [56,832/57,439  elapsed 9.9s]
  eval done in 10.0s
  by-popularity NDCG@10: tail=0.0011(n=7,762)  mid=0.0051(n=8,169)  head=0.0592(n=41,508)
  evaluating 57,439 users in batches of 512...
    [512/57,439  elapsed 0.1s]
    [5,632/57,439  elapsed 1.0s]
    [10,752/57,439  elapsed 1.9s]
    [15,872/57,439  elapsed 2.8s]
    [20,992/57,439  elapsed 3.7s]
    [26,112/57,439  elapsed 4.6s]
    [31,232/57,439  elapsed 5.5s]
    [36,352/57,439  elapsed 6.5s]
    [41,472/57,439  elapsed 7.4s]
    [46,592/57,439  elapsed 8.3s]
    [51,712/57,439  elapsed 9.3s]
    [56,832/57,439  elapsed 10.2s]
  eval done in 10.3s
  by-popularity NDCG@10: tail=0.0008(n=8,800)  mid=0.0049(n=8,657)  head=0.0552(n=39,982)
  epoch  13  loss=8.4309  val_NDCG=0.0437  test_NDCG=0.0393  test_HR=0.0708  (5.8s)
  evaluating 57,439 users in batches of 512...
    [512/57,439  elapsed 0.1s]
    [5,632/57,439  elapsed 1.1s]
    [10,752/57,439  elapsed 2.0s]
    [15,872/57,439  elapsed 3.0s]
    [20,992/57,439  elapsed 3.9s]
    [26,112/57,439  elapsed 4.9s]
    [31,232/57,439  elapsed 5.9s]
    [36,352/57,439  elapsed 6.8s]
    [41,472/57,439  elapsed 7.8s]
    [46,592/57,439  elapsed 8.8s]
    [51,712/57,439  elapsed 9.8s]
    [56,832/57,439  elapsed 10.8s]
  eval done in 10.9s
  by-popularity NDCG@10: tail=0.0010(n=7,762)  mid=0.0052(n=8,169)  head=0.0597(n=41,508)
  evaluating 57,439 users in batches of 512...
    [512/57,439  elapsed 0.1s]
    [5,632/57,439  elapsed 1.1s]
    [10,752/57,439  elapsed 2.1s]
    [15,872/57,439  elapsed 3.2s]
    [20,992/57,439  elapsed 4.1s]
    [26,112/57,439  elapsed 5.0s]
    [31,232/57,439  elapsed 5.9s]
    [36,352/57,439  elapsed 6.8s]
    [41,472/57,439  elapsed 7.7s]
    [46,592/57,439  elapsed 8.7s]
    [51,712/57,439  elapsed 9.8s]
    [56,832/57,439  elapsed 10.7s]
  eval done in 10.8s
  by-popularity NDCG@10: tail=0.0008(n=8,800)  mid=0.0052(n=8,657)  head=0.0549(n=39,982)
  epoch  14  loss=8.4049  val_NDCG=0.0440  test_NDCG=0.0391  test_HR=0.0708  (5.6s)
  evaluating 57,439 users in batches of 512...
    [512/57,439  elapsed 0.1s]
    [5,632/57,439  elapsed 1.0s]
    [10,752/57,439  elapsed 1.9s]
    [15,872/57,439  elapsed 2.8s]
    [20,992/57,439  elapsed 3.7s]
    [26,112/57,439  elapsed 4.6s]
    [31,232/57,439  elapsed 5.5s]
    [36,352/57,439  elapsed 6.4s]
    [41,472/57,439  elapsed 7.4s]
    [46,592/57,439  elapsed 8.3s]
    [51,712/57,439  elapsed 9.1s]
    [56,832/57,439  elapsed 10.0s]
  eval done in 10.1s
  by-popularity NDCG@10: tail=0.0010(n=7,762)  mid=0.0052(n=8,169)  head=0.0597(n=41,508)
  evaluating 57,439 users in batches of 512...
    [512/57,439  elapsed 0.1s]
    [5,632/57,439  elapsed 1.0s]
    [10,752/57,439  elapsed 1.9s]
    [15,872/57,439  elapsed 2.8s]
    [20,992/57,439  elapsed 3.7s]
    [26,112/57,439  elapsed 4.6s]
    [31,232/57,439  elapsed 5.5s]
    [36,352/57,439  elapsed 6.4s]
    [41,472/57,439  elapsed 7.3s]
    [46,592/57,439  elapsed 8.2s]
    [51,712/57,439  elapsed 9.1s]
    [56,832/57,439  elapsed 10.0s]
  eval done in 10.1s
  by-popularity NDCG@10: tail=0.0009(n=8,800)  mid=0.0049(n=8,657)  head=0.0554(n=39,982)
  epoch  15  loss=8.3846  val_NDCG=0.0440  test_NDCG=0.0395  test_HR=0.0713  (5.6s)
  evaluating 57,439 users in batches of 512...
    [512/57,439  elapsed 0.1s]
    [5,632/57,439  elapsed 1.0s]
    [10,752/57,439  elapsed 1.9s]
    [15,872/57,439  elapsed 2.8s]
    [20,992/57,439  elapsed 3.7s]
    [26,112/57,439  elapsed 4.6s]
    [31,232/57,439  elapsed 5.5s]
    [36,352/57,439  elapsed 6.4s]
    [41,472/57,439  elapsed 7.3s]
    [46,592/57,439  elapsed 8.2s]
    [51,712/57,439  elapsed 9.1s]
    [56,832/57,439  elapsed 9.9s]
  eval done in 10.0s
  by-popularity NDCG@10: tail=0.0010(n=7,762)  mid=0.0053(n=8,169)  head=0.0600(n=41,508)
  evaluating 57,439 users in batches of 512...
    [512/57,439  elapsed 0.1s]
    [5,632/57,439  elapsed 1.0s]
    [10,752/57,439  elapsed 1.9s]
    [15,872/57,439  elapsed 2.8s]
    [20,992/57,439  elapsed 3.7s]
    [26,112/57,439  elapsed 4.6s]
    [31,232/57,439  elapsed 5.5s]
    [36,352/57,439  elapsed 6.4s]
    [41,472/57,439  elapsed 7.3s]
    [46,592/57,439  elapsed 8.2s]
    [51,712/57,439  elapsed 9.1s]
    [56,832/57,439  elapsed 10.0s]
  eval done in 10.1s
  by-popularity NDCG@10: tail=0.0009(n=8,800)  mid=0.0052(n=8,657)  head=0.0556(n=39,982)
  epoch  16  loss=8.3670  val_NDCG=0.0442  test_NDCG=0.0396  test_HR=0.0716  (5.6s)
  evaluating 57,439 users in batches of 512...
    [512/57,439  elapsed 0.1s]
    [5,632/57,439  elapsed 1.0s]
    [10,752/57,439  elapsed 2.0s]
    [15,872/57,439  elapsed 2.8s]
    [20,992/57,439  elapsed 3.7s]
    [26,112/57,439  elapsed 4.6s]
    [31,232/57,439  elapsed 5.5s]
    [36,352/57,439  elapsed 6.4s]
    [41,472/57,439  elapsed 7.3s]
    [46,592/57,439  elapsed 8.2s]
    [51,712/57,439  elapsed 9.1s]
    [56,832/57,439  elapsed 10.0s]
  eval done in 10.1s
  by-popularity NDCG@10: tail=0.0010(n=7,762)  mid=0.0054(n=8,169)  head=0.0595(n=41,508)
  evaluating 57,439 users in batches of 512...
    [512/57,439  elapsed 0.1s]
    [5,632/57,439  elapsed 1.0s]
    [10,752/57,439  elapsed 1.9s]
    [15,872/57,439  elapsed 2.8s]
    [20,992/57,439  elapsed 3.7s]
    [26,112/57,439  elapsed 4.6s]
    [31,232/57,439  elapsed 5.5s]
    [36,352/57,439  elapsed 6.4s]
    [41,472/57,439  elapsed 7.3s]
    [46,592/57,439  elapsed 8.2s]
    [51,712/57,439  elapsed 9.1s]
    [56,832/57,439  elapsed 10.0s]
  eval done in 10.1s
  by-popularity NDCG@10: tail=0.0009(n=8,800)  mid=0.0053(n=8,657)  head=0.0552(n=39,982)
  epoch  17  loss=8.3522  val_NDCG=0.0439  test_NDCG=0.0394  test_HR=0.0709  (5.6s)
  evaluating 57,439 users in batches of 512...
    [512/57,439  elapsed 0.1s]
    [5,632/57,439  elapsed 1.0s]
    [10,752/57,439  elapsed 1.9s]
    [15,872/57,439  elapsed 2.9s]
    [20,992/57,439  elapsed 3.9s]
    [26,112/57,439  elapsed 4.9s]
    [31,232/57,439  elapsed 5.9s]
    [36,352/57,439  elapsed 6.9s]
    [41,472/57,439  elapsed 7.9s]
    [46,592/57,439  elapsed 8.8s]
    [51,712/57,439  elapsed 9.9s]
    [56,832/57,439  elapsed 11.1s]
  eval done in 11.3s
  by-popularity NDCG@10: tail=0.0011(n=7,762)  mid=0.0055(n=8,169)  head=0.0594(n=41,508)
  evaluating 57,439 users in batches of 512...
    [512/57,439  elapsed 0.1s]
    [5,632/57,439  elapsed 1.0s]
    [10,752/57,439  elapsed 1.9s]
    [15,872/57,439  elapsed 2.8s]
    [20,992/57,439  elapsed 3.7s]
    [26,112/57,439  elapsed 4.6s]
    [31,232/57,439  elapsed 5.5s]
    [36,352/57,439  elapsed 6.4s]
    [41,472/57,439  elapsed 7.4s]
    [46,592/57,439  elapsed 8.3s]
    [51,712/57,439  elapsed 9.2s]
    [56,832/57,439  elapsed 10.1s]
  eval done in 10.3s
  by-popularity NDCG@10: tail=0.0009(n=8,800)  mid=0.0053(n=8,657)  head=0.0551(n=39,982)
  epoch  18  loss=8.3442  val_NDCG=0.0438  test_NDCG=0.0393  test_HR=0.0707  (5.6s)
  evaluating 57,439 users in batches of 512...
    [512/57,439  elapsed 0.1s]
    [5,632/57,439  elapsed 1.1s]
    [10,752/57,439  elapsed 2.4s]
    [15,872/57,439  elapsed 3.3s]
    [20,992/57,439  elapsed 4.3s]
    [26,112/57,439  elapsed 5.2s]
    [31,232/57,439  elapsed 6.1s]
    [36,352/57,439  elapsed 7.2s]
    [41,472/57,439  elapsed 8.1s]
    [46,592/57,439  elapsed 9.1s]
    [51,712/57,439  elapsed 9.9s]
    [56,832/57,439  elapsed 10.8s]
  eval done in 11.0s
  by-popularity NDCG@10: tail=0.0010(n=7,762)  mid=0.0055(n=8,169)  head=0.0595(n=41,508)
  evaluating 57,439 users in batches of 512...
    [512/57,439  elapsed 0.1s]
    [5,632/57,439  elapsed 1.0s]
    [10,752/57,439  elapsed 1.9s]
    [15,872/57,439  elapsed 2.8s]
    [20,992/57,439  elapsed 3.7s]
    [26,112/57,439  elapsed 4.6s]
    [31,232/57,439  elapsed 5.5s]
    [36,352/57,439  elapsed 6.3s]
    [41,472/57,439  elapsed 7.3s]
    [46,592/57,439  elapsed 8.2s]
    [51,712/57,439  elapsed 9.1s]
    [56,832/57,439  elapsed 10.0s]
  eval done in 10.1s
  by-popularity NDCG@10: tail=0.0009(n=8,800)  mid=0.0054(n=8,657)  head=0.0552(n=39,982)
  epoch  19  loss=8.3389  val_NDCG=0.0439  test_NDCG=0.0394  test_HR=0.0707  (5.9s)
  evaluating 57,439 users in batches of 512...
    [512/57,439  elapsed 0.1s]
    [5,632/57,439  elapsed 1.0s]
    [10,752/57,439  elapsed 1.9s]
    [15,872/57,439  elapsed 2.8s]
    [20,992/57,439  elapsed 3.7s]
    [26,112/57,439  elapsed 4.6s]
    [31,232/57,439  elapsed 5.5s]
    [36,352/57,439  elapsed 6.4s]
    [41,472/57,439  elapsed 7.3s]
    [46,592/57,439  elapsed 8.2s]
    [51,712/57,439  elapsed 9.1s]
    [56,832/57,439  elapsed 10.0s]
  eval done in 10.1s
  by-popularity NDCG@10: tail=0.0010(n=7,762)  mid=0.0055(n=8,169)  head=0.0594(n=41,508)
  evaluating 57,439 users in batches of 512...
    [512/57,439  elapsed 0.1s]
    [5,632/57,439  elapsed 1.0s]
    [10,752/57,439  elapsed 2.0s]
    [15,872/57,439  elapsed 2.9s]
    [20,992/57,439  elapsed 3.8s]
    [26,112/57,439  elapsed 4.7s]
    [31,232/57,439  elapsed 5.6s]
    [36,352/57,439  elapsed 6.6s]
    [41,472/57,439  elapsed 7.4s]
    [46,592/57,439  elapsed 8.4s]
    [51,712/57,439  elapsed 9.3s]
    [56,832/57,439  elapsed 10.2s]
  eval done in 10.3s
  by-popularity NDCG@10: tail=0.0009(n=8,800)  mid=0.0054(n=8,657)  head=0.0552(n=39,982)
  epoch  20  loss=8.3355  val_NDCG=0.0439  test_NDCG=0.0393  test_HR=0.0706  (5.6s)

=== Best by val NDCG@10 ===
  val_NDCG=0.0442
  test: {'NDCG@10': 0.03963359469988448, 'HR@10': 0.07164121938056024, 'MRR': 0.036089528561866153, 'n_eval': 57439, 'by_popularity': {'tail': {'NDCG@10': 0.0008548074109840076, 'HR@10': 0.0018181818181818182, 'n': 8800, 'n_hit@10': 16, 'HR@20': 0.00375, 'n_hit@20': 33, 'HR@50': 0.011477272727272727, 'n_hit@50': 101, 'HR@100': 0.02556818181818182, 'n_hit@100': 225}, 'mid': {'NDCG@10': 0.0052208093871821066, 'HR@10': 0.010049670786646644, 'n': 8657, 'n_hit@10': 87, 'HR@20': 0.01825112625620885, 'n_hit@20': 158, 'HR@50': 0.03985214277463325, 'n_hit@50': 345, 'HR@100': 0.07104077625043317, 'n_hit@100': 615}, 'head': {'NDCG@10': 0.055619908806091974, 'HR@10': 0.10034515531989395, 'n': 39982, 'n_hit@10': 4012, 'HR@20': 0.14253914261417638, 'n_hit@20': 5699, 'HR@50': 0.22467610424691112, 'n_hit@50': 8983, 'HR@100': 0.3029863438547346, 'n_hit@100': 12114}}}
wrote C:\Users\rayxc\Documents\R\_bestrec_run\results_MI_FIRV3_a0ident_seed20260720.users.jsonl.gz (57,439 per-user records, best epoch 16, sha256 9947caab201d…)
wrote C:\Users\rayxc\Documents\R\_bestrec_run\results_MI_FIRV3_a0ident_seed20260720.final.users.jsonl.gz (57,439 FINAL-epoch per-user records)
  fir_v3 final ||DELTA||_2 = 0.000000

wrote C:\Users\rayxc\Documents\R\_bestrec_run\results_MI_FIRV3_a0ident_seed20260720.json
[23/24] results_MI_FIRV3_a1learned_seed20260720.json
  random seed set to 20260720
=== Musical_Instruments: load splits ===
  n_users=57,439  n_items=24,587  pad_id=24587
  built sequences for 57,439 users
  built timestamp sequences (12 time buckets)
  loading SBERT embeddings from C:\Users\rayxc\Documents\R\cache_5core\sbert_titles_Musical_Instruments.npy...
  TAPE: k-means 24,587 text embeddings into K=512 prototypes (tau=0.05)...
  TAPE: K=512 mean max-assignment weight = 0.520 (1.0 = hard clustering)

=== Build SASRec-SBERT (d=64, layers=4, heads=2) ===
  total params: 11,186,046  device=cuda
  57,439 training examples / 225 batches per epoch
  init_state_sha256 = 825cecc1a64642e37c005826ea50b5b7ee49f5a9a82b25bb28f292da87e3199f
  LR schedule: warmup_cosine (225 warmup + 4275 cosine steps)

=== Train for 20 epochs ===
  evaluating 57,439 users in batches of 512...
    [512/57,439  elapsed 0.1s]
    [5,632/57,439  elapsed 1.0s]
    [10,752/57,439  elapsed 1.9s]
    [15,872/57,439  elapsed 2.8s]
    [20,992/57,439  elapsed 3.7s]
    [26,112/57,439  elapsed 4.6s]
    [31,232/57,439  elapsed 5.5s]
    [36,352/57,439  elapsed 6.4s]
    [41,472/57,439  elapsed 7.3s]
    [46,592/57,439  elapsed 8.2s]
    [51,712/57,439  elapsed 9.0s]
    [56,832/57,439  elapsed 9.9s]
  eval done in 10.0s
  by-popularity NDCG@10: tail=0.0000(n=7,762)  mid=0.0002(n=8,169)  head=0.0375(n=41,508)
  evaluating 57,439 users in batches of 512...
    [512/57,439  elapsed 0.1s]
    [5,632/57,439  elapsed 1.0s]
    [10,752/57,439  elapsed 1.9s]
    [15,872/57,439  elapsed 2.8s]
    [20,992/57,439  elapsed 3.7s]
    [26,112/57,439  elapsed 4.7s]
    [31,232/57,439  elapsed 5.6s]
    [36,352/57,439  elapsed 6.5s]
    [41,472/57,439  elapsed 7.4s]
    [46,592/57,439  elapsed 8.3s]
    [51,712/57,439  elapsed 9.2s]
    [56,832/57,439  elapsed 10.1s]
  eval done in 10.2s
  by-popularity NDCG@10: tail=0.0000(n=8,800)  mid=0.0003(n=8,657)  head=0.0354(n=39,982)
  epoch   1  loss=9.6193  val_NDCG=0.0271  test_NDCG=0.0247  test_HR=0.0470  (6.0s)
  evaluating 57,439 users in batches of 512...
    [512/57,439  elapsed 0.1s]
    [5,632/57,439  elapsed 1.0s]
    [10,752/57,439  elapsed 1.9s]
    [15,872/57,439  elapsed 2.7s]
    [20,992/57,439  elapsed 3.8s]
    [26,112/57,439  elapsed 4.9s]
    [31,232/57,439  elapsed 5.9s]
    [36,352/57,439  elapsed 7.1s]
    [41,472/57,439  elapsed 8.1s]
    [46,592/57,439  elapsed 9.1s]
    [51,712/57,439  elapsed 10.0s]
    [56,832/57,439  elapsed 10.9s]
  eval done in 11.1s
  by-popularity NDCG@10: tail=0.0000(n=7,762)  mid=0.0004(n=8,169)  head=0.0463(n=41,508)
  evaluating 57,439 users in batches of 512...
    [512/57,439  elapsed 0.1s]
    [5,632/57,439  elapsed 1.0s]
    [10,752/57,439  elapsed 1.9s]
    [15,872/57,439  elapsed 2.9s]
    [20,992/57,439  elapsed 3.9s]
    [26,112/57,439  elapsed 4.8s]
    [31,232/57,439  elapsed 5.7s]
    [36,352/57,439  elapsed 6.6s]
    [41,472/57,439  elapsed 7.6s]
    [46,592/57,439  elapsed 8.5s]
    [51,712/57,439  elapsed 9.5s]
    [56,832/57,439  elapsed 10.4s]
  eval done in 10.5s
  by-popularity NDCG@10: tail=0.0001(n=8,800)  mid=0.0004(n=8,657)  head=0.0441(n=39,982)
  epoch   2  loss=9.0872  val_NDCG=0.0335  test_NDCG=0.0308  test_HR=0.0577  (5.6s)
  evaluating 57,439 users in batches of 512...
    [512/57,439  elapsed 0.1s]
    [5,632/57,439  elapsed 1.0s]
    [10,752/57,439  elapsed 1.9s]
    [15,872/57,439  elapsed 2.9s]
    [20,992/57,439  elapsed 3.8s]
    [26,112/57,439  elapsed 4.7s]
    [31,232/57,439  elapsed 5.6s]
    [36,352/57,439  elapsed 6.6s]
    [41,472/57,439  elapsed 7.5s]
    [46,592/57,439  elapsed 8.4s]
    [51,712/57,439  elapsed 9.3s]
    [56,832/57,439  elapsed 10.3s]
  eval done in 10.4s
  by-popularity NDCG@10: tail=0.0000(n=7,762)  mid=0.0007(n=8,169)  head=0.0534(n=41,508)
  evaluating 57,439 users in batches of 512...
    [512/57,439  elapsed 0.1s]
    [5,632/57,439  elapsed 1.0s]
    [10,752/57,439  elapsed 1.9s]
    [15,872/57,439  elapsed 2.9s]
    [20,992/57,439  elapsed 3.8s]
    [26,112/57,439  elapsed 4.7s]
    [31,232/57,439  elapsed 5.6s]
    [36,352/57,439  elapsed 6.5s]
    [41,472/57,439  elapsed 7.4s]
    [46,592/57,439  elapsed 8.3s]
    [51,712/57,439  elapsed 9.2s]
    [56,832/57,439  elapsed 10.1s]
  eval done in 10.2s
  by-popularity NDCG@10: tail=0.0001(n=8,800)  mid=0.0010(n=8,657)  head=0.0510(n=39,982)
  epoch   3  loss=8.9268  val_NDCG=0.0387  test_NDCG=0.0357  test_HR=0.0656  (5.6s)
  evaluating 57,439 users in batches of 512...
    [512/57,439  elapsed 0.1s]
    [5,632/57,439  elapsed 1.0s]
    [10,752/57,439  elapsed 2.0s]
    [15,872/57,439  elapsed 2.9s]
    [20,992/57,439  elapsed 3.8s]
    [26,112/57,439  elapsed 4.7s]
    [31,232/57,439  elapsed 5.6s]
    [36,352/57,439  elapsed 6.5s]
    [41,472/57,439  elapsed 7.5s]
    [46,592/57,439  elapsed 8.4s]
    [51,712/57,439  elapsed 9.3s]
    [56,832/57,439  elapsed 10.2s]
  eval done in 10.3s
  by-popularity NDCG@10: tail=0.0000(n=7,762)  mid=0.0012(n=8,169)  head=0.0561(n=41,508)
  evaluating 57,439 users in batches of 512...
    [512/57,439  elapsed 0.1s]
    [5,632/57,439  elapsed 1.0s]
    [10,752/57,439  elapsed 1.9s]
    [15,872/57,439  elapsed 2.8s]
    [20,992/57,439  elapsed 3.7s]
    [26,112/57,439  elapsed 4.7s]
    [31,232/57,439  elapsed 5.6s]
    [36,352/57,439  elapsed 6.5s]
    [41,472/57,439  elapsed 7.4s]
    [46,592/57,439  elapsed 8.3s]
    [51,712/57,439  elapsed 9.2s]
    [56,832/57,439  elapsed 10.1s]
  eval done in 10.2s
  by-popularity NDCG@10: tail=0.0001(n=8,800)  mid=0.0014(n=8,657)  head=0.0527(n=39,982)
  epoch   4  loss=8.8234  val_NDCG=0.0407  test_NDCG=0.0369  test_HR=0.0681  (5.5s)
  evaluating 57,439 users in batches of 512...
    [512/57,439  elapsed 0.1s]
    [5,632/57,439  elapsed 1.0s]
    [10,752/57,439  elapsed 2.1s]
    [15,872/57,439  elapsed 3.2s]
    [20,992/57,439  elapsed 4.2s]
    [26,112/57,439  elapsed 5.3s]
    [31,232/57,439  elapsed 6.3s]
    [36,352/57,439  elapsed 7.3s]
    [41,472/57,439  elapsed 8.3s]
    [46,592/57,439  elapsed 9.4s]
    [51,712/57,439  elapsed 10.5s]
    [56,832/57,439  elapsed 11.5s]
  eval done in 11.7s
  by-popularity NDCG@10: tail=0.0002(n=7,762)  mid=0.0020(n=8,169)  head=0.0578(n=41,508)
  evaluating 57,439 users in batches of 512...
    [512/57,439  elapsed 0.1s]
    [5,632/57,439  elapsed 1.1s]
    [10,752/57,439  elapsed 2.1s]
    [15,872/57,439  elapsed 3.2s]
    [20,992/57,439  elapsed 4.2s]
    [26,112/57,439  elapsed 5.2s]
    [31,232/57,439  elapsed 6.3s]
    [36,352/57,439  elapsed 7.3s]
    [41,472/57,439  elapsed 8.4s]
    [46,592/57,439  elapsed 9.5s]
    [51,712/57,439  elapsed 10.5s]
    [56,832/57,439  elapsed 11.5s]
  eval done in 11.7s
  by-popularity NDCG@10: tail=0.0001(n=8,800)  mid=0.0022(n=8,657)  head=0.0547(n=39,982)
  epoch   5  loss=8.7417  val_NDCG=0.0421  test_NDCG=0.0384  test_HR=0.0699  (5.5s)
  evaluating 57,439 users in batches of 512...
    [512/57,439  elapsed 0.1s]
    [5,632/57,439  elapsed 1.1s]
    [10,752/57,439  elapsed 2.1s]
    [15,872/57,439  elapsed 3.2s]
    [20,992/57,439  elapsed 4.2s]
    [26,112/57,439  elapsed 5.2s]
    [31,232/57,439  elapsed 6.3s]
    [36,352/57,439  elapsed 7.3s]
    [41,472/57,439  elapsed 8.3s]
    [46,592/57,439  elapsed 9.3s]
    [51,712/57,439  elapsed 10.4s]
    [56,832/57,439  elapsed 11.4s]
  eval done in 11.5s
  by-popularity NDCG@10: tail=0.0003(n=7,762)  mid=0.0031(n=8,169)  head=0.0590(n=41,508)
  evaluating 57,439 users in batches of 512...
    [512/57,439  elapsed 0.1s]
    [5,632/57,439  elapsed 1.2s]
    [10,752/57,439  elapsed 2.3s]
    [15,872/57,439  elapsed 3.3s]
    [20,992/57,439  elapsed 4.4s]
    [26,112/57,439  elapsed 5.4s]
    [31,232/57,439  elapsed 6.6s]
    [36,352/57,439  elapsed 7.6s]
    [41,472/57,439  elapsed 8.7s]
    [46,592/57,439  elapsed 9.8s]
    [51,712/57,439  elapsed 10.9s]
    [56,832/57,439  elapsed 11.9s]
  eval done in 12.1s
  by-popularity NDCG@10: tail=0.0004(n=8,800)  mid=0.0035(n=8,657)  head=0.0568(n=39,982)
  epoch   6  loss=8.6765  val_NDCG=0.0431  test_NDCG=0.0401  test_HR=0.0726  (5.9s)
  evaluating 57,439 users in batches of 512...
    [512/57,439  elapsed 0.1s]
    [5,632/57,439  elapsed 1.1s]
    [10,752/57,439  elapsed 2.2s]
    [15,872/57,439  elapsed 3.1s]
    [20,992/57,439  elapsed 4.1s]
    [26,112/57,439  elapsed 5.0s]
    [31,232/57,439  elapsed 6.0s]
    [36,352/57,439  elapsed 6.8s]
    [41,472/57,439  elapsed 7.8s]
    [46,592/57,439  elapsed 8.7s]
    [51,712/57,439  elapsed 9.6s]
    [56,832/57,439  elapsed 10.5s]
  eval done in 10.6s
  by-popularity NDCG@10: tail=0.0006(n=7,762)  mid=0.0041(n=8,169)  head=0.0596(n=41,508)
  evaluating 57,439 users in batches of 512...
    [512/57,439  elapsed 0.1s]
    [5,632/57,439  elapsed 1.0s]
    [10,752/57,439  elapsed 1.9s]
    [15,872/57,439  elapsed 2.9s]
    [20,992/57,439  elapsed 3.8s]
    [26,112/57,439  elapsed 4.7s]
    [31,232/57,439  elapsed 5.7s]
    [36,352/57,439  elapsed 6.7s]
    [41,472/57,439  elapsed 7.6s]
    [46,592/57,439  elapsed 8.6s]
    [51,712/57,439  elapsed 9.5s]
    [56,832/57,439  elapsed 10.4s]
  eval done in 10.5s
  by-popularity NDCG@10: tail=0.0005(n=8,800)  mid=0.0043(n=8,657)  head=0.0560(n=39,982)
  epoch   7  loss=8.6190  val_NDCG=0.0437  test_NDCG=0.0397  test_HR=0.0720  (5.9s)
  evaluating 57,439 users in batches of 512...
    [512/57,439  elapsed 0.1s]
    [5,632/57,439  elapsed 1.0s]
    [10,752/57,439  elapsed 1.9s]
    [15,872/57,439  elapsed 2.8s]
    [20,992/57,439  elapsed 3.7s]
    [26,112/57,439  elapsed 4.6s]
    [31,232/57,439  elapsed 5.5s]
    [36,352/57,439  elapsed 6.4s]
    [41,472/57,439  elapsed 7.3s]
    [46,592/57,439  elapsed 8.1s]
    [51,712/57,439  elapsed 9.1s]
    [56,832/57,439  elapsed 10.0s]
  eval done in 10.2s
  by-popularity NDCG@10: tail=0.0007(n=7,762)  mid=0.0043(n=8,169)  head=0.0610(n=41,508)
  evaluating 57,439 users in batches of 512...
    [512/57,439  elapsed 0.1s]
    [5,632/57,439  elapsed 1.1s]
    [10,752/57,439  elapsed 2.0s]
    [15,872/57,439  elapsed 2.9s]
    [20,992/57,439  elapsed 3.8s]
    [26,112/57,439  elapsed 4.8s]
    [31,232/57,439  elapsed 5.7s]
    [36,352/57,439  elapsed 6.5s]
    [41,472/57,439  elapsed 7.5s]
    [46,592/57,439  elapsed 8.4s]
    [51,712/57,439  elapsed 9.3s]
    [56,832/57,439  elapsed 10.3s]
  eval done in 10.4s
  by-popularity NDCG@10: tail=0.0006(n=8,800)  mid=0.0047(n=8,657)  head=0.0573(n=39,982)
  epoch   8  loss=8.5665  val_NDCG=0.0448  test_NDCG=0.0407  test_HR=0.0729  (5.6s)
  evaluating 57,439 users in batches of 512...
    [512/57,439  elapsed 0.1s]
    [5,632/57,439  elapsed 1.0s]
    [10,752/57,439  elapsed 1.9s]
    [15,872/57,439  elapsed 2.9s]
    [20,992/57,439  elapsed 3.8s]
    [26,112/57,439  elapsed 4.8s]
    [31,232/57,439  elapsed 5.7s]
    [36,352/57,439  elapsed 6.6s]
    [41,472/57,439  elapsed 7.5s]
    [46,592/57,439  elapsed 8.5s]
    [51,712/57,439  elapsed 9.4s]
    [56,832/57,439  elapsed 10.3s]
  eval done in 10.4s
  by-popularity NDCG@10: tail=0.0011(n=7,762)  mid=0.0051(n=8,169)  head=0.0610(n=41,508)
  evaluating 57,439 users in batches of 512...
    [512/57,439  elapsed 0.1s]
    [5,632/57,439  elapsed 1.0s]
    [10,752/57,439  elapsed 1.9s]
    [15,872/57,439  elapsed 2.8s]
    [20,992/57,439  elapsed 3.7s]
    [26,112/57,439  elapsed 4.6s]
    [31,232/57,439  elapsed 5.5s]
    [36,352/57,439  elapsed 6.4s]
    [41,472/57,439  elapsed 7.3s]
    [46,592/57,439  elapsed 8.2s]
    [51,712/57,439  elapsed 9.1s]
    [56,832/57,439  elapsed 10.0s]
  eval done in 10.1s
  by-popularity NDCG@10: tail=0.0008(n=8,800)  mid=0.0052(n=8,657)  head=0.0574(n=39,982)
  epoch   9  loss=8.5190  val_NDCG=0.0450  test_NDCG=0.0409  test_HR=0.0736  (5.6s)
  evaluating 57,439 users in batches of 512...
    [512/57,439  elapsed 0.1s]
    [5,632/57,439  elapsed 1.0s]
    [10,752/57,439  elapsed 2.0s]
    [15,872/57,439  elapsed 2.9s]
    [20,992/57,439  elapsed 3.8s]
    [26,112/57,439  elapsed 4.8s]
    [31,232/57,439  elapsed 5.7s]
    [36,352/57,439  elapsed 6.6s]
    [41,472/57,439  elapsed 7.5s]
    [46,592/57,439  elapsed 8.5s]
    [51,712/57,439  elapsed 9.4s]
    [56,832/57,439  elapsed 10.3s]
  eval done in 10.4s
  by-popularity NDCG@10: tail=0.0013(n=7,762)  mid=0.0053(n=8,169)  head=0.0615(n=41,508)
  evaluating 57,439 users in batches of 512...
    [512/57,439  elapsed 0.1s]
    [5,632/57,439  elapsed 1.0s]
    [10,752/57,439  elapsed 1.9s]
    [15,872/57,439  elapsed 2.9s]
    [20,992/57,439  elapsed 3.8s]
    [26,112/57,439  elapsed 4.7s]
    [31,232/57,439  elapsed 5.6s]
    [36,352/57,439  elapsed 6.5s]
    [41,472/57,439  elapsed 7.4s]
    [46,592/57,439  elapsed 8.3s]
    [51,712/57,439  elapsed 9.2s]
    [56,832/57,439  elapsed 10.2s]
  eval done in 10.3s
  by-popularity NDCG@10: tail=0.0009(n=8,800)  mid=0.0057(n=8,657)  head=0.0581(n=39,982)
  epoch  10  loss=8.4742  val_NDCG=0.0453  test_NDCG=0.0414  test_HR=0.0740  (5.7s)
  evaluating 57,439 users in batches of 512...
    [512/57,439  elapsed 0.1s]
    [5,632/57,439  elapsed 1.0s]
    [10,752/57,439  elapsed 1.9s]
    [15,872/57,439  elapsed 2.8s]
    [20,992/57,439  elapsed 3.7s]
    [26,112/57,439  elapsed 4.6s]
    [31,232/57,439  elapsed 5.5s]
    [36,352/57,439  elapsed 6.4s]
    [41,472/57,439  elapsed 7.3s]
    [46,592/57,439  elapsed 8.2s]
    [51,712/57,439  elapsed 9.1s]
    [56,832/57,439  elapsed 10.0s]
  eval done in 10.1s
  by-popularity NDCG@10: tail=0.0017(n=7,762)  mid=0.0060(n=8,169)  head=0.0613(n=41,508)
  evaluating 57,439 users in batches of 512...
    [512/57,439  elapsed 0.1s]
    [5,632/57,439  elapsed 1.0s]
    [10,752/57,439  elapsed 1.9s]
    [15,872/57,439  elapsed 2.8s]
    [20,992/57,439  elapsed 3.7s]
    [26,112/57,439  elapsed 4.7s]
    [31,232/57,439  elapsed 5.6s]
    [36,352/57,439  elapsed 6.5s]
    [41,472/57,439  elapsed 7.4s]
    [46,592/57,439  elapsed 8.3s]
    [51,712/57,439  elapsed 9.2s]
    [56,832/57,439  elapsed 10.1s]
  eval done in 10.2s
  by-popularity NDCG@10: tail=0.0011(n=8,800)  mid=0.0060(n=8,657)  head=0.0577(n=39,982)
  epoch  11  loss=8.4353  val_NDCG=0.0454  test_NDCG=0.0412  test_HR=0.0738  (5.6s)
  evaluating 57,439 users in batches of 512...
    [512/57,439  elapsed 0.1s]
    [5,632/57,439  elapsed 1.0s]
    [10,752/57,439  elapsed 1.9s]
    [15,872/57,439  elapsed 2.8s]
    [20,992/57,439  elapsed 3.7s]
    [26,112/57,439  elapsed 4.6s]
    [31,232/57,439  elapsed 5.5s]
    [36,352/57,439  elapsed 6.5s]
    [41,472/57,439  elapsed 7.4s]
    [46,592/57,439  elapsed 8.3s]
    [51,712/57,439  elapsed 9.3s]
    [56,832/57,439  elapsed 10.1s]
  eval done in 10.2s
  by-popularity NDCG@10: tail=0.0019(n=7,762)  mid=0.0062(n=8,169)  head=0.0611(n=41,508)
  evaluating 57,439 users in batches of 512...
    [512/57,439  elapsed 0.1s]
    [5,632/57,439  elapsed 1.0s]
    [10,752/57,439  elapsed 1.9s]
    [15,872/57,439  elapsed 2.8s]
    [20,992/57,439  elapsed 3.7s]
    [26,112/57,439  elapsed 4.6s]
    [31,232/57,439  elapsed 5.5s]
    [36,352/57,439  elapsed 6.4s]
    [41,472/57,439  elapsed 7.3s]
    [46,592/57,439  elapsed 8.3s]
    [51,712/57,439  elapsed 9.2s]
    [56,832/57,439  elapsed 10.1s]
  eval done in 10.2s
  by-popularity NDCG@10: tail=0.0013(n=8,800)  mid=0.0066(n=8,657)  head=0.0574(n=39,982)
  epoch  12  loss=8.4002  val_NDCG=0.0453  test_NDCG=0.0411  test_HR=0.0736  (5.6s)
  evaluating 57,439 users in batches of 512...
    [512/57,439  elapsed 0.1s]
    [5,632/57,439  elapsed 1.0s]
    [10,752/57,439  elapsed 2.0s]
    [15,872/57,439  elapsed 3.0s]
    [20,992/57,439  elapsed 3.9s]
    [26,112/57,439  elapsed 4.8s]
    [31,232/57,439  elapsed 5.8s]
    [36,352/57,439  elapsed 6.8s]
    [41,472/57,439  elapsed 7.8s]
    [46,592/57,439  elapsed 8.7s]
    [51,712/57,439  elapsed 9.6s]
    [56,832/57,439  elapsed 10.5s]
  eval done in 10.6s
  by-popularity NDCG@10: tail=0.0020(n=7,762)  mid=0.0067(n=8,169)  head=0.0614(n=41,508)
  evaluating 57,439 users in batches of 512...
    [512/57,439  elapsed 0.1s]
    [5,632/57,439  elapsed 1.0s]
    [10,752/57,439  elapsed 2.1s]
    [15,872/57,439  elapsed 3.2s]
    [20,992/57,439  elapsed 4.3s]
    [26,112/57,439  elapsed 5.4s]
    [31,232/57,439  elapsed 6.4s]
    [36,352/57,439  elapsed 7.5s]
    [41,472/57,439  elapsed 8.4s]
    [46,592/57,439  elapsed 9.3s]
    [51,712/57,439  elapsed 10.2s]
    [56,832/57,439  elapsed 11.1s]
  eval done in 11.2s
  by-popularity NDCG@10: tail=0.0014(n=8,800)  mid=0.0068(n=8,657)  head=0.0576(n=39,982)
  epoch  13  loss=8.3682  val_NDCG=0.0456  test_NDCG=0.0413  test_HR=0.0736  (5.6s)
  evaluating 57,439 users in batches of 512...
    [512/57,439  elapsed 0.1s]
    [5,632/57,439  elapsed 1.0s]
    [10,752/57,439  elapsed 1.9s]
    [15,872/57,439  elapsed 2.8s]
    [20,992/57,439  elapsed 3.7s]
    [26,112/57,439  elapsed 4.6s]
    [31,232/57,439  elapsed 5.5s]
    [36,352/57,439  elapsed 6.5s]
    [41,472/57,439  elapsed 7.4s]
    [46,592/57,439  elapsed 8.2s]
    [51,712/57,439  elapsed 9.1s]
    [56,832/57,439  elapsed 10.0s]
  eval done in 10.1s
  by-popularity NDCG@10: tail=0.0020(n=7,762)  mid=0.0069(n=8,169)  head=0.0614(n=41,508)
  evaluating 57,439 users in batches of 512...
    [512/57,439  elapsed 0.1s]
    [5,632/57,439  elapsed 1.0s]
    [10,752/57,439  elapsed 1.9s]
    [15,872/57,439  elapsed 2.8s]
    [20,992/57,439  elapsed 3.7s]
    [26,112/57,439  elapsed 4.6s]
    [31,232/57,439  elapsed 5.6s]
    [36,352/57,439  elapsed 6.5s]
    [41,472/57,439  elapsed 7.4s]
    [46,592/57,439  elapsed 8.3s]
    [51,712/57,439  elapsed 9.2s]
    [56,832/57,439  elapsed 10.2s]
  eval done in 10.3s
  by-popularity NDCG@10: tail=0.0014(n=8,800)  mid=0.0069(n=8,657)  head=0.0569(n=39,982)
  epoch  14  loss=8.3425  val_NDCG=0.0456  test_NDCG=0.0408  test_HR=0.0729  (5.7s)
  evaluating 57,439 users in batches of 512...
    [512/57,439  elapsed 0.1s]
    [5,632/57,439  elapsed 1.0s]
    [10,752/57,439  elapsed 1.9s]
    [15,872/57,439  elapsed 2.7s]
    [20,992/57,439  elapsed 3.7s]
    [26,112/57,439  elapsed 4.6s]
    [31,232/57,439  elapsed 5.4s]
    [36,352/57,439  elapsed 6.4s]
    [41,472/57,439  elapsed 7.4s]
    [46,592/57,439  elapsed 8.3s]
    [51,712/57,439  elapsed 9.3s]
    [56,832/57,439  elapsed 10.3s]
  eval done in 10.4s
  by-popularity NDCG@10: tail=0.0021(n=7,762)  mid=0.0070(n=8,169)  head=0.0615(n=41,508)
  evaluating 57,439 users in batches of 512...
    [512/57,439  elapsed 0.1s]
    [5,632/57,439  elapsed 1.1s]
    [10,752/57,439  elapsed 2.0s]
    [15,872/57,439  elapsed 2.9s]
    [20,992/57,439  elapsed 3.9s]
    [26,112/57,439  elapsed 4.9s]
    [31,232/57,439  elapsed 5.8s]
    [36,352/57,439  elapsed 6.8s]
    [41,472/57,439  elapsed 7.8s]
    [46,592/57,439  elapsed 8.7s]
    [51,712/57,439  elapsed 9.6s]
    [56,832/57,439  elapsed 10.6s]
  eval done in 10.7s
  by-popularity NDCG@10: tail=0.0015(n=8,800)  mid=0.0068(n=8,657)  head=0.0577(n=39,982)
  epoch  15  loss=8.3192  val_NDCG=0.0457  test_NDCG=0.0414  test_HR=0.0741  (5.6s)
  evaluating 57,439 users in batches of 512...
    [512/57,439  elapsed 0.1s]
    [5,632/57,439  elapsed 1.0s]
    [10,752/57,439  elapsed 1.9s]
    [15,872/57,439  elapsed 2.9s]
    [20,992/57,439  elapsed 3.9s]
    [26,112/57,439  elapsed 4.8s]
    [31,232/57,439  elapsed 5.9s]
    [36,352/57,439  elapsed 6.8s]
    [41,472/57,439  elapsed 7.8s]
    [46,592/57,439  elapsed 8.7s]
    [51,712/57,439  elapsed 9.7s]
    [56,832/57,439  elapsed 10.6s]
  eval done in 10.8s
  by-popularity NDCG@10: tail=0.0021(n=7,762)  mid=0.0073(n=8,169)  head=0.0616(n=41,508)
  evaluating 57,439 users in batches of 512...
    [512/57,439  elapsed 0.1s]
    [5,632/57,439  elapsed 1.1s]
    [10,752/57,439  elapsed 2.0s]
    [15,872/57,439  elapsed 3.0s]
    [20,992/57,439  elapsed 3.9s]
    [26,112/57,439  elapsed 4.9s]
    [31,232/57,439  elapsed 5.8s]
    [36,352/57,439  elapsed 6.8s]
    [41,472/57,439  elapsed 7.7s]
    [46,592/57,439  elapsed 8.7s]
    [51,712/57,439  elapsed 9.6s]
    [56,832/57,439  elapsed 10.6s]
  eval done in 10.7s
  by-popularity NDCG@10: tail=0.0015(n=8,800)  mid=0.0069(n=8,657)  head=0.0580(n=39,982)
  epoch  16  loss=8.3025  val_NDCG=0.0459  test_NDCG=0.0416  test_HR=0.0745  (5.6s)
  evaluating 57,439 users in batches of 512...
    [512/57,439  elapsed 0.1s]
    [5,632/57,439  elapsed 1.0s]
    [10,752/57,439  elapsed 1.9s]
    [15,872/57,439  elapsed 2.9s]
    [20,992/57,439  elapsed 3.8s]
    [26,112/57,439  elapsed 4.7s]
    [31,232/57,439  elapsed 5.6s]
    [36,352/57,439  elapsed 6.5s]
    [41,472/57,439  elapsed 7.5s]
    [46,592/57,439  elapsed 8.4s]
    [51,712/57,439  elapsed 9.3s]
    [56,832/57,439  elapsed 10.2s]
  eval done in 10.3s
  by-popularity NDCG@10: tail=0.0022(n=7,762)  mid=0.0073(n=8,169)  head=0.0612(n=41,508)
  evaluating 57,439 users in batches of 512...
    [512/57,439  elapsed 0.1s]
    [5,632/57,439  elapsed 1.0s]
    [10,752/57,439  elapsed 2.0s]
    [15,872/57,439  elapsed 2.9s]
    [20,992/57,439  elapsed 3.8s]
    [26,112/57,439  elapsed 4.7s]
    [31,232/57,439  elapsed 5.7s]
    [36,352/57,439  elapsed 6.7s]
    [41,472/57,439  elapsed 7.6s]
    [46,592/57,439  elapsed 8.5s]
    [51,712/57,439  elapsed 9.5s]
    [56,832/57,439  elapsed 10.4s]
  eval done in 10.5s
  by-popularity NDCG@10: tail=0.0015(n=8,800)  mid=0.0071(n=8,657)  head=0.0578(n=39,982)
  epoch  17  loss=8.2868  val_NDCG=0.0455  test_NDCG=0.0415  test_HR=0.0741  (5.7s)
  evaluating 57,439 users in batches of 512...
    [512/57,439  elapsed 0.1s]
    [5,632/57,439  elapsed 1.1s]
    [10,752/57,439  elapsed 2.0s]
    [15,872/57,439  elapsed 2.9s]
    [20,992/57,439  elapsed 3.8s]
    [26,112/57,439  elapsed 4.8s]
    [31,232/57,439  elapsed 5.7s]
    [36,352/57,439  elapsed 6.5s]
    [41,472/57,439  elapsed 7.4s]
    [46,592/57,439  elapsed 8.3s]
    [51,712/57,439  elapsed 9.3s]
    [56,832/57,439  elapsed 10.2s]
  eval done in 10.4s
  by-popularity NDCG@10: tail=0.0022(n=7,762)  mid=0.0075(n=8,169)  head=0.0612(n=41,508)
  evaluating 57,439 users in batches of 512...
    [512/57,439  elapsed 0.1s]
    [5,632/57,439  elapsed 1.0s]
    [10,752/57,439  elapsed 2.0s]
    [15,872/57,439  elapsed 3.1s]
    [20,992/57,439  elapsed 4.2s]
    [26,112/57,439  elapsed 5.3s]
    [31,232/57,439  elapsed 6.4s]
    [36,352/57,439  elapsed 7.5s]
    [41,472/57,439  elapsed 8.5s]
    [46,592/57,439  elapsed 9.5s]
    [51,712/57,439  elapsed 10.6s]
    [56,832/57,439  elapsed 11.6s]
  eval done in 11.7s
  by-popularity NDCG@10: tail=0.0016(n=8,800)  mid=0.0072(n=8,657)  head=0.0577(n=39,982)
  epoch  18  loss=8.2774  val_NDCG=0.0456  test_NDCG=0.0415  test_HR=0.0739  (5.6s)
  evaluating 57,439 users in batches of 512...
    [512/57,439  elapsed 0.1s]
    [5,632/57,439  elapsed 1.1s]
    [10,752/57,439  elapsed 2.2s]
    [15,872/57,439  elapsed 3.2s]
    [20,992/57,439  elapsed 4.2s]
    [26,112/57,439  elapsed 5.2s]
    [31,232/57,439  elapsed 6.2s]
    [36,352/57,439  elapsed 7.3s]
    [41,472/57,439  elapsed 8.3s]
    [46,592/57,439  elapsed 9.3s]
    [51,712/57,439  elapsed 10.3s]
    [56,832/57,439  elapsed 11.3s]
  eval done in 11.5s
  by-popularity NDCG@10: tail=0.0022(n=7,762)  mid=0.0074(n=8,169)  head=0.0613(n=41,508)
  evaluating 57,439 users in batches of 512...
    [512/57,439  elapsed 0.1s]
    [5,632/57,439  elapsed 1.1s]
    [10,752/57,439  elapsed 2.1s]
    [15,872/57,439  elapsed 3.1s]
    [20,992/57,439  elapsed 4.2s]
    [26,112/57,439  elapsed 5.2s]
    [31,232/57,439  elapsed 6.3s]
    [36,352/57,439  elapsed 7.3s]
    [41,472/57,439  elapsed 8.3s]
    [46,592/57,439  elapsed 9.3s]
    [51,712/57,439  elapsed 10.3s]
    [56,832/57,439  elapsed 11.3s]
  eval done in 11.5s
  by-popularity NDCG@10: tail=0.0016(n=8,800)  mid=0.0072(n=8,657)  head=0.0576(n=39,982)
  epoch  19  loss=8.2717  val_NDCG=0.0457  test_NDCG=0.0414  test_HR=0.0739  (5.9s)
  evaluating 57,439 users in batches of 512...
    [512/57,439  elapsed 0.1s]
    [5,632/57,439  elapsed 1.1s]
    [10,752/57,439  elapsed 2.1s]
    [15,872/57,439  elapsed 3.2s]
    [20,992/57,439  elapsed 4.2s]
    [26,112/57,439  elapsed 5.3s]
    [31,232/57,439  elapsed 6.3s]
    [36,352/57,439  elapsed 7.4s]
    [41,472/57,439  elapsed 8.5s]
    [46,592/57,439  elapsed 9.5s]
    [51,712/57,439  elapsed 10.7s]
    [56,832/57,439  elapsed 11.7s]
  eval done in 11.8s
  by-popularity NDCG@10: tail=0.0022(n=7,762)  mid=0.0074(n=8,169)  head=0.0613(n=41,508)
  evaluating 57,439 users in batches of 512...
    [512/57,439  elapsed 0.1s]
    [5,632/57,439  elapsed 1.0s]
    [10,752/57,439  elapsed 2.1s]
    [15,872/57,439  elapsed 3.2s]
    [20,992/57,439  elapsed 4.3s]
    [26,112/57,439  elapsed 5.3s]
    [31,232/57,439  elapsed 6.3s]
    [36,352/57,439  elapsed 7.5s]
    [41,472/57,439  elapsed 8.6s]
    [46,592/57,439  elapsed 9.7s]
    [51,712/57,439  elapsed 10.7s]
    [56,832/57,439  elapsed 11.7s]
  eval done in 11.8s
  by-popularity NDCG@10: tail=0.0016(n=8,800)  mid=0.0072(n=8,657)  head=0.0575(n=39,982)
  epoch  20  loss=8.2680  val_NDCG=0.0456  test_NDCG=0.0414  test_HR=0.0738  (6.0s)

=== Best by val NDCG@10 ===
  val_NDCG=0.0459
  test: {'NDCG@10': 0.0416210320510388, 'HR@10': 0.0744790125176274, 'MRR': 0.03794520828888883, 'n_eval': 57439, 'by_popularity': {'tail': {'NDCG@10': 0.0015067760426199879, 'HR@10': 0.003181818181818182, 'n': 8800, 'n_hit@10': 28, 'HR@20': 0.007045454545454546, 'n_hit@20': 62, 'HR@50': 0.016363636363636365, 'n_hit@50': 144, 'HR@100': 0.03488636363636364, 'n_hit@100': 307}, 'mid': {'NDCG@10': 0.006936031263741178, 'HR@10': 0.012937507219591082, 'n': 8657, 'n_hit@10': 112, 'HR@20': 0.02136998960378884, 'n_hit@20': 185, 'HR@50': 0.04701397712833545, 'n_hit@50': 407, 'HR@100': 0.0776250433175465, 'n_hit@100': 672}, 'head': {'NDCG@10': 0.0579602223038956, 'HR@10': 0.10349657345805613, 'n': 39982, 'n_hit@10': 4138, 'HR@20': 0.148016607473363, 'n_hit@20': 5918, 'HR@50': 0.22952828772947825, 'n_hit@50': 9177, 'HR@100': 0.3060127057175729, 'n_hit@100': 12235}}}
wrote C:\Users\rayxc\Documents\R\_bestrec_run\results_MI_FIRV3_a1learned_seed20260720.users.jsonl.gz (57,439 per-user records, best epoch 16, sha256 054f08ca1cfc…)
wrote C:\Users\rayxc\Documents\R\_bestrec_run\results_MI_FIRV3_a1learned_seed20260720.final.users.jsonl.gz (57,439 FINAL-epoch per-user records)
  fir_v3 final ||DELTA||_2 = 5.060101

wrote C:\Users\rayxc\Documents\R\_bestrec_run\results_MI_FIRV3_a1learned_seed20260720.json
[24/24] results_MI_FIRV3_a2learnedwd0_seed20260720.json
  random seed set to 20260720
=== Musical_Instruments: load splits ===
  n_users=57,439  n_items=24,587  pad_id=24587
  built sequences for 57,439 users
  built timestamp sequences (12 time buckets)
  loading SBERT embeddings from C:\Users\rayxc\Documents\R\cache_5core\sbert_titles_Musical_Instruments.npy...
  TAPE: k-means 24,587 text embeddings into K=512 prototypes (tau=0.05)...
  TAPE: K=512 mean max-assignment weight = 0.520 (1.0 = hard clustering)

=== Build SASRec-SBERT (d=64, layers=4, heads=2) ===
  total params: 11,186,046  device=cuda
  57,439 training examples / 225 batches per epoch
  init_state_sha256 = 825cecc1a64642e37c005826ea50b5b7ee49f5a9a82b25bb28f292da87e3199f
  LR schedule: warmup_cosine (225 warmup + 4275 cosine steps)

=== Train for 20 epochs ===
  evaluating 57,439 users in batches of 512...
    [512/57,439  elapsed 0.1s]
    [5,632/57,439  elapsed 1.1s]
    [10,752/57,439  elapsed 2.2s]
    [15,872/57,439  elapsed 3.2s]
    [20,992/57,439  elapsed 4.3s]
    [26,112/57,439  elapsed 5.3s]
    [31,232/57,439  elapsed 6.3s]
    [36,352/57,439  elapsed 7.3s]
    [41,472/57,439  elapsed 8.4s]
    [46,592/57,439  elapsed 9.5s]
    [51,712/57,439  elapsed 10.5s]
    [56,832/57,439  elapsed 11.6s]
  eval done in 11.7s
  by-popularity NDCG@10: tail=0.0000(n=7,762)  mid=0.0002(n=8,169)  head=0.0375(n=41,508)
  evaluating 57,439 users in batches of 512...
    [512/57,439  elapsed 0.1s]
    [5,632/57,439  elapsed 1.2s]
    [10,752/57,439  elapsed 2.3s]
    [15,872/57,439  elapsed 3.3s]
    [20,992/57,439  elapsed 4.3s]
    [26,112/57,439  elapsed 5.3s]
    [31,232/57,439  elapsed 6.4s]
    [36,352/57,439  elapsed 7.4s]
    [41,472/57,439  elapsed 8.4s]
    [46,592/57,439  elapsed 9.6s]
    [51,712/57,439  elapsed 10.8s]
    [56,832/57,439  elapsed 12.0s]
  eval done in 12.1s
  by-popularity NDCG@10: tail=0.0000(n=8,800)  mid=0.0003(n=8,657)  head=0.0354(n=39,982)
  epoch   1  loss=9.6193  val_NDCG=0.0271  test_NDCG=0.0247  test_HR=0.0470  (6.1s)
  evaluating 57,439 users in batches of 512...
    [512/57,439  elapsed 0.1s]
    [5,632/57,439  elapsed 1.1s]
    [10,752/57,439  elapsed 2.1s]
    [15,872/57,439  elapsed 3.3s]
    [20,992/57,439  elapsed 4.4s]
    [26,112/57,439  elapsed 5.4s]
    [31,232/57,439  elapsed 6.4s]
    [36,352/57,439  elapsed 7.4s]
    [41,472/57,439  elapsed 8.4s]
    [46,592/57,439  elapsed 9.4s]
    [51,712/57,439  elapsed 10.5s]
    [56,832/57,439  elapsed 11.6s]
  eval done in 11.7s
  by-popularity NDCG@10: tail=0.0000(n=7,762)  mid=0.0004(n=8,169)  head=0.0463(n=41,508)
  evaluating 57,439 users in batches of 512...
    [512/57,439  elapsed 0.1s]
    [5,632/57,439  elapsed 1.2s]
    [10,752/57,439  elapsed 2.3s]
    [15,872/57,439  elapsed 3.4s]
    [20,992/57,439  elapsed 4.4s]
    [26,112/57,439  elapsed 5.4s]
    [31,232/57,439  elapsed 6.5s]
    [36,352/57,439  elapsed 7.6s]
    [41,472/57,439  elapsed 8.6s]
    [46,592/57,439  elapsed 9.5s]
    [51,712/57,439  elapsed 10.7s]
    [56,832/57,439  elapsed 11.7s]
  eval done in 11.8s
  by-popularity NDCG@10: tail=0.0001(n=8,800)  mid=0.0004(n=8,657)  head=0.0441(n=39,982)
  epoch   2  loss=9.0872  val_NDCG=0.0335  test_NDCG=0.0308  test_HR=0.0577  (6.1s)
  evaluating 57,439 users in batches of 512...
    [512/57,439  elapsed 0.1s]
    [5,632/57,439  elapsed 1.1s]
    [10,752/57,439  elapsed 2.1s]
    [15,872/57,439  elapsed 3.1s]
    [20,992/57,439  elapsed 4.2s]
    [26,112/57,439  elapsed 5.2s]
    [31,232/57,439  elapsed 6.2s]
    [36,352/57,439  elapsed 7.2s]
    [41,472/57,439  elapsed 8.2s]
    [46,592/57,439  elapsed 9.1s]
    [51,712/57,439  elapsed 10.1s]
    [56,832/57,439  elapsed 11.1s]
  eval done in 11.2s
  by-popularity NDCG@10: tail=0.0000(n=7,762)  mid=0.0007(n=8,169)  head=0.0534(n=41,508)
  evaluating 57,439 users in batches of 512...
    [512/57,439  elapsed 0.1s]
    [5,632/57,439  elapsed 1.1s]
    [10,752/57,439  elapsed 2.1s]
    [15,872/57,439  elapsed 3.1s]
    [20,992/57,439  elapsed 4.2s]
    [26,112/57,439  elapsed 5.2s]
    [31,232/57,439  elapsed 6.3s]
    [36,352/57,439  elapsed 7.4s]
    [41,472/57,439  elapsed 8.5s]
    [46,592/57,439  elapsed 9.6s]
    [51,712/57,439  elapsed 10.7s]
    [56,832/57,439  elapsed 12.0s]
  eval done in 12.1s
  by-popularity NDCG@10: tail=0.0001(n=8,800)  mid=0.0010(n=8,657)  head=0.0510(n=39,982)
  epoch   3  loss=8.9268  val_NDCG=0.0387  test_NDCG=0.0357  test_HR=0.0656  (5.8s)
  evaluating 57,439 users in batches of 512...
    [512/57,439  elapsed 0.1s]
    [5,632/57,439  elapsed 1.1s]
    [10,752/57,439  elapsed 2.4s]
    [15,872/57,439  elapsed 3.9s]
    [20,992/57,439  elapsed 5.3s]
    [26,112/57,439  elapsed 6.8s]
    [31,232/57,439  elapsed 8.1s]
    [36,352/57,439  elapsed 9.1s]
    [41,472/57,439  elapsed 10.1s]
    [46,592/57,439  elapsed 11.1s]
    [51,712/57,439  elapsed 12.0s]
    [56,832/57,439  elapsed 13.0s]
  eval done in 13.2s
  by-popularity NDCG@10: tail=0.0000(n=7,762)  mid=0.0012(n=8,169)  head=0.0562(n=41,508)
  evaluating 57,439 users in batches of 512...
    [512/57,439  elapsed 0.1s]
    [5,632/57,439  elapsed 1.1s]
    [10,752/57,439  elapsed 2.2s]
    [15,872/57,439  elapsed 3.2s]
    [20,992/57,439  elapsed 4.2s]
    [26,112/57,439  elapsed 5.2s]
    [31,232/57,439  elapsed 6.2s]
    [36,352/57,439  elapsed 7.1s]
    [41,472/57,439  elapsed 8.1s]
    [46,592/57,439  elapsed 9.1s]
    [51,712/57,439  elapsed 10.2s]
    [56,832/57,439  elapsed 11.2s]
  eval done in 11.3s
  by-popularity NDCG@10: tail=0.0001(n=8,800)  mid=0.0014(n=8,657)  head=0.0527(n=39,982)
  epoch   4  loss=8.8233  val_NDCG=0.0408  test_NDCG=0.0369  test_HR=0.0681  (5.9s)
  evaluating 57,439 users in batches of 512...
    [512/57,439  elapsed 0.1s]
    [5,632/57,439  elapsed 1.1s]
    [10,752/57,439  elapsed 2.1s]
    [15,872/57,439  elapsed 3.1s]
    [20,992/57,439  elapsed 4.1s]
    [26,112/57,439  elapsed 5.2s]
    [31,232/57,439  elapsed 6.2s]
    [36,352/57,439  elapsed 7.3s]
    [41,472/57,439  elapsed 8.3s]
    [46,592/57,439  elapsed 9.2s]
    [51,712/57,439  elapsed 10.2s]
    [56,832/57,439  elapsed 11.2s]
  eval done in 11.3s
  by-popularity NDCG@10: tail=0.0002(n=7,762)  mid=0.0020(n=8,169)  head=0.0578(n=41,508)
  evaluating 57,439 users in batches of 512...
    [512/57,439  elapsed 0.1s]
    [5,632/57,439  elapsed 1.1s]
    [10,752/57,439  elapsed 2.1s]
    [15,872/57,439  elapsed 3.1s]
    [20,992/57,439  elapsed 4.1s]
    [26,112/57,439  elapsed 5.1s]
    [31,232/57,439  elapsed 6.2s]
    [36,352/57,439  elapsed 7.2s]
    [41,472/57,439  elapsed 8.2s]
    [46,592/57,439  elapsed 9.2s]
    [51,712/57,439  elapsed 10.2s]
    [56,832/57,439  elapsed 11.2s]
  eval done in 11.3s
  by-popularity NDCG@10: tail=0.0001(n=8,800)  mid=0.0022(n=8,657)  head=0.0547(n=39,982)
  epoch   5  loss=8.7416  val_NDCG=0.0421  test_NDCG=0.0384  test_HR=0.0699  (5.8s)
  evaluating 57,439 users in batches of 512...
    [512/57,439  elapsed 0.1s]
    [5,632/57,439  elapsed 1.1s]
    [10,752/57,439  elapsed 2.2s]
    [15,872/57,439  elapsed 3.1s]
    [20,992/57,439  elapsed 4.1s]
    [26,112/57,439  elapsed 5.1s]
    [31,232/57,439  elapsed 6.1s]
    [36,352/57,439  elapsed 7.2s]
    [41,472/57,439  elapsed 8.2s]
    [46,592/57,439  elapsed 9.2s]
    [51,712/57,439  elapsed 10.2s]
    [56,832/57,439  elapsed 11.2s]
  eval done in 11.3s
  by-popularity NDCG@10: tail=0.0003(n=7,762)  mid=0.0031(n=8,169)  head=0.0590(n=41,508)
  evaluating 57,439 users in batches of 512...
    [512/57,439  elapsed 0.1s]
    [5,632/57,439  elapsed 1.1s]
    [10,752/57,439  elapsed 2.1s]
    [15,872/57,439  elapsed 3.1s]
    [20,992/57,439  elapsed 4.1s]
    [26,112/57,439  elapsed 5.1s]
    [31,232/57,439  elapsed 6.2s]
    [36,352/57,439  elapsed 7.2s]
    [41,472/57,439  elapsed 8.2s]
    [46,592/57,439  elapsed 9.2s]
    [51,712/57,439  elapsed 10.2s]
    [56,832/57,439  elapsed 11.1s]
  eval done in 11.3s
  by-popularity NDCG@10: tail=0.0004(n=8,800)  mid=0.0035(n=8,657)  head=0.0568(n=39,982)
  epoch   6  loss=8.6764  val_NDCG=0.0431  test_NDCG=0.0401  test_HR=0.0725  (5.9s)
  evaluating 57,439 users in batches of 512...
    [512/57,439  elapsed 0.1s]
    [5,632/57,439  elapsed 1.1s]
    [10,752/57,439  elapsed 2.1s]
    [15,872/57,439  elapsed 3.1s]
    [20,992/57,439  elapsed 4.1s]
    [26,112/57,439  elapsed 5.0s]
    [31,232/57,439  elapsed 6.0s]
    [36,352/57,439  elapsed 7.0s]
    [41,472/57,439  elapsed 8.0s]
    [46,592/57,439  elapsed 9.0s]
    [51,712/57,439  elapsed 10.0s]
    [56,832/57,439  elapsed 11.0s]
  eval done in 11.1s
  by-popularity NDCG@10: tail=0.0006(n=7,762)  mid=0.0041(n=8,169)  head=0.0596(n=41,508)
  evaluating 57,439 users in batches of 512...
    [512/57,439  elapsed 0.1s]
    [5,632/57,439  elapsed 1.1s]
    [10,752/57,439  elapsed 2.1s]
    [15,872/57,439  elapsed 3.1s]
    [20,992/57,439  elapsed 4.1s]
    [26,112/57,439  elapsed 5.1s]
    [31,232/57,439  elapsed 6.1s]
    [36,352/57,439  elapsed 7.1s]
    [41,472/57,439  elapsed 8.1s]
    [46,592/57,439  elapsed 9.2s]
    [51,712/57,439  elapsed 10.2s]
    [56,832/57,439  elapsed 11.2s]
  eval done in 11.3s
  by-popularity NDCG@10: tail=0.0005(n=8,800)  mid=0.0042(n=8,657)  head=0.0560(n=39,982)
  epoch   7  loss=8.6189  val_NDCG=0.0437  test_NDCG=0.0397  test_HR=0.0720  (5.8s)
  evaluating 57,439 users in batches of 512...
    [512/57,439  elapsed 0.1s]
    [5,632/57,439  elapsed 1.1s]
    [10,752/57,439  elapsed 2.1s]
    [15,872/57,439  elapsed 3.1s]
    [20,992/57,439  elapsed 4.1s]
    [26,112/57,439  elapsed 5.1s]
    [31,232/57,439  elapsed 6.1s]
    [36,352/57,439  elapsed 7.0s]
    [41,472/57,439  elapsed 8.0s]
    [46,592/57,439  elapsed 9.0s]
    [51,712/57,439  elapsed 10.0s]
    [56,832/57,439  elapsed 11.0s]
  eval done in 11.1s
  by-popularity NDCG@10: tail=0.0007(n=7,762)  mid=0.0043(n=8,169)  head=0.0610(n=41,508)
  evaluating 57,439 users in batches of 512...
    [512/57,439  elapsed 0.1s]
    [5,632/57,439  elapsed 1.1s]
    [10,752/57,439  elapsed 2.1s]
    [15,872/57,439  elapsed 3.1s]
    [20,992/57,439  elapsed 4.2s]
    [26,112/57,439  elapsed 5.1s]
    [31,232/57,439  elapsed 6.0s]
    [36,352/57,439  elapsed 6.9s]
    [41,472/57,439  elapsed 7.8s]
    [46,592/57,439  elapsed 8.8s]
    [51,712/57,439  elapsed 9.7s]
    [56,832/57,439  elapsed 10.6s]
  eval done in 10.7s
  by-popularity NDCG@10: tail=0.0006(n=8,800)  mid=0.0047(n=8,657)  head=0.0573(n=39,982)
  epoch   8  loss=8.5664  val_NDCG=0.0448  test_NDCG=0.0407  test_HR=0.0729  (5.8s)
  evaluating 57,439 users in batches of 512...
    [512/57,439  elapsed 0.1s]
    [5,632/57,439  elapsed 1.0s]
    [10,752/57,439  elapsed 2.0s]
    [15,872/57,439  elapsed 2.9s]
    [20,992/57,439  elapsed 3.8s]
    [26,112/57,439  elapsed 4.7s]
    [31,232/57,439  elapsed 5.6s]
    [36,352/57,439  elapsed 6.5s]
    [41,472/57,439  elapsed 7.4s]
    [46,592/57,439  elapsed 8.3s]
    [51,712/57,439  elapsed 9.2s]
    [56,832/57,439  elapsed 10.1s]
  eval done in 10.2s
  by-popularity NDCG@10: tail=0.0011(n=7,762)  mid=0.0051(n=8,169)  head=0.0610(n=41,508)
  evaluating 57,439 users in batches of 512...
    [512/57,439  elapsed 0.1s]
    [5,632/57,439  elapsed 1.0s]
    [10,752/57,439  elapsed 1.9s]
    [15,872/57,439  elapsed 2.9s]
    [20,992/57,439  elapsed 3.8s]
    [26,112/57,439  elapsed 4.9s]
    [31,232/57,439  elapsed 5.9s]
    [36,352/57,439  elapsed 7.0s]
    [41,472/57,439  elapsed 8.2s]
    [46,592/57,439  elapsed 9.2s]
    [51,712/57,439  elapsed 10.4s]
    [56,832/57,439  elapsed 11.4s]
  eval done in 11.5s
  by-popularity NDCG@10: tail=0.0008(n=8,800)  mid=0.0052(n=8,657)  head=0.0574(n=39,982)
  epoch   9  loss=8.5189  val_NDCG=0.0450  test_NDCG=0.0409  test_HR=0.0736  (5.6s)
  evaluating 57,439 users in batches of 512...
    [512/57,439  elapsed 0.1s]
    [5,632/57,439  elapsed 1.1s]
    [10,752/57,439  elapsed 2.2s]
    [15,872/57,439  elapsed 3.3s]
    [20,992/57,439  elapsed 4.5s]
    [26,112/57,439  elapsed 5.7s]
    [31,232/57,439  elapsed 6.8s]
    [36,352/57,439  elapsed 7.9s]
    [41,472/57,439  elapsed 8.9s]
    [46,592/57,439  elapsed 10.0s]
    [51,712/57,439  elapsed 11.1s]
    [56,832/57,439  elapsed 12.1s]
  eval done in 12.2s
  by-popularity NDCG@10: tail=0.0013(n=7,762)  mid=0.0052(n=8,169)  head=0.0615(n=41,508)
  evaluating 57,439 users in batches of 512...
    [512/57,439  elapsed 0.1s]
    [5,632/57,439  elapsed 1.1s]
    [10,752/57,439  elapsed 2.1s]
    [15,872/57,439  elapsed 3.2s]
    [20,992/57,439  elapsed 4.3s]
    [26,112/57,439  elapsed 5.3s]
    [31,232/57,439  elapsed 6.4s]
    [36,352/57,439  elapsed 7.4s]
    [41,472/57,439  elapsed 8.5s]
    [46,592/57,439  elapsed 9.5s]
    [51,712/57,439  elapsed 10.5s]
    [56,832/57,439  elapsed 11.5s]
  eval done in 11.6s
  by-popularity NDCG@10: tail=0.0009(n=8,800)  mid=0.0057(n=8,657)  head=0.0580(n=39,982)
  epoch  10  loss=8.4741  val_NDCG=0.0453  test_NDCG=0.0414  test_HR=0.0740  (5.7s)
  evaluating 57,439 users in batches of 512...
    [512/57,439  elapsed 0.1s]
    [5,632/57,439  elapsed 1.2s]
    [10,752/57,439  elapsed 2.2s]
    [15,872/57,439  elapsed 3.2s]
    [20,992/57,439  elapsed 4.2s]
    [26,112/57,439  elapsed 5.2s]
    [31,232/57,439  elapsed 6.2s]
    [36,352/57,439  elapsed 7.3s]
    [41,472/57,439  elapsed 8.4s]
    [46,592/57,439  elapsed 9.4s]
    [51,712/57,439  elapsed 10.5s]
    [56,832/57,439  elapsed 11.6s]
  eval done in 11.7s
  by-popularity NDCG@10: tail=0.0017(n=7,762)  mid=0.0060(n=8,169)  head=0.0613(n=41,508)
  evaluating 57,439 users in batches of 512...
    [512/57,439  elapsed 0.1s]
    [5,632/57,439  elapsed 1.2s]
    [10,752/57,439  elapsed 2.4s]
    [15,872/57,439  elapsed 3.5s]
    [20,992/57,439  elapsed 4.6s]
    [26,112/57,439  elapsed 5.8s]
    [31,232/57,439  elapsed 6.9s]
    [36,352/57,439  elapsed 8.1s]
    [41,472/57,439  elapsed 9.2s]
    [46,592/57,439  elapsed 10.3s]
    [51,712/57,439  elapsed 11.5s]
    [56,832/57,439  elapsed 12.5s]
  eval done in 12.6s
  by-popularity NDCG@10: tail=0.0011(n=8,800)  mid=0.0060(n=8,657)  head=0.0576(n=39,982)
  epoch  11  loss=8.4351  val_NDCG=0.0454  test_NDCG=0.0412  test_HR=0.0737  (6.1s)
  evaluating 57,439 users in batches of 512...
    [512/57,439  elapsed 0.1s]
    [5,632/57,439  elapsed 1.1s]
    [10,752/57,439  elapsed 2.2s]
    [15,872/57,439  elapsed 3.1s]
    [20,992/57,439  elapsed 4.1s]
    [26,112/57,439  elapsed 5.1s]
    [31,232/57,439  elapsed 6.2s]
    [36,352/57,439  elapsed 7.2s]
    [41,472/57,439  elapsed 8.2s]
    [46,592/57,439  elapsed 9.2s]
    [51,712/57,439  elapsed 10.4s]
    [56,832/57,439  elapsed 11.4s]
  eval done in 11.5s
  by-popularity NDCG@10: tail=0.0019(n=7,762)  mid=0.0062(n=8,169)  head=0.0611(n=41,508)
  evaluating 57,439 users in batches of 512...
    [512/57,439  elapsed 0.1s]
    [5,632/57,439  elapsed 1.1s]
    [10,752/57,439  elapsed 2.0s]
    [15,872/57,439  elapsed 3.0s]
    [20,992/57,439  elapsed 4.0s]
    [26,112/57,439  elapsed 5.1s]
    [31,232/57,439  elapsed 6.1s]
    [36,352/57,439  elapsed 7.1s]
    [41,472/57,439  elapsed 8.2s]
    [46,592/57,439  elapsed 9.3s]
    [51,712/57,439  elapsed 10.3s]
    [56,832/57,439  elapsed 11.2s]
  eval done in 11.4s
  by-popularity NDCG@10: tail=0.0013(n=8,800)  mid=0.0066(n=8,657)  head=0.0573(n=39,982)
  epoch  12  loss=8.4000  val_NDCG=0.0453  test_NDCG=0.0411  test_HR=0.0735  (5.8s)
  evaluating 57,439 users in batches of 512...
    [512/57,439  elapsed 0.1s]
    [5,632/57,439  elapsed 1.2s]
    [10,752/57,439  elapsed 2.4s]
    [15,872/57,439  elapsed 3.6s]
    [20,992/57,439  elapsed 4.8s]
    [26,112/57,439  elapsed 5.9s]
    [31,232/57,439  elapsed 7.1s]
    [36,352/57,439  elapsed 8.5s]
    [41,472/57,439  elapsed 9.6s]
    [46,592/57,439  elapsed 10.8s]
    [51,712/57,439  elapsed 11.9s]
    [56,832/57,439  elapsed 13.0s]
  eval done in 13.1s
  by-popularity NDCG@10: tail=0.0020(n=7,762)  mid=0.0066(n=8,169)  head=0.0615(n=41,508)
  evaluating 57,439 users in batches of 512...
    [512/57,439  elapsed 0.1s]
    [5,632/57,439  elapsed 1.2s]
    [10,752/57,439  elapsed 2.3s]
    [15,872/57,439  elapsed 3.4s]
    [20,992/57,439  elapsed 4.6s]
    [26,112/57,439  elapsed 5.8s]
    [31,232/57,439  elapsed 6.9s]
    [36,352/57,439  elapsed 8.0s]
    [41,472/57,439  elapsed 9.2s]
    [46,592/57,439  elapsed 10.3s]
    [51,712/57,439  elapsed 11.4s]
    [56,832/57,439  elapsed 12.4s]
  eval done in 12.6s
  by-popularity NDCG@10: tail=0.0014(n=8,800)  mid=0.0067(n=8,657)  head=0.0576(n=39,982)
  epoch  13  loss=8.3681  val_NDCG=0.0456  test_NDCG=0.0413  test_HR=0.0736  (6.0s)
  evaluating 57,439 users in batches of 512...
    [512/57,439  elapsed 0.1s]
    [5,632/57,439  elapsed 1.2s]
    [10,752/57,439  elapsed 2.2s]
    [15,872/57,439  elapsed 3.3s]
    [20,992/57,439  elapsed 4.2s]
    [26,112/57,439  elapsed 5.3s]
    [31,232/57,439  elapsed 6.3s]
    [36,352/57,439  elapsed 7.6s]
    [41,472/57,439  elapsed 8.9s]
    [46,592/57,439  elapsed 10.0s]
    [51,712/57,439  elapsed 11.1s]
    [56,832/57,439  elapsed 12.2s]
  eval done in 12.4s
  by-popularity NDCG@10: tail=0.0021(n=7,762)  mid=0.0069(n=8,169)  head=0.0614(n=41,508)
  evaluating 57,439 users in batches of 512...
    [512/57,439  elapsed 0.1s]
    [5,632/57,439  elapsed 1.2s]
    [10,752/57,439  elapsed 2.4s]
    [15,872/57,439  elapsed 3.7s]
    [20,992/57,439  elapsed 5.1s]
    [26,112/57,439  elapsed 6.5s]
    [31,232/57,439  elapsed 8.0s]
    [36,352/57,439  elapsed 9.3s]
    [41,472/57,439  elapsed 10.3s]
    [46,592/57,439  elapsed 11.4s]
    [51,712/57,439  elapsed 12.6s]
    [56,832/57,439  elapsed 13.7s]
  eval done in 13.9s
  by-popularity NDCG@10: tail=0.0014(n=8,800)  mid=0.0068(n=8,657)  head=0.0569(n=39,982)
  epoch  14  loss=8.3423  val_NDCG=0.0457  test_NDCG=0.0409  test_HR=0.0730  (5.8s)
  evaluating 57,439 users in batches of 512...
    [512/57,439  elapsed 0.1s]
    [5,632/57,439  elapsed 1.4s]
    [10,752/57,439  elapsed 2.5s]
    [15,872/57,439  elapsed 3.7s]
    [20,992/57,439  elapsed 4.9s]
    [26,112/57,439  elapsed 6.2s]
    [31,232/57,439  elapsed 7.3s]
    [36,352/57,439  elapsed 8.5s]
    [41,472/57,439  elapsed 9.6s]
    [46,592/57,439  elapsed 10.8s]
    [51,712/57,439  elapsed 11.9s]
    [56,832/57,439  elapsed 13.0s]
  eval done in 13.2s
  by-popularity NDCG@10: tail=0.0021(n=7,762)  mid=0.0070(n=8,169)  head=0.0615(n=41,508)
  evaluating 57,439 users in batches of 512...
    [512/57,439  elapsed 0.1s]
    [5,632/57,439  elapsed 1.3s]
    [10,752/57,439  elapsed 2.4s]
    [15,872/57,439  elapsed 3.6s]
    [20,992/57,439  elapsed 4.7s]
    [26,112/57,439  elapsed 5.8s]
    [31,232/57,439  elapsed 6.9s]
    [36,352/57,439  elapsed 8.1s]
    [41,472/57,439  elapsed 9.2s]
    [46,592/57,439  elapsed 10.3s]
    [51,712/57,439  elapsed 11.5s]
    [56,832/57,439  elapsed 12.7s]
  eval done in 12.9s
  by-popularity NDCG@10: tail=0.0015(n=8,800)  mid=0.0068(n=8,657)  head=0.0577(n=39,982)
  epoch  15  loss=8.3191  val_NDCG=0.0457  test_NDCG=0.0414  test_HR=0.0742  (6.2s)
  evaluating 57,439 users in batches of 512...
    [512/57,439  elapsed 0.1s]
    [5,632/57,439  elapsed 1.2s]
    [10,752/57,439  elapsed 2.3s]
    [15,872/57,439  elapsed 3.6s]
    [20,992/57,439  elapsed 4.9s]
    [26,112/57,439  elapsed 6.0s]
    [31,232/57,439  elapsed 7.1s]
    [36,352/57,439  elapsed 8.3s]
    [41,472/57,439  elapsed 9.3s]
    [46,592/57,439  elapsed 10.5s]
    [51,712/57,439  elapsed 11.5s]
    [56,832/57,439  elapsed 12.7s]
  eval done in 12.8s
  by-popularity NDCG@10: tail=0.0021(n=7,762)  mid=0.0073(n=8,169)  head=0.0617(n=41,508)
  evaluating 57,439 users in batches of 512...
    [512/57,439  elapsed 0.1s]
    [5,632/57,439  elapsed 1.4s]
    [10,752/57,439  elapsed 2.5s]
    [15,872/57,439  elapsed 3.6s]
    [20,992/57,439  elapsed 4.7s]
    [26,112/57,439  elapsed 5.8s]
    [31,232/57,439  elapsed 7.0s]
    [36,352/57,439  elapsed 8.2s]
    [41,472/57,439  elapsed 9.4s]
    [46,592/57,439  elapsed 10.7s]
    [51,712/57,439  elapsed 11.9s]
    [56,832/57,439  elapsed 13.1s]
  eval done in 13.3s
  by-popularity NDCG@10: tail=0.0015(n=8,800)  mid=0.0069(n=8,657)  head=0.0580(n=39,982)
  epoch  16  loss=8.3023  val_NDCG=0.0459  test_NDCG=0.0417  test_HR=0.0745  (6.1s)
  evaluating 57,439 users in batches of 512...
    [512/57,439  elapsed 0.1s]
    [5,632/57,439  elapsed 1.3s]
    [10,752/57,439  elapsed 2.4s]
    [15,872/57,439  elapsed 3.5s]
    [20,992/57,439  elapsed 4.6s]
    [26,112/57,439  elapsed 5.7s]
    [31,232/57,439  elapsed 6.9s]
    [36,352/57,439  elapsed 8.0s]
    [41,472/57,439  elapsed 9.2s]
    [46,592/57,439  elapsed 10.3s]
    [51,712/57,439  elapsed 11.5s]
    [56,832/57,439  elapsed 12.7s]
  eval done in 12.8s
  by-popularity NDCG@10: tail=0.0022(n=7,762)  mid=0.0073(n=8,169)  head=0.0612(n=41,508)
  evaluating 57,439 users in batches of 512...
    [512/57,439  elapsed 0.1s]
    [5,632/57,439  elapsed 1.3s]
    [10,752/57,439  elapsed 2.5s]
    [15,872/57,439  elapsed 3.6s]
    [20,992/57,439  elapsed 4.8s]
    [26,112/57,439  elapsed 5.9s]
    [31,232/57,439  elapsed 7.1s]
    [36,352/57,439  elapsed 8.3s]
    [41,472/57,439  elapsed 9.5s]
    [46,592/57,439  elapsed 10.7s]
    [51,712/57,439  elapsed 11.8s]
    [56,832/57,439  elapsed 13.0s]
  eval done in 13.2s
  by-popularity NDCG@10: tail=0.0015(n=8,800)  mid=0.0071(n=8,657)  head=0.0577(n=39,982)
  epoch  17  loss=8.2866  val_NDCG=0.0455  test_NDCG=0.0415  test_HR=0.0740  (6.0s)
  evaluating 57,439 users in batches of 512...
    [512/57,439  elapsed 0.1s]
    [5,632/57,439  elapsed 1.2s]
    [10,752/57,439  elapsed 2.3s]
    [15,872/57,439  elapsed 3.7s]
    [20,992/57,439  elapsed 4.8s]
    [26,112/57,439  elapsed 6.0s]
    [31,232/57,439  elapsed 7.1s]
    [36,352/57,439  elapsed 8.2s]
    [41,472/57,439  elapsed 9.5s]
    [46,592/57,439  elapsed 10.7s]
    [51,712/57,439  elapsed 11.8s]
    [56,832/57,439  elapsed 12.9s]
  eval done in 13.1s
  by-popularity NDCG@10: tail=0.0022(n=7,762)  mid=0.0075(n=8,169)  head=0.0612(n=41,508)
  evaluating 57,439 users in batches of 512...
    [512/57,439  elapsed 0.1s]
    [5,632/57,439  elapsed 1.2s]
    [10,752/57,439  elapsed 2.3s]
    [15,872/57,439  elapsed 3.5s]
    [20,992/57,439  elapsed 4.7s]
    [26,112/57,439  elapsed 6.0s]
    [31,232/57,439  elapsed 7.4s]
    [36,352/57,439  elapsed 8.6s]
    [41,472/57,439  elapsed 9.8s]
    [46,592/57,439  elapsed 11.0s]
    [51,712/57,439  elapsed 12.2s]
    [56,832/57,439  elapsed 13.4s]
  eval done in 13.6s
  by-popularity NDCG@10: tail=0.0016(n=8,800)  mid=0.0072(n=8,657)  head=0.0577(n=39,982)
  epoch  18  loss=8.2772  val_NDCG=0.0456  test_NDCG=0.0415  test_HR=0.0739  (6.2s)
  evaluating 57,439 users in batches of 512...
    [512/57,439  elapsed 0.1s]
    [5,632/57,439  elapsed 1.2s]
    [10,752/57,439  elapsed 2.4s]
    [15,872/57,439  elapsed 3.6s]
    [20,992/57,439  elapsed 4.9s]
    [26,112/57,439  elapsed 6.1s]
    [31,232/57,439  elapsed 7.3s]
    [36,352/57,439  elapsed 8.5s]
    [41,472/57,439  elapsed 9.6s]
    [46,592/57,439  elapsed 10.7s]
    [51,712/57,439  elapsed 11.8s]
    [56,832/57,439  elapsed 12.9s]
  eval done in 13.1s
  by-popularity NDCG@10: tail=0.0022(n=7,762)  mid=0.0074(n=8,169)  head=0.0614(n=41,508)
  evaluating 57,439 users in batches of 512...
    [512/57,439  elapsed 0.1s]
    [5,632/57,439  elapsed 1.2s]
    [10,752/57,439  elapsed 2.5s]
    [15,872/57,439  elapsed 3.7s]
    [20,992/57,439  elapsed 4.9s]
    [26,112/57,439  elapsed 6.1s]
    [31,232/57,439  elapsed 7.3s]
    [36,352/57,439  elapsed 8.5s]
    [41,472/57,439  elapsed 9.7s]
    [46,592/57,439  elapsed 10.8s]
    [51,712/57,439  elapsed 12.0s]
    [56,832/57,439  elapsed 13.1s]
  eval done in 13.3s
  by-popularity NDCG@10: tail=0.0016(n=8,800)  mid=0.0072(n=8,657)  head=0.0576(n=39,982)
  epoch  19  loss=8.2715  val_NDCG=0.0457  test_NDCG=0.0415  test_HR=0.0739  (6.4s)
  evaluating 57,439 users in batches of 512...
    [512/57,439  elapsed 0.1s]
    [5,632/57,439  elapsed 1.3s]
    [10,752/57,439  elapsed 2.4s]
    [15,872/57,439  elapsed 3.5s]
    [20,992/57,439  elapsed 4.7s]
    [26,112/57,439  elapsed 5.8s]
    [31,232/57,439  elapsed 7.2s]
    [36,352/57,439  elapsed 8.3s]
    [41,472/57,439  elapsed 9.5s]
    [46,592/57,439  elapsed 10.6s]
    [51,712/57,439  elapsed 11.8s]
    [56,832/57,439  elapsed 13.0s]
  eval done in 13.2s
  by-popularity NDCG@10: tail=0.0022(n=7,762)  mid=0.0074(n=8,169)  head=0.0613(n=41,508)
  evaluating 57,439 users in batches of 512...
    [512/57,439  elapsed 0.1s]
    [5,632/57,439  elapsed 1.5s]
    [10,752/57,439  elapsed 2.7s]
    [15,872/57,439  elapsed 3.9s]
    [20,992/57,439  elapsed 5.1s]
    [26,112/57,439  elapsed 6.2s]
    [31,232/57,439  elapsed 7.3s]
    [36,352/57,439  elapsed 8.6s]
    [41,472/57,439  elapsed 9.9s]
    [46,592/57,439  elapsed 11.1s]
    [51,712/57,439  elapsed 12.3s]
    [56,832/57,439  elapsed 13.4s]
  eval done in 13.5s
  by-popularity NDCG@10: tail=0.0016(n=8,800)  mid=0.0072(n=8,657)  head=0.0576(n=39,982)
  epoch  20  loss=8.2678  val_NDCG=0.0457  test_NDCG=0.0414  test_HR=0.0738  (6.2s)

=== Best by val NDCG@10 ===
  val_NDCG=0.0459
  test: {'NDCG@10': 0.04165393644538545, 'HR@10': 0.07454865161301555, 'MRR': 0.037961969334484584, 'n_eval': 57439, 'by_popularity': {'tail': {'NDCG@10': 0.0015067760426199879, 'HR@10': 0.003181818181818182, 'n': 8800, 'n_hit@10': 28, 'HR@20': 0.006931818181818182, 'n_hit@20': 61, 'HR@50': 0.016477272727272726, 'n_hit@50': 145, 'HR@100': 0.03488636363636364, 'n_hit@100': 307}, 'mid': {'NDCG@10': 0.0069380953109339245, 'HR@10': 0.012937507219591082, 'n': 8657, 'n_hit@10': 112, 'HR@20': 0.02136998960378884, 'n_hit@20': 185, 'HR@50': 0.04701397712833545, 'n_hit@50': 407, 'HR@100': 0.07785607023218205, 'n_hit@100': 674}, 'head': {'NDCG@10': 0.05800704655106508, 'HR@10': 0.10359661847831524, 'n': 39982, 'n_hit@10': 4142, 'HR@20': 0.1479165624531039, 'n_hit@20': 5914, 'HR@50': 0.2297533890250613, 'n_hit@50': 9186, 'HR@100': 0.30583762693211947, 'n_hit@100': 12228}}}
wrote C:\Users\rayxc\Documents\R\_bestrec_run\results_MI_FIRV3_a2learnedwd0_seed20260720.users.jsonl.gz (57,439 per-user records, best epoch 16, sha256 2f63d42a2510…)
wrote C:\Users\rayxc\Documents\R\_bestrec_run\results_MI_FIRV3_a2learnedwd0_seed20260720.final.users.jsonl.gz (57,439 FINAL-epoch per-user records)
  fir_v3 final ||DELTA||_2 = 5.107718

wrote C:\Users\rayxc\Documents\R\_bestrec_run\results_MI_FIRV3_a2learnedwd0_seed20260720.json
E-A DRIVER COMPLETE: 24 ran, 0 skipped, 0 failed, 301.2 min
