PREFLIGHT OK (MI): 38 flags
   C:\Users\rayxc\Documents\R\_bestrec_run\.venv\Scripts\python.exe C:\Users\rayxc\Documents\R\_bestrec_run\run_sasrec_sbert.py Musical_Instruments --augment-factor 1 --batch-size 256 --causal-filter --chunked-full-softmax --cl-mask-prob 0.3 --cl-tau 1.0 --cl-weight 0.0 --d-model 64 --dropout 0.5 --ema-decay 0.0 --encoder hstu --epochs 20 --eval-every 1 --eval-subsample 0 --expert-heads 0 --filter-kernel 16 --item-chunk 32768 --label-smoothing 0.2 --lr 0.001 --lr-schedule warmup_cosine --max-seq-len 50 --mlp-dropout 0.2 --mlp-hidden 300 --n-heads 2 --n-layers 4 --niche-share-beta 0.0 --pos-rab --proto-tau 0.05 --sampled-negs 0 --score-temp 0.05 --text-distill-weight 0.0 --text-prototypes 512 --text-sim-bias --time-bias --time-decay-bases 8 --save-ckpt --seed 20260721 --out C:\Users\rayxc\Documents\R\_bestrec_run\results_MI_HYBRIDV1_base_seed20260721.json
PREFLIGHT OK (IS): 60 flags
   C:\Users\rayxc\Documents\R\_bestrec_run\.venv\Scripts\python.exe C:\Users\rayxc\Documents\R\_bestrec_run\run_sasrec_sbert.py Industrial_and_Scientific --augment-factor 1 --batch-size 256 --causal-filter --chunked-full-softmax --cl-mask-prob 0.3 --cl-tau 1.0 --cl-weight 0.0 --cold-item-frac 0.0 --cold-item-seed 1 --cold-synth-knn 0 --cold-synth-temp 0.07 --cred-k 2.0 --cue-fusion-mode sum2 --cue-fusion-nbr 20 --d-model 64 --decorr-mode pearson --dropout 0.5 --dual-head-decorr 0.0 --ema-decay 0.0 --encoder hstu --epochs 20 --eval-every 1 --eval-stratify-head 0.0 --eval-subsample 0 --expert-heads 0 --filter-kernel 8 --fitness-gate-alpha 0.0 --fitness-gate-slope 4.0 --heat-neighbors 20 --item-chunk 32768 --krige-nugget 0.01 --label-smoothing 0.2 --lr 0.001 --lr-schedule warmup_cosine --max-seq-len 50 --mlp-dropout 0.2 --mlp-hidden 300 --n-heads 2 --n-layers 4 --niche-share-beta 0.0 --pos-rab --proto-tau 0.05 --rrf-c 60.0 --sampled-negs 0 --score-temp 0.05 --spectral-shrink-every 1 --spectral-shrink-mode hard --subsample-mode interaction --subsample-seed 0 --subsample-train-frac 1.0 --text-distill-weight 0.0 --text-prototypes 512 --text-sim-bias --time-bias --time-decay-bases 8 --zfusion-sweep  --zfusion-weight 0.5 --save-ckpt --seed 20260721 --out C:\Users\rayxc\Documents\R\_bestrec_run\results_IS_HYBRIDV1_base_seed20260721.json
PREFLIGHT OK (VG): 37 flags
   C:\Users\rayxc\Documents\R\_bestrec_run\.venv\Scripts\python.exe C:\Users\rayxc\Documents\R\_bestrec_run\run_sasrec_sbert.py Video_Games --augment-factor 1 --batch-size 256 --causal-filter --chunked-full-softmax --cl-mask-prob 0.3 --cl-tau 1.0 --cl-weight 0.0 --d-model 64 --dropout 0.5 --ema-decay 0.0 --encoder hstu --epochs 40 --eval-every 10 --eval-subsample 0 --expert-heads 0 --filter-kernel 8 --item-chunk 32768 --label-smoothing 0.2 --lr 0.001 --lr-schedule warmup_cosine --max-seq-len 50 --mlp-dropout 0.2 --mlp-hidden 300 --n-heads 2 --n-layers 4 --pos-rab --proto-tau 0.05 --sampled-negs 0 --score-temp 0.05 --text-distill-weight 0.0 --text-prototypes 512 --text-sim-bias --time-bias --time-decay-bases 8 --save-ckpt --seed 20260721 --out C:\Users\rayxc\Documents\R\_bestrec_run\results_VG_HYBRIDV1_base_seed20260721.json
E-A still running; waiting 120 s
E-A still running; waiting 120 s
E-A still running; waiting 120 s
E-A still running; waiting 120 s
E-A still running; waiting 120 s
E-A state = 'complete' -> GPU free, starting E-F
[run] results_MI_HYBRIDV1_base_seed20260721.json
  random seed set to 20260721
=== Musical_Instruments: load splits ===
  n_users=57,439  n_items=24,587  pad_id=24587
  built sequences for 57,439 users
  built timestamp sequences (12 time buckets)
  loading SBERT embeddings from C:\Users\rayxc\Documents\R\cache_5core\sbert_titles_Musical_Instruments.npy...
  TAPE: k-means 24,587 text embeddings into K=512 prototypes (tau=0.05)...
  TAPE: K=512 mean max-assignment weight = 0.526 (1.0 = hard clustering)

=== Build SASRec-SBERT (d=64, layers=4, heads=2) ===
  total params: 11,186,047  device=cuda
  57,439 training examples / 225 batches per epoch
  init_state_sha256 = 5071486a3e24bc5fff2657eb1dbbe6e6106ca1f55769a5d049d7a96983d69003
  LR schedule: warmup_cosine (225 warmup + 4275 cosine steps)

=== Train for 20 epochs ===
  evaluating 57,439 users in batches of 512...
    [512/57,439  elapsed 0.1s]
    [5,632/57,439  elapsed 1.3s]
    [10,752/57,439  elapsed 2.6s]
    [15,872/57,439  elapsed 3.8s]
    [20,992/57,439  elapsed 4.9s]
    [26,112/57,439  elapsed 6.0s]
    [31,232/57,439  elapsed 7.0s]
    [36,352/57,439  elapsed 8.2s]
    [41,472/57,439  elapsed 9.3s]
    [46,592/57,439  elapsed 10.4s]
    [51,712/57,439  elapsed 11.6s]
    [56,832/57,439  elapsed 12.7s]
  eval done in 12.9s
  by-popularity NDCG@10: tail=0.0001(n=7,762)  mid=0.0003(n=8,169)  head=0.0374(n=41,508)
  evaluating 57,439 users in batches of 512...
    [512/57,439  elapsed 0.1s]
    [5,632/57,439  elapsed 1.3s]
    [10,752/57,439  elapsed 2.5s]
    [15,872/57,439  elapsed 3.9s]
    [20,992/57,439  elapsed 5.2s]
    [26,112/57,439  elapsed 6.3s]
    [31,232/57,439  elapsed 7.5s]
    [36,352/57,439  elapsed 8.8s]
    [41,472/57,439  elapsed 10.1s]
    [46,592/57,439  elapsed 11.3s]
    [51,712/57,439  elapsed 12.6s]
    [56,832/57,439  elapsed 13.9s]
  eval done in 14.0s
  by-popularity NDCG@10: tail=0.0001(n=8,800)  mid=0.0002(n=8,657)  head=0.0344(n=39,982)
  epoch   1  loss=9.6267  val_NDCG=0.0271  test_NDCG=0.0240  test_HR=0.0458  (6.4s)
  evaluating 57,439 users in batches of 512...
    [512/57,439  elapsed 0.1s]
    [5,632/57,439  elapsed 1.3s]
    [10,752/57,439  elapsed 2.4s]
    [15,872/57,439  elapsed 3.7s]
    [20,992/57,439  elapsed 4.9s]
    [26,112/57,439  elapsed 6.0s]
    [31,232/57,439  elapsed 7.1s]
    [36,352/57,439  elapsed 8.3s]
    [41,472/57,439  elapsed 9.4s]
    [46,592/57,439  elapsed 10.6s]
    [51,712/57,439  elapsed 11.8s]
    [56,832/57,439  elapsed 12.8s]
  eval done in 13.0s
  by-popularity NDCG@10: tail=0.0000(n=7,762)  mid=0.0002(n=8,169)  head=0.0467(n=41,508)
  evaluating 57,439 users in batches of 512...
    [512/57,439  elapsed 0.1s]
    [5,632/57,439  elapsed 1.2s]
    [10,752/57,439  elapsed 2.3s]
    [15,872/57,439  elapsed 3.5s]
    [20,992/57,439  elapsed 4.6s]
    [26,112/57,439  elapsed 6.0s]
    [31,232/57,439  elapsed 7.4s]
    [36,352/57,439  elapsed 8.8s]
    [41,472/57,439  elapsed 10.2s]
    [46,592/57,439  elapsed 11.5s]
    [51,712/57,439  elapsed 12.6s]
    [56,832/57,439  elapsed 13.9s]
  eval done in 14.0s
  by-popularity NDCG@10: tail=0.0001(n=8,800)  mid=0.0004(n=8,657)  head=0.0450(n=39,982)
  epoch   2  loss=9.0943  val_NDCG=0.0338  test_NDCG=0.0314  test_HR=0.0587  (6.1s)
  evaluating 57,439 users in batches of 512...
    [512/57,439  elapsed 0.1s]
    [5,632/57,439  elapsed 1.2s]
    [10,752/57,439  elapsed 2.3s]
    [15,872/57,439  elapsed 3.4s]
    [20,992/57,439  elapsed 4.5s]
    [26,112/57,439  elapsed 5.7s]
    [31,232/57,439  elapsed 7.0s]
    [36,352/57,439  elapsed 8.2s]
    [41,472/57,439  elapsed 9.4s]
    [46,592/57,439  elapsed 10.5s]
    [51,712/57,439  elapsed 11.8s]
    [56,832/57,439  elapsed 12.9s]
  eval done in 13.1s
  by-popularity NDCG@10: tail=0.0001(n=7,762)  mid=0.0006(n=8,169)  head=0.0520(n=41,508)
  evaluating 57,439 users in batches of 512...
    [512/57,439  elapsed 0.1s]
    [5,632/57,439  elapsed 1.2s]
    [10,752/57,439  elapsed 2.4s]
    [15,872/57,439  elapsed 3.6s]
    [20,992/57,439  elapsed 4.8s]
    [26,112/57,439  elapsed 6.0s]
    [31,232/57,439  elapsed 7.1s]
    [36,352/57,439  elapsed 8.3s]
    [41,472/57,439  elapsed 9.4s]
    [46,592/57,439  elapsed 10.6s]
    [51,712/57,439  elapsed 12.1s]
    [56,832/57,439  elapsed 13.4s]
  eval done in 13.6s
  by-popularity NDCG@10: tail=0.0000(n=8,800)  mid=0.0008(n=8,657)  head=0.0500(n=39,982)
  epoch   3  loss=8.9301  val_NDCG=0.0377  test_NDCG=0.0350  test_HR=0.0649  (6.2s)
  evaluating 57,439 users in batches of 512...
    [512/57,439  elapsed 0.1s]
    [5,632/57,439  elapsed 1.3s]
    [10,752/57,439  elapsed 2.4s]
    [15,872/57,439  elapsed 3.5s]
    [20,992/57,439  elapsed 4.7s]
    [26,112/57,439  elapsed 6.0s]
    [31,232/57,439  elapsed 7.1s]
    [36,352/57,439  elapsed 8.3s]
    [41,472/57,439  elapsed 9.5s]
    [46,592/57,439  elapsed 10.6s]
    [51,712/57,439  elapsed 11.9s]
    [56,832/57,439  elapsed 13.0s]
  eval done in 13.2s
  by-popularity NDCG@10: tail=0.0000(n=7,762)  mid=0.0013(n=8,169)  head=0.0555(n=41,508)
  evaluating 57,439 users in batches of 512...
    [512/57,439  elapsed 0.1s]
    [5,632/57,439  elapsed 1.3s]
    [10,752/57,439  elapsed 2.4s]
    [15,872/57,439  elapsed 3.6s]
    [20,992/57,439  elapsed 4.8s]
    [26,112/57,439  elapsed 6.0s]
    [31,232/57,439  elapsed 7.3s]
    [36,352/57,439  elapsed 8.5s]
    [41,472/57,439  elapsed 9.7s]
    [46,592/57,439  elapsed 10.8s]
    [51,712/57,439  elapsed 12.0s]
    [56,832/57,439  elapsed 13.2s]
  eval done in 13.4s
  by-popularity NDCG@10: tail=0.0001(n=8,800)  mid=0.0015(n=8,657)  head=0.0529(n=39,982)
  epoch   4  loss=8.8238  val_NDCG=0.0403  test_NDCG=0.0371  test_HR=0.0679  (6.1s)
  evaluating 57,439 users in batches of 512...
    [512/57,439  elapsed 0.1s]
    [5,632/57,439  elapsed 1.2s]
    [10,752/57,439  elapsed 2.4s]
    [15,872/57,439  elapsed 3.5s]
    [20,992/57,439  elapsed 4.6s]
    [26,112/57,439  elapsed 5.7s]
    [31,232/57,439  elapsed 6.8s]
    [36,352/57,439  elapsed 8.0s]
    [41,472/57,439  elapsed 9.2s]
    [46,592/57,439  elapsed 10.4s]
    [51,712/57,439  elapsed 11.5s]
    [56,832/57,439  elapsed 12.6s]
  eval done in 12.8s
  by-popularity NDCG@10: tail=0.0002(n=7,762)  mid=0.0023(n=8,169)  head=0.0579(n=41,508)
  evaluating 57,439 users in batches of 512...
    [512/57,439  elapsed 0.1s]
    [5,632/57,439  elapsed 1.3s]
    [10,752/57,439  elapsed 2.4s]
    [15,872/57,439  elapsed 3.7s]
    [20,992/57,439  elapsed 4.8s]
    [26,112/57,439  elapsed 5.9s]
    [31,232/57,439  elapsed 7.0s]
    [36,352/57,439  elapsed 8.1s]
    [41,472/57,439  elapsed 9.3s]
    [46,592/57,439  elapsed 10.5s]
    [51,712/57,439  elapsed 11.6s]
    [56,832/57,439  elapsed 12.8s]
  eval done in 12.9s
  by-popularity NDCG@10: tail=0.0003(n=8,800)  mid=0.0020(n=8,657)  head=0.0551(n=39,982)
  epoch   5  loss=8.7454  val_NDCG=0.0422  test_NDCG=0.0387  test_HR=0.0710  (6.0s)
  evaluating 57,439 users in batches of 512...
    [512/57,439  elapsed 0.1s]
    [5,632/57,439  elapsed 1.2s]
    [10,752/57,439  elapsed 2.4s]
    [15,872/57,439  elapsed 3.6s]
    [20,992/57,439  elapsed 4.7s]
    [26,112/57,439  elapsed 6.0s]
    [31,232/57,439  elapsed 7.1s]
    [36,352/57,439  elapsed 8.1s]
    [41,472/57,439  elapsed 9.4s]
    [46,592/57,439  elapsed 10.5s]
    [51,712/57,439  elapsed 11.7s]
    [56,832/57,439  elapsed 12.8s]
  eval done in 13.0s
  by-popularity NDCG@10: tail=0.0006(n=7,762)  mid=0.0033(n=8,169)  head=0.0590(n=41,508)
  evaluating 57,439 users in batches of 512...
    [512/57,439  elapsed 0.1s]
    [5,632/57,439  elapsed 1.2s]
    [10,752/57,439  elapsed 2.4s]
    [15,872/57,439  elapsed 3.5s]
    [20,992/57,439  elapsed 4.7s]
    [26,112/57,439  elapsed 5.8s]
    [31,232/57,439  elapsed 7.0s]
    [36,352/57,439  elapsed 8.1s]
    [41,472/57,439  elapsed 9.2s]
    [46,592/57,439  elapsed 10.5s]
    [51,712/57,439  elapsed 12.0s]
    [56,832/57,439  elapsed 13.4s]
  eval done in 13.5s
  by-popularity NDCG@10: tail=0.0004(n=8,800)  mid=0.0030(n=8,657)  head=0.0554(n=39,982)
  epoch   6  loss=8.6790  val_NDCG=0.0432  test_NDCG=0.0391  test_HR=0.0716  (6.1s)
  evaluating 57,439 users in batches of 512...
    [512/57,439  elapsed 0.1s]
    [5,632/57,439  elapsed 1.3s]
    [10,752/57,439  elapsed 2.6s]
    [15,872/57,439  elapsed 3.8s]
    [20,992/57,439  elapsed 5.2s]
    [26,112/57,439  elapsed 6.5s]
    [31,232/57,439  elapsed 7.9s]
    [36,352/57,439  elapsed 9.2s]
    [41,472/57,439  elapsed 10.5s]
    [46,592/57,439  elapsed 11.6s]
    [51,712/57,439  elapsed 12.8s]
    [56,832/57,439  elapsed 14.1s]
  eval done in 14.3s
  by-popularity NDCG@10: tail=0.0008(n=7,762)  mid=0.0041(n=8,169)  head=0.0607(n=41,508)
  evaluating 57,439 users in batches of 512...
    [512/57,439  elapsed 0.1s]
    [5,632/57,439  elapsed 1.5s]
    [10,752/57,439  elapsed 2.8s]
    [15,872/57,439  elapsed 4.1s]
    [20,992/57,439  elapsed 5.4s]
    [26,112/57,439  elapsed 6.7s]
    [31,232/57,439  elapsed 7.9s]
    [36,352/57,439  elapsed 9.1s]
    [41,472/57,439  elapsed 10.2s]
    [46,592/57,439  elapsed 11.5s]
    [51,712/57,439  elapsed 12.7s]
    [56,832/57,439  elapsed 13.9s]
  eval done in 14.0s
  by-popularity NDCG@10: tail=0.0006(n=8,800)  mid=0.0043(n=8,657)  head=0.0570(n=39,982)
  epoch   7  loss=8.6220  val_NDCG=0.0446  test_NDCG=0.0404  test_HR=0.0734  (6.3s)
  evaluating 57,439 users in batches of 512...
    [512/57,439  elapsed 0.1s]
    [5,632/57,439  elapsed 1.2s]
    [10,752/57,439  elapsed 2.4s]
    [15,872/57,439  elapsed 3.5s]
    [20,992/57,439  elapsed 4.7s]
    [26,112/57,439  elapsed 5.9s]
    [31,232/57,439  elapsed 7.0s]
    [36,352/57,439  elapsed 8.2s]
    [41,472/57,439  elapsed 9.4s]
    [46,592/57,439  elapsed 10.7s]
    [51,712/57,439  elapsed 12.0s]
    [56,832/57,439  elapsed 13.3s]
  eval done in 13.5s
  by-popularity NDCG@10: tail=0.0009(n=7,762)  mid=0.0048(n=8,169)  head=0.0609(n=41,508)
  evaluating 57,439 users in batches of 512...
    [512/57,439  elapsed 0.1s]
    [5,632/57,439  elapsed 1.4s]
    [10,752/57,439  elapsed 2.7s]
    [15,872/57,439  elapsed 3.9s]
    [20,992/57,439  elapsed 5.1s]
    [26,112/57,439  elapsed 6.1s]
    [31,232/57,439  elapsed 7.2s]
    [36,352/57,439  elapsed 8.4s]
    [41,472/57,439  elapsed 9.5s]
    [46,592/57,439  elapsed 10.5s]
    [51,712/57,439  elapsed 11.4s]
    [56,832/57,439  elapsed 12.7s]
  eval done in 12.8s
  by-popularity NDCG@10: tail=0.0007(n=8,800)  mid=0.0050(n=8,657)  head=0.0573(n=39,982)
  epoch   8  loss=8.5697  val_NDCG=0.0448  test_NDCG=0.0408  test_HR=0.0735  (6.0s)
  evaluating 57,439 users in batches of 512...
    [512/57,439  elapsed 0.1s]
    [5,632/57,439  elapsed 1.1s]
    [10,752/57,439  elapsed 2.1s]
    [15,872/57,439  elapsed 3.3s]
    [20,992/57,439  elapsed 4.4s]
    [26,112/57,439  elapsed 5.4s]
    [31,232/57,439  elapsed 6.4s]
    [36,352/57,439  elapsed 7.4s]
    [41,472/57,439  elapsed 8.3s]
    [46,592/57,439  elapsed 9.3s]
    [51,712/57,439  elapsed 10.3s]
    [56,832/57,439  elapsed 11.2s]
  eval done in 11.3s
  by-popularity NDCG@10: tail=0.0014(n=7,762)  mid=0.0053(n=8,169)  head=0.0608(n=41,508)
  evaluating 57,439 users in batches of 512...
    [512/57,439  elapsed 0.1s]
    [5,632/57,439  elapsed 1.1s]
    [10,752/57,439  elapsed 2.1s]
    [15,872/57,439  elapsed 3.1s]
    [20,992/57,439  elapsed 4.1s]
    [26,112/57,439  elapsed 5.2s]
    [31,232/57,439  elapsed 6.2s]
    [36,352/57,439  elapsed 7.3s]
    [41,472/57,439  elapsed 8.3s]
    [46,592/57,439  elapsed 9.3s]
    [51,712/57,439  elapsed 10.3s]
    [56,832/57,439  elapsed 11.4s]
  eval done in 11.5s
  by-popularity NDCG@10: tail=0.0009(n=8,800)  mid=0.0054(n=8,657)  head=0.0573(n=39,982)
  epoch   9  loss=8.5210  val_NDCG=0.0449  test_NDCG=0.0408  test_HR=0.0735  (6.1s)
  evaluating 57,439 users in batches of 512...
    [512/57,439  elapsed 0.1s]
    [5,632/57,439  elapsed 1.2s]
    [10,752/57,439  elapsed 2.2s]
    [15,872/57,439  elapsed 3.2s]
    [20,992/57,439  elapsed 4.3s]
    [26,112/57,439  elapsed 5.3s]
    [31,232/57,439  elapsed 6.3s]
    [36,352/57,439  elapsed 7.4s]
    [41,472/57,439  elapsed 8.4s]
    [46,592/57,439  elapsed 9.5s]
    [51,712/57,439  elapsed 10.5s]
    [56,832/57,439  elapsed 11.6s]
  eval done in 11.7s
  by-popularity NDCG@10: tail=0.0014(n=7,762)  mid=0.0060(n=8,169)  head=0.0618(n=41,508)
  evaluating 57,439 users in batches of 512...
    [512/57,439  elapsed 0.1s]
    [5,632/57,439  elapsed 1.3s]
    [10,752/57,439  elapsed 2.4s]
    [15,872/57,439  elapsed 3.4s]
    [20,992/57,439  elapsed 4.5s]
    [26,112/57,439  elapsed 5.4s]
    [31,232/57,439  elapsed 6.4s]
    [36,352/57,439  elapsed 7.3s]
    [41,472/57,439  elapsed 8.3s]
    [46,592/57,439  elapsed 9.2s]
    [51,712/57,439  elapsed 10.3s]
    [56,832/57,439  elapsed 11.2s]
  eval done in 11.3s
  by-popularity NDCG@10: tail=0.0010(n=8,800)  mid=0.0059(n=8,657)  head=0.0580(n=39,982)
  epoch  10  loss=8.4795  val_NDCG=0.0457  test_NDCG=0.0414  test_HR=0.0743  (6.0s)
  evaluating 57,439 users in batches of 512...
    [512/57,439  elapsed 0.1s]
    [5,632/57,439  elapsed 1.1s]
    [10,752/57,439  elapsed 2.1s]
    [15,872/57,439  elapsed 3.2s]
    [20,992/57,439  elapsed 4.2s]
    [26,112/57,439  elapsed 5.3s]
    [31,232/57,439  elapsed 6.3s]
    [36,352/57,439  elapsed 7.3s]
    [41,472/57,439  elapsed 8.3s]
    [46,592/57,439  elapsed 9.2s]
    [51,712/57,439  elapsed 10.3s]
    [56,832/57,439  elapsed 11.2s]
  eval done in 11.3s
  by-popularity NDCG@10: tail=0.0016(n=7,762)  mid=0.0067(n=8,169)  head=0.0619(n=41,508)
  evaluating 57,439 users in batches of 512...
    [512/57,439  elapsed 0.1s]
    [5,632/57,439  elapsed 1.1s]
    [10,752/57,439  elapsed 2.1s]
    [15,872/57,439  elapsed 3.0s]
    [20,992/57,439  elapsed 4.0s]
    [26,112/57,439  elapsed 5.0s]
    [31,232/57,439  elapsed 5.9s]
    [36,352/57,439  elapsed 6.9s]
    [41,472/57,439  elapsed 7.9s]
    [46,592/57,439  elapsed 9.0s]
    [51,712/57,439  elapsed 10.1s]
    [56,832/57,439  elapsed 11.0s]
  eval done in 11.1s
  by-popularity NDCG@10: tail=0.0010(n=8,800)  mid=0.0061(n=8,657)  head=0.0584(n=39,982)
  epoch  11  loss=8.4396  val_NDCG=0.0459  test_NDCG=0.0417  test_HR=0.0745  (5.9s)
  evaluating 57,439 users in batches of 512...
    [512/57,439  elapsed 0.1s]
    [5,632/57,439  elapsed 1.0s]
    [10,752/57,439  elapsed 2.0s]
    [15,872/57,439  elapsed 3.0s]
    [20,992/57,439  elapsed 4.0s]
    [26,112/57,439  elapsed 5.0s]
    [31,232/57,439  elapsed 6.0s]
    [36,352/57,439  elapsed 7.2s]
    [41,472/57,439  elapsed 8.3s]
    [46,592/57,439  elapsed 9.3s]
    [51,712/57,439  elapsed 10.4s]
    [56,832/57,439  elapsed 11.5s]
  eval done in 11.7s
  by-popularity NDCG@10: tail=0.0019(n=7,762)  mid=0.0069(n=8,169)  head=0.0619(n=41,508)
  evaluating 57,439 users in batches of 512...
    [512/57,439  elapsed 0.1s]
    [5,632/57,439  elapsed 1.2s]
    [10,752/57,439  elapsed 2.2s]
    [15,872/57,439  elapsed 3.2s]
    [20,992/57,439  elapsed 4.1s]
    [26,112/57,439  elapsed 5.0s]
    [31,232/57,439  elapsed 6.0s]
    [36,352/57,439  elapsed 6.9s]
    [41,472/57,439  elapsed 7.9s]
    [46,592/57,439  elapsed 8.8s]
    [51,712/57,439  elapsed 9.8s]
    [56,832/57,439  elapsed 10.7s]
  eval done in 10.8s
  by-popularity NDCG@10: tail=0.0012(n=8,800)  mid=0.0065(n=8,657)  head=0.0575(n=39,982)
  epoch  12  loss=8.4060  val_NDCG=0.0460  test_NDCG=0.0412  test_HR=0.0737  (5.9s)
  evaluating 57,439 users in batches of 512...
    [512/57,439  elapsed 0.1s]
    [5,632/57,439  elapsed 1.2s]
    [10,752/57,439  elapsed 2.2s]
    [15,872/57,439  elapsed 3.3s]
    [20,992/57,439  elapsed 4.4s]
    [26,112/57,439  elapsed 5.3s]
    [31,232/57,439  elapsed 6.3s]
    [36,352/57,439  elapsed 7.3s]
    [41,472/57,439  elapsed 8.3s]
    [46,592/57,439  elapsed 9.3s]
    [51,712/57,439  elapsed 10.3s]
    [56,832/57,439  elapsed 11.2s]
  eval done in 11.3s
  by-popularity NDCG@10: tail=0.0020(n=7,762)  mid=0.0071(n=8,169)  head=0.0611(n=41,508)
  evaluating 57,439 users in batches of 512...
    [512/57,439  elapsed 0.1s]
    [5,632/57,439  elapsed 1.1s]
    [10,752/57,439  elapsed 2.1s]
    [15,872/57,439  elapsed 3.0s]
    [20,992/57,439  elapsed 3.9s]
    [26,112/57,439  elapsed 4.9s]
    [31,232/57,439  elapsed 5.9s]
    [36,352/57,439  elapsed 6.8s]
    [41,472/57,439  elapsed 7.8s]
    [46,592/57,439  elapsed 8.7s]
    [51,712/57,439  elapsed 9.7s]
    [56,832/57,439  elapsed 10.7s]
  eval done in 10.8s
  by-popularity NDCG@10: tail=0.0015(n=8,800)  mid=0.0066(n=8,657)  head=0.0576(n=39,982)
  epoch  13  loss=8.3730  val_NDCG=0.0455  test_NDCG=0.0413  test_HR=0.0741  (5.9s)
  evaluating 57,439 users in batches of 512...
    [512/57,439  elapsed 0.1s]
    [5,632/57,439  elapsed 1.0s]
    [10,752/57,439  elapsed 2.0s]
    [15,872/57,439  elapsed 2.9s]
    [20,992/57,439  elapsed 3.9s]
    [26,112/57,439  elapsed 4.8s]
    [31,232/57,439  elapsed 5.7s]
    [36,352/57,439  elapsed 6.7s]
    [41,472/57,439  elapsed 7.6s]
    [46,592/57,439  elapsed 8.6s]
    [51,712/57,439  elapsed 9.6s]
    [56,832/57,439  elapsed 10.7s]
  eval done in 10.8s
  by-popularity NDCG@10: tail=0.0020(n=7,762)  mid=0.0070(n=8,169)  head=0.0617(n=41,508)
  evaluating 57,439 users in batches of 512...
    [512/57,439  elapsed 0.1s]
    [5,632/57,439  elapsed 1.3s]
    [10,752/57,439  elapsed 2.3s]
    [15,872/57,439  elapsed 3.2s]
    [20,992/57,439  elapsed 4.2s]
    [26,112/57,439  elapsed 5.3s]
    [31,232/57,439  elapsed 6.2s]
    [36,352/57,439  elapsed 7.2s]
    [41,472/57,439  elapsed 8.2s]
    [46,592/57,439  elapsed 9.1s]
    [51,712/57,439  elapsed 10.1s]
    [56,832/57,439  elapsed 11.1s]
  eval done in 11.2s
  by-popularity NDCG@10: tail=0.0014(n=8,800)  mid=0.0068(n=8,657)  head=0.0581(n=39,982)
  epoch  14  loss=8.3475  val_NDCG=0.0458  test_NDCG=0.0417  test_HR=0.0742  (5.9s)
  evaluating 57,439 users in batches of 512...
    [512/57,439  elapsed 0.1s]
    [5,632/57,439  elapsed 1.1s]
    [10,752/57,439  elapsed 2.1s]
    [15,872/57,439  elapsed 3.1s]
    [20,992/57,439  elapsed 4.0s]
    [26,112/57,439  elapsed 5.0s]
    [31,232/57,439  elapsed 5.9s]
    [36,352/57,439  elapsed 6.9s]
    [41,472/57,439  elapsed 7.9s]
    [46,592/57,439  elapsed 8.9s]
    [51,712/57,439  elapsed 9.8s]
    [56,832/57,439  elapsed 10.8s]
  eval done in 10.9s
  by-popularity NDCG@10: tail=0.0022(n=7,762)  mid=0.0075(n=8,169)  head=0.0618(n=41,508)
  evaluating 57,439 users in batches of 512...
    [512/57,439  elapsed 0.1s]
    [5,632/57,439  elapsed 1.1s]
    [10,752/57,439  elapsed 2.1s]
    [15,872/57,439  elapsed 3.1s]
    [20,992/57,439  elapsed 4.0s]
    [26,112/57,439  elapsed 5.0s]
    [31,232/57,439  elapsed 6.0s]
    [36,352/57,439  elapsed 6.9s]
    [41,472/57,439  elapsed 7.9s]
    [46,592/57,439  elapsed 8.9s]
    [51,712/57,439  elapsed 9.8s]
    [56,832/57,439  elapsed 10.8s]
  eval done in 10.9s
  by-popularity NDCG@10: tail=0.0016(n=8,800)  mid=0.0068(n=8,657)  head=0.0577(n=39,982)
  epoch  15  loss=8.3251  val_NDCG=0.0461  test_NDCG=0.0414  test_HR=0.0739  (5.9s)
  evaluating 57,439 users in batches of 512...
    [512/57,439  elapsed 0.1s]
    [5,632/57,439  elapsed 1.1s]
    [10,752/57,439  elapsed 2.0s]
    [15,872/57,439  elapsed 3.1s]
    [20,992/57,439  elapsed 4.1s]
    [26,112/57,439  elapsed 5.0s]
    [31,232/57,439  elapsed 6.0s]
    [36,352/57,439  elapsed 6.9s]
    [41,472/57,439  elapsed 7.9s]
    [46,592/57,439  elapsed 8.9s]
    [51,712/57,439  elapsed 9.9s]
    [56,832/57,439  elapsed 10.8s]
  eval done in 11.0s
  by-popularity NDCG@10: tail=0.0022(n=7,762)  mid=0.0078(n=8,169)  head=0.0616(n=41,508)
  evaluating 57,439 users in batches of 512...
    [512/57,439  elapsed 0.1s]
    [5,632/57,439  elapsed 1.1s]
    [10,752/57,439  elapsed 2.0s]
    [15,872/57,439  elapsed 3.0s]
    [20,992/57,439  elapsed 4.0s]
    [26,112/57,439  elapsed 5.0s]
    [31,232/57,439  elapsed 6.0s]
    [36,352/57,439  elapsed 6.9s]
    [41,472/57,439  elapsed 7.9s]
    [46,592/57,439  elapsed 8.9s]
    [51,712/57,439  elapsed 9.9s]
    [56,832/57,439  elapsed 10.9s]
  eval done in 11.0s
  by-popularity NDCG@10: tail=0.0015(n=8,800)  mid=0.0069(n=8,657)  head=0.0580(n=39,982)
  epoch  16  loss=8.3076  val_NDCG=0.0459  test_NDCG=0.0416  test_HR=0.0743  (5.9s)
  evaluating 57,439 users in batches of 512...
    [512/57,439  elapsed 0.1s]
    [5,632/57,439  elapsed 1.1s]
    [10,752/57,439  elapsed 2.1s]
    [15,872/57,439  elapsed 3.1s]
    [20,992/57,439  elapsed 4.1s]
    [26,112/57,439  elapsed 5.1s]
    [31,232/57,439  elapsed 6.1s]
    [36,352/57,439  elapsed 7.1s]
    [41,472/57,439  elapsed 8.1s]
    [46,592/57,439  elapsed 9.1s]
    [51,712/57,439  elapsed 10.1s]
    [56,832/57,439  elapsed 11.2s]
  eval done in 11.3s
  by-popularity NDCG@10: tail=0.0022(n=7,762)  mid=0.0077(n=8,169)  head=0.0617(n=41,508)
  evaluating 57,439 users in batches of 512...
    [512/57,439  elapsed 0.1s]
    [5,632/57,439  elapsed 1.2s]
    [10,752/57,439  elapsed 2.3s]
    [15,872/57,439  elapsed 3.3s]
    [20,992/57,439  elapsed 4.3s]
    [26,112/57,439  elapsed 5.3s]
    [31,232/57,439  elapsed 6.4s]
    [36,352/57,439  elapsed 7.4s]
    [41,472/57,439  elapsed 8.4s]
    [46,592/57,439  elapsed 9.4s]
    [51,712/57,439  elapsed 10.5s]
    [56,832/57,439  elapsed 11.5s]
  eval done in 11.6s
  by-popularity NDCG@10: tail=0.0016(n=8,800)  mid=0.0067(n=8,657)  head=0.0577(n=39,982)
  epoch  17  loss=8.2925  val_NDCG=0.0460  test_NDCG=0.0414  test_HR=0.0738  (5.8s)
  evaluating 57,439 users in batches of 512...
    [512/57,439  elapsed 0.1s]
    [5,632/57,439  elapsed 1.1s]
    [10,752/57,439  elapsed 2.1s]
    [15,872/57,439  elapsed 3.0s]
    [20,992/57,439  elapsed 4.1s]
    [26,112/57,439  elapsed 5.0s]
    [31,232/57,439  elapsed 6.1s]
    [36,352/57,439  elapsed 7.1s]
    [41,472/57,439  elapsed 8.1s]
    [46,592/57,439  elapsed 9.0s]
    [51,712/57,439  elapsed 10.1s]
    [56,832/57,439  elapsed 11.1s]
  eval done in 11.2s
  by-popularity NDCG@10: tail=0.0023(n=7,762)  mid=0.0077(n=8,169)  head=0.0613(n=41,508)
  evaluating 57,439 users in batches of 512...
    [512/57,439  elapsed 0.1s]
    [5,632/57,439  elapsed 1.0s]
    [10,752/57,439  elapsed 2.1s]
    [15,872/57,439  elapsed 3.1s]
    [20,992/57,439  elapsed 4.0s]
    [26,112/57,439  elapsed 5.0s]
    [31,232/57,439  elapsed 6.0s]
    [36,352/57,439  elapsed 7.0s]
    [41,472/57,439  elapsed 7.9s]
    [46,592/57,439  elapsed 8.9s]
    [51,712/57,439  elapsed 9.9s]
    [56,832/57,439  elapsed 10.9s]
  eval done in 11.0s
  by-popularity NDCG@10: tail=0.0016(n=8,800)  mid=0.0068(n=8,657)  head=0.0577(n=39,982)
  epoch  18  loss=8.2807  val_NDCG=0.0457  test_NDCG=0.0414  test_HR=0.0739  (5.8s)
  evaluating 57,439 users in batches of 512...
    [512/57,439  elapsed 0.1s]
    [5,632/57,439  elapsed 1.1s]
    [10,752/57,439  elapsed 2.1s]
    [15,872/57,439  elapsed 3.1s]
    [20,992/57,439  elapsed 4.2s]
    [26,112/57,439  elapsed 5.2s]
    [31,232/57,439  elapsed 6.1s]
    [36,352/57,439  elapsed 7.0s]
    [41,472/57,439  elapsed 8.0s]
    [46,592/57,439  elapsed 9.0s]
    [51,712/57,439  elapsed 9.9s]
    [56,832/57,439  elapsed 10.9s]
  eval done in 11.0s
  by-popularity NDCG@10: tail=0.0023(n=7,762)  mid=0.0077(n=8,169)  head=0.0615(n=41,508)
  evaluating 57,439 users in batches of 512...
    [512/57,439  elapsed 0.1s]
    [5,632/57,439  elapsed 1.1s]
    [10,752/57,439  elapsed 2.0s]
    [15,872/57,439  elapsed 3.2s]
    [20,992/57,439  elapsed 4.2s]
    [26,112/57,439  elapsed 5.3s]
    [31,232/57,439  elapsed 6.3s]
    [36,352/57,439  elapsed 7.3s]
    [41,472/57,439  elapsed 8.3s]
    [46,592/57,439  elapsed 9.3s]
    [51,712/57,439  elapsed 10.5s]
    [56,832/57,439  elapsed 11.4s]
  eval done in 11.5s
  by-popularity NDCG@10: tail=0.0016(n=8,800)  mid=0.0069(n=8,657)  head=0.0577(n=39,982)
  epoch  19  loss=8.2746  val_NDCG=0.0458  test_NDCG=0.0414  test_HR=0.0740  (5.9s)
  evaluating 57,439 users in batches of 512...
    [512/57,439  elapsed 0.1s]
    [5,632/57,439  elapsed 1.2s]
    [10,752/57,439  elapsed 2.3s]
    [15,872/57,439  elapsed 3.2s]
    [20,992/57,439  elapsed 4.1s]
    [26,112/57,439  elapsed 5.0s]
    [31,232/57,439  elapsed 6.0s]
    [36,352/57,439  elapsed 7.1s]
    [41,472/57,439  elapsed 8.2s]
    [46,592/57,439  elapsed 9.1s]
    [51,712/57,439  elapsed 10.1s]
    [56,832/57,439  elapsed 11.0s]
  eval done in 11.1s
  by-popularity NDCG@10: tail=0.0023(n=7,762)  mid=0.0077(n=8,169)  head=0.0614(n=41,508)
  evaluating 57,439 users in batches of 512...
    [512/57,439  elapsed 0.1s]
    [5,632/57,439  elapsed 1.2s]
    [10,752/57,439  elapsed 2.2s]
    [15,872/57,439  elapsed 3.2s]
    [20,992/57,439  elapsed 4.2s]
    [26,112/57,439  elapsed 5.1s]
    [31,232/57,439  elapsed 6.1s]
    [36,352/57,439  elapsed 7.1s]
    [41,472/57,439  elapsed 8.1s]
    [46,592/57,439  elapsed 9.1s]
    [51,712/57,439  elapsed 10.1s]
    [56,832/57,439  elapsed 11.1s]
  eval done in 11.2s
  by-popularity NDCG@10: tail=0.0016(n=8,800)  mid=0.0069(n=8,657)  head=0.0577(n=39,982)
  epoch  20  loss=8.2738  val_NDCG=0.0457  test_NDCG=0.0415  test_HR=0.0741  (5.8s)

=== Best by val NDCG@10 ===
  val_NDCG=0.0461
  test: {'NDCG@10': 0.04143471262696234, 'HR@10': 0.0739218997545222, 'MRR': 0.037838005096273344, 'n_eval': 57439, 'by_popularity': {'tail': {'NDCG@10': 0.0016038506778069046, 'HR@10': 0.0029545454545454545, 'n': 8800, 'n_hit@10': 26, 'HR@20': 0.006818181818181818, 'n_hit@20': 60, 'HR@50': 0.017613636363636363, 'n_hit@50': 155, 'HR@100': 0.03340909090909091, 'n_hit@100': 294}, 'mid': {'NDCG@10': 0.006763258444032929, 'HR@10': 0.01259096684763775, 'n': 8657, 'n_hit@10': 109, 'HR@20': 0.022178583805013283, 'n_hit@20': 192, 'HR@50': 0.046782950213699895, 'n_hit@50': 405, 'HR@100': 0.07797158368949983, 'n_hit@100': 675}, 'head': {'NDCG@10': 0.05770859497437336, 'HR@10': 0.10282126957130709, 'n': 39982, 'n_hit@10': 4111, 'HR@20': 0.147341303586614, 'n_hit@20': 5891, 'HR@50': 0.22712720724325947, 'n_hit@50': 9081, 'HR@100': 0.30413686158771447, 'n_hit@100': 12160}}}
wrote C:\Users\rayxc\Documents\R\_bestrec_run\results_MI_HYBRIDV1_base_seed20260721.users.jsonl.gz (57,439 per-user records, best epoch 15, sha256 376e87852c27…)
wrote C:\Users\rayxc\Documents\R\_bestrec_run\results_MI_HYBRIDV1_base_seed20260721.final.users.jsonl.gz (57,439 FINAL-epoch per-user records)

wrote C:\Users\rayxc\Documents\R\_bestrec_run\results_MI_HYBRIDV1_base_seed20260721.json
[run] results_MI_HYBRIDV1_base_seed20260721.fusion.json
=== fusion eval: Musical_Instruments  ckpt=results_MI_HYBRIDV1_base_seed20260721.best.pt ===
  n_users=57,439 n_items=24,587
  ckpt from epoch 15 (val NDCG@10 0.04606)

--- EASE l2=50.0: fit + VAL sweep ---
  EASE l2=50.0: inverted 24587x24587 in 62.3s
    [512/57,439 elapsed 0.3s]
    [10,752/57,439 elapsed 3.1s]
    [20,992/57,439 elapsed 5.7s]
    [31,232/57,439 elapsed 8.4s]
    [41,472/57,439 elapsed 11.1s]
    [51,712/57,439 elapsed 13.9s]
  VAL seq NDCG@10=0.04606  ease=0.03472
    w=0.01: val fused NDCG@10=0.04756
    w=0.02: val fused NDCG@10=0.04829
    w=0.03: val fused NDCG@10=0.04837
    w=0.04: val fused NDCG@10=0.04828
    w=0.05: val fused NDCG@10=0.04815
    w=0.06: val fused NDCG@10=0.04783
    w=0.075: val fused NDCG@10=0.04718
    w=0.1: val fused NDCG@10=0.04622

--- EASE l2=100.0: fit + VAL sweep ---
  EASE l2=100.0: inverted 24587x24587 in 62.4s
    [512/57,439 elapsed 0.2s]
    [10,752/57,439 elapsed 3.0s]
    [20,992/57,439 elapsed 5.9s]
    [31,232/57,439 elapsed 8.8s]
    [41,472/57,439 elapsed 11.5s]
    [51,712/57,439 elapsed 14.3s]
  VAL seq NDCG@10=0.04606  ease=0.03536
    w=0.01: val fused NDCG@10=0.04752
    w=0.02: val fused NDCG@10=0.04838
    w=0.03: val fused NDCG@10=0.04844
    w=0.04: val fused NDCG@10=0.04848
    w=0.05: val fused NDCG@10=0.04833
    w=0.06: val fused NDCG@10=0.04803
    w=0.075: val fused NDCG@10=0.04742
    w=0.1: val fused NDCG@10=0.04636

--- EASE l2=200.0: fit + VAL sweep ---
  EASE l2=200.0: inverted 24587x24587 in 62.4s
    [512/57,439 elapsed 0.2s]
    [10,752/57,439 elapsed 3.1s]
    [20,992/57,439 elapsed 5.8s]
    [31,232/57,439 elapsed 8.5s]
    [41,472/57,439 elapsed 11.3s]
    [51,712/57,439 elapsed 14.2s]
  VAL seq NDCG@10=0.04606  ease=0.03548
    w=0.01: val fused NDCG@10=0.04764
    w=0.02: val fused NDCG@10=0.04831
    w=0.03: val fused NDCG@10=0.04844
    w=0.04: val fused NDCG@10=0.04845
    w=0.05: val fused NDCG@10=0.04832
    w=0.06: val fused NDCG@10=0.04788
    w=0.075: val fused NDCG@10=0.04721
    w=0.1: val fused NDCG@10=0.04613

--- EASE l2=500.0: fit + VAL sweep ---
  EASE l2=500.0: inverted 24587x24587 in 62.8s
    [512/57,439 elapsed 0.2s]
    [10,752/57,439 elapsed 2.9s]
    [20,992/57,439 elapsed 5.5s]
    [31,232/57,439 elapsed 8.1s]
    [41,472/57,439 elapsed 10.7s]
    [51,712/57,439 elapsed 13.3s]
  VAL seq NDCG@10=0.04606  ease=0.03500
    w=0.01: val fused NDCG@10=0.04760
    w=0.02: val fused NDCG@10=0.04827
    w=0.03: val fused NDCG@10=0.04838
    w=0.04: val fused NDCG@10=0.04827
    w=0.05: val fused NDCG@10=0.04794
    w=0.06: val fused NDCG@10=0.04749
    w=0.075: val fused NDCG@10=0.04673
    w=0.1: val fused NDCG@10=0.04555

=== selected on VAL: l2=100.0, w=0.04 (val fused NDCG@10=0.04848) ===
  EASE l2=100.0: inverted 24587x24587 in 61.1s
    [512/57,439 elapsed 0.2s]
    [10,752/57,439 elapsed 2.5s]
    [20,992/57,439 elapsed 4.9s]
    [31,232/57,439 elapsed 7.3s]
    [41,472/57,439 elapsed 9.7s]
    [51,712/57,439 elapsed 12.0s]

TEST seq-only  NDCG@10=0.04143 HR@10=0.07392 MRR=0.03784
TEST ease-only NDCG@10=0.03221 HR@10=0.05639
TEST FUSED (w=0.04) NDCG@10=0.04392 HR@10=0.07807 MRR=0.03978
wrote C:\Users\rayxc\Documents\R\_bestrec_run\results_MI_HYBRIDV1_base_seed20260721.fusion.json
[run] results_MI_HYBRIDV1_base_seed20260722.json
  random seed set to 20260722
=== Musical_Instruments: load splits ===
  n_users=57,439  n_items=24,587  pad_id=24587
  built sequences for 57,439 users
  built timestamp sequences (12 time buckets)
  loading SBERT embeddings from C:\Users\rayxc\Documents\R\cache_5core\sbert_titles_Musical_Instruments.npy...
  TAPE: k-means 24,587 text embeddings into K=512 prototypes (tau=0.05)...
  TAPE: K=512 mean max-assignment weight = 0.525 (1.0 = hard clustering)

=== Build SASRec-SBERT (d=64, layers=4, heads=2) ===
  total params: 11,186,047  device=cuda
  57,439 training examples / 225 batches per epoch
  init_state_sha256 = 69e830a0c00396d15cfeafa3d4af9c927827556310c38540d3bbb9363d4eb65b
  LR schedule: warmup_cosine (225 warmup + 4275 cosine steps)

=== Train for 20 epochs ===
  evaluating 57,439 users in batches of 512...
    [512/57,439  elapsed 0.1s]
    [5,632/57,439  elapsed 1.0s]
    [10,752/57,439  elapsed 1.9s]
    [15,872/57,439  elapsed 2.8s]
    [20,992/57,439  elapsed 3.9s]
    [26,112/57,439  elapsed 4.8s]
    [31,232/57,439  elapsed 5.7s]
    [36,352/57,439  elapsed 6.7s]
    [41,472/57,439  elapsed 7.6s]
    [46,592/57,439  elapsed 8.5s]
    [51,712/57,439  elapsed 9.4s]
    [56,832/57,439  elapsed 10.3s]
  eval done in 10.4s
  by-popularity NDCG@10: tail=0.0002(n=7,762)  mid=0.0003(n=8,169)  head=0.0362(n=41,508)
  evaluating 57,439 users in batches of 512...
    [512/57,439  elapsed 0.1s]
    [5,632/57,439  elapsed 1.0s]
    [10,752/57,439  elapsed 1.9s]
    [15,872/57,439  elapsed 2.9s]
    [20,992/57,439  elapsed 3.8s]
    [26,112/57,439  elapsed 4.7s]
    [31,232/57,439  elapsed 5.6s]
    [36,352/57,439  elapsed 6.6s]
    [41,472/57,439  elapsed 7.6s]
    [46,592/57,439  elapsed 8.5s]
    [51,712/57,439  elapsed 9.5s]
    [56,832/57,439  elapsed 10.4s]
  eval done in 10.5s
  by-popularity NDCG@10: tail=0.0000(n=8,800)  mid=0.0003(n=8,657)  head=0.0326(n=39,982)
  epoch   1  loss=9.6222  val_NDCG=0.0262  test_NDCG=0.0228  test_HR=0.0437  (5.9s)
  evaluating 57,439 users in batches of 512...
    [512/57,439  elapsed 0.1s]
    [5,632/57,439  elapsed 1.0s]
    [10,752/57,439  elapsed 2.0s]
    [15,872/57,439  elapsed 2.9s]
    [20,992/57,439  elapsed 3.8s]
    [26,112/57,439  elapsed 4.7s]
    [31,232/57,439  elapsed 5.6s]
    [36,352/57,439  elapsed 6.5s]
    [41,472/57,439  elapsed 7.5s]
    [46,592/57,439  elapsed 8.4s]
    [51,712/57,439  elapsed 9.3s]
    [56,832/57,439  elapsed 10.3s]
  eval done in 10.4s
  by-popularity NDCG@10: tail=0.0000(n=7,762)  mid=0.0006(n=8,169)  head=0.0450(n=41,508)
  evaluating 57,439 users in batches of 512...
    [512/57,439  elapsed 0.1s]
    [5,632/57,439  elapsed 1.0s]
    [10,752/57,439  elapsed 2.0s]
    [15,872/57,439  elapsed 2.9s]
    [20,992/57,439  elapsed 4.0s]
    [26,112/57,439  elapsed 4.9s]
    [31,232/57,439  elapsed 5.9s]
    [36,352/57,439  elapsed 6.9s]
    [41,472/57,439  elapsed 7.8s]
    [46,592/57,439  elapsed 8.7s]
    [51,712/57,439  elapsed 9.6s]
    [56,832/57,439  elapsed 10.5s]
  eval done in 10.6s
  by-popularity NDCG@10: tail=0.0001(n=8,800)  mid=0.0004(n=8,657)  head=0.0434(n=39,982)
  epoch   2  loss=9.0994  val_NDCG=0.0326  test_NDCG=0.0303  test_HR=0.0572  (5.7s)
  evaluating 57,439 users in batches of 512...
    [512/57,439  elapsed 0.1s]
    [5,632/57,439  elapsed 1.0s]
    [10,752/57,439  elapsed 2.0s]
    [15,872/57,439  elapsed 2.9s]
    [20,992/57,439  elapsed 3.9s]
    [26,112/57,439  elapsed 4.9s]
    [31,232/57,439  elapsed 5.8s]
    [36,352/57,439  elapsed 6.7s]
    [41,472/57,439  elapsed 7.6s]
    [46,592/57,439  elapsed 8.5s]
    [51,712/57,439  elapsed 9.4s]
    [56,832/57,439  elapsed 10.4s]
  eval done in 10.5s
  by-popularity NDCG@10: tail=0.0000(n=7,762)  mid=0.0007(n=8,169)  head=0.0525(n=41,508)
  evaluating 57,439 users in batches of 512...
    [512/57,439  elapsed 0.1s]
    [5,632/57,439  elapsed 1.0s]
    [10,752/57,439  elapsed 1.9s]
    [15,872/57,439  elapsed 2.8s]
    [20,992/57,439  elapsed 3.7s]
    [26,112/57,439  elapsed 4.6s]
    [31,232/57,439  elapsed 5.5s]
    [36,352/57,439  elapsed 6.4s]
    [41,472/57,439  elapsed 7.3s]
    [46,592/57,439  elapsed 8.2s]
    [51,712/57,439  elapsed 9.1s]
    [56,832/57,439  elapsed 10.1s]
  eval done in 10.2s
  by-popularity NDCG@10: tail=0.0001(n=8,800)  mid=0.0006(n=8,657)  head=0.0501(n=39,982)
  epoch   3  loss=8.9351  val_NDCG=0.0380  test_NDCG=0.0350  test_HR=0.0647  (5.7s)
  evaluating 57,439 users in batches of 512...
    [512/57,439  elapsed 0.1s]
    [5,632/57,439  elapsed 1.0s]
    [10,752/57,439  elapsed 1.9s]
    [15,872/57,439  elapsed 2.8s]
    [20,992/57,439  elapsed 3.7s]
    [26,112/57,439  elapsed 4.6s]
    [31,232/57,439  elapsed 5.5s]
    [36,352/57,439  elapsed 6.4s]
    [41,472/57,439  elapsed 7.3s]
    [46,592/57,439  elapsed 8.2s]
    [51,712/57,439  elapsed 9.1s]
    [56,832/57,439  elapsed 10.0s]
  eval done in 10.1s
  by-popularity NDCG@10: tail=0.0000(n=7,762)  mid=0.0013(n=8,169)  head=0.0568(n=41,508)
  evaluating 57,439 users in batches of 512...
    [512/57,439  elapsed 0.1s]
    [5,632/57,439  elapsed 1.0s]
    [10,752/57,439  elapsed 1.9s]
    [15,872/57,439  elapsed 2.8s]
    [20,992/57,439  elapsed 3.8s]
    [26,112/57,439  elapsed 4.7s]
    [31,232/57,439  elapsed 5.6s]
    [36,352/57,439  elapsed 6.5s]
    [41,472/57,439  elapsed 7.5s]
    [46,592/57,439  elapsed 8.4s]
    [51,712/57,439  elapsed 9.3s]
    [56,832/57,439  elapsed 10.2s]
  eval done in 10.3s
  by-popularity NDCG@10: tail=0.0000(n=8,800)  mid=0.0015(n=8,657)  head=0.0537(n=39,982)
  epoch   4  loss=8.8280  val_NDCG=0.0412  test_NDCG=0.0376  test_HR=0.0687  (5.7s)
  evaluating 57,439 users in batches of 512...
    [512/57,439  elapsed 0.1s]
    [5,632/57,439  elapsed 1.0s]
    [10,752/57,439  elapsed 2.0s]
    [15,872/57,439  elapsed 2.9s]
    [20,992/57,439  elapsed 3.8s]
    [26,112/57,439  elapsed 4.6s]
    [31,232/57,439  elapsed 5.6s]
    [36,352/57,439  elapsed 6.5s]
    [41,472/57,439  elapsed 7.4s]
    [46,592/57,439  elapsed 8.3s]
    [51,712/57,439  elapsed 9.2s]
    [56,832/57,439  elapsed 10.1s]
  eval done in 10.2s
  by-popularity NDCG@10: tail=0.0001(n=7,762)  mid=0.0025(n=8,169)  head=0.0580(n=41,508)
  evaluating 57,439 users in batches of 512...
    [512/57,439  elapsed 0.1s]
    [5,632/57,439  elapsed 1.1s]
    [10,752/57,439  elapsed 2.0s]
    [15,872/57,439  elapsed 2.9s]
    [20,992/57,439  elapsed 3.8s]
    [26,112/57,439  elapsed 4.7s]
    [31,232/57,439  elapsed 5.6s]
    [36,352/57,439  elapsed 6.5s]
    [41,472/57,439  elapsed 7.4s]
    [46,592/57,439  elapsed 8.4s]
    [51,712/57,439  elapsed 9.2s]
    [56,832/57,439  elapsed 10.2s]
  eval done in 10.3s
  by-popularity NDCG@10: tail=0.0002(n=8,800)  mid=0.0020(n=8,657)  head=0.0545(n=39,982)
  epoch   5  loss=8.7465  val_NDCG=0.0423  test_NDCG=0.0383  test_HR=0.0698  (5.6s)
  evaluating 57,439 users in batches of 512...
    [512/57,439  elapsed 0.1s]
    [5,632/57,439  elapsed 1.0s]
    [10,752/57,439  elapsed 1.9s]
    [15,872/57,439  elapsed 2.8s]
    [20,992/57,439  elapsed 3.7s]
    [26,112/57,439  elapsed 4.6s]
    [31,232/57,439  elapsed 5.6s]
    [36,352/57,439  elapsed 6.5s]
    [41,472/57,439  elapsed 7.4s]
    [46,592/57,439  elapsed 8.3s]
    [51,712/57,439  elapsed 9.2s]
    [56,832/57,439  elapsed 10.1s]
  eval done in 10.2s
  by-popularity NDCG@10: tail=0.0003(n=7,762)  mid=0.0035(n=8,169)  head=0.0587(n=41,508)
  evaluating 57,439 users in batches of 512...
    [512/57,439  elapsed 0.1s]
    [5,632/57,439  elapsed 1.0s]
    [10,752/57,439  elapsed 1.9s]
    [15,872/57,439  elapsed 2.8s]
    [20,992/57,439  elapsed 3.7s]
    [26,112/57,439  elapsed 4.6s]
    [31,232/57,439  elapsed 5.5s]
    [36,352/57,439  elapsed 6.4s]
    [41,472/57,439  elapsed 7.3s]
    [46,592/57,439  elapsed 8.2s]
    [51,712/57,439  elapsed 9.1s]
    [56,832/57,439  elapsed 10.0s]
  eval done in 10.2s
  by-popularity NDCG@10: tail=0.0004(n=8,800)  mid=0.0028(n=8,657)  head=0.0555(n=39,982)
  epoch   6  loss=8.6789  val_NDCG=0.0429  test_NDCG=0.0391  test_HR=0.0710  (5.7s)
  evaluating 57,439 users in batches of 512...
    [512/57,439  elapsed 0.1s]
    [5,632/57,439  elapsed 1.0s]
    [10,752/57,439  elapsed 1.9s]
    [15,872/57,439  elapsed 2.8s]
    [20,992/57,439  elapsed 3.8s]
    [26,112/57,439  elapsed 4.7s]
    [31,232/57,439  elapsed 5.5s]
    [36,352/57,439  elapsed 6.5s]
    [41,472/57,439  elapsed 7.4s]
    [46,592/57,439  elapsed 8.3s]
    [51,712/57,439  elapsed 9.2s]
    [56,832/57,439  elapsed 10.1s]
  eval done in 10.3s
  by-popularity NDCG@10: tail=0.0005(n=7,762)  mid=0.0042(n=8,169)  head=0.0603(n=41,508)
  evaluating 57,439 users in batches of 512...
    [512/57,439  elapsed 0.1s]
    [5,632/57,439  elapsed 1.0s]
    [10,752/57,439  elapsed 1.9s]
    [15,872/57,439  elapsed 2.8s]
    [20,992/57,439  elapsed 3.7s]
    [26,112/57,439  elapsed 4.6s]
    [31,232/57,439  elapsed 5.5s]
    [36,352/57,439  elapsed 6.4s]
    [41,472/57,439  elapsed 7.3s]
    [46,592/57,439  elapsed 8.3s]
    [51,712/57,439  elapsed 9.2s]
    [56,832/57,439  elapsed 10.2s]
  eval done in 10.3s
  by-popularity NDCG@10: tail=0.0005(n=8,800)  mid=0.0037(n=8,657)  head=0.0571(n=39,982)
  epoch   7  loss=8.6195  val_NDCG=0.0442  test_NDCG=0.0404  test_HR=0.0733  (5.8s)
  evaluating 57,439 users in batches of 512...
    [512/57,439  elapsed 0.1s]
    [5,632/57,439  elapsed 1.0s]
    [10,752/57,439  elapsed 1.9s]
    [15,872/57,439  elapsed 2.8s]
    [20,992/57,439  elapsed 3.7s]
    [26,112/57,439  elapsed 4.6s]
    [31,232/57,439  elapsed 5.5s]
    [36,352/57,439  elapsed 6.5s]
    [41,472/57,439  elapsed 7.4s]
    [46,592/57,439  elapsed 8.3s]
    [51,712/57,439  elapsed 9.2s]
    [56,832/57,439  elapsed 10.1s]
  eval done in 10.2s
  by-popularity NDCG@10: tail=0.0008(n=7,762)  mid=0.0043(n=8,169)  head=0.0612(n=41,508)
  evaluating 57,439 users in batches of 512...
    [512/57,439  elapsed 0.1s]
    [5,632/57,439  elapsed 1.0s]
    [10,752/57,439  elapsed 1.9s]
    [15,872/57,439  elapsed 2.9s]
    [20,992/57,439  elapsed 3.8s]
    [26,112/57,439  elapsed 4.7s]
    [31,232/57,439  elapsed 5.6s]
    [36,352/57,439  elapsed 6.5s]
    [41,472/57,439  elapsed 7.4s]
    [46,592/57,439  elapsed 8.3s]
    [51,712/57,439  elapsed 9.2s]
    [56,832/57,439  elapsed 10.1s]
  eval done in 10.2s
  by-popularity NDCG@10: tail=0.0007(n=8,800)  mid=0.0045(n=8,657)  head=0.0573(n=39,982)
  epoch   8  loss=8.5671  val_NDCG=0.0450  test_NDCG=0.0406  test_HR=0.0735  (5.7s)
  evaluating 57,439 users in batches of 512...
    [512/57,439  elapsed 0.1s]
    [5,632/57,439  elapsed 1.0s]
    [10,752/57,439  elapsed 1.9s]
    [15,872/57,439  elapsed 2.8s]
    [20,992/57,439  elapsed 3.7s]
    [26,112/57,439  elapsed 4.7s]
    [31,232/57,439  elapsed 5.6s]
    [36,352/57,439  elapsed 6.5s]
    [41,472/57,439  elapsed 7.5s]
    [46,592/57,439  elapsed 8.4s]
    [51,712/57,439  elapsed 9.3s]
    [56,832/57,439  elapsed 10.2s]
  eval done in 10.3s
  by-popularity NDCG@10: tail=0.0010(n=7,762)  mid=0.0053(n=8,169)  head=0.0615(n=41,508)
  evaluating 57,439 users in batches of 512...
    [512/57,439  elapsed 0.1s]
    [5,632/57,439  elapsed 1.0s]
    [10,752/57,439  elapsed 1.9s]
    [15,872/57,439  elapsed 2.8s]
    [20,992/57,439  elapsed 3.7s]
    [26,112/57,439  elapsed 4.6s]
    [31,232/57,439  elapsed 5.5s]
    [36,352/57,439  elapsed 6.4s]
    [41,472/57,439  elapsed 7.3s]
    [46,592/57,439  elapsed 8.2s]
    [51,712/57,439  elapsed 9.1s]
    [56,832/57,439  elapsed 10.0s]
  eval done in 10.1s
  by-popularity NDCG@10: tail=0.0008(n=8,800)  mid=0.0051(n=8,657)  head=0.0576(n=39,982)
  epoch   9  loss=8.5196  val_NDCG=0.0453  test_NDCG=0.0410  test_HR=0.0734  (5.6s)
  evaluating 57,439 users in batches of 512...
    [512/57,439  elapsed 0.1s]
    [5,632/57,439  elapsed 1.2s]
    [10,752/57,439  elapsed 2.3s]
    [15,872/57,439  elapsed 3.4s]
    [20,992/57,439  elapsed 4.5s]
    [26,112/57,439  elapsed 5.6s]
    [31,232/57,439  elapsed 6.6s]
    [36,352/57,439  elapsed 7.7s]
    [41,472/57,439  elapsed 8.6s]
    [46,592/57,439  elapsed 9.5s]
    [51,712/57,439  elapsed 10.4s]
    [56,832/57,439  elapsed 11.3s]
  eval done in 11.4s
  by-popularity NDCG@10: tail=0.0012(n=7,762)  mid=0.0052(n=8,169)  head=0.0610(n=41,508)
  evaluating 57,439 users in batches of 512...
    [512/57,439  elapsed 0.1s]
    [5,632/57,439  elapsed 1.0s]
    [10,752/57,439  elapsed 1.9s]
    [15,872/57,439  elapsed 2.8s]
    [20,992/57,439  elapsed 3.7s]
    [26,112/57,439  elapsed 4.6s]
    [31,232/57,439  elapsed 5.6s]
    [36,352/57,439  elapsed 6.5s]
    [41,472/57,439  elapsed 7.4s]
    [46,592/57,439  elapsed 8.3s]
    [51,712/57,439  elapsed 9.2s]
    [56,832/57,439  elapsed 10.1s]
  eval done in 10.2s
  by-popularity NDCG@10: tail=0.0011(n=8,800)  mid=0.0053(n=8,657)  head=0.0580(n=39,982)
  epoch  10  loss=8.4741  val_NDCG=0.0450  test_NDCG=0.0413  test_HR=0.0743  (5.7s)
  evaluating 57,439 users in batches of 512...
    [512/57,439  elapsed 0.1s]
    [5,632/57,439  elapsed 1.1s]
    [10,752/57,439  elapsed 2.0s]
    [15,872/57,439  elapsed 2.9s]
    [20,992/57,439  elapsed 3.8s]
    [26,112/57,439  elapsed 4.7s]
    [31,232/57,439  elapsed 5.6s]
    [36,352/57,439  elapsed 6.5s]
    [41,472/57,439  elapsed 7.5s]
    [46,592/57,439  elapsed 8.4s]
    [51,712/57,439  elapsed 9.3s]
    [56,832/57,439  elapsed 10.2s]
  eval done in 10.3s
  by-popularity NDCG@10: tail=0.0016(n=7,762)  mid=0.0053(n=8,169)  head=0.0616(n=41,508)
  evaluating 57,439 users in batches of 512...
    [512/57,439  elapsed 0.1s]
    [5,632/57,439  elapsed 1.0s]
    [10,752/57,439  elapsed 1.9s]
    [15,872/57,439  elapsed 2.8s]
    [20,992/57,439  elapsed 3.8s]
    [26,112/57,439  elapsed 4.7s]
    [31,232/57,439  elapsed 5.6s]
    [36,352/57,439  elapsed 6.5s]
    [41,472/57,439  elapsed 7.4s]
    [46,592/57,439  elapsed 8.3s]
    [51,712/57,439  elapsed 9.2s]
    [56,832/57,439  elapsed 10.1s]
  eval done in 10.2s
  by-popularity NDCG@10: tail=0.0014(n=8,800)  mid=0.0057(n=8,657)  head=0.0578(n=39,982)
  epoch  11  loss=8.4360  val_NDCG=0.0455  test_NDCG=0.0413  test_HR=0.0744  (5.6s)
  evaluating 57,439 users in batches of 512...
    [512/57,439  elapsed 0.1s]
    [5,632/57,439  elapsed 1.0s]
    [10,752/57,439  elapsed 2.0s]
    [15,872/57,439  elapsed 2.9s]
    [20,992/57,439  elapsed 3.8s]
    [26,112/57,439  elapsed 4.6s]
    [31,232/57,439  elapsed 5.5s]
    [36,352/57,439  elapsed 6.4s]
    [41,472/57,439  elapsed 7.4s]
    [46,592/57,439  elapsed 8.4s]
    [51,712/57,439  elapsed 9.2s]
    [56,832/57,439  elapsed 10.1s]
  eval done in 10.3s
  by-popularity NDCG@10: tail=0.0016(n=7,762)  mid=0.0059(n=8,169)  head=0.0618(n=41,508)
  evaluating 57,439 users in batches of 512...
    [512/57,439  elapsed 0.1s]
    [5,632/57,439  elapsed 1.0s]
    [10,752/57,439  elapsed 1.9s]
    [15,872/57,439  elapsed 2.9s]
    [20,992/57,439  elapsed 3.8s]
    [26,112/57,439  elapsed 4.6s]
    [31,232/57,439  elapsed 5.5s]
    [36,352/57,439  elapsed 6.4s]
    [41,472/57,439  elapsed 7.3s]
    [46,592/57,439  elapsed 8.2s]
    [51,712/57,439  elapsed 9.1s]
    [56,832/57,439  elapsed 10.0s]
  eval done in 10.1s
  by-popularity NDCG@10: tail=0.0015(n=8,800)  mid=0.0063(n=8,657)  head=0.0580(n=39,982)
  epoch  12  loss=8.3976  val_NDCG=0.0457  test_NDCG=0.0416  test_HR=0.0741  (5.7s)
  evaluating 57,439 users in batches of 512...
    [512/57,439  elapsed 0.1s]
    [5,632/57,439  elapsed 1.1s]
    [10,752/57,439  elapsed 2.0s]
    [15,872/57,439  elapsed 2.9s]
    [20,992/57,439  elapsed 3.8s]
    [26,112/57,439  elapsed 4.8s]
    [31,232/57,439  elapsed 5.7s]
    [36,352/57,439  elapsed 6.6s]
    [41,472/57,439  elapsed 7.5s]
    [46,592/57,439  elapsed 8.4s]
    [51,712/57,439  elapsed 9.4s]
    [56,832/57,439  elapsed 10.3s]
  eval done in 10.4s
  by-popularity NDCG@10: tail=0.0019(n=7,762)  mid=0.0061(n=8,169)  head=0.0611(n=41,508)
  evaluating 57,439 users in batches of 512...
    [512/57,439  elapsed 0.1s]
    [5,632/57,439  elapsed 1.0s]
    [10,752/57,439  elapsed 1.9s]
    [15,872/57,439  elapsed 2.8s]
    [20,992/57,439  elapsed 3.7s]
    [26,112/57,439  elapsed 4.6s]
    [31,232/57,439  elapsed 5.5s]
    [36,352/57,439  elapsed 6.4s]
    [41,472/57,439  elapsed 7.4s]
    [46,592/57,439  elapsed 8.3s]
    [51,712/57,439  elapsed 9.2s]
    [56,832/57,439  elapsed 10.1s]
  eval done in 10.2s
  by-popularity NDCG@10: tail=0.0017(n=8,800)  mid=0.0066(n=8,657)  head=0.0573(n=39,982)
  epoch  13  loss=8.3695  val_NDCG=0.0452  test_NDCG=0.0411  test_HR=0.0740  (5.7s)
  evaluating 57,439 users in batches of 512...
    [512/57,439  elapsed 0.1s]
    [5,632/57,439  elapsed 1.0s]
    [10,752/57,439  elapsed 1.9s]
    [15,872/57,439  elapsed 2.8s]
    [20,992/57,439  elapsed 3.7s]
    [26,112/57,439  elapsed 4.6s]
    [31,232/57,439  elapsed 5.5s]
    [36,352/57,439  elapsed 6.4s]
    [41,472/57,439  elapsed 7.3s]
    [46,592/57,439  elapsed 8.2s]
    [51,712/57,439  elapsed 9.1s]
    [56,832/57,439  elapsed 10.0s]
  eval done in 10.1s
  by-popularity NDCG@10: tail=0.0018(n=7,762)  mid=0.0062(n=8,169)  head=0.0622(n=41,508)
  evaluating 57,439 users in batches of 512...
    [512/57,439  elapsed 0.1s]
    [5,632/57,439  elapsed 1.0s]
    [10,752/57,439  elapsed 1.9s]
    [15,872/57,439  elapsed 2.8s]
    [20,992/57,439  elapsed 3.7s]
    [26,112/57,439  elapsed 4.6s]
    [31,232/57,439  elapsed 5.6s]
    [36,352/57,439  elapsed 6.6s]
    [41,472/57,439  elapsed 7.5s]
    [46,592/57,439  elapsed 8.5s]
    [51,712/57,439  elapsed 9.4s]
    [56,832/57,439  elapsed 10.3s]
  eval done in 10.4s
  by-popularity NDCG@10: tail=0.0017(n=8,800)  mid=0.0066(n=8,657)  head=0.0582(n=39,982)
  epoch  14  loss=8.3417  val_NDCG=0.0461  test_NDCG=0.0418  test_HR=0.0746  (5.6s)
  evaluating 57,439 users in batches of 512...
    [512/57,439  elapsed 0.1s]
    [5,632/57,439  elapsed 1.0s]
    [10,752/57,439  elapsed 2.0s]
    [15,872/57,439  elapsed 2.9s]
    [20,992/57,439  elapsed 3.8s]
    [26,112/57,439  elapsed 4.7s]
    [31,232/57,439  elapsed 5.6s]
    [36,352/57,439  elapsed 6.5s]
    [41,472/57,439  elapsed 7.4s]
    [46,592/57,439  elapsed 8.3s]
    [51,712/57,439  elapsed 9.2s]
    [56,832/57,439  elapsed 10.2s]
  eval done in 10.3s
  by-popularity NDCG@10: tail=0.0020(n=7,762)  mid=0.0062(n=8,169)  head=0.0614(n=41,508)
  evaluating 57,439 users in batches of 512...
    [512/57,439  elapsed 0.1s]
    [5,632/57,439  elapsed 1.0s]
    [10,752/57,439  elapsed 1.9s]
    [15,872/57,439  elapsed 2.8s]
    [20,992/57,439  elapsed 3.7s]
    [26,112/57,439  elapsed 4.6s]
    [31,232/57,439  elapsed 5.5s]
    [36,352/57,439  elapsed 6.4s]
    [41,472/57,439  elapsed 7.3s]
    [46,592/57,439  elapsed 8.2s]
    [51,712/57,439  elapsed 9.2s]
    [56,832/57,439  elapsed 10.0s]
  eval done in 10.2s
  by-popularity NDCG@10: tail=0.0018(n=8,800)  mid=0.0067(n=8,657)  head=0.0578(n=39,982)
  epoch  15  loss=8.3188  val_NDCG=0.0455  test_NDCG=0.0415  test_HR=0.0740  (5.6s)
  evaluating 57,439 users in batches of 512...
    [512/57,439  elapsed 0.1s]
    [5,632/57,439  elapsed 1.0s]
    [10,752/57,439  elapsed 1.9s]
    [15,872/57,439  elapsed 2.8s]
    [20,992/57,439  elapsed 3.7s]
    [26,112/57,439  elapsed 4.7s]
    [31,232/57,439  elapsed 5.6s]
    [36,352/57,439  elapsed 6.5s]
    [41,472/57,439  elapsed 7.4s]
    [46,592/57,439  elapsed 8.3s]
    [51,712/57,439  elapsed 9.2s]
    [56,832/57,439  elapsed 10.1s]
  eval done in 10.2s
  by-popularity NDCG@10: tail=0.0021(n=7,762)  mid=0.0064(n=8,169)  head=0.0618(n=41,508)
  evaluating 57,439 users in batches of 512...
    [512/57,439  elapsed 0.1s]
    [5,632/57,439  elapsed 1.0s]
    [10,752/57,439  elapsed 2.0s]
    [15,872/57,439  elapsed 2.8s]
    [20,992/57,439  elapsed 3.8s]
    [26,112/57,439  elapsed 4.7s]
    [31,232/57,439  elapsed 5.6s]
    [36,352/57,439  elapsed 6.5s]
    [41,472/57,439  elapsed 7.4s]
    [46,592/57,439  elapsed 8.2s]
    [51,712/57,439  elapsed 9.1s]
    [56,832/57,439  elapsed 10.0s]
  eval done in 10.1s
  by-popularity NDCG@10: tail=0.0019(n=8,800)  mid=0.0068(n=8,657)  head=0.0574(n=39,982)
  epoch  16  loss=8.3016  val_NDCG=0.0458  test_NDCG=0.0413  test_HR=0.0741  (5.6s)
  evaluating 57,439 users in batches of 512...
    [512/57,439  elapsed 0.1s]
    [5,632/57,439  elapsed 1.1s]
    [10,752/57,439  elapsed 2.0s]
    [15,872/57,439  elapsed 2.9s]
    [20,992/57,439  elapsed 3.8s]
    [26,112/57,439  elapsed 4.8s]
    [31,232/57,439  elapsed 5.7s]
    [36,352/57,439  elapsed 6.6s]
    [41,472/57,439  elapsed 7.6s]
    [46,592/57,439  elapsed 8.5s]
    [51,712/57,439  elapsed 9.4s]
    [56,832/57,439  elapsed 10.3s]
  eval done in 10.4s
  by-popularity NDCG@10: tail=0.0022(n=7,762)  mid=0.0065(n=8,169)  head=0.0616(n=41,508)
  evaluating 57,439 users in batches of 512...
    [512/57,439  elapsed 0.1s]
    [5,632/57,439  elapsed 1.0s]
    [10,752/57,439  elapsed 1.9s]
    [15,872/57,439  elapsed 2.9s]
    [20,992/57,439  elapsed 3.7s]
    [26,112/57,439  elapsed 4.7s]
    [31,232/57,439  elapsed 5.6s]
    [36,352/57,439  elapsed 6.5s]
    [41,472/57,439  elapsed 7.4s]
    [46,592/57,439  elapsed 8.4s]
    [51,712/57,439  elapsed 9.3s]
    [56,832/57,439  elapsed 10.2s]
  eval done in 10.3s
  by-popularity NDCG@10: tail=0.0019(n=8,800)  mid=0.0069(n=8,657)  head=0.0574(n=39,982)
  epoch  17  loss=8.2855  val_NDCG=0.0458  test_NDCG=0.0413  test_HR=0.0735  (5.7s)
  evaluating 57,439 users in batches of 512...
    [512/57,439  elapsed 0.1s]
    [5,632/57,439  elapsed 1.0s]
    [10,752/57,439  elapsed 1.9s]
    [15,872/57,439  elapsed 2.8s]
    [20,992/57,439  elapsed 3.8s]
    [26,112/57,439  elapsed 4.7s]
    [31,232/57,439  elapsed 5.6s]
    [36,352/57,439  elapsed 6.5s]
    [41,472/57,439  elapsed 7.4s]
    [46,592/57,439  elapsed 8.3s]
    [51,712/57,439  elapsed 9.2s]
    [56,832/57,439  elapsed 10.1s]
  eval done in 10.2s
  by-popularity NDCG@10: tail=0.0023(n=7,762)  mid=0.0065(n=8,169)  head=0.0616(n=41,508)
  evaluating 57,439 users in batches of 512...
    [512/57,439  elapsed 0.1s]
    [5,632/57,439  elapsed 1.0s]
    [10,752/57,439  elapsed 2.0s]
    [15,872/57,439  elapsed 2.9s]
    [20,992/57,439  elapsed 3.8s]
    [26,112/57,439  elapsed 4.7s]
    [31,232/57,439  elapsed 5.6s]
    [36,352/57,439  elapsed 6.5s]
    [41,472/57,439  elapsed 7.4s]
    [46,592/57,439  elapsed 8.3s]
    [51,712/57,439  elapsed 9.2s]
    [56,832/57,439  elapsed 10.2s]
  eval done in 10.3s
  by-popularity NDCG@10: tail=0.0019(n=8,800)  mid=0.0069(n=8,657)  head=0.0573(n=39,982)
  epoch  18  loss=8.2764  val_NDCG=0.0458  test_NDCG=0.0412  test_HR=0.0740  (5.7s)
  evaluating 57,439 users in batches of 512...
    [512/57,439  elapsed 0.1s]
    [5,632/57,439  elapsed 1.0s]
    [10,752/57,439  elapsed 1.9s]
    [15,872/57,439  elapsed 2.8s]
    [20,992/57,439  elapsed 3.7s]
    [26,112/57,439  elapsed 4.6s]
    [31,232/57,439  elapsed 5.5s]
    [36,352/57,439  elapsed 6.5s]
    [41,472/57,439  elapsed 7.4s]
    [46,592/57,439  elapsed 8.3s]
    [51,712/57,439  elapsed 9.2s]
    [56,832/57,439  elapsed 10.1s]
  eval done in 10.2s
  by-popularity NDCG@10: tail=0.0022(n=7,762)  mid=0.0065(n=8,169)  head=0.0616(n=41,508)
  evaluating 57,439 users in batches of 512...
    [512/57,439  elapsed 0.1s]
    [5,632/57,439  elapsed 1.0s]
    [10,752/57,439  elapsed 1.9s]
    [15,872/57,439  elapsed 2.8s]
    [20,992/57,439  elapsed 3.8s]
    [26,112/57,439  elapsed 4.7s]
    [31,232/57,439  elapsed 5.6s]
    [36,352/57,439  elapsed 6.5s]
    [41,472/57,439  elapsed 7.4s]
    [46,592/57,439  elapsed 8.3s]
    [51,712/57,439  elapsed 9.2s]
    [56,832/57,439  elapsed 10.1s]
  eval done in 10.2s
  by-popularity NDCG@10: tail=0.0018(n=8,800)  mid=0.0070(n=8,657)  head=0.0573(n=39,982)
  epoch  19  loss=8.2702  val_NDCG=0.0458  test_NDCG=0.0412  test_HR=0.0739  (5.6s)
  evaluating 57,439 users in batches of 512...
    [512/57,439  elapsed 0.1s]
    [5,632/57,439  elapsed 1.0s]
    [10,752/57,439  elapsed 1.9s]
    [15,872/57,439  elapsed 2.8s]
    [20,992/57,439  elapsed 3.7s]
    [26,112/57,439  elapsed 4.6s]
    [31,232/57,439  elapsed 5.5s]
    [36,352/57,439  elapsed 6.4s]
    [41,472/57,439  elapsed 7.3s]
    [46,592/57,439  elapsed 8.1s]
    [51,712/57,439  elapsed 9.0s]
    [56,832/57,439  elapsed 9.9s]
  eval done in 10.0s
  by-popularity NDCG@10: tail=0.0023(n=7,762)  mid=0.0066(n=8,169)  head=0.0616(n=41,508)
  evaluating 57,439 users in batches of 512...
    [512/57,439  elapsed 0.1s]
    [5,632/57,439  elapsed 1.1s]
    [10,752/57,439  elapsed 2.0s]
    [15,872/57,439  elapsed 2.9s]
    [20,992/57,439  elapsed 3.8s]
    [26,112/57,439  elapsed 4.7s]
    [31,232/57,439  elapsed 5.6s]
    [36,352/57,439  elapsed 6.5s]
    [41,472/57,439  elapsed 7.4s]
    [46,592/57,439  elapsed 8.3s]
    [51,712/57,439  elapsed 9.2s]
    [56,832/57,439  elapsed 10.2s]
  eval done in 10.3s
  by-popularity NDCG@10: tail=0.0018(n=8,800)  mid=0.0070(n=8,657)  head=0.0572(n=39,982)
  epoch  20  loss=8.2673  val_NDCG=0.0458  test_NDCG=0.0412  test_HR=0.0738  (5.7s)

=== Best by val NDCG@10 ===
  val_NDCG=0.0461
  test: {'NDCG@10': 0.041779427690795894, 'HR@10': 0.07456606138686259, 'MRR': 0.038159954747497275, 'n_eval': 57439, 'by_popularity': {'tail': {'NDCG@10': 0.0017140288062952027, 'HR@10': 0.0036363636363636364, 'n': 8800, 'n_hit@10': 32, 'HR@20': 0.006477272727272727, 'n_hit@20': 57, 'HR@50': 0.015454545454545455, 'n_hit@50': 136, 'HR@100': 0.03170454545454546, 'n_hit@100': 279}, 'mid': {'NDCG@10': 0.006550015040800356, 'HR@10': 0.012475453390319972, 'n': 8657, 'n_hit@10': 108, 'HR@20': 0.022178583805013283, 'n_hit@20': 192, 'HR@50': 0.04516576181125101, 'n_hit@50': 391, 'HR@100': 0.07646990874436872, 'n_hit@100': 662}, 'head': {'NDCG@10': 0.05822574191956428, 'HR@10': 0.10362162973338002, 'n': 39982, 'n_hit@10': 4143, 'HR@20': 0.14879195638037115, 'n_hit@20': 5949, 'HR@50': 0.23180431194037318, 'n_hit@50': 9268, 'HR@100': 0.31001450652793755, 'n_hit@100': 12395}}}
wrote C:\Users\rayxc\Documents\R\_bestrec_run\results_MI_HYBRIDV1_base_seed20260722.users.jsonl.gz (57,439 per-user records, best epoch 14, sha256 0c6bb91a1622…)
wrote C:\Users\rayxc\Documents\R\_bestrec_run\results_MI_HYBRIDV1_base_seed20260722.final.users.jsonl.gz (57,439 FINAL-epoch per-user records)

wrote C:\Users\rayxc\Documents\R\_bestrec_run\results_MI_HYBRIDV1_base_seed20260722.json
[run] results_MI_HYBRIDV1_base_seed20260722.fusion.json
=== fusion eval: Musical_Instruments  ckpt=results_MI_HYBRIDV1_base_seed20260722.best.pt ===
  n_users=57,439 n_items=24,587
  ckpt from epoch 14 (val NDCG@10 0.04611)

--- EASE l2=50.0: fit + VAL sweep ---
  EASE l2=50.0: inverted 24587x24587 in 62.3s
    [512/57,439 elapsed 0.3s]
    [10,752/57,439 elapsed 3.0s]
    [20,992/57,439 elapsed 5.6s]
    [31,232/57,439 elapsed 8.2s]
    [41,472/57,439 elapsed 10.8s]
    [51,712/57,439 elapsed 13.4s]
  VAL seq NDCG@10=0.04611  ease=0.03472
    w=0.01: val fused NDCG@10=0.04759
    w=0.02: val fused NDCG@10=0.04799
    w=0.03: val fused NDCG@10=0.04825
    w=0.04: val fused NDCG@10=0.04812
    w=0.05: val fused NDCG@10=0.04774
    w=0.06: val fused NDCG@10=0.04750
    w=0.075: val fused NDCG@10=0.04700
    w=0.1: val fused NDCG@10=0.04622

--- EASE l2=100.0: fit + VAL sweep ---
  EASE l2=100.0: inverted 24587x24587 in 61.8s
    [512/57,439 elapsed 0.2s]
    [10,752/57,439 elapsed 2.8s]
    [20,992/57,439 elapsed 5.4s]
    [31,232/57,439 elapsed 8.0s]
    [41,472/57,439 elapsed 10.7s]
    [51,712/57,439 elapsed 13.4s]
  VAL seq NDCG@10=0.04611  ease=0.03536
    w=0.01: val fused NDCG@10=0.04744
    w=0.02: val fused NDCG@10=0.04824
    w=0.03: val fused NDCG@10=0.04835
    w=0.04: val fused NDCG@10=0.04828
    w=0.05: val fused NDCG@10=0.04817
    w=0.06: val fused NDCG@10=0.04782
    w=0.075: val fused NDCG@10=0.04721
    w=0.1: val fused NDCG@10=0.04640

--- EASE l2=200.0: fit + VAL sweep ---
  EASE l2=200.0: inverted 24587x24587 in 60.8s
    [512/57,439 elapsed 0.2s]
    [10,752/57,439 elapsed 2.7s]
    [20,992/57,439 elapsed 5.3s]
    [31,232/57,439 elapsed 7.9s]
    [41,472/57,439 elapsed 10.6s]
    [51,712/57,439 elapsed 13.2s]
  VAL seq NDCG@10=0.04611  ease=0.03548
    w=0.01: val fused NDCG@10=0.04752
    w=0.02: val fused NDCG@10=0.04813
    w=0.03: val fused NDCG@10=0.04846
    w=0.04: val fused NDCG@10=0.04830
    w=0.05: val fused NDCG@10=0.04799
    w=0.06: val fused NDCG@10=0.04773
    w=0.075: val fused NDCG@10=0.04710
    w=0.1: val fused NDCG@10=0.04621

--- EASE l2=500.0: fit + VAL sweep ---
  EASE l2=500.0: inverted 24587x24587 in 60.9s
    [512/57,439 elapsed 0.2s]
    [10,752/57,439 elapsed 2.9s]
    [20,992/57,439 elapsed 5.9s]
    [31,232/57,439 elapsed 8.8s]
    [41,472/57,439 elapsed 11.4s]
    [51,712/57,439 elapsed 14.1s]
  VAL seq NDCG@10=0.04611  ease=0.03500
    w=0.01: val fused NDCG@10=0.04760
    w=0.02: val fused NDCG@10=0.04823
    w=0.03: val fused NDCG@10=0.04836
    w=0.04: val fused NDCG@10=0.04824
    w=0.05: val fused NDCG@10=0.04796
    w=0.06: val fused NDCG@10=0.04749
    w=0.075: val fused NDCG@10=0.04688
    w=0.1: val fused NDCG@10=0.04575

=== selected on VAL: l2=200.0, w=0.03 (val fused NDCG@10=0.04846) ===
  EASE l2=200.0: inverted 24587x24587 in 60.5s
    [512/57,439 elapsed 0.1s]
    [10,752/57,439 elapsed 2.6s]
    [20,992/57,439 elapsed 5.1s]
    [31,232/57,439 elapsed 7.5s]
    [41,472/57,439 elapsed 9.9s]
    [51,712/57,439 elapsed 12.3s]

TEST seq-only  NDCG@10=0.04178 HR@10=0.07457 MRR=0.03816
TEST ease-only NDCG@10=0.03213 HR@10=0.05676
TEST FUSED (w=0.03) NDCG@10=0.04390 HR@10=0.07749 MRR=0.04003
wrote C:\Users\rayxc\Documents\R\_bestrec_run\results_MI_HYBRIDV1_base_seed20260722.fusion.json
[run] results_MI_HYBRIDV1_base_seed20260723.json
  random seed set to 20260723
=== Musical_Instruments: load splits ===
  n_users=57,439  n_items=24,587  pad_id=24587
  built sequences for 57,439 users
  built timestamp sequences (12 time buckets)
  loading SBERT embeddings from C:\Users\rayxc\Documents\R\cache_5core\sbert_titles_Musical_Instruments.npy...
  TAPE: k-means 24,587 text embeddings into K=512 prototypes (tau=0.05)...
  TAPE: K=512 mean max-assignment weight = 0.525 (1.0 = hard clustering)

=== Build SASRec-SBERT (d=64, layers=4, heads=2) ===
  total params: 11,186,047  device=cuda
  57,439 training examples / 225 batches per epoch
  init_state_sha256 = 9b38737a531fd2ec3e996d92d4fd90bee61685a89ad2890256cfa83893313a89
  LR schedule: warmup_cosine (225 warmup + 4275 cosine steps)

=== Train for 20 epochs ===
  evaluating 57,439 users in batches of 512...
    [512/57,439  elapsed 0.1s]
    [5,632/57,439  elapsed 1.0s]
    [10,752/57,439  elapsed 1.9s]
    [15,872/57,439  elapsed 2.9s]
    [20,992/57,439  elapsed 3.8s]
    [26,112/57,439  elapsed 4.7s]
    [31,232/57,439  elapsed 5.6s]
    [36,352/57,439  elapsed 6.5s]
    [41,472/57,439  elapsed 7.4s]
    [46,592/57,439  elapsed 8.3s]
    [51,712/57,439  elapsed 9.2s]
    [56,832/57,439  elapsed 10.1s]
  eval done in 10.2s
  by-popularity NDCG@10: tail=0.0003(n=7,762)  mid=0.0004(n=8,169)  head=0.0369(n=41,508)
  evaluating 57,439 users in batches of 512...
    [512/57,439  elapsed 0.1s]
    [5,632/57,439  elapsed 1.1s]
    [10,752/57,439  elapsed 2.1s]
    [15,872/57,439  elapsed 3.0s]
    [20,992/57,439  elapsed 3.9s]
    [26,112/57,439  elapsed 4.8s]
    [31,232/57,439  elapsed 5.7s]
    [36,352/57,439  elapsed 6.6s]
    [41,472/57,439  elapsed 7.4s]
    [46,592/57,439  elapsed 8.3s]
    [51,712/57,439  elapsed 9.2s]
    [56,832/57,439  elapsed 10.1s]
  eval done in 10.2s
  by-popularity NDCG@10: tail=0.0002(n=8,800)  mid=0.0003(n=8,657)  head=0.0335(n=39,982)
  epoch   1  loss=9.6295  val_NDCG=0.0268  test_NDCG=0.0234  test_HR=0.0446  (5.9s)
  evaluating 57,439 users in batches of 512...
    [512/57,439  elapsed 0.1s]
    [5,632/57,439  elapsed 1.0s]
    [10,752/57,439  elapsed 1.9s]
    [15,872/57,439  elapsed 2.8s]
    [20,992/57,439  elapsed 3.7s]
    [26,112/57,439  elapsed 4.7s]
    [31,232/57,439  elapsed 5.6s]
    [36,352/57,439  elapsed 6.5s]
    [41,472/57,439  elapsed 7.4s]
    [46,592/57,439  elapsed 8.3s]
    [51,712/57,439  elapsed 9.2s]
    [56,832/57,439  elapsed 10.1s]
  eval done in 10.2s
  by-popularity NDCG@10: tail=0.0000(n=7,762)  mid=0.0002(n=8,169)  head=0.0465(n=41,508)
  evaluating 57,439 users in batches of 512...
    [512/57,439  elapsed 0.1s]
    [5,632/57,439  elapsed 1.0s]
    [10,752/57,439  elapsed 2.0s]
    [15,872/57,439  elapsed 2.9s]
    [20,992/57,439  elapsed 3.8s]
    [26,112/57,439  elapsed 4.7s]
    [31,232/57,439  elapsed 5.6s]
    [36,352/57,439  elapsed 6.5s]
    [41,472/57,439  elapsed 7.5s]
    [46,592/57,439  elapsed 8.4s]
    [51,712/57,439  elapsed 9.3s]
    [56,832/57,439  elapsed 10.3s]
  eval done in 10.4s
  by-popularity NDCG@10: tail=0.0001(n=8,800)  mid=0.0006(n=8,657)  head=0.0445(n=39,982)
  epoch   2  loss=9.0915  val_NDCG=0.0336  test_NDCG=0.0310  test_HR=0.0575  (5.8s)
  evaluating 57,439 users in batches of 512...
    [512/57,439  elapsed 0.1s]
    [5,632/57,439  elapsed 1.1s]
    [10,752/57,439  elapsed 2.0s]
    [15,872/57,439  elapsed 2.9s]
    [20,992/57,439  elapsed 3.9s]
    [26,112/57,439  elapsed 4.8s]
    [31,232/57,439  elapsed 5.7s]
    [36,352/57,439  elapsed 6.6s]
    [41,472/57,439  elapsed 7.5s]
    [46,592/57,439  elapsed 8.5s]
    [51,712/57,439  elapsed 9.4s]
    [56,832/57,439  elapsed 10.4s]
  eval done in 10.5s
  by-popularity NDCG@10: tail=0.0000(n=7,762)  mid=0.0008(n=8,169)  head=0.0526(n=41,508)
  evaluating 57,439 users in batches of 512...
    [512/57,439  elapsed 0.1s]
    [5,632/57,439  elapsed 1.0s]
    [10,752/57,439  elapsed 1.9s]
    [15,872/57,439  elapsed 2.8s]
    [20,992/57,439  elapsed 3.7s]
    [26,112/57,439  elapsed 4.6s]
    [31,232/57,439  elapsed 5.5s]
    [36,352/57,439  elapsed 6.4s]
    [41,472/57,439  elapsed 7.3s]
    [46,592/57,439  elapsed 8.2s]
    [51,712/57,439  elapsed 9.1s]
    [56,832/57,439  elapsed 10.0s]
  eval done in 10.1s
  by-popularity NDCG@10: tail=0.0001(n=8,800)  mid=0.0011(n=8,657)  head=0.0494(n=39,982)
  epoch   3  loss=8.9296  val_NDCG=0.0381  test_NDCG=0.0346  test_HR=0.0641  (5.6s)
  evaluating 57,439 users in batches of 512...
    [512/57,439  elapsed 0.1s]
    [5,632/57,439  elapsed 1.0s]
    [10,752/57,439  elapsed 1.9s]
    [15,872/57,439  elapsed 2.8s]
    [20,992/57,439  elapsed 3.6s]
    [26,112/57,439  elapsed 4.5s]
    [31,232/57,439  elapsed 5.5s]
    [36,352/57,439  elapsed 6.4s]
    [41,472/57,439  elapsed 7.3s]
    [46,592/57,439  elapsed 8.2s]
    [51,712/57,439  elapsed 9.1s]
    [56,832/57,439  elapsed 10.0s]
  eval done in 10.1s
  by-popularity NDCG@10: tail=0.0000(n=7,762)  mid=0.0014(n=8,169)  head=0.0564(n=41,508)
  evaluating 57,439 users in batches of 512...
    [512/57,439  elapsed 0.1s]
    [5,632/57,439  elapsed 1.0s]
    [10,752/57,439  elapsed 1.9s]
    [15,872/57,439  elapsed 2.8s]
    [20,992/57,439  elapsed 3.7s]
    [26,112/57,439  elapsed 4.6s]
    [31,232/57,439  elapsed 5.5s]
    [36,352/57,439  elapsed 6.4s]
    [41,472/57,439  elapsed 7.3s]
    [46,592/57,439  elapsed 8.2s]
    [51,712/57,439  elapsed 9.1s]
    [56,832/57,439  elapsed 10.0s]
  eval done in 10.1s
  by-popularity NDCG@10: tail=0.0001(n=8,800)  mid=0.0014(n=8,657)  head=0.0531(n=39,982)
  epoch   4  loss=8.8228  val_NDCG=0.0410  test_NDCG=0.0372  test_HR=0.0681  (5.6s)
  evaluating 57,439 users in batches of 512...
    [512/57,439  elapsed 0.1s]
    [5,632/57,439  elapsed 1.0s]
    [10,752/57,439  elapsed 1.9s]
    [15,872/57,439  elapsed 2.8s]
    [20,992/57,439  elapsed 3.7s]
    [26,112/57,439  elapsed 4.6s]
    [31,232/57,439  elapsed 5.5s]
    [36,352/57,439  elapsed 6.4s]
    [41,472/57,439  elapsed 7.3s]
    [46,592/57,439  elapsed 8.2s]
    [51,712/57,439  elapsed 9.1s]
    [56,832/57,439  elapsed 10.0s]
  eval done in 10.2s
  by-popularity NDCG@10: tail=0.0001(n=7,762)  mid=0.0025(n=8,169)  head=0.0594(n=41,508)
  evaluating 57,439 users in batches of 512...
    [512/57,439  elapsed 0.1s]
    [5,632/57,439  elapsed 1.0s]
    [10,752/57,439  elapsed 1.9s]
    [15,872/57,439  elapsed 2.8s]
    [20,992/57,439  elapsed 3.7s]
    [26,112/57,439  elapsed 4.6s]
    [31,232/57,439  elapsed 5.5s]
    [36,352/57,439  elapsed 6.4s]
    [41,472/57,439  elapsed 7.3s]
    [46,592/57,439  elapsed 8.2s]
    [51,712/57,439  elapsed 9.1s]
    [56,832/57,439  elapsed 10.0s]
  eval done in 10.1s
  by-popularity NDCG@10: tail=0.0002(n=8,800)  mid=0.0024(n=8,657)  head=0.0550(n=39,982)
  epoch   5  loss=8.7432  val_NDCG=0.0433  test_NDCG=0.0387  test_HR=0.0705  (5.6s)
  evaluating 57,439 users in batches of 512...
    [512/57,439  elapsed 0.1s]
    [5,632/57,439  elapsed 1.0s]
    [10,752/57,439  elapsed 2.0s]
    [15,872/57,439  elapsed 2.9s]
    [20,992/57,439  elapsed 3.8s]
    [26,112/57,439  elapsed 4.8s]
    [31,232/57,439  elapsed 5.7s]
    [36,352/57,439  elapsed 6.6s]
    [41,472/57,439  elapsed 7.5s]
    [46,592/57,439  elapsed 8.4s]
    [51,712/57,439  elapsed 9.3s]
    [56,832/57,439  elapsed 10.2s]
  eval done in 10.3s
  by-popularity NDCG@10: tail=0.0003(n=7,762)  mid=0.0032(n=8,169)  head=0.0607(n=41,508)
  evaluating 57,439 users in batches of 512...
    [512/57,439  elapsed 0.1s]
    [5,632/57,439  elapsed 1.0s]
    [10,752/57,439  elapsed 1.9s]
    [15,872/57,439  elapsed 2.8s]
    [20,992/57,439  elapsed 3.7s]
    [26,112/57,439  elapsed 4.6s]
    [31,232/57,439  elapsed 5.5s]
    [36,352/57,439  elapsed 6.4s]
    [41,472/57,439  elapsed 7.3s]
    [46,592/57,439  elapsed 8.2s]
    [51,712/57,439  elapsed 9.1s]
    [56,832/57,439  elapsed 10.0s]
  eval done in 10.1s
  by-popularity NDCG@10: tail=0.0004(n=8,800)  mid=0.0029(n=8,657)  head=0.0566(n=39,982)
  epoch   6  loss=8.6779  val_NDCG=0.0444  test_NDCG=0.0399  test_HR=0.0725  (5.7s)
  evaluating 57,439 users in batches of 512...
    [512/57,439  elapsed 0.1s]
    [5,632/57,439  elapsed 1.0s]
    [10,752/57,439  elapsed 1.9s]
    [15,872/57,439  elapsed 2.8s]
    [20,992/57,439  elapsed 3.7s]
    [26,112/57,439  elapsed 4.9s]
    [31,232/57,439  elapsed 6.0s]
    [36,352/57,439  elapsed 7.0s]
    [41,472/57,439  elapsed 7.9s]
    [46,592/57,439  elapsed 8.8s]
    [51,712/57,439  elapsed 9.8s]
    [56,832/57,439  elapsed 10.7s]
  eval done in 10.8s
  by-popularity NDCG@10: tail=0.0005(n=7,762)  mid=0.0040(n=8,169)  head=0.0613(n=41,508)
  evaluating 57,439 users in batches of 512...
    [512/57,439  elapsed 0.1s]
    [5,632/57,439  elapsed 1.0s]
    [10,752/57,439  elapsed 1.9s]
    [15,872/57,439  elapsed 2.8s]
    [20,992/57,439  elapsed 3.7s]
    [26,112/57,439  elapsed 4.7s]
    [31,232/57,439  elapsed 5.6s]
    [36,352/57,439  elapsed 6.5s]
    [41,472/57,439  elapsed 7.6s]
    [46,592/57,439  elapsed 8.5s]
    [51,712/57,439  elapsed 9.4s]
    [56,832/57,439  elapsed 10.3s]
  eval done in 10.4s
  by-popularity NDCG@10: tail=0.0006(n=8,800)  mid=0.0039(n=8,657)  head=0.0574(n=39,982)
  epoch   7  loss=8.6216  val_NDCG=0.0449  test_NDCG=0.0407  test_HR=0.0740  (5.7s)
  evaluating 57,439 users in batches of 512...
    [512/57,439  elapsed 0.1s]
    [5,632/57,439  elapsed 1.0s]
    [10,752/57,439  elapsed 1.9s]
    [15,872/57,439  elapsed 2.8s]
    [20,992/57,439  elapsed 3.7s]
    [26,112/57,439  elapsed 4.6s]
    [31,232/57,439  elapsed 5.5s]
    [36,352/57,439  elapsed 6.4s]
    [41,472/57,439  elapsed 7.3s]
    [46,592/57,439  elapsed 8.2s]
    [51,712/57,439  elapsed 9.2s]
    [56,832/57,439  elapsed 10.2s]
  eval done in 10.3s
  by-popularity NDCG@10: tail=0.0008(n=7,762)  mid=0.0048(n=8,169)  head=0.0610(n=41,508)
  evaluating 57,439 users in batches of 512...
    [512/57,439  elapsed 0.1s]
    [5,632/57,439  elapsed 1.0s]
    [10,752/57,439  elapsed 1.9s]
    [15,872/57,439  elapsed 2.8s]
    [20,992/57,439  elapsed 3.7s]
    [26,112/57,439  elapsed 4.6s]
    [31,232/57,439  elapsed 5.6s]
    [36,352/57,439  elapsed 6.6s]
    [41,472/57,439  elapsed 7.7s]
    [46,592/57,439  elapsed 8.7s]
    [51,712/57,439  elapsed 9.9s]
    [56,832/57,439  elapsed 11.0s]
  eval done in 11.1s
  by-popularity NDCG@10: tail=0.0007(n=8,800)  mid=0.0046(n=8,657)  head=0.0576(n=39,982)
  epoch   8  loss=8.5663  val_NDCG=0.0449  test_NDCG=0.0409  test_HR=0.0744  (5.6s)
  evaluating 57,439 users in batches of 512...
    [512/57,439  elapsed 0.1s]
    [5,632/57,439  elapsed 1.0s]
    [10,752/57,439  elapsed 2.0s]
    [15,872/57,439  elapsed 2.9s]
    [20,992/57,439  elapsed 3.8s]
    [26,112/57,439  elapsed 4.7s]
    [31,232/57,439  elapsed 5.5s]
    [36,352/57,439  elapsed 6.4s]
    [41,472/57,439  elapsed 7.3s]
    [46,592/57,439  elapsed 8.2s]
    [51,712/57,439  elapsed 9.1s]
    [56,832/57,439  elapsed 10.0s]
  eval done in 10.1s
  by-popularity NDCG@10: tail=0.0011(n=7,762)  mid=0.0055(n=8,169)  head=0.0619(n=41,508)
  evaluating 57,439 users in batches of 512...
    [512/57,439  elapsed 0.1s]
    [5,632/57,439  elapsed 1.0s]
    [10,752/57,439  elapsed 1.9s]
    [15,872/57,439  elapsed 2.8s]
    [20,992/57,439  elapsed 3.7s]
    [26,112/57,439  elapsed 4.6s]
    [31,232/57,439  elapsed 5.5s]
    [36,352/57,439  elapsed 6.4s]
    [41,472/57,439  elapsed 7.3s]
    [46,592/57,439  elapsed 8.2s]
    [51,712/57,439  elapsed 9.1s]
    [56,832/57,439  elapsed 10.0s]
  eval done in 10.2s
  by-popularity NDCG@10: tail=0.0010(n=8,800)  mid=0.0052(n=8,657)  head=0.0577(n=39,982)
  epoch   9  loss=8.5183  val_NDCG=0.0457  test_NDCG=0.0411  test_HR=0.0742  (5.6s)
  evaluating 57,439 users in batches of 512...
    [512/57,439  elapsed 0.1s]
    [5,632/57,439  elapsed 1.0s]
    [10,752/57,439  elapsed 1.9s]
    [15,872/57,439  elapsed 2.8s]
    [20,992/57,439  elapsed 3.7s]
    [26,112/57,439  elapsed 4.6s]
    [31,232/57,439  elapsed 5.5s]
    [36,352/57,439  elapsed 6.4s]
    [41,472/57,439  elapsed 7.3s]
    [46,592/57,439  elapsed 8.1s]
    [51,712/57,439  elapsed 9.0s]
    [56,832/57,439  elapsed 9.9s]
  eval done in 10.0s
  by-popularity NDCG@10: tail=0.0012(n=7,762)  mid=0.0057(n=8,169)  head=0.0621(n=41,508)
  evaluating 57,439 users in batches of 512...
    [512/57,439  elapsed 0.1s]
    [5,632/57,439  elapsed 1.0s]
    [10,752/57,439  elapsed 1.9s]
    [15,872/57,439  elapsed 2.8s]
    [20,992/57,439  elapsed 3.7s]
    [26,112/57,439  elapsed 4.6s]
    [31,232/57,439  elapsed 5.5s]
    [36,352/57,439  elapsed 6.5s]
    [41,472/57,439  elapsed 7.4s]
    [46,592/57,439  elapsed 8.3s]
    [51,712/57,439  elapsed 9.2s]
    [56,832/57,439  elapsed 10.1s]
  eval done in 10.2s
  by-popularity NDCG@10: tail=0.0012(n=8,800)  mid=0.0058(n=8,657)  head=0.0585(n=39,982)
  epoch  10  loss=8.4747  val_NDCG=0.0459  test_NDCG=0.0418  test_HR=0.0751  (5.7s)
  evaluating 57,439 users in batches of 512...
    [512/57,439  elapsed 0.1s]
    [5,632/57,439  elapsed 1.0s]
    [10,752/57,439  elapsed 2.0s]
    [15,872/57,439  elapsed 2.9s]
    [20,992/57,439  elapsed 3.8s]
    [26,112/57,439  elapsed 4.7s]
    [31,232/57,439  elapsed 5.6s]
    [36,352/57,439  elapsed 6.5s]
    [41,472/57,439  elapsed 7.4s]
    [46,592/57,439  elapsed 8.2s]
    [51,712/57,439  elapsed 9.1s]
    [56,832/57,439  elapsed 10.1s]
  eval done in 10.2s
  by-popularity NDCG@10: tail=0.0016(n=7,762)  mid=0.0063(n=8,169)  head=0.0623(n=41,508)
  evaluating 57,439 users in batches of 512...
    [512/57,439  elapsed 0.1s]
    [5,632/57,439  elapsed 1.0s]
    [10,752/57,439  elapsed 1.9s]
    [15,872/57,439  elapsed 2.8s]
    [20,992/57,439  elapsed 3.7s]
    [26,112/57,439  elapsed 4.7s]
    [31,232/57,439  elapsed 5.6s]
    [36,352/57,439  elapsed 6.5s]
    [41,472/57,439  elapsed 7.4s]
    [46,592/57,439  elapsed 8.3s]
    [51,712/57,439  elapsed 9.3s]
    [56,832/57,439  elapsed 10.2s]
  eval done in 10.3s
  by-popularity NDCG@10: tail=0.0014(n=8,800)  mid=0.0061(n=8,657)  head=0.0574(n=39,982)
  epoch  11  loss=8.4342  val_NDCG=0.0461  test_NDCG=0.0411  test_HR=0.0747  (5.6s)
  evaluating 57,439 users in batches of 512...
    [512/57,439  elapsed 0.1s]
    [5,632/57,439  elapsed 1.0s]
    [10,752/57,439  elapsed 1.9s]
    [15,872/57,439  elapsed 2.8s]
    [20,992/57,439  elapsed 3.7s]
    [26,112/57,439  elapsed 4.8s]
    [31,232/57,439  elapsed 5.7s]
    [36,352/57,439  elapsed 6.6s]
    [41,472/57,439  elapsed 7.5s]
    [46,592/57,439  elapsed 8.4s]
    [51,712/57,439  elapsed 9.4s]
    [56,832/57,439  elapsed 10.3s]
  eval done in 10.4s
  by-popularity NDCG@10: tail=0.0015(n=7,762)  mid=0.0069(n=8,169)  head=0.0627(n=41,508)
  evaluating 57,439 users in batches of 512...
    [512/57,439  elapsed 0.1s]
    [5,632/57,439  elapsed 1.0s]
    [10,752/57,439  elapsed 1.9s]
    [15,872/57,439  elapsed 2.8s]
    [20,992/57,439  elapsed 3.7s]
    [26,112/57,439  elapsed 4.6s]
    [31,232/57,439  elapsed 5.5s]
    [36,352/57,439  elapsed 6.4s]
    [41,472/57,439  elapsed 7.3s]
    [46,592/57,439  elapsed 8.2s]
    [51,712/57,439  elapsed 9.0s]
    [56,832/57,439  elapsed 9.9s]
  eval done in 10.1s
  by-popularity NDCG@10: tail=0.0015(n=8,800)  mid=0.0065(n=8,657)  head=0.0580(n=39,982)
  epoch  12  loss=8.3995  val_NDCG=0.0465  test_NDCG=0.0416  test_HR=0.0753  (5.7s)
  evaluating 57,439 users in batches of 512...
    [512/57,439  elapsed 0.1s]
    [5,632/57,439  elapsed 1.0s]
    [10,752/57,439  elapsed 1.9s]
    [15,872/57,439  elapsed 2.8s]
    [20,992/57,439  elapsed 3.6s]
    [26,112/57,439  elapsed 4.5s]
    [31,232/57,439  elapsed 5.4s]
    [36,352/57,439  elapsed 6.3s]
    [41,472/57,439  elapsed 7.2s]
    [46,592/57,439  elapsed 8.1s]
    [51,712/57,439  elapsed 9.0s]
    [56,832/57,439  elapsed 9.9s]
  eval done in 10.0s
  by-popularity NDCG@10: tail=0.0016(n=7,762)  mid=0.0072(n=8,169)  head=0.0624(n=41,508)
  evaluating 57,439 users in batches of 512...
    [512/57,439  elapsed 0.1s]
    [5,632/57,439  elapsed 1.0s]
    [10,752/57,439  elapsed 1.9s]
    [15,872/57,439  elapsed 2.8s]
    [20,992/57,439  elapsed 3.7s]
    [26,112/57,439  elapsed 4.6s]
    [31,232/57,439  elapsed 5.5s]
    [36,352/57,439  elapsed 6.5s]
    [41,472/57,439  elapsed 7.4s]
    [46,592/57,439  elapsed 8.4s]
    [51,712/57,439  elapsed 9.3s]
    [56,832/57,439  elapsed 10.2s]
  eval done in 10.3s
  by-popularity NDCG@10: tail=0.0015(n=8,800)  mid=0.0068(n=8,657)  head=0.0584(n=39,982)
  epoch  13  loss=8.3692  val_NDCG=0.0463  test_NDCG=0.0419  test_HR=0.0755  (5.7s)
  evaluating 57,439 users in batches of 512...
    [512/57,439  elapsed 0.1s]
    [5,632/57,439  elapsed 1.0s]
    [10,752/57,439  elapsed 1.9s]
    [15,872/57,439  elapsed 2.8s]
    [20,992/57,439  elapsed 3.7s]
    [26,112/57,439  elapsed 4.6s]
    [31,232/57,439  elapsed 5.5s]
    [36,352/57,439  elapsed 6.4s]
    [41,472/57,439  elapsed 7.3s]
    [46,592/57,439  elapsed 8.2s]
    [51,712/57,439  elapsed 9.1s]
    [56,832/57,439  elapsed 9.9s]
  eval done in 10.1s
  by-popularity NDCG@10: tail=0.0017(n=7,762)  mid=0.0074(n=8,169)  head=0.0625(n=41,508)
  evaluating 57,439 users in batches of 512...
    [512/57,439  elapsed 0.1s]
    [5,632/57,439  elapsed 1.0s]
    [10,752/57,439  elapsed 1.9s]
    [15,872/57,439  elapsed 3.0s]
    [20,992/57,439  elapsed 3.9s]
    [26,112/57,439  elapsed 4.8s]
    [31,232/57,439  elapsed 5.7s]
    [36,352/57,439  elapsed 6.6s]
    [41,472/57,439  elapsed 7.5s]
    [46,592/57,439  elapsed 8.4s]
    [51,712/57,439  elapsed 9.3s]
    [56,832/57,439  elapsed 10.2s]
  eval done in 10.3s
  by-popularity NDCG@10: tail=0.0017(n=8,800)  mid=0.0069(n=8,657)  head=0.0584(n=39,982)
  epoch  14  loss=8.3424  val_NDCG=0.0465  test_NDCG=0.0420  test_HR=0.0757  (5.6s)
  evaluating 57,439 users in batches of 512...
    [512/57,439  elapsed 0.1s]
    [5,632/57,439  elapsed 1.0s]
    [10,752/57,439  elapsed 1.9s]
    [15,872/57,439  elapsed 2.8s]
    [20,992/57,439  elapsed 3.7s]
    [26,112/57,439  elapsed 4.6s]
    [31,232/57,439  elapsed 5.5s]
    [36,352/57,439  elapsed 6.4s]
    [41,472/57,439  elapsed 7.4s]
    [46,592/57,439  elapsed 8.2s]
    [51,712/57,439  elapsed 9.2s]
    [56,832/57,439  elapsed 10.0s]
  eval done in 10.2s
  by-popularity NDCG@10: tail=0.0017(n=7,762)  mid=0.0077(n=8,169)  head=0.0624(n=41,508)
  evaluating 57,439 users in batches of 512...
    [512/57,439  elapsed 0.1s]
    [5,632/57,439  elapsed 1.0s]
    [10,752/57,439  elapsed 1.9s]
    [15,872/57,439  elapsed 2.8s]
    [20,992/57,439  elapsed 3.7s]
    [26,112/57,439  elapsed 4.7s]
    [31,232/57,439  elapsed 5.6s]
    [36,352/57,439  elapsed 6.5s]
    [41,472/57,439  elapsed 7.4s]
    [46,592/57,439  elapsed 8.2s]
    [51,712/57,439  elapsed 9.2s]
    [56,832/57,439  elapsed 10.1s]
  eval done in 10.2s
  by-popularity NDCG@10: tail=0.0017(n=8,800)  mid=0.0071(n=8,657)  head=0.0584(n=39,982)
  epoch  15  loss=8.3169  val_NDCG=0.0464  test_NDCG=0.0420  test_HR=0.0755  (5.7s)
  evaluating 57,439 users in batches of 512...
    [512/57,439  elapsed 0.1s]
    [5,632/57,439  elapsed 1.1s]
    [10,752/57,439  elapsed 2.0s]
    [15,872/57,439  elapsed 2.9s]
    [20,992/57,439  elapsed 3.8s]
    [26,112/57,439  elapsed 4.7s]
    [31,232/57,439  elapsed 5.6s]
    [36,352/57,439  elapsed 6.5s]
    [41,472/57,439  elapsed 7.4s]
    [46,592/57,439  elapsed 8.3s]
    [51,712/57,439  elapsed 9.2s]
    [56,832/57,439  elapsed 10.1s]
  eval done in 10.2s
  by-popularity NDCG@10: tail=0.0019(n=7,762)  mid=0.0080(n=8,169)  head=0.0621(n=41,508)
  evaluating 57,439 users in batches of 512...
    [512/57,439  elapsed 0.1s]
    [5,632/57,439  elapsed 1.0s]
    [10,752/57,439  elapsed 2.0s]
    [15,872/57,439  elapsed 2.9s]
    [20,992/57,439  elapsed 3.8s]
    [26,112/57,439  elapsed 4.7s]
    [31,232/57,439  elapsed 5.6s]
    [36,352/57,439  elapsed 6.5s]
    [41,472/57,439  elapsed 7.4s]
    [46,592/57,439  elapsed 8.3s]
    [51,712/57,439  elapsed 9.2s]
    [56,832/57,439  elapsed 10.2s]
  eval done in 10.3s
  by-popularity NDCG@10: tail=0.0018(n=8,800)  mid=0.0072(n=8,657)  head=0.0581(n=39,982)
  epoch  16  loss=8.2998  val_NDCG=0.0463  test_NDCG=0.0418  test_HR=0.0752  (5.6s)
  evaluating 57,439 users in batches of 512...
    [512/57,439  elapsed 0.1s]
    [5,632/57,439  elapsed 1.0s]
    [10,752/57,439  elapsed 1.9s]
    [15,872/57,439  elapsed 2.7s]
    [20,992/57,439  elapsed 3.6s]
    [26,112/57,439  elapsed 4.5s]
    [31,232/57,439  elapsed 5.4s]
    [36,352/57,439  elapsed 6.3s]
    [41,472/57,439  elapsed 7.2s]
    [46,592/57,439  elapsed 8.1s]
    [51,712/57,439  elapsed 9.0s]
    [56,832/57,439  elapsed 9.9s]
  eval done in 10.0s
  by-popularity NDCG@10: tail=0.0019(n=7,762)  mid=0.0078(n=8,169)  head=0.0623(n=41,508)
  evaluating 57,439 users in batches of 512...
    [512/57,439  elapsed 0.1s]
    [5,632/57,439  elapsed 1.0s]
    [10,752/57,439  elapsed 1.9s]
    [15,872/57,439  elapsed 2.8s]
    [20,992/57,439  elapsed 3.7s]
    [26,112/57,439  elapsed 4.6s]
    [31,232/57,439  elapsed 5.5s]
    [36,352/57,439  elapsed 6.4s]
    [41,472/57,439  elapsed 7.3s]
    [46,592/57,439  elapsed 8.2s]
    [51,712/57,439  elapsed 9.1s]
    [56,832/57,439  elapsed 10.0s]
  eval done in 10.1s
  by-popularity NDCG@10: tail=0.0017(n=8,800)  mid=0.0074(n=8,657)  head=0.0581(n=39,982)
  epoch  17  loss=8.2861  val_NDCG=0.0464  test_NDCG=0.0418  test_HR=0.0750  (5.6s)
  evaluating 57,439 users in batches of 512...
    [512/57,439  elapsed 0.1s]
    [5,632/57,439  elapsed 1.0s]
    [10,752/57,439  elapsed 1.9s]
    [15,872/57,439  elapsed 2.7s]
    [20,992/57,439  elapsed 3.6s]
    [26,112/57,439  elapsed 4.5s]
    [31,232/57,439  elapsed 5.4s]
    [36,352/57,439  elapsed 6.3s]
    [41,472/57,439  elapsed 7.2s]
    [46,592/57,439  elapsed 8.1s]
    [51,712/57,439  elapsed 9.0s]
    [56,832/57,439  elapsed 9.9s]
  eval done in 10.1s
  by-popularity NDCG@10: tail=0.0020(n=7,762)  mid=0.0078(n=8,169)  head=0.0623(n=41,508)
  evaluating 57,439 users in batches of 512...
    [512/57,439  elapsed 0.1s]
    [5,632/57,439  elapsed 1.0s]
    [10,752/57,439  elapsed 1.9s]
    [15,872/57,439  elapsed 2.8s]
    [20,992/57,439  elapsed 3.7s]
    [26,112/57,439  elapsed 4.6s]
    [31,232/57,439  elapsed 5.5s]
    [36,352/57,439  elapsed 6.4s]
    [41,472/57,439  elapsed 7.3s]
    [46,592/57,439  elapsed 8.2s]
    [51,712/57,439  elapsed 9.1s]
    [56,832/57,439  elapsed 10.0s]
  eval done in 10.1s
  by-popularity NDCG@10: tail=0.0017(n=8,800)  mid=0.0074(n=8,657)  head=0.0582(n=39,982)
  epoch  18  loss=8.2758  val_NDCG=0.0464  test_NDCG=0.0419  test_HR=0.0752  (5.7s)
  evaluating 57,439 users in batches of 512...
    [512/57,439  elapsed 0.1s]
    [5,632/57,439  elapsed 1.0s]
    [10,752/57,439  elapsed 1.9s]
    [15,872/57,439  elapsed 2.8s]
    [20,992/57,439  elapsed 3.8s]
    [26,112/57,439  elapsed 4.7s]
    [31,232/57,439  elapsed 5.6s]
    [36,352/57,439  elapsed 6.5s]
    [41,472/57,439  elapsed 7.4s]
    [46,592/57,439  elapsed 8.3s]
    [51,712/57,439  elapsed 9.2s]
    [56,832/57,439  elapsed 10.1s]
  eval done in 10.2s
  by-popularity NDCG@10: tail=0.0020(n=7,762)  mid=0.0078(n=8,169)  head=0.0623(n=41,508)
  evaluating 57,439 users in batches of 512...
    [512/57,439  elapsed 0.1s]
    [5,632/57,439  elapsed 1.0s]
    [10,752/57,439  elapsed 1.9s]
    [15,872/57,439  elapsed 2.8s]
    [20,992/57,439  elapsed 3.7s]
    [26,112/57,439  elapsed 4.6s]
    [31,232/57,439  elapsed 5.5s]
    [36,352/57,439  elapsed 6.3s]
    [41,472/57,439  elapsed 7.2s]
    [46,592/57,439  elapsed 8.1s]
    [51,712/57,439  elapsed 9.0s]
    [56,832/57,439  elapsed 9.9s]
  eval done in 10.0s
  by-popularity NDCG@10: tail=0.0017(n=8,800)  mid=0.0074(n=8,657)  head=0.0581(n=39,982)
  epoch  19  loss=8.2693  val_NDCG=0.0464  test_NDCG=0.0418  test_HR=0.0750  (5.7s)
  evaluating 57,439 users in batches of 512...
    [512/57,439  elapsed 0.1s]
    [5,632/57,439  elapsed 1.0s]
    [10,752/57,439  elapsed 1.9s]
    [15,872/57,439  elapsed 2.9s]
    [20,992/57,439  elapsed 3.8s]
    [26,112/57,439  elapsed 4.7s]
    [31,232/57,439  elapsed 5.7s]
    [36,352/57,439  elapsed 6.7s]
    [41,472/57,439  elapsed 7.7s]
    [46,592/57,439  elapsed 8.9s]
    [51,712/57,439  elapsed 9.8s]
    [56,832/57,439  elapsed 10.8s]
  eval done in 11.0s
  by-popularity NDCG@10: tail=0.0020(n=7,762)  mid=0.0078(n=8,169)  head=0.0623(n=41,508)
  evaluating 57,439 users in batches of 512...
    [512/57,439  elapsed 0.1s]
    [5,632/57,439  elapsed 1.2s]
    [10,752/57,439  elapsed 2.1s]
    [15,872/57,439  elapsed 3.1s]
    [20,992/57,439  elapsed 4.0s]
    [26,112/57,439  elapsed 4.9s]
    [31,232/57,439  elapsed 5.9s]
    [36,352/57,439  elapsed 6.8s]
    [41,472/57,439  elapsed 7.8s]
    [46,592/57,439  elapsed 8.6s]
    [51,712/57,439  elapsed 9.6s]
    [56,832/57,439  elapsed 10.5s]
  eval done in 10.6s
  by-popularity NDCG@10: tail=0.0017(n=8,800)  mid=0.0075(n=8,657)  head=0.0581(n=39,982)
  epoch  20  loss=8.2668  val_NDCG=0.0464  test_NDCG=0.0418  test_HR=0.0751  (5.7s)

=== Best by val NDCG@10 ===
  val_NDCG=0.0465
  test: {'NDCG@10': 0.04197109496733489, 'HR@10': 0.07569769668692004, 'MRR': 0.03801106126989051, 'n_eval': 57439, 'by_popularity': {'tail': {'NDCG@10': 0.001665421194139042, 'HR@10': 0.003409090909090909, 'n': 8800, 'n_hit@10': 30, 'HR@20': 0.006363636363636364, 'n_hit@20': 56, 'HR@50': 0.017272727272727273, 'n_hit@50': 152, 'HR@100': 0.0325, 'n_hit@100': 286}, 'mid': {'NDCG@10': 0.006858886063498127, 'HR@10': 0.013284047591544414, 'n': 8657, 'n_hit@10': 115, 'HR@20': 0.021716529975742173, 'n_hit@20': 188, 'HR@50': 0.045858842555157674, 'n_hit@50': 397, 'HR@100': 0.07739401640291094, 'n_hit@100': 670}, 'head': {'NDCG@10': 0.058444916229018616, 'HR@10': 0.10512230503726677, 'n': 39982, 'n_hit@10': 4203, 'HR@20': 0.1498174178380271, 'n_hit@20': 5990, 'HR@50': 0.23002851283077386, 'n_hit@50': 9197, 'HR@100': 0.30788854984743136, 'n_hit@100': 12310}}}
wrote C:\Users\rayxc\Documents\R\_bestrec_run\results_MI_HYBRIDV1_base_seed20260723.users.jsonl.gz (57,439 per-user records, best epoch 14, sha256 5961a5ac9c0d…)
wrote C:\Users\rayxc\Documents\R\_bestrec_run\results_MI_HYBRIDV1_base_seed20260723.final.users.jsonl.gz (57,439 FINAL-epoch per-user records)

wrote C:\Users\rayxc\Documents\R\_bestrec_run\results_MI_HYBRIDV1_base_seed20260723.json
[run] results_MI_HYBRIDV1_base_seed20260723.fusion.json
=== fusion eval: Musical_Instruments  ckpt=results_MI_HYBRIDV1_base_seed20260723.best.pt ===
  n_users=57,439 n_items=24,587
  ckpt from epoch 14 (val NDCG@10 0.04647)

--- EASE l2=50.0: fit + VAL sweep ---
  EASE l2=50.0: inverted 24587x24587 in 61.5s
    [512/57,439 elapsed 0.3s]
    [10,752/57,439 elapsed 3.0s]
    [20,992/57,439 elapsed 5.7s]
    [31,232/57,439 elapsed 8.3s]
    [41,472/57,439 elapsed 10.9s]
    [51,712/57,439 elapsed 13.5s]
  VAL seq NDCG@10=0.04647  ease=0.03472
    w=0.01: val fused NDCG@10=0.04794
    w=0.02: val fused NDCG@10=0.04844
    w=0.03: val fused NDCG@10=0.04875
    w=0.04: val fused NDCG@10=0.04861
    w=0.05: val fused NDCG@10=0.04835
    w=0.06: val fused NDCG@10=0.04802
    w=0.075: val fused NDCG@10=0.04754
    w=0.1: val fused NDCG@10=0.04653

--- EASE l2=100.0: fit + VAL sweep ---
  EASE l2=100.0: inverted 24587x24587 in 61.0s
    [512/57,439 elapsed 0.2s]
    [10,752/57,439 elapsed 2.8s]
    [20,992/57,439 elapsed 5.5s]
    [31,232/57,439 elapsed 8.2s]
    [41,472/57,439 elapsed 10.8s]
    [51,712/57,439 elapsed 13.5s]
  VAL seq NDCG@10=0.04647  ease=0.03536
    w=0.01: val fused NDCG@10=0.04802
    w=0.02: val fused NDCG@10=0.04841
    w=0.03: val fused NDCG@10=0.04878
    w=0.04: val fused NDCG@10=0.04867
    w=0.05: val fused NDCG@10=0.04846
    w=0.06: val fused NDCG@10=0.04799
    w=0.075: val fused NDCG@10=0.04743
    w=0.1: val fused NDCG@10=0.04660

--- EASE l2=200.0: fit + VAL sweep ---
  EASE l2=200.0: inverted 24587x24587 in 60.9s
    [512/57,439 elapsed 0.2s]
    [10,752/57,439 elapsed 2.8s]
    [20,992/57,439 elapsed 5.5s]
    [31,232/57,439 elapsed 8.2s]
    [41,472/57,439 elapsed 10.9s]
    [51,712/57,439 elapsed 13.5s]
  VAL seq NDCG@10=0.04647  ease=0.03548
    w=0.01: val fused NDCG@10=0.04807
    w=0.02: val fused NDCG@10=0.04848
    w=0.03: val fused NDCG@10=0.04861
    w=0.04: val fused NDCG@10=0.04856
    w=0.05: val fused NDCG@10=0.04827
    w=0.06: val fused NDCG@10=0.04800
    w=0.075: val fused NDCG@10=0.04752
    w=0.1: val fused NDCG@10=0.04646

--- EASE l2=500.0: fit + VAL sweep ---
  EASE l2=500.0: inverted 24587x24587 in 61.0s
    [512/57,439 elapsed 0.2s]
    [10,752/57,439 elapsed 2.9s]
    [20,992/57,439 elapsed 5.5s]
    [31,232/57,439 elapsed 8.2s]
    [41,472/57,439 elapsed 10.9s]
    [51,712/57,439 elapsed 13.5s]
  VAL seq NDCG@10=0.04647  ease=0.03500
    w=0.01: val fused NDCG@10=0.04805
    w=0.02: val fused NDCG@10=0.04847
    w=0.03: val fused NDCG@10=0.04860
    w=0.04: val fused NDCG@10=0.04837
    w=0.05: val fused NDCG@10=0.04809
    w=0.06: val fused NDCG@10=0.04781
    w=0.075: val fused NDCG@10=0.04709
    w=0.1: val fused NDCG@10=0.04597

=== selected on VAL: l2=100.0, w=0.03 (val fused NDCG@10=0.04878) ===
  EASE l2=100.0: inverted 24587x24587 in 60.9s
    [512/57,439 elapsed 0.2s]
    [10,752/57,439 elapsed 2.7s]
    [20,992/57,439 elapsed 5.2s]
    [31,232/57,439 elapsed 7.8s]
    [41,472/57,439 elapsed 10.6s]
    [51,712/57,439 elapsed 13.4s]

TEST seq-only  NDCG@10=0.04197 HR@10=0.07570 MRR=0.03801
TEST ease-only NDCG@10=0.03221 HR@10=0.05639
TEST FUSED (w=0.03) NDCG@10=0.04437 HR@10=0.07878 MRR=0.04023
wrote C:\Users\rayxc\Documents\R\_bestrec_run\results_MI_HYBRIDV1_base_seed20260723.fusion.json
[run] results_MI_HYBRIDV1_base_seed20260724.json
  random seed set to 20260724
=== Musical_Instruments: load splits ===
  n_users=57,439  n_items=24,587  pad_id=24587
  built sequences for 57,439 users
  built timestamp sequences (12 time buckets)
  loading SBERT embeddings from C:\Users\rayxc\Documents\R\cache_5core\sbert_titles_Musical_Instruments.npy...
  TAPE: k-means 24,587 text embeddings into K=512 prototypes (tau=0.05)...
  TAPE: K=512 mean max-assignment weight = 0.525 (1.0 = hard clustering)

=== Build SASRec-SBERT (d=64, layers=4, heads=2) ===
  total params: 11,186,047  device=cuda
  57,439 training examples / 225 batches per epoch
  init_state_sha256 = 6ec0268bd3c2c78daae6c2331b5c5a7e333c9fabfbe6428c8c43c13ed992bfa2
  LR schedule: warmup_cosine (225 warmup + 4275 cosine steps)

=== Train for 20 epochs ===
  evaluating 57,439 users in batches of 512...
    [512/57,439  elapsed 0.1s]
    [5,632/57,439  elapsed 1.0s]
    [10,752/57,439  elapsed 1.9s]
    [15,872/57,439  elapsed 2.8s]
    [20,992/57,439  elapsed 3.7s]
    [26,112/57,439  elapsed 4.6s]
    [31,232/57,439  elapsed 5.5s]
    [36,352/57,439  elapsed 6.4s]
    [41,472/57,439  elapsed 7.3s]
    [46,592/57,439  elapsed 8.2s]
    [51,712/57,439  elapsed 9.2s]
    [56,832/57,439  elapsed 10.1s]
  eval done in 10.2s
  by-popularity NDCG@10: tail=0.0004(n=7,762)  mid=0.0003(n=8,169)  head=0.0364(n=41,508)
  evaluating 57,439 users in batches of 512...
    [512/57,439  elapsed 0.1s]
    [5,632/57,439  elapsed 1.1s]
    [10,752/57,439  elapsed 2.0s]
    [15,872/57,439  elapsed 2.9s]
    [20,992/57,439  elapsed 3.9s]
    [26,112/57,439  elapsed 4.8s]
    [31,232/57,439  elapsed 5.7s]
    [36,352/57,439  elapsed 6.6s]
    [41,472/57,439  elapsed 7.6s]
    [46,592/57,439  elapsed 8.5s]
    [51,712/57,439  elapsed 9.5s]
    [56,832/57,439  elapsed 10.4s]
  eval done in 10.5s
  by-popularity NDCG@10: tail=0.0001(n=8,800)  mid=0.0002(n=8,657)  head=0.0342(n=39,982)
  epoch   1  loss=9.6228  val_NDCG=0.0264  test_NDCG=0.0238  test_HR=0.0446  (5.9s)
  evaluating 57,439 users in batches of 512...
    [512/57,439  elapsed 0.1s]
    [5,632/57,439  elapsed 1.1s]
    [10,752/57,439  elapsed 2.0s]
    [15,872/57,439  elapsed 2.9s]
    [20,992/57,439  elapsed 3.8s]
    [26,112/57,439  elapsed 4.8s]
    [31,232/57,439  elapsed 5.8s]
    [36,352/57,439  elapsed 6.7s]
    [41,472/57,439  elapsed 7.6s]
    [46,592/57,439  elapsed 8.5s]
    [51,712/57,439  elapsed 9.4s]
    [56,832/57,439  elapsed 10.3s]
  eval done in 10.4s
  by-popularity NDCG@10: tail=0.0000(n=7,762)  mid=0.0004(n=8,169)  head=0.0458(n=41,508)
  evaluating 57,439 users in batches of 512...
    [512/57,439  elapsed 0.1s]
    [5,632/57,439  elapsed 1.0s]
    [10,752/57,439  elapsed 1.9s]
    [15,872/57,439  elapsed 2.8s]
    [20,992/57,439  elapsed 3.7s]
    [26,112/57,439  elapsed 4.7s]
    [31,232/57,439  elapsed 5.6s]
    [36,352/57,439  elapsed 6.5s]
    [41,472/57,439  elapsed 7.4s]
    [46,592/57,439  elapsed 8.3s]
    [51,712/57,439  elapsed 9.2s]
    [56,832/57,439  elapsed 10.1s]
  eval done in 10.3s
  by-popularity NDCG@10: tail=0.0000(n=8,800)  mid=0.0005(n=8,657)  head=0.0432(n=39,982)
  epoch   2  loss=9.0965  val_NDCG=0.0331  test_NDCG=0.0302  test_HR=0.0564  (5.7s)
  evaluating 57,439 users in batches of 512...
    [512/57,439  elapsed 0.1s]
    [5,632/57,439  elapsed 1.0s]
    [10,752/57,439  elapsed 1.9s]
    [15,872/57,439  elapsed 2.8s]
    [20,992/57,439  elapsed 3.7s]
    [26,112/57,439  elapsed 4.7s]
    [31,232/57,439  elapsed 5.6s]
    [36,352/57,439  elapsed 6.5s]
    [41,472/57,439  elapsed 7.4s]
    [46,592/57,439  elapsed 8.3s]
    [51,712/57,439  elapsed 9.2s]
    [56,832/57,439  elapsed 10.1s]
  eval done in 10.2s
  by-popularity NDCG@10: tail=0.0000(n=7,762)  mid=0.0012(n=8,169)  head=0.0534(n=41,508)
  evaluating 57,439 users in batches of 512...
    [512/57,439  elapsed 0.1s]
    [5,632/57,439  elapsed 1.0s]
    [10,752/57,439  elapsed 1.9s]
    [15,872/57,439  elapsed 2.8s]
    [20,992/57,439  elapsed 3.7s]
    [26,112/57,439  elapsed 4.7s]
    [31,232/57,439  elapsed 5.6s]
    [36,352/57,439  elapsed 6.6s]
    [41,472/57,439  elapsed 7.5s]
    [46,592/57,439  elapsed 8.4s]
    [51,712/57,439  elapsed 9.4s]
    [56,832/57,439  elapsed 10.4s]
  eval done in 10.5s
  by-popularity NDCG@10: tail=0.0001(n=8,800)  mid=0.0011(n=8,657)  head=0.0504(n=39,982)
  epoch   3  loss=8.9356  val_NDCG=0.0387  test_NDCG=0.0353  test_HR=0.0652  (5.7s)
  evaluating 57,439 users in batches of 512...
    [512/57,439  elapsed 0.1s]
    [5,632/57,439  elapsed 1.0s]
    [10,752/57,439  elapsed 2.0s]
    [15,872/57,439  elapsed 2.9s]
    [20,992/57,439  elapsed 3.8s]
    [26,112/57,439  elapsed 4.7s]
    [31,232/57,439  elapsed 5.7s]
    [36,352/57,439  elapsed 6.6s]
    [41,472/57,439  elapsed 7.5s]
    [46,592/57,439  elapsed 8.4s]
    [51,712/57,439  elapsed 9.3s]
    [56,832/57,439  elapsed 10.2s]
  eval done in 10.3s
  by-popularity NDCG@10: tail=0.0001(n=7,762)  mid=0.0019(n=8,169)  head=0.0565(n=41,508)
  evaluating 57,439 users in batches of 512...
    [512/57,439  elapsed 0.1s]
    [5,632/57,439  elapsed 1.0s]
    [10,752/57,439  elapsed 2.0s]
    [15,872/57,439  elapsed 3.0s]
    [20,992/57,439  elapsed 3.9s]
    [26,112/57,439  elapsed 4.8s]
    [31,232/57,439  elapsed 5.7s]
    [36,352/57,439  elapsed 6.6s]
    [41,472/57,439  elapsed 7.5s]
    [46,592/57,439  elapsed 8.4s]
    [51,712/57,439  elapsed 9.3s]
    [56,832/57,439  elapsed 10.2s]
  eval done in 10.4s
  by-popularity NDCG@10: tail=0.0001(n=8,800)  mid=0.0017(n=8,657)  head=0.0532(n=39,982)
  epoch   4  loss=8.8279  val_NDCG=0.0411  test_NDCG=0.0373  test_HR=0.0685  (5.7s)
  evaluating 57,439 users in batches of 512...
    [512/57,439  elapsed 0.1s]
    [5,632/57,439  elapsed 1.0s]
    [10,752/57,439  elapsed 2.0s]
    [15,872/57,439  elapsed 2.9s]
    [20,992/57,439  elapsed 3.8s]
    [26,112/57,439  elapsed 4.7s]
    [31,232/57,439  elapsed 5.6s]
    [36,352/57,439  elapsed 6.6s]
    [41,472/57,439  elapsed 7.5s]
    [46,592/57,439  elapsed 8.4s]
    [51,712/57,439  elapsed 9.3s]
    [56,832/57,439  elapsed 10.2s]
  eval done in 10.3s
  by-popularity NDCG@10: tail=0.0001(n=7,762)  mid=0.0024(n=8,169)  head=0.0580(n=41,508)
  evaluating 57,439 users in batches of 512...
    [512/57,439  elapsed 0.1s]
    [5,632/57,439  elapsed 1.0s]
    [10,752/57,439  elapsed 1.9s]
    [15,872/57,439  elapsed 2.8s]
    [20,992/57,439  elapsed 3.7s]
    [26,112/57,439  elapsed 4.6s]
    [31,232/57,439  elapsed 5.5s]
    [36,352/57,439  elapsed 6.4s]
    [41,472/57,439  elapsed 7.4s]
    [46,592/57,439  elapsed 8.2s]
    [51,712/57,439  elapsed 9.2s]
    [56,832/57,439  elapsed 10.1s]
  eval done in 10.2s
  by-popularity NDCG@10: tail=0.0002(n=8,800)  mid=0.0020(n=8,657)  head=0.0552(n=39,982)
  epoch   5  loss=8.7456  val_NDCG=0.0423  test_NDCG=0.0387  test_HR=0.0706  (5.6s)
  evaluating 57,439 users in batches of 512...
    [512/57,439  elapsed 0.1s]
    [5,632/57,439  elapsed 1.1s]
    [10,752/57,439  elapsed 2.0s]
    [15,872/57,439  elapsed 2.9s]
    [20,992/57,439  elapsed 3.8s]
    [26,112/57,439  elapsed 4.7s]
    [31,232/57,439  elapsed 5.7s]
    [36,352/57,439  elapsed 6.6s]
    [41,472/57,439  elapsed 7.5s]
    [46,592/57,439  elapsed 8.4s]
    [51,712/57,439  elapsed 9.3s]
    [56,832/57,439  elapsed 10.2s]
  eval done in 10.4s
  by-popularity NDCG@10: tail=0.0004(n=7,762)  mid=0.0036(n=8,169)  head=0.0600(n=41,508)
  evaluating 57,439 users in batches of 512...
    [512/57,439  elapsed 0.1s]
    [5,632/57,439  elapsed 1.0s]
    [10,752/57,439  elapsed 1.9s]
    [15,872/57,439  elapsed 2.8s]
    [20,992/57,439  elapsed 3.7s]
    [26,112/57,439  elapsed 4.6s]
    [31,232/57,439  elapsed 5.5s]
    [36,352/57,439  elapsed 6.4s]
    [41,472/57,439  elapsed 7.3s]
    [46,592/57,439  elapsed 8.3s]
    [51,712/57,439  elapsed 9.2s]
    [56,832/57,439  elapsed 10.2s]
  eval done in 10.3s
  by-popularity NDCG@10: tail=0.0004(n=8,800)  mid=0.0033(n=8,657)  head=0.0556(n=39,982)
  epoch   6  loss=8.6800  val_NDCG=0.0439  test_NDCG=0.0393  test_HR=0.0711  (5.7s)
  evaluating 57,439 users in batches of 512...
    [512/57,439  elapsed 0.1s]
    [5,632/57,439  elapsed 1.0s]
    [10,752/57,439  elapsed 2.0s]
    [15,872/57,439  elapsed 2.9s]
    [20,992/57,439  elapsed 3.8s]
    [26,112/57,439  elapsed 4.7s]
    [31,232/57,439  elapsed 5.7s]
    [36,352/57,439  elapsed 6.6s]
    [41,472/57,439  elapsed 7.6s]
    [46,592/57,439  elapsed 8.6s]
    [51,712/57,439  elapsed 9.5s]
    [56,832/57,439  elapsed 10.6s]
  eval done in 10.7s
  by-popularity NDCG@10: tail=0.0005(n=7,762)  mid=0.0043(n=8,169)  head=0.0598(n=41,508)
  evaluating 57,439 users in batches of 512...
    [512/57,439  elapsed 0.1s]
    [5,632/57,439  elapsed 1.1s]
    [10,752/57,439  elapsed 2.2s]
    [15,872/57,439  elapsed 3.4s]
    [20,992/57,439  elapsed 4.4s]
    [26,112/57,439  elapsed 5.3s]
    [31,232/57,439  elapsed 6.3s]
    [36,352/57,439  elapsed 7.2s]
    [41,472/57,439  elapsed 8.1s]
    [46,592/57,439  elapsed 9.1s]
    [51,712/57,439  elapsed 10.0s]
    [56,832/57,439  elapsed 11.0s]
  eval done in 11.1s
  by-popularity NDCG@10: tail=0.0006(n=8,800)  mid=0.0038(n=8,657)  head=0.0566(n=39,982)
  epoch   7  loss=8.6205  val_NDCG=0.0439  test_NDCG=0.0400  test_HR=0.0727  (5.6s)
  evaluating 57,439 users in batches of 512...
    [512/57,439  elapsed 0.1s]
    [5,632/57,439  elapsed 1.1s]
    [10,752/57,439  elapsed 2.0s]
    [15,872/57,439  elapsed 3.0s]
    [20,992/57,439  elapsed 3.9s]
    [26,112/57,439  elapsed 4.9s]
    [31,232/57,439  elapsed 5.8s]
    [36,352/57,439  elapsed 6.7s]
    [41,472/57,439  elapsed 7.7s]
    [46,592/57,439  elapsed 8.6s]
    [51,712/57,439  elapsed 9.5s]
    [56,832/57,439  elapsed 10.4s]
  eval done in 10.6s
  by-popularity NDCG@10: tail=0.0010(n=7,762)  mid=0.0047(n=8,169)  head=0.0610(n=41,508)
  evaluating 57,439 users in batches of 512...
    [512/57,439  elapsed 0.1s]
    [5,632/57,439  elapsed 1.0s]
    [10,752/57,439  elapsed 1.9s]
    [15,872/57,439  elapsed 2.9s]
    [20,992/57,439  elapsed 3.8s]
    [26,112/57,439  elapsed 4.7s]
    [31,232/57,439  elapsed 5.6s]
    [36,352/57,439  elapsed 6.5s]
    [41,472/57,439  elapsed 7.4s]
    [46,592/57,439  elapsed 8.3s]
    [51,712/57,439  elapsed 9.2s]
    [56,832/57,439  elapsed 10.1s]
  eval done in 10.2s
  by-popularity NDCG@10: tail=0.0008(n=8,800)  mid=0.0048(n=8,657)  head=0.0568(n=39,982)
  epoch   8  loss=8.5661  val_NDCG=0.0449  test_NDCG=0.0404  test_HR=0.0732  (5.6s)
  evaluating 57,439 users in batches of 512...
    [512/57,439  elapsed 0.1s]
    [5,632/57,439  elapsed 1.1s]
    [10,752/57,439  elapsed 2.0s]
    [15,872/57,439  elapsed 2.9s]
    [20,992/57,439  elapsed 3.8s]
    [26,112/57,439  elapsed 4.7s]
    [31,232/57,439  elapsed 5.6s]
    [36,352/57,439  elapsed 6.5s]
    [41,472/57,439  elapsed 7.4s]
    [46,592/57,439  elapsed 8.3s]
    [51,712/57,439  elapsed 9.2s]
    [56,832/57,439  elapsed 10.1s]
  eval done in 10.2s
  by-popularity NDCG@10: tail=0.0011(n=7,762)  mid=0.0058(n=8,169)  head=0.0611(n=41,508)
  evaluating 57,439 users in batches of 512...
    [512/57,439  elapsed 0.1s]
    [5,632/57,439  elapsed 1.0s]
    [10,752/57,439  elapsed 1.9s]
    [15,872/57,439  elapsed 2.8s]
    [20,992/57,439  elapsed 3.8s]
    [26,112/57,439  elapsed 4.7s]
    [31,232/57,439  elapsed 5.6s]
    [36,352/57,439  elapsed 6.5s]
    [41,472/57,439  elapsed 7.4s]
    [46,592/57,439  elapsed 8.3s]
    [51,712/57,439  elapsed 9.2s]
    [56,832/57,439  elapsed 10.1s]
  eval done in 10.2s
  by-popularity NDCG@10: tail=0.0010(n=8,800)  mid=0.0053(n=8,657)  head=0.0573(n=39,982)
  epoch   9  loss=8.5182  val_NDCG=0.0451  test_NDCG=0.0408  test_HR=0.0740  (5.6s)
  evaluating 57,439 users in batches of 512...
    [512/57,439  elapsed 0.1s]
    [5,632/57,439  elapsed 1.0s]
    [10,752/57,439  elapsed 1.9s]
    [15,872/57,439  elapsed 2.9s]
    [20,992/57,439  elapsed 3.8s]
    [26,112/57,439  elapsed 4.7s]
    [31,232/57,439  elapsed 5.6s]
    [36,352/57,439  elapsed 6.5s]
    [41,472/57,439  elapsed 7.4s]
    [46,592/57,439  elapsed 8.3s]
    [51,712/57,439  elapsed 9.2s]
    [56,832/57,439  elapsed 10.1s]
  eval done in 10.2s
  by-popularity NDCG@10: tail=0.0013(n=7,762)  mid=0.0057(n=8,169)  head=0.0618(n=41,508)
  evaluating 57,439 users in batches of 512...
    [512/57,439  elapsed 0.1s]
    [5,632/57,439  elapsed 1.0s]
    [10,752/57,439  elapsed 1.9s]
    [15,872/57,439  elapsed 2.8s]
    [20,992/57,439  elapsed 3.7s]
    [26,112/57,439  elapsed 4.7s]
    [31,232/57,439  elapsed 5.6s]
    [36,352/57,439  elapsed 6.5s]
    [41,472/57,439  elapsed 7.5s]
    [46,592/57,439  elapsed 8.4s]
    [51,712/57,439  elapsed 9.3s]
    [56,832/57,439  elapsed 10.2s]
  eval done in 10.3s
  by-popularity NDCG@10: tail=0.0010(n=8,800)  mid=0.0053(n=8,657)  head=0.0575(n=39,982)
  epoch  10  loss=8.4762  val_NDCG=0.0457  test_NDCG=0.0410  test_HR=0.0736  (5.6s)
  evaluating 57,439 users in batches of 512...
    [512/57,439  elapsed 0.1s]
    [5,632/57,439  elapsed 1.0s]
    [10,752/57,439  elapsed 1.9s]
    [15,872/57,439  elapsed 2.8s]
    [20,992/57,439  elapsed 3.7s]
    [26,112/57,439  elapsed 4.6s]
    [31,232/57,439  elapsed 5.5s]
    [36,352/57,439  elapsed 6.5s]
    [41,472/57,439  elapsed 7.4s]
    [46,592/57,439  elapsed 8.4s]
    [51,712/57,439  elapsed 9.4s]
    [56,832/57,439  elapsed 10.3s]
  eval done in 10.4s
  by-popularity NDCG@10: tail=0.0015(n=7,762)  mid=0.0063(n=8,169)  head=0.0621(n=41,508)
  evaluating 57,439 users in batches of 512...
    [512/57,439  elapsed 0.1s]
    [5,632/57,439  elapsed 1.0s]
    [10,752/57,439  elapsed 1.9s]
    [15,872/57,439  elapsed 2.8s]
    [20,992/57,439  elapsed 3.8s]
    [26,112/57,439  elapsed 4.7s]
    [31,232/57,439  elapsed 5.6s]
    [36,352/57,439  elapsed 6.5s]
    [41,472/57,439  elapsed 7.4s]
    [46,592/57,439  elapsed 8.3s]
    [51,712/57,439  elapsed 9.2s]
    [56,832/57,439  elapsed 10.1s]
  eval done in 10.2s
  by-popularity NDCG@10: tail=0.0013(n=8,800)  mid=0.0068(n=8,657)  head=0.0579(n=39,982)
  epoch  11  loss=8.4376  val_NDCG=0.0460  test_NDCG=0.0415  test_HR=0.0748  (5.7s)
  evaluating 57,439 users in batches of 512...
    [512/57,439  elapsed 0.1s]
    [5,632/57,439  elapsed 1.0s]
    [10,752/57,439  elapsed 1.9s]
    [15,872/57,439  elapsed 3.0s]
    [20,992/57,439  elapsed 3.9s]
    [26,112/57,439  elapsed 4.8s]
    [31,232/57,439  elapsed 5.8s]
    [36,352/57,439  elapsed 6.6s]
    [41,472/57,439  elapsed 7.6s]
    [46,592/57,439  elapsed 8.5s]
    [51,712/57,439  elapsed 9.4s]
    [56,832/57,439  elapsed 10.3s]
  eval done in 10.4s
  by-popularity NDCG@10: tail=0.0016(n=7,762)  mid=0.0065(n=8,169)  head=0.0620(n=41,508)
  evaluating 57,439 users in batches of 512...
    [512/57,439  elapsed 0.1s]
    [5,632/57,439  elapsed 1.0s]
    [10,752/57,439  elapsed 1.9s]
    [15,872/57,439  elapsed 2.9s]
    [20,992/57,439  elapsed 3.8s]
    [26,112/57,439  elapsed 4.8s]
    [31,232/57,439  elapsed 5.7s]
    [36,352/57,439  elapsed 6.6s]
    [41,472/57,439  elapsed 7.5s]
    [46,592/57,439  elapsed 8.4s]
    [51,712/57,439  elapsed 9.4s]
    [56,832/57,439  elapsed 10.3s]
  eval done in 10.4s
  by-popularity NDCG@10: tail=0.0015(n=8,800)  mid=0.0064(n=8,657)  head=0.0581(n=39,982)
  epoch  12  loss=8.4019  val_NDCG=0.0459  test_NDCG=0.0416  test_HR=0.0750  (5.6s)
  evaluating 57,439 users in batches of 512...
    [512/57,439  elapsed 0.1s]
    [5,632/57,439  elapsed 1.0s]
    [10,752/57,439  elapsed 1.9s]
    [15,872/57,439  elapsed 2.8s]
    [20,992/57,439  elapsed 3.7s]
    [26,112/57,439  elapsed 4.6s]
    [31,232/57,439  elapsed 5.5s]
    [36,352/57,439  elapsed 6.4s]
    [41,472/57,439  elapsed 7.3s]
    [46,592/57,439  elapsed 8.2s]
    [51,712/57,439  elapsed 9.1s]
    [56,832/57,439  elapsed 10.0s]
  eval done in 10.2s
  by-popularity NDCG@10: tail=0.0018(n=7,762)  mid=0.0068(n=8,169)  head=0.0620(n=41,508)
  evaluating 57,439 users in batches of 512...
    [512/57,439  elapsed 0.1s]
    [5,632/57,439  elapsed 1.0s]
    [10,752/57,439  elapsed 1.9s]
    [15,872/57,439  elapsed 2.9s]
    [20,992/57,439  elapsed 3.8s]
    [26,112/57,439  elapsed 4.7s]
    [31,232/57,439  elapsed 5.6s]
    [36,352/57,439  elapsed 6.6s]
    [41,472/57,439  elapsed 7.5s]
    [46,592/57,439  elapsed 8.4s]
    [51,712/57,439  elapsed 9.3s]
    [56,832/57,439  elapsed 10.2s]
  eval done in 10.3s
  by-popularity NDCG@10: tail=0.0016(n=8,800)  mid=0.0072(n=8,657)  head=0.0582(n=39,982)
  epoch  13  loss=8.3708  val_NDCG=0.0460  test_NDCG=0.0418  test_HR=0.0749  (5.7s)
  evaluating 57,439 users in batches of 512...
    [512/57,439  elapsed 0.1s]
    [5,632/57,439  elapsed 1.1s]
    [10,752/57,439  elapsed 2.1s]
    [15,872/57,439  elapsed 3.1s]
    [20,992/57,439  elapsed 4.0s]
    [26,112/57,439  elapsed 4.9s]
    [31,232/57,439  elapsed 5.8s]
    [36,352/57,439  elapsed 6.7s]
    [41,472/57,439  elapsed 7.7s]
    [46,592/57,439  elapsed 8.6s]
    [51,712/57,439  elapsed 9.5s]
    [56,832/57,439  elapsed 10.7s]
  eval done in 10.8s
  by-popularity NDCG@10: tail=0.0016(n=7,762)  mid=0.0068(n=8,169)  head=0.0625(n=41,508)
  evaluating 57,439 users in batches of 512...
    [512/57,439  elapsed 0.1s]
    [5,632/57,439  elapsed 1.1s]
    [10,752/57,439  elapsed 2.1s]
    [15,872/57,439  elapsed 3.0s]
    [20,992/57,439  elapsed 3.9s]
    [26,112/57,439  elapsed 4.9s]
    [31,232/57,439  elapsed 5.9s]
    [36,352/57,439  elapsed 6.9s]
    [41,472/57,439  elapsed 7.9s]
    [46,592/57,439  elapsed 8.9s]
    [51,712/57,439  elapsed 9.9s]
    [56,832/57,439  elapsed 10.8s]
  eval done in 10.9s
  by-popularity NDCG@10: tail=0.0017(n=8,800)  mid=0.0072(n=8,657)  head=0.0578(n=39,982)
  epoch  14  loss=8.3424  val_NDCG=0.0464  test_NDCG=0.0416  test_HR=0.0748  (5.7s)
  evaluating 57,439 users in batches of 512...
    [512/57,439  elapsed 0.1s]
    [5,632/57,439  elapsed 1.0s]
    [10,752/57,439  elapsed 1.9s]
    [15,872/57,439  elapsed 2.9s]
    [20,992/57,439  elapsed 3.9s]
    [26,112/57,439  elapsed 4.8s]
    [31,232/57,439  elapsed 5.7s]
    [36,352/57,439  elapsed 6.6s]
    [41,472/57,439  elapsed 7.6s]
    [46,592/57,439  elapsed 8.5s]
    [51,712/57,439  elapsed 9.4s]
    [56,832/57,439  elapsed 10.4s]
  eval done in 10.5s
  by-popularity NDCG@10: tail=0.0017(n=7,762)  mid=0.0070(n=8,169)  head=0.0619(n=41,508)
  evaluating 57,439 users in batches of 512...
    [512/57,439  elapsed 0.1s]
    [5,632/57,439  elapsed 1.0s]
    [10,752/57,439  elapsed 1.9s]
    [15,872/57,439  elapsed 2.8s]
    [20,992/57,439  elapsed 3.7s]
    [26,112/57,439  elapsed 4.7s]
    [31,232/57,439  elapsed 5.6s]
    [36,352/57,439  elapsed 6.5s]
    [41,472/57,439  elapsed 7.4s]
    [46,592/57,439  elapsed 8.3s]
    [51,712/57,439  elapsed 9.2s]
    [56,832/57,439  elapsed 10.2s]
  eval done in 10.3s
  by-popularity NDCG@10: tail=0.0018(n=8,800)  mid=0.0074(n=8,657)  head=0.0573(n=39,982)
  epoch  15  loss=8.3201  val_NDCG=0.0460  test_NDCG=0.0413  test_HR=0.0745  (5.8s)
  evaluating 57,439 users in batches of 512...
    [512/57,439  elapsed 0.1s]
    [5,632/57,439  elapsed 1.0s]
    [10,752/57,439  elapsed 1.9s]
    [15,872/57,439  elapsed 2.8s]
    [20,992/57,439  elapsed 3.7s]
    [26,112/57,439  elapsed 4.7s]
    [31,232/57,439  elapsed 5.6s]
    [36,352/57,439  elapsed 6.6s]
    [41,472/57,439  elapsed 7.8s]
    [46,592/57,439  elapsed 8.7s]
    [51,712/57,439  elapsed 9.7s]
    [56,832/57,439  elapsed 10.6s]
  eval done in 10.7s
  by-popularity NDCG@10: tail=0.0018(n=7,762)  mid=0.0071(n=8,169)  head=0.0622(n=41,508)
  evaluating 57,439 users in batches of 512...
    [512/57,439  elapsed 0.1s]
    [5,632/57,439  elapsed 1.1s]
    [10,752/57,439  elapsed 2.0s]
    [15,872/57,439  elapsed 3.0s]
    [20,992/57,439  elapsed 4.0s]
    [26,112/57,439  elapsed 5.0s]
    [31,232/57,439  elapsed 6.1s]
    [36,352/57,439  elapsed 7.1s]
    [41,472/57,439  elapsed 8.1s]
    [46,592/57,439  elapsed 9.1s]
    [51,712/57,439  elapsed 10.0s]
    [56,832/57,439  elapsed 11.0s]
  eval done in 11.1s
  by-popularity NDCG@10: tail=0.0019(n=8,800)  mid=0.0074(n=8,657)  head=0.0573(n=39,982)
  epoch  16  loss=8.3017  val_NDCG=0.0462  test_NDCG=0.0413  test_HR=0.0746  (5.6s)
  evaluating 57,439 users in batches of 512...
    [512/57,439  elapsed 0.1s]
    [5,632/57,439  elapsed 1.2s]
    [10,752/57,439  elapsed 2.2s]
    [15,872/57,439  elapsed 3.2s]
    [20,992/57,439  elapsed 4.1s]
    [26,112/57,439  elapsed 5.1s]
    [31,232/57,439  elapsed 6.0s]
    [36,352/57,439  elapsed 7.0s]
    [41,472/57,439  elapsed 8.0s]
    [46,592/57,439  elapsed 9.0s]
    [51,712/57,439  elapsed 10.2s]
    [56,832/57,439  elapsed 11.1s]
  eval done in 11.3s
  by-popularity NDCG@10: tail=0.0019(n=7,762)  mid=0.0071(n=8,169)  head=0.0624(n=41,508)
  evaluating 57,439 users in batches of 512...
    [512/57,439  elapsed 0.1s]
    [5,632/57,439  elapsed 1.1s]
    [10,752/57,439  elapsed 2.0s]
    [15,872/57,439  elapsed 2.9s]
    [20,992/57,439  elapsed 3.9s]
    [26,112/57,439  elapsed 4.8s]
    [31,232/57,439  elapsed 5.7s]
    [36,352/57,439  elapsed 6.6s]
    [41,472/57,439  elapsed 7.6s]
    [46,592/57,439  elapsed 8.5s]
    [51,712/57,439  elapsed 9.6s]
    [56,832/57,439  elapsed 10.5s]
  eval done in 10.6s
  by-popularity NDCG@10: tail=0.0018(n=8,800)  mid=0.0075(n=8,657)  head=0.0573(n=39,982)
  epoch  17  loss=8.2885  val_NDCG=0.0463  test_NDCG=0.0413  test_HR=0.0746  (5.7s)
  evaluating 57,439 users in batches of 512...
    [512/57,439  elapsed 0.1s]
    [5,632/57,439  elapsed 1.1s]
    [10,752/57,439  elapsed 2.4s]
    [15,872/57,439  elapsed 3.4s]
    [20,992/57,439  elapsed 4.4s]
    [26,112/57,439  elapsed 5.4s]
    [31,232/57,439  elapsed 6.4s]
    [36,352/57,439  elapsed 7.5s]
    [41,472/57,439  elapsed 8.6s]
    [46,592/57,439  elapsed 9.9s]
    [51,712/57,439  elapsed 10.9s]
    [56,832/57,439  elapsed 12.0s]
  eval done in 12.2s
  by-popularity NDCG@10: tail=0.0019(n=7,762)  mid=0.0072(n=8,169)  head=0.0623(n=41,508)
  evaluating 57,439 users in batches of 512...
    [512/57,439  elapsed 0.1s]
    [5,632/57,439  elapsed 1.2s]
    [10,752/57,439  elapsed 2.2s]
    [15,872/57,439  elapsed 3.5s]
    [20,992/57,439  elapsed 4.6s]
    [26,112/57,439  elapsed 5.7s]
    [31,232/57,439  elapsed 6.9s]
    [36,352/57,439  elapsed 8.0s]
    [41,472/57,439  elapsed 9.3s]
    [46,592/57,439  elapsed 10.7s]
    [51,712/57,439  elapsed 12.0s]
    [56,832/57,439  elapsed 12.9s]
  eval done in 13.1s
  by-popularity NDCG@10: tail=0.0018(n=8,800)  mid=0.0075(n=8,657)  head=0.0575(n=39,982)
  epoch  18  loss=8.2794  val_NDCG=0.0463  test_NDCG=0.0414  test_HR=0.0748  (5.7s)
  evaluating 57,439 users in batches of 512...
    [512/57,439  elapsed 0.1s]
    [5,632/57,439  elapsed 1.3s]
    [10,752/57,439  elapsed 2.3s]
    [15,872/57,439  elapsed 3.3s]
    [20,992/57,439  elapsed 4.3s]
    [26,112/57,439  elapsed 5.3s]
    [31,232/57,439  elapsed 6.2s]
    [36,352/57,439  elapsed 7.3s]
    [41,472/57,439  elapsed 8.2s]
    [46,592/57,439  elapsed 9.2s]
    [51,712/57,439  elapsed 10.4s]
    [56,832/57,439  elapsed 11.6s]
  eval done in 11.7s
  by-popularity NDCG@10: tail=0.0019(n=7,762)  mid=0.0072(n=8,169)  head=0.0623(n=41,508)
  evaluating 57,439 users in batches of 512...
    [512/57,439  elapsed 0.1s]
    [5,632/57,439  elapsed 1.1s]
    [10,752/57,439  elapsed 2.1s]
    [15,872/57,439  elapsed 3.0s]
    [20,992/57,439  elapsed 4.0s]
    [26,112/57,439  elapsed 5.0s]
    [31,232/57,439  elapsed 5.9s]
    [36,352/57,439  elapsed 7.0s]
    [41,472/57,439  elapsed 8.3s]
    [46,592/57,439  elapsed 9.3s]
    [51,712/57,439  elapsed 10.2s]
    [56,832/57,439  elapsed 11.3s]
  eval done in 11.4s
  by-popularity NDCG@10: tail=0.0019(n=8,800)  mid=0.0075(n=8,657)  head=0.0574(n=39,982)
  epoch  19  loss=8.2706  val_NDCG=0.0463  test_NDCG=0.0414  test_HR=0.0746  (5.9s)
  evaluating 57,439 users in batches of 512...
    [512/57,439  elapsed 0.1s]
    [5,632/57,439  elapsed 1.2s]
    [10,752/57,439  elapsed 2.4s]
    [15,872/57,439  elapsed 3.5s]
    [20,992/57,439  elapsed 4.6s]
    [26,112/57,439  elapsed 5.6s]
    [31,232/57,439  elapsed 6.7s]
    [36,352/57,439  elapsed 7.6s]
    [41,472/57,439  elapsed 8.7s]
    [46,592/57,439  elapsed 9.7s]
    [51,712/57,439  elapsed 10.7s]
    [56,832/57,439  elapsed 11.7s]
  eval done in 11.9s
  by-popularity NDCG@10: tail=0.0019(n=7,762)  mid=0.0072(n=8,169)  head=0.0623(n=41,508)
  evaluating 57,439 users in batches of 512...
    [512/57,439  elapsed 0.1s]
    [5,632/57,439  elapsed 1.1s]
    [10,752/57,439  elapsed 2.1s]
    [15,872/57,439  elapsed 3.3s]
    [20,992/57,439  elapsed 4.2s]
    [26,112/57,439  elapsed 5.2s]
    [31,232/57,439  elapsed 6.2s]
    [36,352/57,439  elapsed 7.3s]
    [41,472/57,439  elapsed 8.2s]
    [46,592/57,439  elapsed 9.2s]
    [51,712/57,439  elapsed 10.4s]
    [56,832/57,439  elapsed 11.5s]
  eval done in 11.6s
  by-popularity NDCG@10: tail=0.0019(n=8,800)  mid=0.0075(n=8,657)  head=0.0573(n=39,982)
  epoch  20  loss=8.2678  val_NDCG=0.0463  test_NDCG=0.0413  test_HR=0.0746  (6.0s)

=== Best by val NDCG@10 ===
  val_NDCG=0.0464
  test: {'NDCG@10': 0.041560346762664, 'HR@10': 0.0748446177684152, 'MRR': 0.03772905377564303, 'n_eval': 57439, 'by_popularity': {'tail': {'NDCG@10': 0.0017177325437938696, 'HR@10': 0.0032954545454545454, 'n': 8800, 'n_hit@10': 29, 'HR@20': 0.0057954545454545455, 'n_hit@20': 51, 'HR@50': 0.016136363636363636, 'n_hit@50': 142, 'HR@100': 0.03386363636363637, 'n_hit@100': 298}, 'mid': {'NDCG@10': 0.007238434935900895, 'HR@10': 0.014208155250086636, 'n': 8657, 'n_hit@10': 123, 'HR@20': 0.023102691463555505, 'n_hit@20': 200, 'HR@50': 0.04597435601247545, 'n_hit@50': 398, 'HR@100': 0.08028185283585537, 'n_hit@100': 695}, 'head': {'NDCG@10': 0.057761132011284515, 'HR@10': 0.10372167475363914, 'n': 39982, 'n_hit@10': 4147, 'HR@20': 0.14836676504426993, 'n_hit@20': 5932, 'HR@50': 0.2293782201990896, 'n_hit@50': 9171, 'HR@100': 0.3081886849082087, 'n_hit@100': 12322}}}
wrote C:\Users\rayxc\Documents\R\_bestrec_run\results_MI_HYBRIDV1_base_seed20260724.users.jsonl.gz (57,439 per-user records, best epoch 14, sha256 37a1c9ff11fd…)
wrote C:\Users\rayxc\Documents\R\_bestrec_run\results_MI_HYBRIDV1_base_seed20260724.final.users.jsonl.gz (57,439 FINAL-epoch per-user records)

wrote C:\Users\rayxc\Documents\R\_bestrec_run\results_MI_HYBRIDV1_base_seed20260724.json
[run] results_MI_HYBRIDV1_base_seed20260724.fusion.json
=== fusion eval: Musical_Instruments  ckpt=results_MI_HYBRIDV1_base_seed20260724.best.pt ===
  n_users=57,439 n_items=24,587
  ckpt from epoch 14 (val NDCG@10 0.04636)

--- EASE l2=50.0: fit + VAL sweep ---
  EASE l2=50.0: inverted 24587x24587 in 63.7s
    [512/57,439 elapsed 0.3s]
    [10,752/57,439 elapsed 3.1s]
    [20,992/57,439 elapsed 6.1s]
    [31,232/57,439 elapsed 9.0s]
    [41,472/57,439 elapsed 11.8s]
    [51,712/57,439 elapsed 14.5s]
  VAL seq NDCG@10=0.04636  ease=0.03472
    w=0.01: val fused NDCG@10=0.04793
    w=0.02: val fused NDCG@10=0.04827
    w=0.03: val fused NDCG@10=0.04850
    w=0.04: val fused NDCG@10=0.04849
    w=0.05: val fused NDCG@10=0.04831
    w=0.06: val fused NDCG@10=0.04801
    w=0.075: val fused NDCG@10=0.04743
    w=0.1: val fused NDCG@10=0.04643

--- EASE l2=100.0: fit + VAL sweep ---
  EASE l2=100.0: inverted 24587x24587 in 63.2s
    [512/57,439 elapsed 0.2s]
    [10,752/57,439 elapsed 2.9s]
    [20,992/57,439 elapsed 5.9s]
    [31,232/57,439 elapsed 8.6s]
    [41,472/57,439 elapsed 11.4s]
    [51,712/57,439 elapsed 14.2s]
  VAL seq NDCG@10=0.04636  ease=0.03536
    w=0.01: val fused NDCG@10=0.04797
    w=0.02: val fused NDCG@10=0.04839
    w=0.03: val fused NDCG@10=0.04861
    w=0.04: val fused NDCG@10=0.04854
    w=0.05: val fused NDCG@10=0.04838
    w=0.06: val fused NDCG@10=0.04791
    w=0.075: val fused NDCG@10=0.04737
    w=0.1: val fused NDCG@10=0.04657

--- EASE l2=200.0: fit + VAL sweep ---
  EASE l2=200.0: inverted 24587x24587 in 64.7s
    [512/57,439 elapsed 0.2s]
    [10,752/57,439 elapsed 3.1s]
    [20,992/57,439 elapsed 6.1s]
    [31,232/57,439 elapsed 8.9s]
    [41,472/57,439 elapsed 11.7s]
    [51,712/57,439 elapsed 14.7s]
  VAL seq NDCG@10=0.04636  ease=0.03548
    w=0.01: val fused NDCG@10=0.04807
    w=0.02: val fused NDCG@10=0.04843
    w=0.03: val fused NDCG@10=0.04862
    w=0.04: val fused NDCG@10=0.04847
    w=0.05: val fused NDCG@10=0.04833
    w=0.06: val fused NDCG@10=0.04799
    w=0.075: val fused NDCG@10=0.04744
    w=0.1: val fused NDCG@10=0.04633

--- EASE l2=500.0: fit + VAL sweep ---
  EASE l2=500.0: inverted 24587x24587 in 64.7s
    [512/57,439 elapsed 0.2s]
    [10,752/57,439 elapsed 3.1s]
    [20,992/57,439 elapsed 6.2s]
    [31,232/57,439 elapsed 9.3s]
    [41,472/57,439 elapsed 12.5s]
    [51,712/57,439 elapsed 15.9s]
  VAL seq NDCG@10=0.04636  ease=0.03500
    w=0.01: val fused NDCG@10=0.04802
    w=0.02: val fused NDCG@10=0.04845
    w=0.03: val fused NDCG@10=0.04843
    w=0.04: val fused NDCG@10=0.04829
    w=0.05: val fused NDCG@10=0.04794
    w=0.06: val fused NDCG@10=0.04766
    w=0.075: val fused NDCG@10=0.04705
    w=0.1: val fused NDCG@10=0.04578

=== selected on VAL: l2=200.0, w=0.03 (val fused NDCG@10=0.04862) ===
  EASE l2=200.0: inverted 24587x24587 in 65.7s
    [512/57,439 elapsed 0.2s]
    [10,752/57,439 elapsed 2.9s]
    [20,992/57,439 elapsed 5.6s]
    [31,232/57,439 elapsed 8.3s]
    [41,472/57,439 elapsed 11.0s]
    [51,712/57,439 elapsed 13.7s]

TEST seq-only  NDCG@10=0.04156 HR@10=0.07484 MRR=0.03773
TEST ease-only NDCG@10=0.03213 HR@10=0.05676
TEST FUSED (w=0.03) NDCG@10=0.04415 HR@10=0.07859 MRR=0.03997
wrote C:\Users\rayxc\Documents\R\_bestrec_run\results_MI_HYBRIDV1_base_seed20260724.fusion.json
[run] results_MI_HYBRIDV1_base_seed20260725.json
  random seed set to 20260725
=== Musical_Instruments: load splits ===
  n_users=57,439  n_items=24,587  pad_id=24587
  built sequences for 57,439 users
  built timestamp sequences (12 time buckets)
  loading SBERT embeddings from C:\Users\rayxc\Documents\R\cache_5core\sbert_titles_Musical_Instruments.npy...
  TAPE: k-means 24,587 text embeddings into K=512 prototypes (tau=0.05)...
  TAPE: K=512 mean max-assignment weight = 0.519 (1.0 = hard clustering)

=== Build SASRec-SBERT (d=64, layers=4, heads=2) ===
  total params: 11,186,047  device=cuda
  57,439 training examples / 225 batches per epoch
  init_state_sha256 = d65c80f7f5eaffed95129a22c0bef926bfd932519aa44f526a72c9daeffcd8c1
  LR schedule: warmup_cosine (225 warmup + 4275 cosine steps)

=== Train for 20 epochs ===
  evaluating 57,439 users in batches of 512...
    [512/57,439  elapsed 0.1s]
    [5,632/57,439  elapsed 1.1s]
    [10,752/57,439  elapsed 2.1s]
    [15,872/57,439  elapsed 3.1s]
    [20,992/57,439  elapsed 4.2s]
    [26,112/57,439  elapsed 5.4s]
    [31,232/57,439  elapsed 6.4s]
    [36,352/57,439  elapsed 7.6s]
    [41,472/57,439  elapsed 8.6s]
    [46,592/57,439  elapsed 9.6s]
    [51,712/57,439  elapsed 10.6s]
    [56,832/57,439  elapsed 11.5s]
  eval done in 11.7s
  by-popularity NDCG@10: tail=0.0001(n=7,762)  mid=0.0002(n=8,169)  head=0.0371(n=41,508)
  evaluating 57,439 users in batches of 512...
    [512/57,439  elapsed 0.1s]
    [5,632/57,439  elapsed 1.1s]
    [10,752/57,439  elapsed 2.1s]
    [15,872/57,439  elapsed 3.1s]
    [20,992/57,439  elapsed 4.0s]
    [26,112/57,439  elapsed 5.1s]
    [31,232/57,439  elapsed 6.0s]
    [36,352/57,439  elapsed 7.0s]
    [41,472/57,439  elapsed 7.9s]
    [46,592/57,439  elapsed 8.8s]
    [51,712/57,439  elapsed 10.0s]
    [56,832/57,439  elapsed 11.1s]
  eval done in 11.2s
  by-popularity NDCG@10: tail=0.0001(n=8,800)  mid=0.0003(n=8,657)  head=0.0347(n=39,982)
  epoch   1  loss=9.6265  val_NDCG=0.0269  test_NDCG=0.0242  test_HR=0.0454  (6.3s)
  evaluating 57,439 users in batches of 512...
    [512/57,439  elapsed 0.1s]
    [5,632/57,439  elapsed 1.1s]
    [10,752/57,439  elapsed 2.2s]
    [15,872/57,439  elapsed 3.2s]
    [20,992/57,439  elapsed 4.4s]
    [26,112/57,439  elapsed 5.5s]
    [31,232/57,439  elapsed 6.6s]
    [36,352/57,439  elapsed 7.7s]
    [41,472/57,439  elapsed 8.6s]
    [46,592/57,439  elapsed 9.6s]
    [51,712/57,439  elapsed 10.6s]
    [56,832/57,439  elapsed 11.6s]
  eval done in 11.7s
  by-popularity NDCG@10: tail=0.0000(n=7,762)  mid=0.0002(n=8,169)  head=0.0471(n=41,508)
  evaluating 57,439 users in batches of 512...
    [512/57,439  elapsed 0.1s]
    [5,632/57,439  elapsed 1.1s]
    [10,752/57,439  elapsed 2.2s]
    [15,872/57,439  elapsed 3.2s]
    [20,992/57,439  elapsed 4.2s]
    [26,112/57,439  elapsed 5.2s]
    [31,232/57,439  elapsed 6.1s]
    [36,352/57,439  elapsed 7.1s]
    [41,472/57,439  elapsed 8.1s]
    [46,592/57,439  elapsed 9.0s]
    [51,712/57,439  elapsed 10.0s]
    [56,832/57,439  elapsed 11.1s]
  eval done in 11.2s
  by-popularity NDCG@10: tail=0.0000(n=8,800)  mid=0.0004(n=8,657)  head=0.0445(n=39,982)
  epoch   2  loss=9.0963  val_NDCG=0.0341  test_NDCG=0.0311  test_HR=0.0586  (6.2s)
  evaluating 57,439 users in batches of 512...
    [512/57,439  elapsed 0.1s]
    [5,632/57,439  elapsed 1.0s]
    [10,752/57,439  elapsed 2.0s]
    [15,872/57,439  elapsed 3.0s]
    [20,992/57,439  elapsed 4.0s]
    [26,112/57,439  elapsed 5.0s]
    [31,232/57,439  elapsed 6.1s]
    [36,352/57,439  elapsed 7.1s]
    [41,472/57,439  elapsed 8.0s]
    [46,592/57,439  elapsed 9.0s]
    [51,712/57,439  elapsed 10.2s]
    [56,832/57,439  elapsed 11.1s]
  eval done in 11.2s
  by-popularity NDCG@10: tail=0.0001(n=7,762)  mid=0.0008(n=8,169)  head=0.0535(n=41,508)
  evaluating 57,439 users in batches of 512...
    [512/57,439  elapsed 0.1s]
    [5,632/57,439  elapsed 1.1s]
    [10,752/57,439  elapsed 2.0s]
    [15,872/57,439  elapsed 3.1s]
    [20,992/57,439  elapsed 4.2s]
    [26,112/57,439  elapsed 5.2s]
    [31,232/57,439  elapsed 6.2s]
    [36,352/57,439  elapsed 7.3s]
    [41,472/57,439  elapsed 8.4s]
    [46,592/57,439  elapsed 9.3s]
    [51,712/57,439  elapsed 10.3s]
    [56,832/57,439  elapsed 11.3s]
  eval done in 11.4s
  by-popularity NDCG@10: tail=0.0000(n=8,800)  mid=0.0008(n=8,657)  head=0.0507(n=39,982)
  epoch   3  loss=8.9321  val_NDCG=0.0388  test_NDCG=0.0354  test_HR=0.0657  (6.0s)
  evaluating 57,439 users in batches of 512...
    [512/57,439  elapsed 0.1s]
    [5,632/57,439  elapsed 1.2s]
    [10,752/57,439  elapsed 2.2s]
    [15,872/57,439  elapsed 3.2s]
    [20,992/57,439  elapsed 4.2s]
    [26,112/57,439  elapsed 5.2s]
    [31,232/57,439  elapsed 6.4s]
    [36,352/57,439  elapsed 7.6s]
    [41,472/57,439  elapsed 8.7s]
    [46,592/57,439  elapsed 9.8s]
    [51,712/57,439  elapsed 10.9s]
    [56,832/57,439  elapsed 12.1s]
  eval done in 12.2s
  by-popularity NDCG@10: tail=0.0000(n=7,762)  mid=0.0015(n=8,169)  head=0.0570(n=41,508)
  evaluating 57,439 users in batches of 512...
    [512/57,439  elapsed 0.1s]
    [5,632/57,439  elapsed 1.2s]
    [10,752/57,439  elapsed 2.3s]
    [15,872/57,439  elapsed 3.4s]
    [20,992/57,439  elapsed 4.4s]
    [26,112/57,439  elapsed 5.4s]
    [31,232/57,439  elapsed 6.3s]
    [36,352/57,439  elapsed 7.3s]
    [41,472/57,439  elapsed 8.3s]
    [46,592/57,439  elapsed 9.4s]
    [51,712/57,439  elapsed 10.4s]
    [56,832/57,439  elapsed 11.3s]
  eval done in 11.4s
  by-popularity NDCG@10: tail=0.0001(n=8,800)  mid=0.0014(n=8,657)  head=0.0538(n=39,982)
  epoch   4  loss=8.8260  val_NDCG=0.0414  test_NDCG=0.0377  test_HR=0.0689  (5.9s)
  evaluating 57,439 users in batches of 512...
    [512/57,439  elapsed 0.1s]
    [5,632/57,439  elapsed 1.1s]
    [10,752/57,439  elapsed 2.1s]
    [15,872/57,439  elapsed 3.1s]
    [20,992/57,439  elapsed 4.1s]
    [26,112/57,439  elapsed 5.0s]
    [31,232/57,439  elapsed 6.0s]
    [36,352/57,439  elapsed 7.0s]
    [41,472/57,439  elapsed 8.0s]
    [46,592/57,439  elapsed 8.9s]
    [51,712/57,439  elapsed 9.8s]
    [56,832/57,439  elapsed 11.0s]
  eval done in 11.1s
  by-popularity NDCG@10: tail=0.0002(n=7,762)  mid=0.0028(n=8,169)  head=0.0577(n=41,508)
  evaluating 57,439 users in batches of 512...
    [512/57,439  elapsed 0.1s]
    [5,632/57,439  elapsed 1.2s]
    [10,752/57,439  elapsed 2.1s]
    [15,872/57,439  elapsed 3.0s]
    [20,992/57,439  elapsed 4.0s]
    [26,112/57,439  elapsed 4.9s]
    [31,232/57,439  elapsed 5.9s]
    [36,352/57,439  elapsed 7.0s]
    [41,472/57,439  elapsed 7.9s]
    [46,592/57,439  elapsed 8.9s]
    [51,712/57,439  elapsed 9.8s]
    [56,832/57,439  elapsed 10.8s]
  eval done in 10.9s
  by-popularity NDCG@10: tail=0.0003(n=8,800)  mid=0.0025(n=8,657)  head=0.0547(n=39,982)
  epoch   5  loss=8.7463  val_NDCG=0.0421  test_NDCG=0.0385  test_HR=0.0704  (6.1s)
  evaluating 57,439 users in batches of 512...
    [512/57,439  elapsed 0.1s]
    [5,632/57,439  elapsed 1.1s]
    [10,752/57,439  elapsed 2.0s]
    [15,872/57,439  elapsed 3.0s]
    [20,992/57,439  elapsed 4.0s]
    [26,112/57,439  elapsed 5.2s]
    [31,232/57,439  elapsed 6.5s]
    [36,352/57,439  elapsed 7.9s]
    [41,472/57,439  elapsed 9.0s]
    [46,592/57,439  elapsed 10.1s]
    [51,712/57,439  elapsed 11.1s]
    [56,832/57,439  elapsed 12.2s]
  eval done in 12.3s
  by-popularity NDCG@10: tail=0.0006(n=7,762)  mid=0.0031(n=8,169)  head=0.0596(n=41,508)
  evaluating 57,439 users in batches of 512...
    [512/57,439  elapsed 0.1s]
    [5,632/57,439  elapsed 1.3s]
    [10,752/57,439  elapsed 2.3s]
    [15,872/57,439  elapsed 3.2s]
    [20,992/57,439  elapsed 4.2s]
    [26,112/57,439  elapsed 5.1s]
    [31,232/57,439  elapsed 6.2s]
    [36,352/57,439  elapsed 7.3s]
    [41,472/57,439  elapsed 8.4s]
    [46,592/57,439  elapsed 9.3s]
    [51,712/57,439  elapsed 10.3s]
    [56,832/57,439  elapsed 11.3s]
  eval done in 11.5s
  by-popularity NDCG@10: tail=0.0004(n=8,800)  mid=0.0031(n=8,657)  head=0.0557(n=39,982)
  epoch   6  loss=8.6814  val_NDCG=0.0436  test_NDCG=0.0393  test_HR=0.0712  (5.9s)
  evaluating 57,439 users in batches of 512...
    [512/57,439  elapsed 0.1s]
    [5,632/57,439  elapsed 1.0s]
    [10,752/57,439  elapsed 2.0s]
    [15,872/57,439  elapsed 3.0s]
    [20,992/57,439  elapsed 4.0s]
    [26,112/57,439  elapsed 5.0s]
    [31,232/57,439  elapsed 6.0s]
    [36,352/57,439  elapsed 7.1s]
    [41,472/57,439  elapsed 8.1s]
    [46,592/57,439  elapsed 9.1s]
    [51,712/57,439  elapsed 10.1s]
    [56,832/57,439  elapsed 11.2s]
  eval done in 11.3s
  by-popularity NDCG@10: tail=0.0008(n=7,762)  mid=0.0040(n=8,169)  head=0.0605(n=41,508)
  evaluating 57,439 users in batches of 512...
    [512/57,439  elapsed 0.1s]
    [5,632/57,439  elapsed 1.3s]
    [10,752/57,439  elapsed 2.5s]
    [15,872/57,439  elapsed 3.5s]
    [20,992/57,439  elapsed 4.5s]
    [26,112/57,439  elapsed 5.6s]
    [31,232/57,439  elapsed 6.7s]
    [36,352/57,439  elapsed 7.8s]
    [41,472/57,439  elapsed 8.9s]
    [46,592/57,439  elapsed 10.0s]
    [51,712/57,439  elapsed 11.1s]
    [56,832/57,439  elapsed 12.3s]
  eval done in 12.4s
  by-popularity NDCG@10: tail=0.0006(n=8,800)  mid=0.0037(n=8,657)  head=0.0570(n=39,982)
  epoch   7  loss=8.6212  val_NDCG=0.0444  test_NDCG=0.0403  test_HR=0.0735  (5.9s)
  evaluating 57,439 users in batches of 512...
    [512/57,439  elapsed 0.1s]
    [5,632/57,439  elapsed 1.1s]
    [10,752/57,439  elapsed 2.1s]
    [15,872/57,439  elapsed 3.0s]
    [20,992/57,439  elapsed 4.0s]
    [26,112/57,439  elapsed 5.1s]
    [31,232/57,439  elapsed 6.1s]
    [36,352/57,439  elapsed 7.1s]
    [41,472/57,439  elapsed 8.1s]
    [46,592/57,439  elapsed 9.1s]
    [51,712/57,439  elapsed 10.4s]
    [56,832/57,439  elapsed 11.5s]
  eval done in 11.6s
  by-popularity NDCG@10: tail=0.0012(n=7,762)  mid=0.0049(n=8,169)  head=0.0602(n=41,508)
  evaluating 57,439 users in batches of 512...
    [512/57,439  elapsed 0.1s]
    [5,632/57,439  elapsed 1.0s]
    [10,752/57,439  elapsed 2.0s]
    [15,872/57,439  elapsed 3.2s]
    [20,992/57,439  elapsed 4.3s]
    [26,112/57,439  elapsed 5.5s]
    [31,232/57,439  elapsed 6.5s]
    [36,352/57,439  elapsed 7.6s]
    [41,472/57,439  elapsed 8.6s]
    [46,592/57,439  elapsed 9.7s]
    [51,712/57,439  elapsed 10.8s]
    [56,832/57,439  elapsed 11.9s]
  eval done in 12.0s
  by-popularity NDCG@10: tail=0.0009(n=8,800)  mid=0.0044(n=8,657)  head=0.0568(n=39,982)
  epoch   8  loss=8.5682  val_NDCG=0.0443  test_NDCG=0.0403  test_HR=0.0728  (6.0s)
  evaluating 57,439 users in batches of 512...
    [512/57,439  elapsed 0.1s]
    [5,632/57,439  elapsed 1.4s]
    [10,752/57,439  elapsed 2.5s]
    [15,872/57,439  elapsed 3.5s]
    [20,992/57,439  elapsed 4.5s]
    [26,112/57,439  elapsed 5.5s]
    [31,232/57,439  elapsed 6.5s]
    [36,352/57,439  elapsed 7.5s]
    [41,472/57,439  elapsed 8.5s]
    [46,592/57,439  elapsed 9.5s]
    [51,712/57,439  elapsed 10.6s]
    [56,832/57,439  elapsed 11.6s]
  eval done in 11.7s
  by-popularity NDCG@10: tail=0.0011(n=7,762)  mid=0.0055(n=8,169)  head=0.0603(n=41,508)
  evaluating 57,439 users in batches of 512...
    [512/57,439  elapsed 0.1s]
    [5,632/57,439  elapsed 1.1s]
    [10,752/57,439  elapsed 2.0s]
    [15,872/57,439  elapsed 3.0s]
    [20,992/57,439  elapsed 4.1s]
    [26,112/57,439  elapsed 5.1s]
    [31,232/57,439  elapsed 6.0s]
    [36,352/57,439  elapsed 7.0s]
    [41,472/57,439  elapsed 7.9s]
    [46,592/57,439  elapsed 8.9s]
    [51,712/57,439  elapsed 10.1s]
    [56,832/57,439  elapsed 11.1s]
  eval done in 11.2s
  by-popularity NDCG@10: tail=0.0009(n=8,800)  mid=0.0046(n=8,657)  head=0.0559(n=39,982)
  epoch   9  loss=8.5190  val_NDCG=0.0445  test_NDCG=0.0397  test_HR=0.0714  (6.1s)
  evaluating 57,439 users in batches of 512...
    [512/57,439  elapsed 0.1s]
    [5,632/57,439  elapsed 1.1s]
    [10,752/57,439  elapsed 2.1s]
    [15,872/57,439  elapsed 3.1s]
    [20,992/57,439  elapsed 4.0s]
    [26,112/57,439  elapsed 5.1s]
    [31,232/57,439  elapsed 6.0s]
    [36,352/57,439  elapsed 7.1s]
    [41,472/57,439  elapsed 8.2s]
    [46,592/57,439  elapsed 9.2s]
    [51,712/57,439  elapsed 10.3s]
    [56,832/57,439  elapsed 11.3s]
  eval done in 11.4s
  by-popularity NDCG@10: tail=0.0012(n=7,762)  mid=0.0060(n=8,169)  head=0.0618(n=41,508)
  evaluating 57,439 users in batches of 512...
    [512/57,439  elapsed 0.1s]
    [5,632/57,439  elapsed 1.2s]
    [10,752/57,439  elapsed 2.3s]
    [15,872/57,439  elapsed 3.3s]
    [20,992/57,439  elapsed 4.2s]
    [26,112/57,439  elapsed 5.3s]
    [31,232/57,439  elapsed 6.3s]
    [36,352/57,439  elapsed 7.2s]
    [41,472/57,439  elapsed 8.2s]
    [46,592/57,439  elapsed 9.2s]
    [51,712/57,439  elapsed 10.2s]
    [56,832/57,439  elapsed 11.2s]
  eval done in 11.3s
  by-popularity NDCG@10: tail=0.0010(n=8,800)  mid=0.0056(n=8,657)  head=0.0576(n=39,982)
  epoch  10  loss=8.4777  val_NDCG=0.0456  test_NDCG=0.0411  test_HR=0.0741  (6.0s)
  evaluating 57,439 users in batches of 512...
    [512/57,439  elapsed 0.1s]
    [5,632/57,439  elapsed 1.1s]
    [10,752/57,439  elapsed 2.1s]
    [15,872/57,439  elapsed 3.0s]
    [20,992/57,439  elapsed 4.0s]
    [26,112/57,439  elapsed 5.0s]
    [31,232/57,439  elapsed 6.0s]
    [36,352/57,439  elapsed 7.0s]
    [41,472/57,439  elapsed 8.0s]
    [46,592/57,439  elapsed 9.0s]
    [51,712/57,439  elapsed 9.9s]
    [56,832/57,439  elapsed 10.9s]
  eval done in 11.0s
  by-popularity NDCG@10: tail=0.0015(n=7,762)  mid=0.0064(n=8,169)  head=0.0611(n=41,508)
  evaluating 57,439 users in batches of 512...
    [512/57,439  elapsed 0.1s]
    [5,632/57,439  elapsed 1.2s]
    [10,752/57,439  elapsed 2.1s]
    [15,872/57,439  elapsed 3.1s]
    [20,992/57,439  elapsed 4.0s]
    [26,112/57,439  elapsed 5.0s]
    [31,232/57,439  elapsed 5.9s]
    [36,352/57,439  elapsed 7.0s]
    [41,472/57,439  elapsed 7.9s]
    [46,592/57,439  elapsed 8.9s]
    [51,712/57,439  elapsed 9.8s]
    [56,832/57,439  elapsed 10.7s]
  eval done in 10.8s
  by-popularity NDCG@10: tail=0.0012(n=8,800)  mid=0.0059(n=8,657)  head=0.0569(n=39,982)
  epoch  11  loss=8.4361  val_NDCG=0.0453  test_NDCG=0.0407  test_HR=0.0735  (5.9s)
  evaluating 57,439 users in batches of 512...
    [512/57,439  elapsed 0.1s]
    [5,632/57,439  elapsed 1.0s]
    [10,752/57,439  elapsed 2.2s]
    [15,872/57,439  elapsed 3.1s]
    [20,992/57,439  elapsed 4.0s]
    [26,112/57,439  elapsed 5.1s]
    [31,232/57,439  elapsed 6.0s]
    [36,352/57,439  elapsed 7.0s]
    [41,472/57,439  elapsed 8.0s]
    [46,592/57,439  elapsed 9.0s]
    [51,712/57,439  elapsed 9.9s]
    [56,832/57,439  elapsed 11.0s]
  eval done in 11.1s
  by-popularity NDCG@10: tail=0.0016(n=7,762)  mid=0.0066(n=8,169)  head=0.0617(n=41,508)
  evaluating 57,439 users in batches of 512...
    [512/57,439  elapsed 0.1s]
    [5,632/57,439  elapsed 1.0s]
    [10,752/57,439  elapsed 2.1s]
    [15,872/57,439  elapsed 3.1s]
    [20,992/57,439  elapsed 4.1s]
    [26,112/57,439  elapsed 5.1s]
    [31,232/57,439  elapsed 6.2s]
    [36,352/57,439  elapsed 7.2s]
    [41,472/57,439  elapsed 8.3s]
    [46,592/57,439  elapsed 9.4s]
    [51,712/57,439  elapsed 10.5s]
    [56,832/57,439  elapsed 11.5s]
  eval done in 11.6s
  by-popularity NDCG@10: tail=0.0013(n=8,800)  mid=0.0058(n=8,657)  head=0.0574(n=39,982)
  epoch  12  loss=8.4014  val_NDCG=0.0458  test_NDCG=0.0410  test_HR=0.0732  (5.9s)
  evaluating 57,439 users in batches of 512...
    [512/57,439  elapsed 0.1s]
    [5,632/57,439  elapsed 1.1s]
    [10,752/57,439  elapsed 2.1s]
    [15,872/57,439  elapsed 3.0s]
    [20,992/57,439  elapsed 4.0s]
    [26,112/57,439  elapsed 5.0s]
    [31,232/57,439  elapsed 6.1s]
    [36,352/57,439  elapsed 7.2s]
    [41,472/57,439  elapsed 8.4s]
    [46,592/57,439  elapsed 9.5s]
    [51,712/57,439  elapsed 10.5s]
    [56,832/57,439  elapsed 11.6s]
  eval done in 11.7s
  by-popularity NDCG@10: tail=0.0019(n=7,762)  mid=0.0072(n=8,169)  head=0.0611(n=41,508)
  evaluating 57,439 users in batches of 512...
    [512/57,439  elapsed 0.1s]
    [5,632/57,439  elapsed 1.1s]
    [10,752/57,439  elapsed 2.0s]
    [15,872/57,439  elapsed 3.1s]
    [20,992/57,439  elapsed 4.0s]
    [26,112/57,439  elapsed 5.1s]
    [31,232/57,439  elapsed 6.1s]
    [36,352/57,439  elapsed 7.0s]
    [41,472/57,439  elapsed 8.0s]
    [46,592/57,439  elapsed 8.9s]
    [51,712/57,439  elapsed 9.9s]
    [56,832/57,439  elapsed 10.9s]
  eval done in 11.0s
  by-popularity NDCG@10: tail=0.0015(n=8,800)  mid=0.0063(n=8,657)  head=0.0573(n=39,982)
  epoch  13  loss=8.3703  val_NDCG=0.0455  test_NDCG=0.0410  test_HR=0.0735  (6.0s)
  evaluating 57,439 users in batches of 512...
    [512/57,439  elapsed 0.1s]
    [5,632/57,439  elapsed 1.1s]
    [10,752/57,439  elapsed 2.1s]
    [15,872/57,439  elapsed 3.0s]
    [20,992/57,439  elapsed 4.0s]
    [26,112/57,439  elapsed 5.0s]
    [31,232/57,439  elapsed 5.9s]
    [36,352/57,439  elapsed 6.9s]
    [41,472/57,439  elapsed 7.8s]
    [46,592/57,439  elapsed 8.7s]
    [51,712/57,439  elapsed 9.7s]
    [56,832/57,439  elapsed 10.6s]
  eval done in 10.7s
  by-popularity NDCG@10: tail=0.0019(n=7,762)  mid=0.0077(n=8,169)  head=0.0610(n=41,508)
  evaluating 57,439 users in batches of 512...
    [512/57,439  elapsed 0.1s]
    [5,632/57,439  elapsed 1.1s]
    [10,752/57,439  elapsed 2.0s]
    [15,872/57,439  elapsed 3.0s]
    [20,992/57,439  elapsed 3.9s]
    [26,112/57,439  elapsed 4.9s]
    [31,232/57,439  elapsed 5.8s]
    [36,352/57,439  elapsed 6.8s]
    [41,472/57,439  elapsed 7.7s]
    [46,592/57,439  elapsed 8.7s]
    [51,712/57,439  elapsed 9.6s]
    [56,832/57,439  elapsed 10.6s]
  eval done in 10.8s
  by-popularity NDCG@10: tail=0.0017(n=8,800)  mid=0.0063(n=8,657)  head=0.0569(n=39,982)
  epoch  14  loss=8.3447  val_NDCG=0.0455  test_NDCG=0.0408  test_HR=0.0730  (6.0s)
  evaluating 57,439 users in batches of 512...
    [512/57,439  elapsed 0.1s]
    [5,632/57,439  elapsed 1.0s]
    [10,752/57,439  elapsed 1.9s]
    [15,872/57,439  elapsed 2.9s]
    [20,992/57,439  elapsed 3.8s]
    [26,112/57,439  elapsed 4.7s]
    [31,232/57,439  elapsed 5.7s]
    [36,352/57,439  elapsed 6.6s]
    [41,472/57,439  elapsed 7.6s]
    [46,592/57,439  elapsed 8.5s]
    [51,712/57,439  elapsed 9.5s]
    [56,832/57,439  elapsed 10.4s]
  eval done in 10.5s
  by-popularity NDCG@10: tail=0.0020(n=7,762)  mid=0.0076(n=8,169)  head=0.0612(n=41,508)
  evaluating 57,439 users in batches of 512...
    [512/57,439  elapsed 0.1s]
    [5,632/57,439  elapsed 1.1s]
    [10,752/57,439  elapsed 2.0s]
    [15,872/57,439  elapsed 3.0s]
    [20,992/57,439  elapsed 3.9s]
    [26,112/57,439  elapsed 4.8s]
    [31,232/57,439  elapsed 5.8s]
    [36,352/57,439  elapsed 6.8s]
    [41,472/57,439  elapsed 7.8s]
    [46,592/57,439  elapsed 8.8s]
    [51,712/57,439  elapsed 9.8s]
    [56,832/57,439  elapsed 11.0s]
  eval done in 11.1s
  by-popularity NDCG@10: tail=0.0017(n=8,800)  mid=0.0068(n=8,657)  head=0.0567(n=39,982)
  epoch  15  loss=8.3212  val_NDCG=0.0455  test_NDCG=0.0408  test_HR=0.0729  (5.6s)
  evaluating 57,439 users in batches of 512...
    [512/57,439  elapsed 0.1s]
    [5,632/57,439  elapsed 1.4s]
    [10,752/57,439  elapsed 2.5s]
    [15,872/57,439  elapsed 3.7s]
    [20,992/57,439  elapsed 5.1s]
    [26,112/57,439  elapsed 6.3s]
    [31,232/57,439  elapsed 7.4s]
    [36,352/57,439  elapsed 8.4s]
    [41,472/57,439  elapsed 9.5s]
    [46,592/57,439  elapsed 10.7s]
    [51,712/57,439  elapsed 11.7s]
    [56,832/57,439  elapsed 12.9s]
  eval done in 13.1s
  by-popularity NDCG@10: tail=0.0020(n=7,762)  mid=0.0075(n=8,169)  head=0.0614(n=41,508)
  evaluating 57,439 users in batches of 512...
    [512/57,439  elapsed 0.1s]
    [5,632/57,439  elapsed 1.1s]
    [10,752/57,439  elapsed 2.4s]
    [15,872/57,439  elapsed 3.5s]
    [20,992/57,439  elapsed 4.6s]
    [26,112/57,439  elapsed 5.9s]
    [31,232/57,439  elapsed 7.2s]
    [36,352/57,439  elapsed 8.3s]
    [41,472/57,439  elapsed 9.7s]
    [46,592/57,439  elapsed 11.0s]
    [51,712/57,439  elapsed 12.3s]
    [56,832/57,439  elapsed 13.5s]
  eval done in 13.6s
  by-popularity NDCG@10: tail=0.0016(n=8,800)  mid=0.0068(n=8,657)  head=0.0571(n=39,982)
  epoch  16  loss=8.3011  val_NDCG=0.0457  test_NDCG=0.0410  test_HR=0.0732  (6.2s)
  evaluating 57,439 users in batches of 512...
    [512/57,439  elapsed 0.1s]
    [5,632/57,439  elapsed 1.3s]
    [10,752/57,439  elapsed 2.4s]
    [15,872/57,439  elapsed 3.7s]
    [20,992/57,439  elapsed 4.8s]
    [26,112/57,439  elapsed 6.0s]
    [31,232/57,439  elapsed 7.2s]
    [36,352/57,439  elapsed 8.5s]
    [41,472/57,439  elapsed 9.6s]
    [46,592/57,439  elapsed 10.7s]
    [51,712/57,439  elapsed 11.9s]
    [56,832/57,439  elapsed 13.1s]
  eval done in 13.2s
  by-popularity NDCG@10: tail=0.0020(n=7,762)  mid=0.0076(n=8,169)  head=0.0613(n=41,508)
  evaluating 57,439 users in batches of 512...
    [512/57,439  elapsed 0.1s]
    [5,632/57,439  elapsed 1.3s]
    [10,752/57,439  elapsed 2.6s]
    [15,872/57,439  elapsed 3.8s]
    [20,992/57,439  elapsed 5.1s]
    [26,112/57,439  elapsed 6.3s]
    [31,232/57,439  elapsed 7.6s]
    [36,352/57,439  elapsed 8.8s]
    [41,472/57,439  elapsed 9.9s]
    [46,592/57,439  elapsed 11.1s]
    [51,712/57,439  elapsed 12.2s]
    [56,832/57,439  elapsed 13.4s]
  eval done in 13.5s
  by-popularity NDCG@10: tail=0.0018(n=8,800)  mid=0.0068(n=8,657)  head=0.0570(n=39,982)
  epoch  17  loss=8.2886  val_NDCG=0.0456  test_NDCG=0.0410  test_HR=0.0729  (6.2s)
  evaluating 57,439 users in batches of 512...
    [512/57,439  elapsed 0.1s]
    [5,632/57,439  elapsed 1.3s]
    [10,752/57,439  elapsed 2.5s]
    [15,872/57,439  elapsed 3.7s]
    [20,992/57,439  elapsed 4.9s]
    [26,112/57,439  elapsed 6.0s]
    [31,232/57,439  elapsed 7.3s]
    [36,352/57,439  elapsed 8.6s]
    [41,472/57,439  elapsed 9.8s]
    [46,592/57,439  elapsed 11.0s]
    [51,712/57,439  elapsed 12.1s]
    [56,832/57,439  elapsed 13.3s]
  eval done in 13.5s
  by-popularity NDCG@10: tail=0.0020(n=7,762)  mid=0.0079(n=8,169)  head=0.0612(n=41,508)
  evaluating 57,439 users in batches of 512...
    [512/57,439  elapsed 0.2s]
    [5,632/57,439  elapsed 1.4s]
    [10,752/57,439  elapsed 2.6s]
    [15,872/57,439  elapsed 3.8s]
    [20,992/57,439  elapsed 5.0s]
    [26,112/57,439  elapsed 6.1s]
    [31,232/57,439  elapsed 7.3s]
    [36,352/57,439  elapsed 8.5s]
    [41,472/57,439  elapsed 9.7s]
    [46,592/57,439  elapsed 11.0s]
    [51,712/57,439  elapsed 12.2s]
    [56,832/57,439  elapsed 13.3s]
  eval done in 13.4s
  by-popularity NDCG@10: tail=0.0018(n=8,800)  mid=0.0069(n=8,657)  head=0.0571(n=39,982)
  epoch  18  loss=8.2776  val_NDCG=0.0457  test_NDCG=0.0411  test_HR=0.0736  (6.2s)
  evaluating 57,439 users in batches of 512...
    [512/57,439  elapsed 0.1s]
    [5,632/57,439  elapsed 1.4s]
    [10,752/57,439  elapsed 2.5s]
    [15,872/57,439  elapsed 3.8s]
    [20,992/57,439  elapsed 5.0s]
    [26,112/57,439  elapsed 6.1s]
    [31,232/57,439  elapsed 7.3s]
    [36,352/57,439  elapsed 8.4s]
    [41,472/57,439  elapsed 9.7s]
    [46,592/57,439  elapsed 10.9s]
    [51,712/57,439  elapsed 12.2s]
    [56,832/57,439  elapsed 13.3s]
  eval done in 13.5s
  by-popularity NDCG@10: tail=0.0021(n=7,762)  mid=0.0079(n=8,169)  head=0.0613(n=41,508)
  evaluating 57,439 users in batches of 512...
    [512/57,439  elapsed 0.1s]
    [5,632/57,439  elapsed 1.3s]
    [10,752/57,439  elapsed 2.5s]
    [15,872/57,439  elapsed 3.8s]
    [20,992/57,439  elapsed 5.0s]
    [26,112/57,439  elapsed 6.2s]
    [31,232/57,439  elapsed 7.4s]
    [36,352/57,439  elapsed 8.6s]
    [41,472/57,439  elapsed 9.8s]
    [46,592/57,439  elapsed 11.0s]
    [51,712/57,439  elapsed 12.3s]
    [56,832/57,439  elapsed 13.5s]
  eval done in 13.6s
  by-popularity NDCG@10: tail=0.0018(n=8,800)  mid=0.0069(n=8,657)  head=0.0570(n=39,982)
  epoch  19  loss=8.2717  val_NDCG=0.0457  test_NDCG=0.0410  test_HR=0.0732  (6.2s)
  evaluating 57,439 users in batches of 512...
    [512/57,439  elapsed 0.1s]
    [5,632/57,439  elapsed 1.3s]
    [10,752/57,439  elapsed 2.5s]
    [15,872/57,439  elapsed 3.6s]
    [20,992/57,439  elapsed 4.9s]
    [26,112/57,439  elapsed 6.1s]
    [31,232/57,439  elapsed 7.3s]
    [36,352/57,439  elapsed 8.6s]
    [41,472/57,439  elapsed 9.7s]
    [46,592/57,439  elapsed 10.9s]
    [51,712/57,439  elapsed 12.1s]
    [56,832/57,439  elapsed 13.3s]
  eval done in 13.4s
  by-popularity NDCG@10: tail=0.0021(n=7,762)  mid=0.0079(n=8,169)  head=0.0612(n=41,508)
  evaluating 57,439 users in batches of 512...
    [512/57,439  elapsed 0.1s]
    [5,632/57,439  elapsed 1.3s]
    [10,752/57,439  elapsed 2.4s]
    [15,872/57,439  elapsed 3.7s]
    [20,992/57,439  elapsed 5.0s]
    [26,112/57,439  elapsed 6.2s]
    [31,232/57,439  elapsed 7.4s]
    [36,352/57,439  elapsed 8.6s]
    [41,472/57,439  elapsed 9.7s]
    [46,592/57,439  elapsed 11.0s]
    [51,712/57,439  elapsed 12.2s]
    [56,832/57,439  elapsed 13.4s]
  eval done in 13.6s
  by-popularity NDCG@10: tail=0.0018(n=8,800)  mid=0.0069(n=8,657)  head=0.0570(n=39,982)
  epoch  20  loss=8.2705  val_NDCG=0.0456  test_NDCG=0.0410  test_HR=0.0732  (6.2s)

=== Best by val NDCG@10 ===
  val_NDCG=0.0458
  test: {'NDCG@10': 0.04101445515091204, 'HR@10': 0.07317327947909957, 'MRR': 0.03767806975862925, 'n_eval': 57439, 'by_popularity': {'tail': {'NDCG@10': 0.0013116212898384807, 'HR@10': 0.002840909090909091, 'n': 8800, 'n_hit@10': 25, 'HR@20': 0.0057954545454545455, 'n_hit@20': 51, 'HR@50': 0.016022727272727272, 'n_hit@50': 141, 'HR@100': 0.03295454545454545, 'n_hit@100': 290}, 'mid': {'NDCG@10': 0.005774790407950761, 'HR@10': 0.011666859189095529, 'n': 8657, 'n_hit@10': 101, 'HR@20': 0.022525124176966616, 'n_hit@20': 195, 'HR@50': 0.044472681067344345, 'n_hit@50': 385, 'HR@100': 0.07750952986022872, 'n_hit@100': 671}, 'head': {'NDCG@10': 0.05738318897256337, 'HR@10': 0.10197088689910459, 'n': 39982, 'n_hit@10': 4077, 'HR@20': 0.14851683257465859, 'n_hit@20': 5938, 'HR@50': 0.22775248861987896, 'n_hit@50': 9106, 'HR@100': 0.3089140113050873, 'n_hit@100': 12351}}}
wrote C:\Users\rayxc\Documents\R\_bestrec_run\results_MI_HYBRIDV1_base_seed20260725.users.jsonl.gz (57,439 per-user records, best epoch 12, sha256 0efce7e7ae84…)
wrote C:\Users\rayxc\Documents\R\_bestrec_run\results_MI_HYBRIDV1_base_seed20260725.final.users.jsonl.gz (57,439 FINAL-epoch per-user records)

wrote C:\Users\rayxc\Documents\R\_bestrec_run\results_MI_HYBRIDV1_base_seed20260725.json
[run] results_MI_HYBRIDV1_base_seed20260725.fusion.json
=== fusion eval: Musical_Instruments  ckpt=results_MI_HYBRIDV1_base_seed20260725.best.pt ===
  n_users=57,439 n_items=24,587
  ckpt from epoch 12 (val NDCG@10 0.04578)

--- EASE l2=50.0: fit + VAL sweep ---
  EASE l2=50.0: inverted 24587x24587 in 64.3s
    [512/57,439 elapsed 0.4s]
    [10,752/57,439 elapsed 3.6s]
    [20,992/57,439 elapsed 7.0s]
    [31,232/57,439 elapsed 10.1s]
    [41,472/57,439 elapsed 13.3s]
    [51,712/57,439 elapsed 16.3s]
  VAL seq NDCG@10=0.04578  ease=0.03472
    w=0.01: val fused NDCG@10=0.04730
    w=0.02: val fused NDCG@10=0.04808
    w=0.03: val fused NDCG@10=0.04848
    w=0.04: val fused NDCG@10=0.04843
    w=0.05: val fused NDCG@10=0.04820
    w=0.06: val fused NDCG@10=0.04781
    w=0.075: val fused NDCG@10=0.04739
    w=0.1: val fused NDCG@10=0.04650

--- EASE l2=100.0: fit + VAL sweep ---
  EASE l2=100.0: inverted 24587x24587 in 70.6s
    [512/57,439 elapsed 0.2s]
    [10,752/57,439 elapsed 3.9s]
    [20,992/57,439 elapsed 7.4s]
    [31,232/57,439 elapsed 10.7s]
    [41,472/57,439 elapsed 13.9s]
    [51,712/57,439 elapsed 17.2s]
  VAL seq NDCG@10=0.04578  ease=0.03536
    w=0.01: val fused NDCG@10=0.04736
    w=0.02: val fused NDCG@10=0.04804
    w=0.03: val fused NDCG@10=0.04841
    w=0.04: val fused NDCG@10=0.04840
    w=0.05: val fused NDCG@10=0.04818
    w=0.06: val fused NDCG@10=0.04798
    w=0.075: val fused NDCG@10=0.04738
    w=0.1: val fused NDCG@10=0.04663

--- EASE l2=200.0: fit + VAL sweep ---
  EASE l2=200.0: inverted 24587x24587 in 65.7s
    [512/57,439 elapsed 0.2s]
    [10,752/57,439 elapsed 3.4s]
    [20,992/57,439 elapsed 6.5s]
    [31,232/57,439 elapsed 9.9s]
    [41,472/57,439 elapsed 13.1s]
    [51,712/57,439 elapsed 16.2s]
  VAL seq NDCG@10=0.04578  ease=0.03548
    w=0.01: val fused NDCG@10=0.04732
    w=0.02: val fused NDCG@10=0.04807
    w=0.03: val fused NDCG@10=0.04824
    w=0.04: val fused NDCG@10=0.04835
    w=0.05: val fused NDCG@10=0.04832
    w=0.06: val fused NDCG@10=0.04797
    w=0.075: val fused NDCG@10=0.04735
    w=0.1: val fused NDCG@10=0.04633

--- EASE l2=500.0: fit + VAL sweep ---
  EASE l2=500.0: inverted 24587x24587 in 65.6s
    [512/57,439 elapsed 0.2s]
    [10,752/57,439 elapsed 3.4s]
    [20,992/57,439 elapsed 6.6s]
    [31,232/57,439 elapsed 9.3s]
    [41,472/57,439 elapsed 12.2s]
    [51,712/57,439 elapsed 15.0s]
  VAL seq NDCG@10=0.04578  ease=0.03500
    w=0.01: val fused NDCG@10=0.04722
    w=0.02: val fused NDCG@10=0.04808
    w=0.03: val fused NDCG@10=0.04829
    w=0.04: val fused NDCG@10=0.04793
    w=0.05: val fused NDCG@10=0.04789
    w=0.06: val fused NDCG@10=0.04752
    w=0.075: val fused NDCG@10=0.04686
    w=0.1: val fused NDCG@10=0.04573

=== selected on VAL: l2=50.0, w=0.03 (val fused NDCG@10=0.04848) ===
  EASE l2=50.0: inverted 24587x24587 in 63.7s
    [512/57,439 elapsed 0.2s]
    [10,752/57,439 elapsed 2.8s]
    [20,992/57,439 elapsed 5.3s]
    [31,232/57,439 elapsed 8.0s]
    [41,472/57,439 elapsed 10.6s]
    [51,712/57,439 elapsed 13.3s]

TEST seq-only  NDCG@10=0.04101 HR@10=0.07317 MRR=0.03768
TEST ease-only NDCG@10=0.03181 HR@10=0.05501
TEST FUSED (w=0.03) NDCG@10=0.04361 HR@10=0.07685 MRR=0.03985
wrote C:\Users\rayxc\Documents\R\_bestrec_run\results_MI_HYBRIDV1_base_seed20260725.fusion.json
[run] results_IS_HYBRIDV1_base_seed20260721.json
  random seed set to 20260721
=== Industrial_and_Scientific: load splits ===
  n_users=50,985  n_items=25,848  pad_id=25848
  built sequences for 50,985 users
  built timestamp sequences (12 time buckets)
  loading SBERT embeddings from C:\Users\rayxc\Documents\R\cache_5core\sbert_titles_Industrial_and_Scientific.npy...
  TAPE: k-means 25,848 text embeddings into K=512 prototypes (tau=0.05)...
  TAPE: K=512 mean max-assignment weight = 0.591 (1.0 = hard clustering)

=== Build SASRec-SBERT (d=64, layers=4, heads=2) ===
  total params: 11,750,463  device=cuda
  50,985 training examples / 200 batches per epoch
  init_state_sha256 = f9028fad2d55850bffab602a09c6364d24b4a72fa0ab82e237c3eca0adbfead4
  LR schedule: warmup_cosine (200 warmup + 3800 cosine steps)

=== Train for 20 epochs ===
  evaluating 50,985 users in batches of 512...
    [512/50,985  elapsed 0.1s]
    [5,632/50,985  elapsed 1.2s]
    [10,752/50,985  elapsed 2.3s]
    [15,872/50,985  elapsed 3.2s]
    [20,992/50,985  elapsed 4.3s]
    [26,112/50,985  elapsed 5.3s]
    [31,232/50,985  elapsed 6.3s]
    [36,352/50,985  elapsed 7.2s]
    [41,472/50,985  elapsed 8.2s]
    [46,592/50,985  elapsed 9.2s]
  eval done in 10.0s
  by-popularity NDCG@10: tail=0.0000(n=9,330)  mid=0.0001(n=8,951)  head=0.0294(n=32,704)
  evaluating 50,985 users in batches of 512...
    [512/50,985  elapsed 0.1s]
    [5,632/50,985  elapsed 1.1s]
    [10,752/50,985  elapsed 2.0s]
    [15,872/50,985  elapsed 3.0s]
    [20,992/50,985  elapsed 4.1s]
    [26,112/50,985  elapsed 5.2s]
    [31,232/50,985  elapsed 6.2s]
    [36,352/50,985  elapsed 7.1s]
    [41,472/50,985  elapsed 8.1s]
    [46,592/50,985  elapsed 9.0s]
  eval done in 9.9s
  by-popularity NDCG@10: tail=0.0000(n=10,592)  mid=0.0001(n=9,237)  head=0.0274(n=31,156)
  epoch   1  loss=9.7737  val_NDCG=0.0189  test_NDCG=0.0168  test_HR=0.0316  (5.3s)
  evaluating 50,985 users in batches of 512...
    [512/50,985  elapsed 0.1s]
    [5,632/50,985  elapsed 1.2s]
    [10,752/50,985  elapsed 2.1s]
    [15,872/50,985  elapsed 3.1s]
    [20,992/50,985  elapsed 4.1s]
    [26,112/50,985  elapsed 5.0s]
    [31,232/50,985  elapsed 6.2s]
    [36,352/50,985  elapsed 7.2s]
    [41,472/50,985  elapsed 8.3s]
    [46,592/50,985  elapsed 9.3s]
  eval done in 10.1s
  by-popularity NDCG@10: tail=0.0001(n=9,330)  mid=0.0002(n=8,951)  head=0.0407(n=32,704)
  evaluating 50,985 users in batches of 512...
    [512/50,985  elapsed 0.1s]
    [5,632/50,985  elapsed 1.1s]
    [10,752/50,985  elapsed 2.0s]
    [15,872/50,985  elapsed 3.0s]
    [20,992/50,985  elapsed 4.0s]
    [26,112/50,985  elapsed 5.0s]
    [31,232/50,985  elapsed 6.0s]
    [36,352/50,985  elapsed 6.9s]
    [41,472/50,985  elapsed 7.9s]
    [46,592/50,985  elapsed 8.9s]
  eval done in 9.8s
  by-popularity NDCG@10: tail=0.0000(n=10,592)  mid=0.0002(n=9,237)  head=0.0354(n=31,156)
  epoch   2  loss=9.2328  val_NDCG=0.0261  test_NDCG=0.0217  test_HR=0.0411  (5.6s)
  evaluating 50,985 users in batches of 512...
    [512/50,985  elapsed 0.1s]
    [5,632/50,985  elapsed 1.1s]
    [10,752/50,985  elapsed 2.1s]
    [15,872/50,985  elapsed 3.2s]
    [20,992/50,985  elapsed 4.2s]
    [26,112/50,985  elapsed 5.3s]
    [31,232/50,985  elapsed 6.3s]
    [36,352/50,985  elapsed 7.3s]
    [41,472/50,985  elapsed 8.3s]
    [46,592/50,985  elapsed 9.2s]
  eval done in 10.1s
  by-popularity NDCG@10: tail=0.0004(n=9,330)  mid=0.0013(n=8,951)  head=0.0492(n=32,704)
  evaluating 50,985 users in batches of 512...
    [512/50,985  elapsed 0.1s]
    [5,632/50,985  elapsed 1.2s]
    [10,752/50,985  elapsed 2.2s]
    [15,872/50,985  elapsed 3.2s]
    [20,992/50,985  elapsed 4.2s]
    [26,112/50,985  elapsed 5.2s]
    [31,232/50,985  elapsed 6.1s]
    [36,352/50,985  elapsed 7.0s]
    [41,472/50,985  elapsed 8.0s]
    [46,592/50,985  elapsed 9.0s]
  eval done in 9.9s
  by-popularity NDCG@10: tail=0.0001(n=10,592)  mid=0.0008(n=9,237)  head=0.0436(n=31,156)
  epoch   3  loss=9.0186  val_NDCG=0.0319  test_NDCG=0.0268  test_HR=0.0486  (5.3s)
  evaluating 50,985 users in batches of 512...
    [512/50,985  elapsed 0.1s]
    [5,632/50,985  elapsed 1.1s]
    [10,752/50,985  elapsed 2.0s]
    [15,872/50,985  elapsed 3.0s]
    [20,992/50,985  elapsed 4.0s]
    [26,112/50,985  elapsed 5.0s]
    [31,232/50,985  elapsed 6.0s]
    [36,352/50,985  elapsed 7.0s]
    [41,472/50,985  elapsed 8.0s]
    [46,592/50,985  elapsed 8.9s]
  eval done in 9.8s
  by-popularity NDCG@10: tail=0.0005(n=9,330)  mid=0.0026(n=8,951)  head=0.0541(n=32,704)
  evaluating 50,985 users in batches of 512...
    [512/50,985  elapsed 0.1s]
    [5,632/50,985  elapsed 1.1s]
    [10,752/50,985  elapsed 2.1s]
    [15,872/50,985  elapsed 3.2s]
    [20,992/50,985  elapsed 4.2s]
    [26,112/50,985  elapsed 5.3s]
    [31,232/50,985  elapsed 6.3s]
    [36,352/50,985  elapsed 7.3s]
    [41,472/50,985  elapsed 8.2s]
    [46,592/50,985  elapsed 9.2s]
  eval done in 10.0s
  by-popularity NDCG@10: tail=0.0002(n=10,592)  mid=0.0018(n=9,237)  head=0.0469(n=31,156)
  epoch   4  loss=8.8699  val_NDCG=0.0353  test_NDCG=0.0290  test_HR=0.0527  (5.3s)
  evaluating 50,985 users in batches of 512...
    [512/50,985  elapsed 0.1s]
    [5,632/50,985  elapsed 1.1s]
    [10,752/50,985  elapsed 2.1s]
    [15,872/50,985  elapsed 3.1s]
    [20,992/50,985  elapsed 4.1s]
    [26,112/50,985  elapsed 5.0s]
    [31,232/50,985  elapsed 6.1s]
    [36,352/50,985  elapsed 7.0s]
    [41,472/50,985  elapsed 8.0s]
    [46,592/50,985  elapsed 9.0s]
  eval done in 9.8s
  by-popularity NDCG@10: tail=0.0007(n=9,330)  mid=0.0037(n=8,951)  head=0.0572(n=32,704)
  evaluating 50,985 users in batches of 512...
    [512/50,985  elapsed 0.1s]
    [5,632/50,985  elapsed 1.1s]
    [10,752/50,985  elapsed 2.0s]
    [15,872/50,985  elapsed 3.0s]
    [20,992/50,985  elapsed 4.1s]
    [26,112/50,985  elapsed 5.1s]
    [31,232/50,985  elapsed 6.1s]
    [36,352/50,985  elapsed 7.1s]
    [41,472/50,985  elapsed 8.1s]
    [46,592/50,985  elapsed 9.1s]
  eval done in 10.2s
  by-popularity NDCG@10: tail=0.0004(n=10,592)  mid=0.0029(n=9,237)  head=0.0494(n=31,156)
  epoch   5  loss=8.7510  val_NDCG=0.0375  test_NDCG=0.0308  test_HR=0.0557  (5.4s)
  evaluating 50,985 users in batches of 512...
    [512/50,985  elapsed 0.1s]
    [5,632/50,985  elapsed 1.1s]
    [10,752/50,985  elapsed 2.1s]
    [15,872/50,985  elapsed 3.1s]
    [20,992/50,985  elapsed 4.1s]
    [26,112/50,985  elapsed 5.1s]
    [31,232/50,985  elapsed 6.0s]
    [36,352/50,985  elapsed 7.0s]
    [41,472/50,985  elapsed 8.1s]
    [46,592/50,985  elapsed 9.0s]
  eval done in 9.8s
  by-popularity NDCG@10: tail=0.0008(n=9,330)  mid=0.0055(n=8,951)  head=0.0589(n=32,704)
  evaluating 50,985 users in batches of 512...
    [512/50,985  elapsed 0.1s]
    [5,632/50,985  elapsed 1.1s]
    [10,752/50,985  elapsed 2.1s]
    [15,872/50,985  elapsed 3.1s]
    [20,992/50,985  elapsed 4.1s]
    [26,112/50,985  elapsed 5.0s]
    [31,232/50,985  elapsed 6.1s]
    [36,352/50,985  elapsed 7.1s]
    [41,472/50,985  elapsed 8.1s]
    [46,592/50,985  elapsed 9.1s]
  eval done in 9.9s
  by-popularity NDCG@10: tail=0.0006(n=10,592)  mid=0.0042(n=9,237)  head=0.0514(n=31,156)
  epoch   6  loss=8.6496  val_NDCG=0.0389  test_NDCG=0.0323  test_HR=0.0577  (5.6s)
  evaluating 50,985 users in batches of 512...
    [512/50,985  elapsed 0.1s]
    [5,632/50,985  elapsed 1.1s]
    [10,752/50,985  elapsed 2.1s]
    [15,872/50,985  elapsed 3.2s]
    [20,992/50,985  elapsed 4.2s]
    [26,112/50,985  elapsed 5.3s]
    [31,232/50,985  elapsed 6.4s]
    [36,352/50,985  elapsed 7.5s]
    [41,472/50,985  elapsed 8.6s]
    [46,592/50,985  elapsed 9.6s]
  eval done in 10.6s
  by-popularity NDCG@10: tail=0.0011(n=9,330)  mid=0.0071(n=8,951)  head=0.0595(n=32,704)
  evaluating 50,985 users in batches of 512...
    [512/50,985  elapsed 0.1s]
    [5,632/50,985  elapsed 1.3s]
    [10,752/50,985  elapsed 2.3s]
    [15,872/50,985  elapsed 3.5s]
    [20,992/50,985  elapsed 4.5s]
    [26,112/50,985  elapsed 5.6s]
    [31,232/50,985  elapsed 6.7s]
    [36,352/50,985  elapsed 7.8s]
    [41,472/50,985  elapsed 8.8s]
    [46,592/50,985  elapsed 10.0s]
  eval done in 10.9s
  by-popularity NDCG@10: tail=0.0009(n=10,592)  mid=0.0059(n=9,237)  head=0.0511(n=31,156)
  epoch   7  loss=8.5669  val_NDCG=0.0396  test_NDCG=0.0325  test_HR=0.0585  (5.4s)
  evaluating 50,985 users in batches of 512...
    [512/50,985  elapsed 0.1s]
    [5,632/50,985  elapsed 1.0s]
    [10,752/50,985  elapsed 2.0s]
    [15,872/50,985  elapsed 3.0s]
    [20,992/50,985  elapsed 4.0s]
    [26,112/50,985  elapsed 4.9s]
    [31,232/50,985  elapsed 5.9s]
    [36,352/50,985  elapsed 6.8s]
    [41,472/50,985  elapsed 7.8s]
    [46,592/50,985  elapsed 8.7s]
  eval done in 9.5s
  by-popularity NDCG@10: tail=0.0012(n=9,330)  mid=0.0082(n=8,951)  head=0.0600(n=32,704)
  evaluating 50,985 users in batches of 512...
    [512/50,985  elapsed 0.1s]
    [5,632/50,985  elapsed 1.2s]
    [10,752/50,985  elapsed 2.1s]
    [15,872/50,985  elapsed 3.2s]
    [20,992/50,985  elapsed 4.3s]
    [26,112/50,985  elapsed 5.4s]
    [31,232/50,985  elapsed 6.4s]
    [36,352/50,985  elapsed 7.4s]
    [41,472/50,985  elapsed 8.5s]
    [46,592/50,985  elapsed 9.5s]
  eval done in 10.4s
  by-popularity NDCG@10: tail=0.0011(n=10,592)  mid=0.0066(n=9,237)  head=0.0514(n=31,156)
  epoch   8  loss=8.4900  val_NDCG=0.0402  test_NDCG=0.0328  test_HR=0.0583  (5.3s)
  evaluating 50,985 users in batches of 512...
    [512/50,985  elapsed 0.1s]
    [5,632/50,985  elapsed 1.2s]
    [10,752/50,985  elapsed 2.3s]
    [15,872/50,985  elapsed 3.3s]
    [20,992/50,985  elapsed 4.4s]
    [26,112/50,985  elapsed 5.5s]
    [31,232/50,985  elapsed 6.7s]
    [36,352/50,985  elapsed 7.8s]
    [41,472/50,985  elapsed 8.9s]
    [46,592/50,985  elapsed 9.9s]
  eval done in 10.9s
  by-popularity NDCG@10: tail=0.0015(n=9,330)  mid=0.0093(n=8,951)  head=0.0600(n=32,704)
  evaluating 50,985 users in batches of 512...
    [512/50,985  elapsed 0.1s]
    [5,632/50,985  elapsed 1.4s]
    [10,752/50,985  elapsed 2.4s]
    [15,872/50,985  elapsed 3.5s]
    [20,992/50,985  elapsed 4.5s]
    [26,112/50,985  elapsed 5.6s]
    [31,232/50,985  elapsed 6.6s]
    [36,352/50,985  elapsed 7.6s]
    [41,472/50,985  elapsed 8.7s]
    [46,592/50,985  elapsed 9.8s]
  eval done in 10.7s
  by-popularity NDCG@10: tail=0.0014(n=10,592)  mid=0.0074(n=9,237)  head=0.0512(n=31,156)
  epoch   9  loss=8.4218  val_NDCG=0.0404  test_NDCG=0.0329  test_HR=0.0586  (5.3s)
  evaluating 50,985 users in batches of 512...
    [512/50,985  elapsed 0.1s]
    [5,632/50,985  elapsed 1.2s]
    [10,752/50,985  elapsed 2.2s]
    [15,872/50,985  elapsed 3.3s]
    [20,992/50,985  elapsed 4.4s]
    [26,112/50,985  elapsed 5.4s]
    [31,232/50,985  elapsed 6.5s]
    [36,352/50,985  elapsed 7.7s]
    [41,472/50,985  elapsed 8.8s]
    [46,592/50,985  elapsed 9.9s]
  eval done in 10.9s
  by-popularity NDCG@10: tail=0.0019(n=9,330)  mid=0.0108(n=8,951)  head=0.0603(n=32,704)
  evaluating 50,985 users in batches of 512...
    [512/50,985  elapsed 0.1s]
    [5,632/50,985  elapsed 1.3s]
    [10,752/50,985  elapsed 2.3s]
    [15,872/50,985  elapsed 3.4s]
    [20,992/50,985  elapsed 4.4s]
    [26,112/50,985  elapsed 5.5s]
    [31,232/50,985  elapsed 6.5s]
    [36,352/50,985  elapsed 7.5s]
    [41,472/50,985  elapsed 8.6s]
    [46,592/50,985  elapsed 9.7s]
  eval done in 10.6s
  by-popularity NDCG@10: tail=0.0017(n=10,592)  mid=0.0082(n=9,237)  head=0.0519(n=31,156)
  epoch  10  loss=8.3607  val_NDCG=0.0409  test_NDCG=0.0335  test_HR=0.0583  (5.3s)
  evaluating 50,985 users in batches of 512...
    [512/50,985  elapsed 0.1s]
    [5,632/50,985  elapsed 1.5s]
    [10,752/50,985  elapsed 2.8s]
    [15,872/50,985  elapsed 4.1s]
    [20,992/50,985  elapsed 5.2s]
    [26,112/50,985  elapsed 6.3s]
    [31,232/50,985  elapsed 7.3s]
    [36,352/50,985  elapsed 8.5s]
    [41,472/50,985  elapsed 9.5s]
    [46,592/50,985  elapsed 10.6s]
  eval done in 11.6s
  by-popularity NDCG@10: tail=0.0023(n=9,330)  mid=0.0120(n=8,951)  head=0.0591(n=32,704)
  evaluating 50,985 users in batches of 512...
    [512/50,985  elapsed 0.1s]
    [5,632/50,985  elapsed 1.3s]
    [10,752/50,985  elapsed 2.4s]
    [15,872/50,985  elapsed 3.4s]
    [20,992/50,985  elapsed 4.5s]
    [26,112/50,985  elapsed 5.5s]
    [31,232/50,985  elapsed 6.6s]
    [36,352/50,985  elapsed 7.6s]
    [41,472/50,985  elapsed 8.6s]
    [46,592/50,985  elapsed 9.7s]
  eval done in 10.6s
  by-popularity NDCG@10: tail=0.0018(n=10,592)  mid=0.0089(n=9,237)  head=0.0498(n=31,156)
  epoch  11  loss=8.3079  val_NDCG=0.0405  test_NDCG=0.0324  test_HR=0.0569  (5.4s)
  evaluating 50,985 users in batches of 512...
    [512/50,985  elapsed 0.1s]
    [5,632/50,985  elapsed 1.2s]
    [10,752/50,985  elapsed 2.3s]
    [15,872/50,985  elapsed 3.3s]
    [20,992/50,985  elapsed 4.3s]
    [26,112/50,985  elapsed 5.3s]
    [31,232/50,985  elapsed 6.4s]
    [36,352/50,985  elapsed 7.5s]
    [41,472/50,985  elapsed 8.6s]
    [46,592/50,985  elapsed 9.7s]
  eval done in 10.6s
  by-popularity NDCG@10: tail=0.0024(n=9,330)  mid=0.0121(n=8,951)  head=0.0595(n=32,704)
  evaluating 50,985 users in batches of 512...
    [512/50,985  elapsed 0.1s]
    [5,632/50,985  elapsed 1.2s]
    [10,752/50,985  elapsed 2.4s]
    [15,872/50,985  elapsed 3.5s]
    [20,992/50,985  elapsed 4.7s]
    [26,112/50,985  elapsed 5.8s]
    [31,232/50,985  elapsed 6.9s]
    [36,352/50,985  elapsed 7.9s]
    [41,472/50,985  elapsed 9.0s]
    [46,592/50,985  elapsed 10.0s]
  eval done in 10.9s
  by-popularity NDCG@10: tail=0.0018(n=10,592)  mid=0.0094(n=9,237)  head=0.0501(n=31,156)
  epoch  12  loss=8.2599  val_NDCG=0.0407  test_NDCG=0.0327  test_HR=0.0571  (5.1s)
  evaluating 50,985 users in batches of 512...
    [512/50,985  elapsed 0.1s]
    [5,632/50,985  elapsed 1.2s]
    [10,752/50,985  elapsed 2.2s]
    [15,872/50,985  elapsed 3.3s]
    [20,992/50,985  elapsed 4.4s]
    [26,112/50,985  elapsed 5.3s]
    [31,232/50,985  elapsed 6.4s]
    [36,352/50,985  elapsed 7.3s]
    [41,472/50,985  elapsed 8.5s]
    [46,592/50,985  elapsed 9.5s]
  eval done in 10.4s
  by-popularity NDCG@10: tail=0.0025(n=9,330)  mid=0.0126(n=8,951)  head=0.0599(n=32,704)
  evaluating 50,985 users in batches of 512...
    [512/50,985  elapsed 0.1s]
    [5,632/50,985  elapsed 1.3s]
    [10,752/50,985  elapsed 2.3s]
    [15,872/50,985  elapsed 3.4s]
    [20,992/50,985  elapsed 4.5s]
    [26,112/50,985  elapsed 5.5s]
    [31,232/50,985  elapsed 6.5s]
    [36,352/50,985  elapsed 7.7s]
    [41,472/50,985  elapsed 8.7s]
    [46,592/50,985  elapsed 9.8s]
  eval done in 10.7s
  by-popularity NDCG@10: tail=0.0018(n=10,592)  mid=0.0100(n=9,237)  head=0.0501(n=31,156)
  epoch  13  loss=8.2180  val_NDCG=0.0411  test_NDCG=0.0328  test_HR=0.0578  (5.1s)
  evaluating 50,985 users in batches of 512...
    [512/50,985  elapsed 0.1s]
    [5,632/50,985  elapsed 1.0s]
    [10,752/50,985  elapsed 2.0s]
    [15,872/50,985  elapsed 3.0s]
    [20,992/50,985  elapsed 3.9s]
    [26,112/50,985  elapsed 4.9s]
    [31,232/50,985  elapsed 5.8s]
    [36,352/50,985  elapsed 6.8s]
    [41,472/50,985  elapsed 7.7s]
    [46,592/50,985  elapsed 8.7s]
  eval done in 9.6s
  by-popularity NDCG@10: tail=0.0027(n=9,330)  mid=0.0132(n=8,951)  head=0.0596(n=32,704)
  evaluating 50,985 users in batches of 512...
    [512/50,985  elapsed 0.1s]
    [5,632/50,985  elapsed 1.2s]
    [10,752/50,985  elapsed 2.2s]
    [15,872/50,985  elapsed 3.1s]
    [20,992/50,985  elapsed 4.1s]
    [26,112/50,985  elapsed 5.0s]
    [31,232/50,985  elapsed 5.9s]
    [36,352/50,985  elapsed 6.9s]
    [41,472/50,985  elapsed 7.9s]
    [46,592/50,985  elapsed 8.8s]
  eval done in 9.6s
  by-popularity NDCG@10: tail=0.0020(n=10,592)  mid=0.0096(n=9,237)  head=0.0501(n=31,156)
  epoch  14  loss=8.1803  val_NDCG=0.0410  test_NDCG=0.0328  test_HR=0.0578  (5.3s)
  evaluating 50,985 users in batches of 512...
    [512/50,985  elapsed 0.1s]
    [5,632/50,985  elapsed 1.1s]
    [10,752/50,985  elapsed 2.0s]
    [15,872/50,985  elapsed 3.0s]
    [20,992/50,985  elapsed 3.9s]
    [26,112/50,985  elapsed 4.9s]
    [31,232/50,985  elapsed 5.8s]
    [36,352/50,985  elapsed 6.8s]
    [41,472/50,985  elapsed 7.7s]
    [46,592/50,985  elapsed 8.7s]
  eval done in 9.6s
  by-popularity NDCG@10: tail=0.0027(n=9,330)  mid=0.0134(n=8,951)  head=0.0598(n=32,704)
  evaluating 50,985 users in batches of 512...
    [512/50,985  elapsed 0.1s]
    [5,632/50,985  elapsed 1.2s]
    [10,752/50,985  elapsed 2.2s]
    [15,872/50,985  elapsed 3.1s]
    [20,992/50,985  elapsed 4.1s]
    [26,112/50,985  elapsed 5.1s]
    [31,232/50,985  elapsed 6.0s]
    [36,352/50,985  elapsed 7.0s]
    [41,472/50,985  elapsed 7.9s]
    [46,592/50,985  elapsed 8.9s]
  eval done in 9.7s
  by-popularity NDCG@10: tail=0.0021(n=10,592)  mid=0.0101(n=9,237)  head=0.0503(n=31,156)
  epoch  15  loss=8.1536  val_NDCG=0.0412  test_NDCG=0.0330  test_HR=0.0577  (5.1s)
  evaluating 50,985 users in batches of 512...
    [512/50,985  elapsed 0.1s]
    [5,632/50,985  elapsed 1.1s]
    [10,752/50,985  elapsed 2.2s]
    [15,872/50,985  elapsed 3.2s]
    [20,992/50,985  elapsed 4.2s]
    [26,112/50,985  elapsed 5.1s]
    [31,232/50,985  elapsed 6.0s]
    [36,352/50,985  elapsed 7.0s]
    [41,472/50,985  elapsed 8.0s]
    [46,592/50,985  elapsed 9.0s]
  eval done in 9.8s
  by-popularity NDCG@10: tail=0.0028(n=9,330)  mid=0.0136(n=8,951)  head=0.0595(n=32,704)
  evaluating 50,985 users in batches of 512...
    [512/50,985  elapsed 0.1s]
    [5,632/50,985  elapsed 1.1s]
    [10,752/50,985  elapsed 2.1s]
    [15,872/50,985  elapsed 3.1s]
    [20,992/50,985  elapsed 4.0s]
    [26,112/50,985  elapsed 5.0s]
    [31,232/50,985  elapsed 6.0s]
    [36,352/50,985  elapsed 6.9s]
    [41,472/50,985  elapsed 7.8s]
    [46,592/50,985  elapsed 8.7s]
  eval done in 9.5s
  by-popularity NDCG@10: tail=0.0020(n=10,592)  mid=0.0102(n=9,237)  head=0.0500(n=31,156)
  epoch  16  loss=8.1285  val_NDCG=0.0411  test_NDCG=0.0328  test_HR=0.0571  (5.3s)
  evaluating 50,985 users in batches of 512...
    [512/50,985  elapsed 0.1s]
    [5,632/50,985  elapsed 1.0s]
    [10,752/50,985  elapsed 2.0s]
    [15,872/50,985  elapsed 3.0s]
    [20,992/50,985  elapsed 3.9s]
    [26,112/50,985  elapsed 4.8s]
    [31,232/50,985  elapsed 5.8s]
    [36,352/50,985  elapsed 6.7s]
    [41,472/50,985  elapsed 7.7s]
    [46,592/50,985  elapsed 8.7s]
  eval done in 9.5s
  by-popularity NDCG@10: tail=0.0029(n=9,330)  mid=0.0135(n=8,951)  head=0.0595(n=32,704)
  evaluating 50,985 users in batches of 512...
    [512/50,985  elapsed 0.1s]
    [5,632/50,985  elapsed 1.2s]
    [10,752/50,985  elapsed 2.1s]
    [15,872/50,985  elapsed 3.0s]
    [20,992/50,985  elapsed 4.0s]
    [26,112/50,985  elapsed 4.9s]
    [31,232/50,985  elapsed 5.8s]
    [36,352/50,985  elapsed 6.9s]
    [41,472/50,985  elapsed 7.9s]
    [46,592/50,985  elapsed 8.8s]
  eval done in 9.6s
  by-popularity NDCG@10: tail=0.0022(n=10,592)  mid=0.0102(n=9,237)  head=0.0499(n=31,156)
  epoch  17  loss=8.1108  val_NDCG=0.0411  test_NDCG=0.0328  test_HR=0.0574  (5.0s)
  evaluating 50,985 users in batches of 512...
    [512/50,985  elapsed 0.1s]
    [5,632/50,985  elapsed 1.1s]
    [10,752/50,985  elapsed 2.0s]
    [15,872/50,985  elapsed 2.9s]
    [20,992/50,985  elapsed 3.9s]
    [26,112/50,985  elapsed 4.8s]
    [31,232/50,985  elapsed 5.8s]
    [36,352/50,985  elapsed 6.7s]
    [41,472/50,985  elapsed 7.7s]
    [46,592/50,985  elapsed 8.6s]
  eval done in 9.5s
  by-popularity NDCG@10: tail=0.0028(n=9,330)  mid=0.0134(n=8,951)  head=0.0595(n=32,704)
  evaluating 50,985 users in batches of 512...
    [512/50,985  elapsed 0.1s]
    [5,632/50,985  elapsed 1.1s]
    [10,752/50,985  elapsed 2.1s]
    [15,872/50,985  elapsed 3.0s]
    [20,992/50,985  elapsed 4.1s]
    [26,112/50,985  elapsed 5.1s]
    [31,232/50,985  elapsed 6.1s]
    [36,352/50,985  elapsed 7.1s]
    [41,472/50,985  elapsed 8.0s]
    [46,592/50,985  elapsed 9.0s]
  eval done in 9.8s
  by-popularity NDCG@10: tail=0.0022(n=10,592)  mid=0.0102(n=9,237)  head=0.0498(n=31,156)
  epoch  18  loss=8.0976  val_NDCG=0.0410  test_NDCG=0.0327  test_HR=0.0574  (5.1s)
  evaluating 50,985 users in batches of 512...
    [512/50,985  elapsed 0.1s]
    [5,632/50,985  elapsed 1.0s]
    [10,752/50,985  elapsed 2.0s]
    [15,872/50,985  elapsed 3.0s]
    [20,992/50,985  elapsed 3.9s]
    [26,112/50,985  elapsed 4.9s]
    [31,232/50,985  elapsed 5.8s]
    [36,352/50,985  elapsed 6.7s]
    [41,472/50,985  elapsed 7.7s]
    [46,592/50,985  elapsed 8.7s]
  eval done in 9.5s
  by-popularity NDCG@10: tail=0.0029(n=9,330)  mid=0.0135(n=8,951)  head=0.0595(n=32,704)
  evaluating 50,985 users in batches of 512...
    [512/50,985  elapsed 0.1s]
    [5,632/50,985  elapsed 1.2s]
    [10,752/50,985  elapsed 2.1s]
    [15,872/50,985  elapsed 3.1s]
    [20,992/50,985  elapsed 4.0s]
    [26,112/50,985  elapsed 5.0s]
    [31,232/50,985  elapsed 5.9s]
    [36,352/50,985  elapsed 6.9s]
    [41,472/50,985  elapsed 7.9s]
    [46,592/50,985  elapsed 8.9s]
  eval done in 9.8s
  by-popularity NDCG@10: tail=0.0022(n=10,592)  mid=0.0102(n=9,237)  head=0.0496(n=31,156)
  epoch  19  loss=8.0916  val_NDCG=0.0410  test_NDCG=0.0326  test_HR=0.0571  (5.0s)
  evaluating 50,985 users in batches of 512...
    [512/50,985  elapsed 0.1s]
    [5,632/50,985  elapsed 1.0s]
    [10,752/50,985  elapsed 1.9s]
    [15,872/50,985  elapsed 2.8s]
    [20,992/50,985  elapsed 3.7s]
    [26,112/50,985  elapsed 4.7s]
    [31,232/50,985  elapsed 5.7s]
    [36,352/50,985  elapsed 6.6s]
    [41,472/50,985  elapsed 7.6s]
    [46,592/50,985  elapsed 8.6s]
  eval done in 9.4s
  by-popularity NDCG@10: tail=0.0029(n=9,330)  mid=0.0135(n=8,951)  head=0.0594(n=32,704)
  evaluating 50,985 users in batches of 512...
    [512/50,985  elapsed 0.1s]
    [5,632/50,985  elapsed 1.1s]
    [10,752/50,985  elapsed 2.1s]
    [15,872/50,985  elapsed 3.0s]
    [20,992/50,985  elapsed 4.0s]
    [26,112/50,985  elapsed 5.0s]
    [31,232/50,985  elapsed 6.0s]
    [36,352/50,985  elapsed 6.9s]
    [41,472/50,985  elapsed 7.8s]
    [46,592/50,985  elapsed 8.8s]
  eval done in 9.6s
  by-popularity NDCG@10: tail=0.0022(n=10,592)  mid=0.0102(n=9,237)  head=0.0496(n=31,156)
  epoch  20  loss=8.0864  val_NDCG=0.0410  test_NDCG=0.0326  test_HR=0.0571  (5.1s)

=== Best by val NDCG@10 ===
  val_NDCG=0.0412
  test: {'NDCG@10': 0.032992482952070586, 'HR@10': 0.05768363244091399, 'MRR': 0.030519370803275832, 'n_eval': 50985, 'by_popularity': {'tail': {'NDCG@10': 0.002091086251114993, 'HR@10': 0.004342900302114804, 'n': 10592, 'n_hit@10': 46, 'HR@20': 0.008213746223564954, 'n_hit@20': 87, 'HR@50': 0.015861027190332326, 'n_hit@50': 168, 'HR@100': 0.026151812688821753, 'n_hit@100': 277}, 'mid': {'NDCG@10': 0.010133949012563065, 'HR@10': 0.017646421998484357, 'n': 9237, 'n_hit@10': 163, 'HR@20': 0.026740283641875067, 'n_hit@20': 247, 'HR@50': 0.04774277362780124, 'n_hit@50': 441, 'HR@100': 0.07924650860669048, 'n_hit@100': 732}, 'head': {'NDCG@10': 0.05027492844750493, 'HR@10': 0.0876877647965079, 'n': 31156, 'n_hit@10': 2732, 'HR@20': 0.12527282064449866, 'n_hit@20': 3903, 'HR@50': 0.19511490563615355, 'n_hit@50': 6079, 'HR@100': 0.26383361150340223, 'n_hit@100': 8220}}}
wrote C:\Users\rayxc\Documents\R\_bestrec_run\results_IS_HYBRIDV1_base_seed20260721.users.jsonl.gz (50,985 per-user records, best epoch 15, sha256 bbf011127b1f…)
wrote C:\Users\rayxc\Documents\R\_bestrec_run\results_IS_HYBRIDV1_base_seed20260721.final.users.jsonl.gz (50,985 FINAL-epoch per-user records)

wrote C:\Users\rayxc\Documents\R\_bestrec_run\results_IS_HYBRIDV1_base_seed20260721.json
[run] results_IS_HYBRIDV1_base_seed20260721.fusion.json
=== fusion eval: Industrial_and_Scientific  ckpt=results_IS_HYBRIDV1_base_seed20260721.best.pt ===
  n_users=50,985 n_items=25,848
  ckpt from epoch 15 (val NDCG@10 0.04120)

--- EASE l2=50.0: fit + VAL sweep ---
  EASE l2=50.0: inverted 25848x25848 in 73.8s
    [512/50,985 elapsed 0.3s]
    [10,752/50,985 elapsed 3.8s]
    [20,992/50,985 elapsed 6.6s]
    [31,232/50,985 elapsed 9.5s]
    [41,472/50,985 elapsed 12.3s]
  VAL seq NDCG@10=0.04120  ease=0.03204
    w=0.01: val fused NDCG@10=0.04283
    w=0.02: val fused NDCG@10=0.04365
    w=0.03: val fused NDCG@10=0.04384
    w=0.04: val fused NDCG@10=0.04387
    w=0.05: val fused NDCG@10=0.04384
    w=0.06: val fused NDCG@10=0.04368
    w=0.075: val fused NDCG@10=0.04352
    w=0.1: val fused NDCG@10=0.04280

--- EASE l2=100.0: fit + VAL sweep ---
  EASE l2=100.0: inverted 25848x25848 in 73.3s
    [512/50,985 elapsed 0.2s]
    [10,752/50,985 elapsed 3.1s]
    [20,992/50,985 elapsed 5.9s]
    [31,232/50,985 elapsed 8.8s]
    [41,472/50,985 elapsed 11.7s]
  VAL seq NDCG@10=0.04120  ease=0.03244
    w=0.01: val fused NDCG@10=0.04291
    w=0.02: val fused NDCG@10=0.04369
    w=0.03: val fused NDCG@10=0.04394
    w=0.04: val fused NDCG@10=0.04398
    w=0.05: val fused NDCG@10=0.04404
    w=0.06: val fused NDCG@10=0.04381
    w=0.075: val fused NDCG@10=0.04374
    w=0.1: val fused NDCG@10=0.04309

--- EASE l2=200.0: fit + VAL sweep ---
  EASE l2=200.0: inverted 25848x25848 in 74.2s
    [512/50,985 elapsed 0.2s]
    [10,752/50,985 elapsed 2.9s]
    [20,992/50,985 elapsed 5.7s]
    [31,232/50,985 elapsed 8.5s]
    [41,472/50,985 elapsed 11.3s]
  VAL seq NDCG@10=0.04120  ease=0.03267
    w=0.01: val fused NDCG@10=0.04290
    w=0.02: val fused NDCG@10=0.04381
    w=0.03: val fused NDCG@10=0.04405
    w=0.04: val fused NDCG@10=0.04411
    w=0.05: val fused NDCG@10=0.04396
    w=0.06: val fused NDCG@10=0.04388
    w=0.075: val fused NDCG@10=0.04379
    w=0.1: val fused NDCG@10=0.04300

--- EASE l2=500.0: fit + VAL sweep ---
  EASE l2=500.0: inverted 25848x25848 in 73.9s
    [512/50,985 elapsed 0.2s]
    [10,752/50,985 elapsed 3.2s]
    [20,992/50,985 elapsed 6.2s]
    [31,232/50,985 elapsed 9.1s]
    [41,472/50,985 elapsed 12.0s]
  VAL seq NDCG@10=0.04120  ease=0.03235
    w=0.01: val fused NDCG@10=0.04289
    w=0.02: val fused NDCG@10=0.04387
    w=0.03: val fused NDCG@10=0.04412
    w=0.04: val fused NDCG@10=0.04423
    w=0.05: val fused NDCG@10=0.04391
    w=0.06: val fused NDCG@10=0.04378
    w=0.075: val fused NDCG@10=0.04344
    w=0.1: val fused NDCG@10=0.04265

=== selected on VAL: l2=500.0, w=0.04 (val fused NDCG@10=0.04423) ===
  EASE l2=500.0: inverted 25848x25848 in 74.9s
    [512/50,985 elapsed 0.2s]
    [10,752/50,985 elapsed 2.9s]
    [20,992/50,985 elapsed 5.4s]
    [31,232/50,985 elapsed 8.2s]
    [41,472/50,985 elapsed 10.8s]

TEST seq-only  NDCG@10=0.03299 HR@10=0.05768 MRR=0.03052
TEST ease-only NDCG@10=0.02574 HR@10=0.04409
TEST FUSED (w=0.04) NDCG@10=0.03566 HR@10=0.06194 MRR=0.03270
wrote C:\Users\rayxc\Documents\R\_bestrec_run\results_IS_HYBRIDV1_base_seed20260721.fusion.json
[run] results_IS_HYBRIDV1_base_seed20260722.json
  random seed set to 20260722
=== Industrial_and_Scientific: load splits ===
  n_users=50,985  n_items=25,848  pad_id=25848
  built sequences for 50,985 users
  built timestamp sequences (12 time buckets)
  loading SBERT embeddings from C:\Users\rayxc\Documents\R\cache_5core\sbert_titles_Industrial_and_Scientific.npy...
  TAPE: k-means 25,848 text embeddings into K=512 prototypes (tau=0.05)...
  TAPE: K=512 mean max-assignment weight = 0.597 (1.0 = hard clustering)

=== Build SASRec-SBERT (d=64, layers=4, heads=2) ===
  total params: 11,750,463  device=cuda
  50,985 training examples / 200 batches per epoch
  init_state_sha256 = f921d5da8b4f4fbfa0cd94c149c689232abd3c23629229eb9b65623ab88c5104
  LR schedule: warmup_cosine (200 warmup + 3800 cosine steps)

=== Train for 20 epochs ===
  evaluating 50,985 users in batches of 512...
    [512/50,985  elapsed 0.1s]
    [5,632/50,985  elapsed 1.1s]
    [10,752/50,985  elapsed 2.1s]
    [15,872/50,985  elapsed 3.0s]
    [20,992/50,985  elapsed 4.0s]
    [26,112/50,985  elapsed 5.0s]
    [31,232/50,985  elapsed 6.0s]
    [36,352/50,985  elapsed 7.1s]
    [41,472/50,985  elapsed 8.1s]
    [46,592/50,985  elapsed 9.1s]
  eval done in 9.9s
  by-popularity NDCG@10: tail=0.0001(n=9,330)  mid=0.0003(n=8,951)  head=0.0287(n=32,704)
  evaluating 50,985 users in batches of 512...
    [512/50,985  elapsed 0.1s]
    [5,632/50,985  elapsed 1.2s]
    [10,752/50,985  elapsed 2.1s]
    [15,872/50,985  elapsed 3.2s]
    [20,992/50,985  elapsed 4.2s]
    [26,112/50,985  elapsed 5.2s]
    [31,232/50,985  elapsed 6.1s]
    [36,352/50,985  elapsed 7.1s]
    [41,472/50,985  elapsed 8.1s]
    [46,592/50,985  elapsed 9.2s]
  eval done in 10.1s
  by-popularity NDCG@10: tail=0.0000(n=10,592)  mid=0.0000(n=9,237)  head=0.0258(n=31,156)
  epoch   1  loss=9.7670  val_NDCG=0.0185  test_NDCG=0.0158  test_HR=0.0308  (5.4s)
  evaluating 50,985 users in batches of 512...
    [512/50,985  elapsed 0.1s]
    [5,632/50,985  elapsed 1.1s]
    [10,752/50,985  elapsed 2.1s]
    [15,872/50,985  elapsed 3.1s]
    [20,992/50,985  elapsed 4.0s]
    [26,112/50,985  elapsed 5.1s]
    [31,232/50,985  elapsed 6.0s]
    [36,352/50,985  elapsed 7.0s]
    [41,472/50,985  elapsed 8.0s]
    [46,592/50,985  elapsed 9.0s]
  eval done in 9.9s
  by-popularity NDCG@10: tail=0.0001(n=9,330)  mid=0.0004(n=8,951)  head=0.0419(n=32,704)
  evaluating 50,985 users in batches of 512...
    [512/50,985  elapsed 0.1s]
    [5,632/50,985  elapsed 1.1s]
    [10,752/50,985  elapsed 2.2s]
    [15,872/50,985  elapsed 3.1s]
    [20,992/50,985  elapsed 4.0s]
    [26,112/50,985  elapsed 5.0s]
    [31,232/50,985  elapsed 6.0s]
    [36,352/50,985  elapsed 7.0s]
    [41,472/50,985  elapsed 8.1s]
    [46,592/50,985  elapsed 9.1s]
  eval done in 9.9s
  by-popularity NDCG@10: tail=0.0001(n=10,592)  mid=0.0004(n=9,237)  head=0.0363(n=31,156)
  epoch   2  loss=9.2283  val_NDCG=0.0269  test_NDCG=0.0223  test_HR=0.0420  (5.7s)
  evaluating 50,985 users in batches of 512...
    [512/50,985  elapsed 0.1s]
    [5,632/50,985  elapsed 1.1s]
    [10,752/50,985  elapsed 2.1s]
    [15,872/50,985  elapsed 3.1s]
    [20,992/50,985  elapsed 4.1s]
    [26,112/50,985  elapsed 5.1s]
    [31,232/50,985  elapsed 6.0s]
    [36,352/50,985  elapsed 7.0s]
    [41,472/50,985  elapsed 8.0s]
    [46,592/50,985  elapsed 9.0s]
  eval done in 9.9s
  by-popularity NDCG@10: tail=0.0002(n=9,330)  mid=0.0012(n=8,951)  head=0.0492(n=32,704)
  evaluating 50,985 users in batches of 512...
    [512/50,985  elapsed 0.1s]
    [5,632/50,985  elapsed 1.1s]
    [10,752/50,985  elapsed 2.1s]
    [15,872/50,985  elapsed 3.1s]
    [20,992/50,985  elapsed 4.1s]
    [26,112/50,985  elapsed 5.1s]
    [31,232/50,985  elapsed 6.2s]
    [36,352/50,985  elapsed 7.1s]
    [41,472/50,985  elapsed 8.1s]
    [46,592/50,985  elapsed 9.2s]
  eval done in 10.0s
  by-popularity NDCG@10: tail=0.0001(n=10,592)  mid=0.0012(n=9,237)  head=0.0431(n=31,156)
  epoch   3  loss=9.0203  val_NDCG=0.0318  test_NDCG=0.0266  test_HR=0.0492  (5.6s)
  evaluating 50,985 users in batches of 512...
    [512/50,985  elapsed 0.1s]
    [5,632/50,985  elapsed 1.1s]
    [10,752/50,985  elapsed 2.2s]
    [15,872/50,985  elapsed 3.3s]
    [20,992/50,985  elapsed 4.4s]
    [26,112/50,985  elapsed 5.4s]
    [31,232/50,985  elapsed 6.4s]
    [36,352/50,985  elapsed 7.6s]
    [41,472/50,985  elapsed 8.6s]
    [46,592/50,985  elapsed 9.6s]
  eval done in 10.5s
  by-popularity NDCG@10: tail=0.0003(n=9,330)  mid=0.0024(n=8,951)  head=0.0542(n=32,704)
  evaluating 50,985 users in batches of 512...
    [512/50,985  elapsed 0.1s]
    [5,632/50,985  elapsed 1.2s]
    [10,752/50,985  elapsed 2.1s]
    [15,872/50,985  elapsed 3.2s]
    [20,992/50,985  elapsed 4.2s]
    [26,112/50,985  elapsed 5.2s]
    [31,232/50,985  elapsed 6.3s]
    [36,352/50,985  elapsed 7.3s]
    [41,472/50,985  elapsed 8.3s]
    [46,592/50,985  elapsed 9.3s]
  eval done in 10.1s
  by-popularity NDCG@10: tail=0.0002(n=10,592)  mid=0.0024(n=9,237)  head=0.0487(n=31,156)
  epoch   4  loss=8.8733  val_NDCG=0.0353  test_NDCG=0.0302  test_HR=0.0549  (5.6s)
  evaluating 50,985 users in batches of 512...
    [512/50,985  elapsed 0.1s]
    [5,632/50,985  elapsed 1.2s]
    [10,752/50,985  elapsed 2.2s]
    [15,872/50,985  elapsed 3.4s]
    [20,992/50,985  elapsed 4.4s]
    [26,112/50,985  elapsed 5.4s]
    [31,232/50,985  elapsed 6.4s]
    [36,352/50,985  elapsed 7.4s]
    [41,472/50,985  elapsed 8.4s]
    [46,592/50,985  elapsed 9.4s]
  eval done in 10.3s
  by-popularity NDCG@10: tail=0.0005(n=9,330)  mid=0.0043(n=8,951)  head=0.0575(n=32,704)
  evaluating 50,985 users in batches of 512...
    [512/50,985  elapsed 0.1s]
    [5,632/50,985  elapsed 1.1s]
    [10,752/50,985  elapsed 2.1s]
    [15,872/50,985  elapsed 3.1s]
    [20,992/50,985  elapsed 4.1s]
    [26,112/50,985  elapsed 5.0s]
    [31,232/50,985  elapsed 6.0s]
    [36,352/50,985  elapsed 7.0s]
    [41,472/50,985  elapsed 8.0s]
    [46,592/50,985  elapsed 9.0s]
  eval done in 9.8s
  by-popularity NDCG@10: tail=0.0002(n=10,592)  mid=0.0037(n=9,237)  head=0.0502(n=31,156)
  epoch   5  loss=8.7540  val_NDCG=0.0377  test_NDCG=0.0314  test_HR=0.0563  (5.5s)
  evaluating 50,985 users in batches of 512...
    [512/50,985  elapsed 0.1s]
    [5,632/50,985  elapsed 1.4s]
    [10,752/50,985  elapsed 2.4s]
    [15,872/50,985  elapsed 3.5s]
    [20,992/50,985  elapsed 4.5s]
    [26,112/50,985  elapsed 5.5s]
    [31,232/50,985  elapsed 6.6s]
    [36,352/50,985  elapsed 7.5s]
    [41,472/50,985  elapsed 8.5s]
    [46,592/50,985  elapsed 9.6s]
  eval done in 10.4s
  by-popularity NDCG@10: tail=0.0010(n=9,330)  mid=0.0068(n=8,951)  head=0.0583(n=32,704)
  evaluating 50,985 users in batches of 512...
    [512/50,985  elapsed 0.1s]
    [5,632/50,985  elapsed 1.1s]
    [10,752/50,985  elapsed 2.2s]
    [15,872/50,985  elapsed 3.1s]
    [20,992/50,985  elapsed 4.1s]
    [26,112/50,985  elapsed 5.0s]
    [31,232/50,985  elapsed 6.0s]
    [36,352/50,985  elapsed 7.0s]
    [41,472/50,985  elapsed 8.0s]
    [46,592/50,985  elapsed 9.0s]
  eval done in 9.9s
  by-popularity NDCG@10: tail=0.0005(n=10,592)  mid=0.0051(n=9,237)  head=0.0505(n=31,156)
  epoch   6  loss=8.6518  val_NDCG=0.0387  test_NDCG=0.0319  test_HR=0.0572  (5.8s)
  evaluating 50,985 users in batches of 512...
    [512/50,985  elapsed 0.1s]
    [5,632/50,985  elapsed 1.1s]
    [10,752/50,985  elapsed 2.1s]
    [15,872/50,985  elapsed 3.1s]
    [20,992/50,985  elapsed 4.1s]
    [26,112/50,985  elapsed 5.1s]
    [31,232/50,985  elapsed 6.1s]
    [36,352/50,985  elapsed 7.1s]
    [41,472/50,985  elapsed 8.2s]
    [46,592/50,985  elapsed 9.2s]
  eval done in 9.9s
  by-popularity NDCG@10: tail=0.0012(n=9,330)  mid=0.0076(n=8,951)  head=0.0601(n=32,704)
  evaluating 50,985 users in batches of 512...
    [512/50,985  elapsed 0.1s]
    [5,632/50,985  elapsed 1.1s]
    [10,752/50,985  elapsed 2.1s]
    [15,872/50,985  elapsed 3.3s]
    [20,992/50,985  elapsed 4.3s]
    [26,112/50,985  elapsed 5.4s]
    [31,232/50,985  elapsed 6.4s]
    [36,352/50,985  elapsed 7.4s]
    [41,472/50,985  elapsed 8.3s]
    [46,592/50,985  elapsed 9.3s]
  eval done in 10.2s
  by-popularity NDCG@10: tail=0.0007(n=10,592)  mid=0.0058(n=9,237)  head=0.0527(n=31,156)
  epoch   7  loss=8.5662  val_NDCG=0.0401  test_NDCG=0.0334  test_HR=0.0589  (5.5s)
  evaluating 50,985 users in batches of 512...
    [512/50,985  elapsed 0.1s]
    [5,632/50,985  elapsed 1.4s]
    [10,752/50,985  elapsed 2.5s]
    [15,872/50,985  elapsed 3.4s]
    [20,992/50,985  elapsed 4.4s]
    [26,112/50,985  elapsed 5.4s]
    [31,232/50,985  elapsed 6.3s]
    [36,352/50,985  elapsed 7.3s]
    [41,472/50,985  elapsed 8.3s]
    [46,592/50,985  elapsed 9.3s]
  eval done in 10.1s
  by-popularity NDCG@10: tail=0.0015(n=9,330)  mid=0.0085(n=8,951)  head=0.0605(n=32,704)
  evaluating 50,985 users in batches of 512...
    [512/50,985  elapsed 0.1s]
    [5,632/50,985  elapsed 1.3s]
    [10,752/50,985  elapsed 2.3s]
    [15,872/50,985  elapsed 3.3s]
    [20,992/50,985  elapsed 4.3s]
    [26,112/50,985  elapsed 5.3s]
    [31,232/50,985  elapsed 6.4s]
    [36,352/50,985  elapsed 7.6s]
    [41,472/50,985  elapsed 8.6s]
    [46,592/50,985  elapsed 9.6s]
  eval done in 10.5s
  by-popularity NDCG@10: tail=0.0011(n=10,592)  mid=0.0068(n=9,237)  head=0.0517(n=31,156)
  epoch   8  loss=8.4909  val_NDCG=0.0405  test_NDCG=0.0331  test_HR=0.0584  (5.8s)
  evaluating 50,985 users in batches of 512...
    [512/50,985  elapsed 0.1s]
    [5,632/50,985  elapsed 1.1s]
    [10,752/50,985  elapsed 2.1s]
    [15,872/50,985  elapsed 3.1s]
    [20,992/50,985  elapsed 4.1s]
    [26,112/50,985  elapsed 5.1s]
    [31,232/50,985  elapsed 6.1s]
    [36,352/50,985  elapsed 7.1s]
    [41,472/50,985  elapsed 8.0s]
    [46,592/50,985  elapsed 9.0s]
  eval done in 9.9s
  by-popularity NDCG@10: tail=0.0017(n=9,330)  mid=0.0096(n=8,951)  head=0.0608(n=32,704)
  evaluating 50,985 users in batches of 512...
    [512/50,985  elapsed 0.1s]
    [5,632/50,985  elapsed 1.2s]
    [10,752/50,985  elapsed 2.2s]
    [15,872/50,985  elapsed 3.2s]
    [20,992/50,985  elapsed 4.2s]
    [26,112/50,985  elapsed 5.2s]
    [31,232/50,985  elapsed 6.2s]
    [36,352/50,985  elapsed 7.2s]
    [41,472/50,985  elapsed 8.2s]
    [46,592/50,985  elapsed 9.1s]
  eval done in 9.9s
  by-popularity NDCG@10: tail=0.0014(n=10,592)  mid=0.0079(n=9,237)  head=0.0518(n=31,156)
  epoch   9  loss=8.4213  val_NDCG=0.0410  test_NDCG=0.0334  test_HR=0.0589  (5.6s)
  evaluating 50,985 users in batches of 512...
    [512/50,985  elapsed 0.1s]
    [5,632/50,985  elapsed 1.1s]
    [10,752/50,985  elapsed 2.0s]
    [15,872/50,985  elapsed 3.0s]
    [20,992/50,985  elapsed 4.0s]
    [26,112/50,985  elapsed 5.0s]
    [31,232/50,985  elapsed 6.0s]
    [36,352/50,985  elapsed 7.0s]
    [41,472/50,985  elapsed 8.0s]
    [46,592/50,985  elapsed 9.0s]
  eval done in 9.8s
  by-popularity NDCG@10: tail=0.0019(n=9,330)  mid=0.0109(n=8,951)  head=0.0609(n=32,704)
  evaluating 50,985 users in batches of 512...
    [512/50,985  elapsed 0.1s]
    [5,632/50,985  elapsed 1.2s]
    [10,752/50,985  elapsed 2.2s]
    [15,872/50,985  elapsed 3.3s]
    [20,992/50,985  elapsed 4.2s]
    [26,112/50,985  elapsed 5.2s]
    [31,232/50,985  elapsed 6.1s]
    [36,352/50,985  elapsed 7.1s]
    [41,472/50,985  elapsed 8.2s]
    [46,592/50,985  elapsed 9.3s]
  eval done in 10.3s
  by-popularity NDCG@10: tail=0.0015(n=10,592)  mid=0.0084(n=9,237)  head=0.0515(n=31,156)
  epoch  10  loss=8.3621  val_NDCG=0.0413  test_NDCG=0.0333  test_HR=0.0588  (5.5s)
  evaluating 50,985 users in batches of 512...
    [512/50,985  elapsed 0.1s]
    [5,632/50,985  elapsed 1.1s]
    [10,752/50,985  elapsed 2.1s]
    [15,872/50,985  elapsed 3.1s]
    [20,992/50,985  elapsed 4.0s]
    [26,112/50,985  elapsed 5.1s]
    [31,232/50,985  elapsed 6.1s]
    [36,352/50,985  elapsed 7.1s]
    [41,472/50,985  elapsed 8.2s]
    [46,592/50,985  elapsed 9.2s]
  eval done in 10.0s
  by-popularity NDCG@10: tail=0.0020(n=9,330)  mid=0.0112(n=8,951)  head=0.0614(n=32,704)
  evaluating 50,985 users in batches of 512...
    [512/50,985  elapsed 0.1s]
    [5,632/50,985  elapsed 1.1s]
    [10,752/50,985  elapsed 2.1s]
    [15,872/50,985  elapsed 3.1s]
    [20,992/50,985  elapsed 4.1s]
    [26,112/50,985  elapsed 5.1s]
    [31,232/50,985  elapsed 6.1s]
    [36,352/50,985  elapsed 7.1s]
    [41,472/50,985  elapsed 8.0s]
    [46,592/50,985  elapsed 8.9s]
  eval done in 9.9s
  by-popularity NDCG@10: tail=0.0015(n=10,592)  mid=0.0084(n=9,237)  head=0.0522(n=31,156)
  epoch  11  loss=8.3084  val_NDCG=0.0417  test_NDCG=0.0337  test_HR=0.0594  (5.6s)
  evaluating 50,985 users in batches of 512...
    [512/50,985  elapsed 0.1s]
    [5,632/50,985  elapsed 1.1s]
    [10,752/50,985  elapsed 2.1s]
    [15,872/50,985  elapsed 3.1s]
    [20,992/50,985  elapsed 4.2s]
    [26,112/50,985  elapsed 5.3s]
    [31,232/50,985  elapsed 6.2s]
    [36,352/50,985  elapsed 7.3s]
    [41,472/50,985  elapsed 8.3s]
    [46,592/50,985  elapsed 9.3s]
  eval done in 10.2s
  by-popularity NDCG@10: tail=0.0023(n=9,330)  mid=0.0123(n=8,951)  head=0.0604(n=32,704)
  evaluating 50,985 users in batches of 512...
    [512/50,985  elapsed 0.1s]
    [5,632/50,985  elapsed 1.2s]
    [10,752/50,985  elapsed 2.2s]
    [15,872/50,985  elapsed 3.1s]
    [20,992/50,985  elapsed 4.0s]
    [26,112/50,985  elapsed 5.0s]
    [31,232/50,985  elapsed 6.1s]
    [36,352/50,985  elapsed 7.1s]
    [41,472/50,985  elapsed 8.0s]
    [46,592/50,985  elapsed 9.0s]
  eval done in 9.9s
  by-popularity NDCG@10: tail=0.0018(n=10,592)  mid=0.0092(n=9,237)  head=0.0511(n=31,156)
  epoch  12  loss=8.2600  val_NDCG=0.0413  test_NDCG=0.0333  test_HR=0.0582  (5.5s)
  evaluating 50,985 users in batches of 512...
    [512/50,985  elapsed 0.1s]
    [5,632/50,985  elapsed 1.1s]
    [10,752/50,985  elapsed 2.0s]
    [15,872/50,985  elapsed 3.0s]
    [20,992/50,985  elapsed 4.0s]
    [26,112/50,985  elapsed 5.1s]
    [31,232/50,985  elapsed 6.0s]
    [36,352/50,985  elapsed 7.0s]
    [41,472/50,985  elapsed 8.0s]
    [46,592/50,985  elapsed 9.1s]
  eval done in 10.0s
  by-popularity NDCG@10: tail=0.0025(n=9,330)  mid=0.0125(n=8,951)  head=0.0603(n=32,704)
  evaluating 50,985 users in batches of 512...
    [512/50,985  elapsed 0.1s]
    [5,632/50,985  elapsed 1.2s]
    [10,752/50,985  elapsed 2.2s]
    [15,872/50,985  elapsed 3.2s]
    [20,992/50,985  elapsed 4.2s]
    [26,112/50,985  elapsed 5.2s]
    [31,232/50,985  elapsed 6.1s]
    [36,352/50,985  elapsed 7.1s]
    [41,472/50,985  elapsed 8.1s]
    [46,592/50,985  elapsed 9.2s]
  eval done in 10.1s
  by-popularity NDCG@10: tail=0.0021(n=10,592)  mid=0.0096(n=9,237)  head=0.0503(n=31,156)
  epoch  13  loss=8.2179  val_NDCG=0.0413  test_NDCG=0.0329  test_HR=0.0579  (5.1s)
  evaluating 50,985 users in batches of 512...
    [512/50,985  elapsed 0.1s]
    [5,632/50,985  elapsed 1.0s]
    [10,752/50,985  elapsed 2.0s]
    [15,872/50,985  elapsed 3.0s]
    [20,992/50,985  elapsed 4.0s]
    [26,112/50,985  elapsed 4.9s]
    [31,232/50,985  elapsed 5.9s]
    [36,352/50,985  elapsed 6.9s]
    [41,472/50,985  elapsed 7.9s]
    [46,592/50,985  elapsed 8.9s]
  eval done in 9.7s
  by-popularity NDCG@10: tail=0.0027(n=9,330)  mid=0.0130(n=8,951)  head=0.0600(n=32,704)
  evaluating 50,985 users in batches of 512...
    [512/50,985  elapsed 0.1s]
    [5,632/50,985  elapsed 1.1s]
    [10,752/50,985  elapsed 2.0s]
    [15,872/50,985  elapsed 3.0s]
    [20,992/50,985  elapsed 4.2s]
    [26,112/50,985  elapsed 5.2s]
    [31,232/50,985  elapsed 6.2s]
    [36,352/50,985  elapsed 7.1s]
    [41,472/50,985  elapsed 8.1s]
    [46,592/50,985  elapsed 9.0s]
  eval done in 9.9s
  by-popularity NDCG@10: tail=0.0021(n=10,592)  mid=0.0096(n=9,237)  head=0.0505(n=31,156)
  epoch  14  loss=8.1800  val_NDCG=0.0412  test_NDCG=0.0330  test_HR=0.0578  (5.1s)
  evaluating 50,985 users in batches of 512...
    [512/50,985  elapsed 0.1s]
    [5,632/50,985  elapsed 1.2s]
    [10,752/50,985  elapsed 2.3s]
    [15,872/50,985  elapsed 3.4s]
    [20,992/50,985  elapsed 4.3s]
    [26,112/50,985  elapsed 5.4s]
    [31,232/50,985  elapsed 6.4s]
    [36,352/50,985  elapsed 7.5s]
    [41,472/50,985  elapsed 8.6s]
    [46,592/50,985  elapsed 9.7s]
  eval done in 10.5s
  by-popularity NDCG@10: tail=0.0026(n=9,330)  mid=0.0133(n=8,951)  head=0.0605(n=32,704)
  evaluating 50,985 users in batches of 512...
    [512/50,985  elapsed 0.1s]
    [5,632/50,985  elapsed 1.2s]
    [10,752/50,985  elapsed 2.4s]
    [15,872/50,985  elapsed 3.5s]
    [20,992/50,985  elapsed 4.6s]
    [26,112/50,985  elapsed 5.6s]
    [31,232/50,985  elapsed 6.8s]
    [36,352/50,985  elapsed 8.0s]
    [41,472/50,985  elapsed 9.1s]
    [46,592/50,985  elapsed 10.2s]
  eval done in 11.1s
  by-popularity NDCG@10: tail=0.0022(n=10,592)  mid=0.0098(n=9,237)  head=0.0505(n=31,156)
  epoch  15  loss=8.1523  val_NDCG=0.0416  test_NDCG=0.0331  test_HR=0.0577  (5.2s)
  evaluating 50,985 users in batches of 512...
    [512/50,985  elapsed 0.1s]
    [5,632/50,985  elapsed 1.2s]
    [10,752/50,985  elapsed 2.2s]
    [15,872/50,985  elapsed 3.3s]
    [20,992/50,985  elapsed 4.3s]
    [26,112/50,985  elapsed 5.4s]
    [31,232/50,985  elapsed 6.5s]
    [36,352/50,985  elapsed 7.5s]
    [41,472/50,985  elapsed 8.6s]
    [46,592/50,985  elapsed 9.6s]
  eval done in 10.5s
  by-popularity NDCG@10: tail=0.0027(n=9,330)  mid=0.0132(n=8,951)  head=0.0602(n=32,704)
  evaluating 50,985 users in batches of 512...
    [512/50,985  elapsed 0.1s]
    [5,632/50,985  elapsed 1.3s]
    [10,752/50,985  elapsed 2.3s]
    [15,872/50,985  elapsed 3.4s]
    [20,992/50,985  elapsed 4.4s]
    [26,112/50,985  elapsed 5.5s]
    [31,232/50,985  elapsed 6.5s]
    [36,352/50,985  elapsed 7.5s]
    [41,472/50,985  elapsed 8.6s]
    [46,592/50,985  elapsed 9.7s]
  eval done in 10.7s
  by-popularity NDCG@10: tail=0.0023(n=10,592)  mid=0.0099(n=9,237)  head=0.0500(n=31,156)
  epoch  16  loss=8.1289  val_NDCG=0.0414  test_NDCG=0.0328  test_HR=0.0575  (5.2s)
  evaluating 50,985 users in batches of 512...
    [512/50,985  elapsed 0.1s]
    [5,632/50,985  elapsed 1.1s]
    [10,752/50,985  elapsed 2.1s]
    [15,872/50,985  elapsed 3.1s]
    [20,992/50,985  elapsed 4.0s]
    [26,112/50,985  elapsed 5.0s]
    [31,232/50,985  elapsed 6.0s]
    [36,352/50,985  elapsed 7.0s]
    [41,472/50,985  elapsed 8.0s]
    [46,592/50,985  elapsed 8.9s]
  eval done in 9.8s
  by-popularity NDCG@10: tail=0.0027(n=9,330)  mid=0.0135(n=8,951)  head=0.0599(n=32,704)
  evaluating 50,985 users in batches of 512...
    [512/50,985  elapsed 0.1s]
    [5,632/50,985  elapsed 1.1s]
    [10,752/50,985  elapsed 2.1s]
    [15,872/50,985  elapsed 3.1s]
    [20,992/50,985  elapsed 4.0s]
    [26,112/50,985  elapsed 5.0s]
    [31,232/50,985  elapsed 6.0s]
    [36,352/50,985  elapsed 7.0s]
    [41,472/50,985  elapsed 8.0s]
    [46,592/50,985  elapsed 9.0s]
  eval done in 9.9s
  by-popularity NDCG@10: tail=0.0023(n=10,592)  mid=0.0101(n=9,237)  head=0.0501(n=31,156)
  epoch  17  loss=8.1126  val_NDCG=0.0413  test_NDCG=0.0329  test_HR=0.0577  (5.2s)
  evaluating 50,985 users in batches of 512...
    [512/50,985  elapsed 0.1s]
    [5,632/50,985  elapsed 1.2s]
    [10,752/50,985  elapsed 2.1s]
    [15,872/50,985  elapsed 3.1s]
    [20,992/50,985  elapsed 4.1s]
    [26,112/50,985  elapsed 5.1s]
    [31,232/50,985  elapsed 6.0s]
    [36,352/50,985  elapsed 7.0s]
    [41,472/50,985  elapsed 8.0s]
    [46,592/50,985  elapsed 8.9s]
  eval done in 9.8s
  by-popularity NDCG@10: tail=0.0027(n=9,330)  mid=0.0136(n=8,951)  head=0.0599(n=32,704)
  evaluating 50,985 users in batches of 512...
    [512/50,985  elapsed 0.1s]
    [5,632/50,985  elapsed 1.1s]
    [10,752/50,985  elapsed 2.1s]
    [15,872/50,985  elapsed 3.0s]
    [20,992/50,985  elapsed 4.0s]
    [26,112/50,985  elapsed 5.0s]
    [31,232/50,985  elapsed 5.9s]
    [36,352/50,985  elapsed 7.0s]
    [41,472/50,985  elapsed 7.9s]
    [46,592/50,985  elapsed 8.9s]
  eval done in 9.8s
  by-popularity NDCG@10: tail=0.0022(n=10,592)  mid=0.0102(n=9,237)  head=0.0498(n=31,156)
  epoch  18  loss=8.1006  val_NDCG=0.0413  test_NDCG=0.0327  test_HR=0.0572  (5.1s)
  evaluating 50,985 users in batches of 512...
    [512/50,985  elapsed 0.1s]
    [5,632/50,985  elapsed 1.1s]
    [10,752/50,985  elapsed 2.1s]
    [15,872/50,985  elapsed 3.0s]
    [20,992/50,985  elapsed 4.0s]
    [26,112/50,985  elapsed 5.0s]
    [31,232/50,985  elapsed 6.0s]
    [36,352/50,985  elapsed 7.1s]
    [41,472/50,985  elapsed 8.1s]
    [46,592/50,985  elapsed 9.0s]
  eval done in 9.9s
  by-popularity NDCG@10: tail=0.0027(n=9,330)  mid=0.0135(n=8,951)  head=0.0599(n=32,704)
  evaluating 50,985 users in batches of 512...
    [512/50,985  elapsed 0.1s]
    [5,632/50,985  elapsed 1.2s]
    [10,752/50,985  elapsed 2.1s]
    [15,872/50,985  elapsed 3.1s]
    [20,992/50,985  elapsed 4.1s]
    [26,112/50,985  elapsed 5.1s]
    [31,232/50,985  elapsed 6.0s]
    [36,352/50,985  elapsed 6.9s]
    [41,472/50,985  elapsed 7.9s]
    [46,592/50,985  elapsed 8.9s]
  eval done in 9.7s
  by-popularity NDCG@10: tail=0.0022(n=10,592)  mid=0.0101(n=9,237)  head=0.0500(n=31,156)
  epoch  19  loss=8.0924  val_NDCG=0.0413  test_NDCG=0.0328  test_HR=0.0574  (5.2s)
  evaluating 50,985 users in batches of 512...
    [512/50,985  elapsed 0.1s]
    [5,632/50,985  elapsed 1.2s]
    [10,752/50,985  elapsed 2.3s]
    [15,872/50,985  elapsed 3.2s]
    [20,992/50,985  elapsed 4.2s]
    [26,112/50,985  elapsed 5.3s]
    [31,232/50,985  elapsed 6.2s]
    [36,352/50,985  elapsed 7.1s]
    [41,472/50,985  elapsed 8.1s]
    [46,592/50,985  elapsed 9.1s]
  eval done in 10.0s
  by-popularity NDCG@10: tail=0.0027(n=9,330)  mid=0.0135(n=8,951)  head=0.0599(n=32,704)
  evaluating 50,985 users in batches of 512...
    [512/50,985  elapsed 0.1s]
    [5,632/50,985  elapsed 1.3s]
    [10,752/50,985  elapsed 2.3s]
    [15,872/50,985  elapsed 3.4s]
    [20,992/50,985  elapsed 4.4s]
    [26,112/50,985  elapsed 5.4s]
    [31,232/50,985  elapsed 6.4s]
    [36,352/50,985  elapsed 7.3s]
    [41,472/50,985  elapsed 8.3s]
    [46,592/50,985  elapsed 9.2s]
  eval done in 10.0s
  by-popularity NDCG@10: tail=0.0022(n=10,592)  mid=0.0101(n=9,237)  head=0.0499(n=31,156)
  epoch  20  loss=8.0875  val_NDCG=0.0413  test_NDCG=0.0328  test_HR=0.0573  (5.5s)

=== Best by val NDCG@10 ===
  val_NDCG=0.0417
  test: {'NDCG@10': 0.03372631214363051, 'HR@10': 0.05944885750710993, 'MRR': 0.030932922124104388, 'n_eval': 50985, 'by_popularity': {'tail': {'NDCG@10': 0.001523848672190479, 'HR@10': 0.003115558912386707, 'n': 10592, 'n_hit@10': 33, 'HR@20': 0.006231117824773414, 'n_hit@20': 66, 'HR@50': 0.013217522658610271, 'n_hit@50': 140, 'HR@100': 0.021714501510574018, 'n_hit@100': 230}, 'mid': {'NDCG@10': 0.008437984339673622, 'HR@10': 0.015589477102955504, 'n': 9237, 'n_hit@10': 144, 'HR@20': 0.025657681065280935, 'n_hit@20': 237, 'HR@50': 0.04601060950525062, 'n_hit@50': 425, 'HR@100': 0.07361697520840099, 'n_hit@100': 680}, 'head': {'NDCG@10': 0.0521714519887532, 'HR@10': 0.09160354345872385, 'n': 31156, 'n_hit@10': 2854, 'HR@20': 0.12944537167800746, 'n_hit@20': 4033, 'HR@50': 0.1975863397098472, 'n_hit@50': 6156, 'HR@100': 0.2693863140326101, 'n_hit@100': 8393}}}
wrote C:\Users\rayxc\Documents\R\_bestrec_run\results_IS_HYBRIDV1_base_seed20260722.users.jsonl.gz (50,985 per-user records, best epoch 11, sha256 6cf73c0fcdee…)
wrote C:\Users\rayxc\Documents\R\_bestrec_run\results_IS_HYBRIDV1_base_seed20260722.final.users.jsonl.gz (50,985 FINAL-epoch per-user records)

wrote C:\Users\rayxc\Documents\R\_bestrec_run\results_IS_HYBRIDV1_base_seed20260722.json
[run] results_IS_HYBRIDV1_base_seed20260722.fusion.json
=== fusion eval: Industrial_and_Scientific  ckpt=results_IS_HYBRIDV1_base_seed20260722.best.pt ===
  n_users=50,985 n_items=25,848
  ckpt from epoch 11 (val NDCG@10 0.04172)

--- EASE l2=50.0: fit + VAL sweep ---
  EASE l2=50.0: inverted 25848x25848 in 71.5s
    [512/50,985 elapsed 0.4s]
    [10,752/50,985 elapsed 3.3s]
    [20,992/50,985 elapsed 6.1s]
    [31,232/50,985 elapsed 9.0s]
    [41,472/50,985 elapsed 11.9s]
  VAL seq NDCG@10=0.04172  ease=0.03204
    w=0.01: val fused NDCG@10=0.04282
    w=0.02: val fused NDCG@10=0.04366
    w=0.03: val fused NDCG@10=0.04420
    w=0.04: val fused NDCG@10=0.04423
    w=0.05: val fused NDCG@10=0.04410
    w=0.06: val fused NDCG@10=0.04407
    w=0.075: val fused NDCG@10=0.04393
    w=0.1: val fused NDCG@10=0.04337

--- EASE l2=100.0: fit + VAL sweep ---
  EASE l2=100.0: inverted 25848x25848 in 71.1s
    [512/50,985 elapsed 0.2s]
    [10,752/50,985 elapsed 3.0s]
    [20,992/50,985 elapsed 5.8s]
    [31,232/50,985 elapsed 8.5s]
    [41,472/50,985 elapsed 11.3s]
  VAL seq NDCG@10=0.04172  ease=0.03244
    w=0.01: val fused NDCG@10=0.04290
    w=0.02: val fused NDCG@10=0.04377
    w=0.03: val fused NDCG@10=0.04430
    w=0.04: val fused NDCG@10=0.04427
    w=0.05: val fused NDCG@10=0.04419
    w=0.06: val fused NDCG@10=0.04413
    w=0.075: val fused NDCG@10=0.04389
    w=0.1: val fused NDCG@10=0.04350

--- EASE l2=200.0: fit + VAL sweep ---
  EASE l2=200.0: inverted 25848x25848 in 71.8s
    [512/50,985 elapsed 0.2s]
    [10,752/50,985 elapsed 3.0s]
    [20,992/50,985 elapsed 5.8s]
    [31,232/50,985 elapsed 8.6s]
    [41,472/50,985 elapsed 11.7s]
  VAL seq NDCG@10=0.04172  ease=0.03267
    w=0.01: val fused NDCG@10=0.04286
    w=0.02: val fused NDCG@10=0.04378
    w=0.03: val fused NDCG@10=0.04437
    w=0.04: val fused NDCG@10=0.04424
    w=0.05: val fused NDCG@10=0.04418
    w=0.06: val fused NDCG@10=0.04412
    w=0.075: val fused NDCG@10=0.04386
    w=0.1: val fused NDCG@10=0.04333

--- EASE l2=500.0: fit + VAL sweep ---
  EASE l2=500.0: inverted 25848x25848 in 71.4s
    [512/50,985 elapsed 0.2s]
    [10,752/50,985 elapsed 2.9s]
    [20,992/50,985 elapsed 5.5s]
    [31,232/50,985 elapsed 8.2s]
    [41,472/50,985 elapsed 10.9s]
  VAL seq NDCG@10=0.04172  ease=0.03235
    w=0.01: val fused NDCG@10=0.04289
    w=0.02: val fused NDCG@10=0.04381
    w=0.03: val fused NDCG@10=0.04432
    w=0.04: val fused NDCG@10=0.04426
    w=0.05: val fused NDCG@10=0.04396
    w=0.06: val fused NDCG@10=0.04388
    w=0.075: val fused NDCG@10=0.04355
    w=0.1: val fused NDCG@10=0.04291

=== selected on VAL: l2=200.0, w=0.03 (val fused NDCG@10=0.04437) ===
  EASE l2=200.0: inverted 25848x25848 in 69.9s
    [512/50,985 elapsed 0.1s]
    [10,752/50,985 elapsed 2.7s]
    [20,992/50,985 elapsed 5.1s]
    [31,232/50,985 elapsed 7.5s]
    [41,472/50,985 elapsed 10.0s]

TEST seq-only  NDCG@10=0.03373 HR@10=0.05945 MRR=0.03093
TEST ease-only NDCG@10=0.02617 HR@10=0.04444
TEST FUSED (w=0.03) NDCG@10=0.03594 HR@10=0.06153 MRR=0.03326
wrote C:\Users\rayxc\Documents\R\_bestrec_run\results_IS_HYBRIDV1_base_seed20260722.fusion.json
[run] results_IS_HYBRIDV1_base_seed20260723.json
  random seed set to 20260723
=== Industrial_and_Scientific: load splits ===
  n_users=50,985  n_items=25,848  pad_id=25848
  built sequences for 50,985 users
  built timestamp sequences (12 time buckets)
  loading SBERT embeddings from C:\Users\rayxc\Documents\R\cache_5core\sbert_titles_Industrial_and_Scientific.npy...
  TAPE: k-means 25,848 text embeddings into K=512 prototypes (tau=0.05)...
  TAPE: K=512 mean max-assignment weight = 0.587 (1.0 = hard clustering)

=== Build SASRec-SBERT (d=64, layers=4, heads=2) ===
  total params: 11,750,463  device=cuda
  50,985 training examples / 200 batches per epoch
  init_state_sha256 = 89441c6ba6f7609bc10ef54770fe9876c3d0be6bacaaf150357955d7e0191bf3
  LR schedule: warmup_cosine (200 warmup + 3800 cosine steps)

=== Train for 20 epochs ===
  evaluating 50,985 users in batches of 512...
    [512/50,985  elapsed 0.1s]
    [5,632/50,985  elapsed 1.0s]
    [10,752/50,985  elapsed 1.9s]
    [15,872/50,985  elapsed 2.8s]
    [20,992/50,985  elapsed 3.7s]
    [26,112/50,985  elapsed 4.6s]
    [31,232/50,985  elapsed 5.5s]
    [36,352/50,985  elapsed 6.4s]
    [41,472/50,985  elapsed 7.3s]
    [46,592/50,985  elapsed 8.1s]
  eval done in 8.9s
  by-popularity NDCG@10: tail=0.0000(n=9,330)  mid=0.0002(n=8,951)  head=0.0303(n=32,704)
  evaluating 50,985 users in batches of 512...
    [512/50,985  elapsed 0.1s]
    [5,632/50,985  elapsed 1.0s]
    [10,752/50,985  elapsed 1.9s]
    [15,872/50,985  elapsed 2.8s]
    [20,992/50,985  elapsed 3.7s]
    [26,112/50,985  elapsed 4.6s]
    [31,232/50,985  elapsed 5.5s]
    [36,352/50,985  elapsed 6.3s]
    [41,472/50,985  elapsed 7.2s]
    [46,592/50,985  elapsed 8.1s]
  eval done in 8.9s
  by-popularity NDCG@10: tail=0.0000(n=10,592)  mid=0.0000(n=9,237)  head=0.0278(n=31,156)
  epoch   1  loss=9.7626  val_NDCG=0.0195  test_NDCG=0.0170  test_HR=0.0318  (5.6s)
  evaluating 50,985 users in batches of 512...
    [512/50,985  elapsed 0.1s]
    [5,632/50,985  elapsed 1.2s]
    [10,752/50,985  elapsed 2.3s]
    [15,872/50,985  elapsed 3.3s]
    [20,992/50,985  elapsed 4.3s]
    [26,112/50,985  elapsed 5.3s]
    [31,232/50,985  elapsed 6.4s]
    [36,352/50,985  elapsed 7.5s]
    [41,472/50,985  elapsed 8.7s]
    [46,592/50,985  elapsed 9.7s]
  eval done in 10.6s
  by-popularity NDCG@10: tail=0.0001(n=9,330)  mid=0.0006(n=8,951)  head=0.0411(n=32,704)
  evaluating 50,985 users in batches of 512...
    [512/50,985  elapsed 0.1s]
    [5,632/50,985  elapsed 1.1s]
    [10,752/50,985  elapsed 2.1s]
    [15,872/50,985  elapsed 3.1s]
    [20,992/50,985  elapsed 4.2s]
    [26,112/50,985  elapsed 5.2s]
    [31,232/50,985  elapsed 6.3s]
    [36,352/50,985  elapsed 7.3s]
    [41,472/50,985  elapsed 8.3s]
    [46,592/50,985  elapsed 9.4s]
  eval done in 10.3s
  by-popularity NDCG@10: tail=0.0001(n=10,592)  mid=0.0003(n=9,237)  head=0.0365(n=31,156)
  epoch   2  loss=9.2267  val_NDCG=0.0265  test_NDCG=0.0224  test_HR=0.0417  (5.9s)
  evaluating 50,985 users in batches of 512...
    [512/50,985  elapsed 0.1s]
    [5,632/50,985  elapsed 1.5s]
    [10,752/50,985  elapsed 3.3s]
    [15,872/50,985  elapsed 4.6s]
    [20,992/50,985  elapsed 5.8s]
    [26,112/50,985  elapsed 7.0s]
    [31,232/50,985  elapsed 8.1s]
    [36,352/50,985  elapsed 9.3s]
    [41,472/50,985  elapsed 10.5s]
    [46,592/50,985  elapsed 11.7s]
  eval done in 12.7s
  by-popularity NDCG@10: tail=0.0001(n=9,330)  mid=0.0014(n=8,951)  head=0.0485(n=32,704)
  evaluating 50,985 users in batches of 512...
    [512/50,985  elapsed 0.1s]
    [5,632/50,985  elapsed 1.4s]
    [10,752/50,985  elapsed 2.5s]
    [15,872/50,985  elapsed 3.8s]
    [20,992/50,985  elapsed 4.9s]
    [26,112/50,985  elapsed 6.2s]
    [31,232/50,985  elapsed 7.4s]
    [36,352/50,985  elapsed 8.5s]
    [41,472/50,985  elapsed 9.7s]
    [46,592/50,985  elapsed 10.9s]
  eval done in 11.8s
  by-popularity NDCG@10: tail=0.0001(n=10,592)  mid=0.0008(n=9,237)  head=0.0427(n=31,156)
  epoch   3  loss=9.0159  val_NDCG=0.0314  test_NDCG=0.0263  test_HR=0.0485  (5.9s)
  evaluating 50,985 users in batches of 512...
    [512/50,985  elapsed 0.1s]
    [5,632/50,985  elapsed 1.2s]
    [10,752/50,985  elapsed 2.4s]
    [15,872/50,985  elapsed 3.6s]
    [20,992/50,985  elapsed 4.8s]
    [26,112/50,985  elapsed 6.0s]
    [31,232/50,985  elapsed 7.2s]
    [36,352/50,985  elapsed 8.4s]
    [41,472/50,985  elapsed 9.7s]
    [46,592/50,985  elapsed 10.9s]
  eval done in 11.8s
  by-popularity NDCG@10: tail=0.0002(n=9,330)  mid=0.0023(n=8,951)  head=0.0543(n=32,704)
  evaluating 50,985 users in batches of 512...
    [512/50,985  elapsed 0.1s]
    [5,632/50,985  elapsed 1.2s]
    [10,752/50,985  elapsed 2.4s]
    [15,872/50,985  elapsed 3.7s]
    [20,992/50,985  elapsed 5.0s]
    [26,112/50,985  elapsed 6.2s]
    [31,232/50,985  elapsed 7.4s]
    [36,352/50,985  elapsed 8.6s]
    [41,472/50,985  elapsed 9.7s]
    [46,592/50,985  elapsed 10.8s]
  eval done in 11.9s
  by-popularity NDCG@10: tail=0.0001(n=10,592)  mid=0.0018(n=9,237)  head=0.0478(n=31,156)
  epoch   4  loss=8.8690  val_NDCG=0.0353  test_NDCG=0.0296  test_HR=0.0533  (5.9s)
  evaluating 50,985 users in batches of 512...
    [512/50,985  elapsed 0.1s]
    [5,632/50,985  elapsed 1.6s]
    [10,752/50,985  elapsed 2.9s]
    [15,872/50,985  elapsed 4.2s]
    [20,992/50,985  elapsed 5.4s]
    [26,112/50,985  elapsed 6.5s]
    [31,232/50,985  elapsed 7.8s]
    [36,352/50,985  elapsed 9.2s]
    [41,472/50,985  elapsed 10.3s]
    [46,592/50,985  elapsed 11.4s]
  eval done in 12.5s
  by-popularity NDCG@10: tail=0.0006(n=9,330)  mid=0.0038(n=8,951)  head=0.0579(n=32,704)
  evaluating 50,985 users in batches of 512...
    [512/50,985  elapsed 0.1s]
    [5,632/50,985  elapsed 1.3s]
    [10,752/50,985  elapsed 2.4s]
    [15,872/50,985  elapsed 3.8s]
    [20,992/50,985  elapsed 5.0s]
    [26,112/50,985  elapsed 6.2s]
    [31,232/50,985  elapsed 7.3s]
    [36,352/50,985  elapsed 8.5s]
    [41,472/50,985  elapsed 9.9s]
    [46,592/50,985  elapsed 11.3s]
  eval done in 12.6s
  by-popularity NDCG@10: tail=0.0003(n=10,592)  mid=0.0031(n=9,237)  head=0.0502(n=31,156)
  epoch   5  loss=8.7516  val_NDCG=0.0379  test_NDCG=0.0313  test_HR=0.0570  (5.9s)
  evaluating 50,985 users in batches of 512...
    [512/50,985  elapsed 0.1s]
    [5,632/50,985  elapsed 1.4s]
    [10,752/50,985  elapsed 2.8s]
    [15,872/50,985  elapsed 4.0s]
    [20,992/50,985  elapsed 5.3s]
    [26,112/50,985  elapsed 6.5s]
    [31,232/50,985  elapsed 7.5s]
    [36,352/50,985  elapsed 8.8s]
    [41,472/50,985  elapsed 10.1s]
    [46,592/50,985  elapsed 11.2s]
  eval done in 12.3s
  by-popularity NDCG@10: tail=0.0009(n=9,330)  mid=0.0058(n=8,951)  head=0.0589(n=32,704)
  evaluating 50,985 users in batches of 512...
    [512/50,985  elapsed 0.1s]
    [5,632/50,985  elapsed 1.4s]
    [10,752/50,985  elapsed 2.8s]
    [15,872/50,985  elapsed 4.0s]
    [20,992/50,985  elapsed 5.1s]
    [26,112/50,985  elapsed 6.2s]
    [31,232/50,985  elapsed 7.5s]
    [36,352/50,985  elapsed 8.6s]
    [41,472/50,985  elapsed 9.7s]
    [46,592/50,985  elapsed 10.8s]
  eval done in 11.8s
  by-popularity NDCG@10: tail=0.0005(n=10,592)  mid=0.0046(n=9,237)  head=0.0507(n=31,156)
  epoch   6  loss=8.6537  val_NDCG=0.0390  test_NDCG=0.0319  test_HR=0.0569  (6.1s)
  evaluating 50,985 users in batches of 512...
    [512/50,985  elapsed 0.1s]
    [5,632/50,985  elapsed 1.3s]
    [10,752/50,985  elapsed 2.6s]
    [15,872/50,985  elapsed 3.8s]
    [20,992/50,985  elapsed 5.2s]
    [26,112/50,985  elapsed 6.4s]
    [31,232/50,985  elapsed 7.6s]
    [36,352/50,985  elapsed 8.8s]
    [41,472/50,985  elapsed 10.2s]
    [46,592/50,985  elapsed 11.5s]
  eval done in 12.6s
  by-popularity NDCG@10: tail=0.0012(n=9,330)  mid=0.0065(n=8,951)  head=0.0594(n=32,704)
  evaluating 50,985 users in batches of 512...
    [512/50,985  elapsed 0.1s]
    [5,632/50,985  elapsed 1.5s]
    [10,752/50,985  elapsed 2.9s]
    [15,872/50,985  elapsed 4.2s]
    [20,992/50,985  elapsed 5.4s]
    [26,112/50,985  elapsed 6.7s]
    [31,232/50,985  elapsed 7.9s]
    [36,352/50,985  elapsed 9.3s]
    [41,472/50,985  elapsed 10.5s]
    [46,592/50,985  elapsed 11.6s]
  eval done in 12.6s
  by-popularity NDCG@10: tail=0.0008(n=10,592)  mid=0.0058(n=9,237)  head=0.0509(n=31,156)
  epoch   7  loss=8.5676  val_NDCG=0.0395  test_NDCG=0.0323  test_HR=0.0583  (5.9s)
  evaluating 50,985 users in batches of 512...
    [512/50,985  elapsed 0.1s]
    [5,632/50,985  elapsed 1.3s]
    [10,752/50,985  elapsed 2.5s]
    [15,872/50,985  elapsed 3.9s]
    [20,992/50,985  elapsed 5.4s]
    [26,112/50,985  elapsed 6.7s]
    [31,232/50,985  elapsed 8.0s]
    [36,352/50,985  elapsed 9.2s]
    [41,472/50,985  elapsed 10.4s]
    [46,592/50,985  elapsed 11.6s]
  eval done in 12.7s
  by-popularity NDCG@10: tail=0.0014(n=9,330)  mid=0.0083(n=8,951)  head=0.0604(n=32,704)
  evaluating 50,985 users in batches of 512...
    [512/50,985  elapsed 0.1s]
    [5,632/50,985  elapsed 1.4s]
    [10,752/50,985  elapsed 2.7s]
    [15,872/50,985  elapsed 3.8s]
    [20,992/50,985  elapsed 5.0s]
    [26,112/50,985  elapsed 6.2s]
    [31,232/50,985  elapsed 7.3s]
    [36,352/50,985  elapsed 8.7s]
    [41,472/50,985  elapsed 10.1s]
    [46,592/50,985  elapsed 11.5s]
  eval done in 12.6s
  by-popularity NDCG@10: tail=0.0011(n=10,592)  mid=0.0066(n=9,237)  head=0.0516(n=31,156)
  epoch   8  loss=8.4908  val_NDCG=0.0405  test_NDCG=0.0329  test_HR=0.0584  (6.2s)
  evaluating 50,985 users in batches of 512...
    [512/50,985  elapsed 0.1s]
    [5,632/50,985  elapsed 1.5s]
    [10,752/50,985  elapsed 2.9s]
    [15,872/50,985  elapsed 4.0s]
    [20,992/50,985  elapsed 5.3s]
    [26,112/50,985  elapsed 6.5s]
    [31,232/50,985  elapsed 7.7s]
    [36,352/50,985  elapsed 9.0s]
    [41,472/50,985  elapsed 10.2s]
    [46,592/50,985  elapsed 11.5s]
  eval done in 12.5s
  by-popularity NDCG@10: tail=0.0016(n=9,330)  mid=0.0092(n=8,951)  head=0.0600(n=32,704)
  evaluating 50,985 users in batches of 512...
    [512/50,985  elapsed 0.1s]
    [5,632/50,985  elapsed 1.7s]
    [10,752/50,985  elapsed 3.0s]
    [15,872/50,985  elapsed 4.3s]
    [20,992/50,985  elapsed 5.4s]
    [26,112/50,985  elapsed 6.6s]
    [31,232/50,985  elapsed 8.0s]
    [36,352/50,985  elapsed 9.4s]
    [41,472/50,985  elapsed 10.7s]
    [46,592/50,985  elapsed 11.9s]
  eval done in 13.5s
  by-popularity NDCG@10: tail=0.0013(n=10,592)  mid=0.0077(n=9,237)  head=0.0512(n=31,156)
  epoch   9  loss=8.4254  val_NDCG=0.0404  test_NDCG=0.0330  test_HR=0.0588  (6.3s)
  evaluating 50,985 users in batches of 512...
    [512/50,985  elapsed 0.1s]
    [5,632/50,985  elapsed 1.4s]
    [10,752/50,985  elapsed 2.7s]
    [15,872/50,985  elapsed 3.9s]
    [20,992/50,985  elapsed 5.1s]
    [26,112/50,985  elapsed 6.3s]
    [31,232/50,985  elapsed 7.6s]
    [36,352/50,985  elapsed 8.9s]
    [41,472/50,985  elapsed 10.1s]
    [46,592/50,985  elapsed 11.3s]
  eval done in 12.3s
  by-popularity NDCG@10: tail=0.0018(n=9,330)  mid=0.0103(n=8,951)  head=0.0607(n=32,704)
  evaluating 50,985 users in batches of 512...
    [512/50,985  elapsed 0.1s]
    [5,632/50,985  elapsed 1.6s]
    [10,752/50,985  elapsed 3.0s]
    [15,872/50,985  elapsed 4.0s]
    [20,992/50,985  elapsed 5.2s]
    [26,112/50,985  elapsed 6.4s]
    [31,232/50,985  elapsed 7.7s]
    [36,352/50,985  elapsed 9.1s]
    [41,472/50,985  elapsed 10.3s]
    [46,592/50,985  elapsed 11.4s]
  eval done in 12.4s
  by-popularity NDCG@10: tail=0.0016(n=10,592)  mid=0.0081(n=9,237)  head=0.0516(n=31,156)
  epoch  10  loss=8.3633  val_NDCG=0.0411  test_NDCG=0.0334  test_HR=0.0590  (5.8s)
  evaluating 50,985 users in batches of 512...
    [512/50,985  elapsed 0.1s]
    [5,632/50,985  elapsed 1.4s]
    [10,752/50,985  elapsed 2.6s]
    [15,872/50,985  elapsed 3.9s]
    [20,992/50,985  elapsed 5.0s]
    [26,112/50,985  elapsed 6.2s]
    [31,232/50,985  elapsed 7.5s]
    [36,352/50,985  elapsed 8.7s]
    [41,472/50,985  elapsed 9.9s]
    [46,592/50,985  elapsed 11.3s]
  eval done in 12.3s
  by-popularity NDCG@10: tail=0.0019(n=9,330)  mid=0.0118(n=8,951)  head=0.0607(n=32,704)
  evaluating 50,985 users in batches of 512...
    [512/50,985  elapsed 0.1s]
    [5,632/50,985  elapsed 1.5s]
    [10,752/50,985  elapsed 2.7s]
    [15,872/50,985  elapsed 3.9s]
    [20,992/50,985  elapsed 5.2s]
    [26,112/50,985  elapsed 6.4s]
    [31,232/50,985  elapsed 7.6s]
    [36,352/50,985  elapsed 8.9s]
    [41,472/50,985  elapsed 10.1s]
    [46,592/50,985  elapsed 11.5s]
  eval done in 12.6s
  by-popularity NDCG@10: tail=0.0017(n=10,592)  mid=0.0084(n=9,237)  head=0.0511(n=31,156)
  epoch  11  loss=8.3086  val_NDCG=0.0413  test_NDCG=0.0331  test_HR=0.0587  (6.0s)
  evaluating 50,985 users in batches of 512...
    [512/50,985  elapsed 0.1s]
    [5,632/50,985  elapsed 1.3s]
    [10,752/50,985  elapsed 2.4s]
    [15,872/50,985  elapsed 3.7s]
    [20,992/50,985  elapsed 5.0s]
    [26,112/50,985  elapsed 6.1s]
    [31,232/50,985  elapsed 7.3s]
    [36,352/50,985  elapsed 8.5s]
    [41,472/50,985  elapsed 9.8s]
    [46,592/50,985  elapsed 11.1s]
  eval done in 12.2s
  by-popularity NDCG@10: tail=0.0021(n=9,330)  mid=0.0119(n=8,951)  head=0.0611(n=32,704)
  evaluating 50,985 users in batches of 512...
    [512/50,985  elapsed 0.1s]
    [5,632/50,985  elapsed 1.6s]
    [10,752/50,985  elapsed 2.8s]
    [15,872/50,985  elapsed 4.1s]
    [20,992/50,985  elapsed 5.3s]
    [26,112/50,985  elapsed 6.6s]
    [31,232/50,985  elapsed 7.9s]
    [36,352/50,985  elapsed 9.1s]
    [41,472/50,985  elapsed 10.3s]
    [46,592/50,985  elapsed 11.6s]
  eval done in 12.6s
  by-popularity NDCG@10: tail=0.0019(n=10,592)  mid=0.0090(n=9,237)  head=0.0514(n=31,156)
  epoch  12  loss=8.2631  val_NDCG=0.0417  test_NDCG=0.0335  test_HR=0.0586  (6.0s)
  evaluating 50,985 users in batches of 512...
    [512/50,985  elapsed 0.1s]
    [5,632/50,985  elapsed 1.3s]
    [10,752/50,985  elapsed 2.6s]
    [15,872/50,985  elapsed 3.9s]
    [20,992/50,985  elapsed 5.2s]
    [26,112/50,985  elapsed 6.4s]
    [31,232/50,985  elapsed 7.8s]
    [36,352/50,985  elapsed 9.0s]
    [41,472/50,985  elapsed 10.2s]
    [46,592/50,985  elapsed 11.6s]
  eval done in 12.6s
  by-popularity NDCG@10: tail=0.0023(n=9,330)  mid=0.0128(n=8,951)  head=0.0605(n=32,704)
  evaluating 50,985 users in batches of 512...
    [512/50,985  elapsed 0.1s]
    [5,632/50,985  elapsed 1.4s]
    [10,752/50,985  elapsed 2.7s]
    [15,872/50,985  elapsed 3.9s]
    [20,992/50,985  elapsed 5.3s]
    [26,112/50,985  elapsed 6.6s]
    [31,232/50,985  elapsed 7.7s]
    [36,352/50,985  elapsed 8.9s]
    [41,472/50,985  elapsed 10.3s]
    [46,592/50,985  elapsed 11.7s]
  eval done in 12.9s
  by-popularity NDCG@10: tail=0.0022(n=10,592)  mid=0.0094(n=9,237)  head=0.0513(n=31,156)
  epoch  13  loss=8.2185  val_NDCG=0.0414  test_NDCG=0.0335  test_HR=0.0587  (6.0s)
  evaluating 50,985 users in batches of 512...
    [512/50,985  elapsed 0.1s]
    [5,632/50,985  elapsed 1.2s]
    [10,752/50,985  elapsed 2.4s]
    [15,872/50,985  elapsed 3.9s]
    [20,992/50,985  elapsed 5.0s]
    [26,112/50,985  elapsed 6.3s]
    [31,232/50,985  elapsed 7.5s]
    [36,352/50,985  elapsed 8.8s]
    [41,472/50,985  elapsed 10.0s]
    [46,592/50,985  elapsed 11.2s]
  eval done in 12.3s
  by-popularity NDCG@10: tail=0.0024(n=9,330)  mid=0.0129(n=8,951)  head=0.0604(n=32,704)
  evaluating 50,985 users in batches of 512...
    [512/50,985  elapsed 0.1s]
    [5,632/50,985  elapsed 1.5s]
    [10,752/50,985  elapsed 2.8s]
    [15,872/50,985  elapsed 4.1s]
    [20,992/50,985  elapsed 5.4s]
    [26,112/50,985  elapsed 6.5s]
    [31,232/50,985  elapsed 7.8s]
    [36,352/50,985  elapsed 9.0s]
    [41,472/50,985  elapsed 10.5s]
    [46,592/50,985  elapsed 12.1s]
  eval done in 13.3s
  by-popularity NDCG@10: tail=0.0021(n=10,592)  mid=0.0094(n=9,237)  head=0.0507(n=31,156)
  epoch  14  loss=8.1870  val_NDCG=0.0414  test_NDCG=0.0331  test_HR=0.0579  (5.3s)
  evaluating 50,985 users in batches of 512...
    [512/50,985  elapsed 0.1s]
    [5,632/50,985  elapsed 1.2s]
    [10,752/50,985  elapsed 2.4s]
    [15,872/50,985  elapsed 3.7s]
    [20,992/50,985  elapsed 5.1s]
    [26,112/50,985  elapsed 6.5s]
    [31,232/50,985  elapsed 8.3s]
    [36,352/50,985  elapsed 10.1s]
    [41,472/50,985  elapsed 11.7s]
    [46,592/50,985  elapsed 12.9s]
  eval done in 13.9s
  by-popularity NDCG@10: tail=0.0024(n=9,330)  mid=0.0134(n=8,951)  head=0.0605(n=32,704)
  evaluating 50,985 users in batches of 512...
    [512/50,985  elapsed 0.1s]
    [5,632/50,985  elapsed 1.5s]
    [10,752/50,985  elapsed 2.8s]
    [15,872/50,985  elapsed 4.1s]
    [20,992/50,985  elapsed 5.3s]
    [26,112/50,985  elapsed 6.6s]
    [31,232/50,985  elapsed 7.8s]
    [36,352/50,985  elapsed 8.9s]
    [41,472/50,985  elapsed 10.2s]
    [46,592/50,985  elapsed 11.5s]
  eval done in 12.6s
  by-popularity NDCG@10: tail=0.0022(n=10,592)  mid=0.0100(n=9,237)  head=0.0508(n=31,156)
  epoch  15  loss=8.1563  val_NDCG=0.0416  test_NDCG=0.0333  test_HR=0.0580  (5.5s)
  evaluating 50,985 users in batches of 512...
    [512/50,985  elapsed 0.1s]
    [5,632/50,985  elapsed 1.3s]
    [10,752/50,985  elapsed 2.6s]
    [15,872/50,985  elapsed 4.1s]
    [20,992/50,985  elapsed 6.0s]
    [26,112/50,985  elapsed 7.3s]
    [31,232/50,985  elapsed 8.8s]
    [36,352/50,985  elapsed 10.0s]
    [41,472/50,985  elapsed 11.2s]
    [46,592/50,985  elapsed 12.5s]
  eval done in 13.7s
  by-popularity NDCG@10: tail=0.0024(n=9,330)  mid=0.0132(n=8,951)  head=0.0604(n=32,704)
  evaluating 50,985 users in batches of 512...
    [512/50,985  elapsed 0.1s]
    [5,632/50,985  elapsed 1.6s]
    [10,752/50,985  elapsed 2.9s]
    [15,872/50,985  elapsed 4.2s]
    [20,992/50,985  elapsed 5.4s]
    [26,112/50,985  elapsed 6.8s]
    [31,232/50,985  elapsed 8.0s]
    [36,352/50,985  elapsed 9.4s]
    [41,472/50,985  elapsed 10.7s]
    [46,592/50,985  elapsed 12.0s]
  eval done in 13.1s
  by-popularity NDCG@10: tail=0.0021(n=10,592)  mid=0.0097(n=9,237)  head=0.0503(n=31,156)
  epoch  16  loss=8.1308  val_NDCG=0.0415  test_NDCG=0.0329  test_HR=0.0578  (5.3s)
  evaluating 50,985 users in batches of 512...
    [512/50,985  elapsed 0.1s]
    [5,632/50,985  elapsed 1.5s]
    [10,752/50,985  elapsed 2.8s]
    [15,872/50,985  elapsed 4.1s]
    [20,992/50,985  elapsed 5.3s]
    [26,112/50,985  elapsed 6.8s]
    [31,232/50,985  elapsed 8.1s]
    [36,352/50,985  elapsed 9.3s]
    [41,472/50,985  elapsed 10.5s]
    [46,592/50,985  elapsed 11.9s]
  eval done in 13.0s
  by-popularity NDCG@10: tail=0.0025(n=9,330)  mid=0.0132(n=8,951)  head=0.0602(n=32,704)
  evaluating 50,985 users in batches of 512...
    [512/50,985  elapsed 0.1s]
    [5,632/50,985  elapsed 1.5s]
    [10,752/50,985  elapsed 2.8s]
    [15,872/50,985  elapsed 4.1s]
    [20,992/50,985  elapsed 5.3s]
    [26,112/50,985  elapsed 6.6s]
    [31,232/50,985  elapsed 8.0s]
    [36,352/50,985  elapsed 9.3s]
    [41,472/50,985  elapsed 10.6s]
    [46,592/50,985  elapsed 11.9s]
  eval done in 13.1s
  by-popularity NDCG@10: tail=0.0021(n=10,592)  mid=0.0100(n=9,237)  head=0.0502(n=31,156)
  epoch  17  loss=8.1133  val_NDCG=0.0414  test_NDCG=0.0330  test_HR=0.0580  (5.5s)
  evaluating 50,985 users in batches of 512...
    [512/50,985  elapsed 0.1s]
    [5,632/50,985  elapsed 1.4s]
    [10,752/50,985  elapsed 2.6s]
    [15,872/50,985  elapsed 3.9s]
    [20,992/50,985  elapsed 5.4s]
    [26,112/50,985  elapsed 7.3s]
    [31,232/50,985  elapsed 9.1s]
    [36,352/50,985  elapsed 10.5s]
    [41,472/50,985  elapsed 11.8s]
    [46,592/50,985  elapsed 13.1s]
  eval done in 14.1s
  by-popularity NDCG@10: tail=0.0025(n=9,330)  mid=0.0132(n=8,951)  head=0.0603(n=32,704)
  evaluating 50,985 users in batches of 512...
    [512/50,985  elapsed 0.2s]
    [5,632/50,985  elapsed 1.6s]
    [10,752/50,985  elapsed 2.9s]
    [15,872/50,985  elapsed 4.3s]
    [20,992/50,985  elapsed 5.6s]
    [26,112/50,985  elapsed 6.7s]
    [31,232/50,985  elapsed 7.8s]
    [36,352/50,985  elapsed 9.1s]
    [41,472/50,985  elapsed 10.2s]
    [46,592/50,985  elapsed 11.4s]
  eval done in 12.4s
  by-popularity NDCG@10: tail=0.0021(n=10,592)  mid=0.0100(n=9,237)  head=0.0505(n=31,156)
  epoch  18  loss=8.1019  val_NDCG=0.0414  test_NDCG=0.0331  test_HR=0.0582  (6.0s)
  evaluating 50,985 users in batches of 512...
    [512/50,985  elapsed 0.1s]
    [5,632/50,985  elapsed 1.3s]
    [10,752/50,985  elapsed 2.7s]
    [15,872/50,985  elapsed 4.0s]
    [20,992/50,985  elapsed 5.2s]
    [26,112/50,985  elapsed 7.0s]
    [31,232/50,985  elapsed 8.8s]
    [36,352/50,985  elapsed 10.7s]
    [41,472/50,985  elapsed 12.0s]
    [46,592/50,985  elapsed 13.2s]
  eval done in 14.3s
  by-popularity NDCG@10: tail=0.0025(n=9,330)  mid=0.0134(n=8,951)  head=0.0604(n=32,704)
  evaluating 50,985 users in batches of 512...
    [512/50,985  elapsed 0.1s]
    [5,632/50,985  elapsed 1.4s]
    [10,752/50,985  elapsed 2.8s]
    [15,872/50,985  elapsed 4.0s]
    [20,992/50,985  elapsed 5.3s]
    [26,112/50,985  elapsed 6.5s]
    [31,232/50,985  elapsed 7.6s]
    [36,352/50,985  elapsed 8.8s]
    [41,472/50,985  elapsed 10.1s]
    [46,592/50,985  elapsed 11.6s]
  eval done in 13.2s
  by-popularity NDCG@10: tail=0.0022(n=10,592)  mid=0.0100(n=9,237)  head=0.0504(n=31,156)
  epoch  19  loss=8.0973  val_NDCG=0.0415  test_NDCG=0.0331  test_HR=0.0579  (5.4s)
  evaluating 50,985 users in batches of 512...
    [512/50,985  elapsed 0.1s]
    [5,632/50,985  elapsed 1.3s]
    [10,752/50,985  elapsed 2.4s]
    [15,872/50,985  elapsed 3.7s]
    [20,992/50,985  elapsed 5.0s]
    [26,112/50,985  elapsed 6.1s]
    [31,232/50,985  elapsed 7.3s]
    [36,352/50,985  elapsed 8.6s]
    [41,472/50,985  elapsed 9.8s]
    [46,592/50,985  elapsed 10.9s]
  eval done in 12.0s
  by-popularity NDCG@10: tail=0.0025(n=9,330)  mid=0.0133(n=8,951)  head=0.0603(n=32,704)
  evaluating 50,985 users in batches of 512...
    [512/50,985  elapsed 0.2s]
    [5,632/50,985  elapsed 1.7s]
    [10,752/50,985  elapsed 3.0s]
    [15,872/50,985  elapsed 4.2s]
    [20,992/50,985  elapsed 5.5s]
    [26,112/50,985  elapsed 6.7s]
    [31,232/50,985  elapsed 8.0s]
    [36,352/50,985  elapsed 9.2s]
    [41,472/50,985  elapsed 10.4s]
    [46,592/50,985  elapsed 11.6s]
  eval done in 12.7s
  by-popularity NDCG@10: tail=0.0021(n=10,592)  mid=0.0100(n=9,237)  head=0.0504(n=31,156)
  epoch  20  loss=8.0894  val_NDCG=0.0415  test_NDCG=0.0330  test_HR=0.0579  (5.5s)

=== Best by val NDCG@10 ===
  val_NDCG=0.0417
  test: {'NDCG@10': 0.03346177119587295, 'HR@10': 0.058605472197705205, 'MRR': 0.0308735343036916, 'n_eval': 50985, 'by_popularity': {'tail': {'NDCG@10': 0.001892416982280371, 'HR@10': 0.00368202416918429, 'n': 10592, 'n_hit@10': 39, 'HR@20': 0.007175226586102719, 'n_hit@20': 76, 'HR@50': 0.014161631419939577, 'n_hit@50': 150, 'HR@100': 0.022564199395770392, 'n_hit@100': 239}, 'mid': {'NDCG@10': 0.009035021017100893, 'HR@10': 0.016022518133593157, 'n': 9237, 'n_hit@10': 148, 'HR@20': 0.02554942080762152, 'n_hit@20': 236, 'HR@50': 0.04839233517375771, 'n_hit@50': 447, 'HR@100': 0.07589044061924867, 'n_hit@100': 701}, 'head': {'NDCG@10': 0.051436238111770054, 'HR@10': 0.08990242649890871, 'n': 31156, 'n_hit@10': 2801, 'HR@20': 0.12899602002824495, 'n_hit@20': 4019, 'HR@50': 0.19880600847348825, 'n_hit@50': 6194, 'HR@100': 0.26595198356656824, 'n_hit@100': 8286}}}
wrote C:\Users\rayxc\Documents\R\_bestrec_run\results_IS_HYBRIDV1_base_seed20260723.users.jsonl.gz (50,985 per-user records, best epoch 12, sha256 3ae7ed87f0fa…)
wrote C:\Users\rayxc\Documents\R\_bestrec_run\results_IS_HYBRIDV1_base_seed20260723.final.users.jsonl.gz (50,985 FINAL-epoch per-user records)

wrote C:\Users\rayxc\Documents\R\_bestrec_run\results_IS_HYBRIDV1_base_seed20260723.json
[run] results_IS_HYBRIDV1_base_seed20260723.fusion.json
=== fusion eval: Industrial_and_Scientific  ckpt=results_IS_HYBRIDV1_base_seed20260723.best.pt ===
  n_users=50,985 n_items=25,848
  ckpt from epoch 12 (val NDCG@10 0.04169)

--- EASE l2=50.0: fit + VAL sweep ---
  EASE l2=50.0: inverted 25848x25848 in 78.2s
    [512/50,985 elapsed 0.4s]
    [10,752/50,985 elapsed 3.9s]
    [20,992/50,985 elapsed 7.2s]
    [31,232/50,985 elapsed 10.6s]
    [41,472/50,985 elapsed 13.9s]
  VAL seq NDCG@10=0.04169  ease=0.03204
    w=0.01: val fused NDCG@10=0.04301
    w=0.02: val fused NDCG@10=0.04378
    w=0.03: val fused NDCG@10=0.04394
    w=0.04: val fused NDCG@10=0.04405
    w=0.05: val fused NDCG@10=0.04409
    w=0.06: val fused NDCG@10=0.04396
    w=0.075: val fused NDCG@10=0.04361
    w=0.1: val fused NDCG@10=0.04314

--- EASE l2=100.0: fit + VAL sweep ---
  EASE l2=100.0: inverted 25848x25848 in 75.4s
    [512/50,985 elapsed 0.2s]
    [10,752/50,985 elapsed 3.5s]
    [20,992/50,985 elapsed 6.7s]
    [31,232/50,985 elapsed 10.0s]
    [41,472/50,985 elapsed 13.5s]
  VAL seq NDCG@10=0.04169  ease=0.03244
    w=0.01: val fused NDCG@10=0.04307
    w=0.02: val fused NDCG@10=0.04371
    w=0.03: val fused NDCG@10=0.04401
    w=0.04: val fused NDCG@10=0.04408
    w=0.05: val fused NDCG@10=0.04395
    w=0.06: val fused NDCG@10=0.04397
    w=0.075: val fused NDCG@10=0.04372
    w=0.1: val fused NDCG@10=0.04312

--- EASE l2=200.0: fit + VAL sweep ---
  EASE l2=200.0: inverted 25848x25848 in 74.7s
    [512/50,985 elapsed 0.2s]
    [10,752/50,985 elapsed 3.5s]
    [20,992/50,985 elapsed 6.9s]
    [31,232/50,985 elapsed 10.2s]
    [41,472/50,985 elapsed 13.7s]
  VAL seq NDCG@10=0.04169  ease=0.03267
    w=0.01: val fused NDCG@10=0.04304
    w=0.02: val fused NDCG@10=0.04373
    w=0.03: val fused NDCG@10=0.04414
    w=0.04: val fused NDCG@10=0.04412
    w=0.05: val fused NDCG@10=0.04413
    w=0.06: val fused NDCG@10=0.04393
    w=0.075: val fused NDCG@10=0.04370
    w=0.1: val fused NDCG@10=0.04314

--- EASE l2=500.0: fit + VAL sweep ---
  EASE l2=500.0: inverted 25848x25848 in 73.0s
    [512/50,985 elapsed 0.2s]
    [10,752/50,985 elapsed 4.6s]
    [20,992/50,985 elapsed 7.9s]
    [31,232/50,985 elapsed 11.4s]
    [41,472/50,985 elapsed 14.7s]
  VAL seq NDCG@10=0.04169  ease=0.03235
    w=0.01: val fused NDCG@10=0.04312
    w=0.02: val fused NDCG@10=0.04377
    w=0.03: val fused NDCG@10=0.04414
    w=0.04: val fused NDCG@10=0.04403
    w=0.05: val fused NDCG@10=0.04394
    w=0.06: val fused NDCG@10=0.04388
    w=0.075: val fused NDCG@10=0.04346
    w=0.1: val fused NDCG@10=0.04282

=== selected on VAL: l2=200.0, w=0.03 (val fused NDCG@10=0.04414) ===
  EASE l2=200.0: inverted 25848x25848 in 73.9s
    [512/50,985 elapsed 0.2s]
    [10,752/50,985 elapsed 2.9s]
    [20,992/50,985 elapsed 5.5s]
    [31,232/50,985 elapsed 8.1s]
    [41,472/50,985 elapsed 10.7s]

TEST seq-only  NDCG@10=0.03346 HR@10=0.05861 MRR=0.03087
TEST ease-only NDCG@10=0.02617 HR@10=0.04444
TEST FUSED (w=0.03) NDCG@10=0.03565 HR@10=0.06157 MRR=0.03282
wrote C:\Users\rayxc\Documents\R\_bestrec_run\results_IS_HYBRIDV1_base_seed20260723.fusion.json
[run] results_IS_HYBRIDV1_base_seed20260724.json
  random seed set to 20260724
=== Industrial_and_Scientific: load splits ===
  n_users=50,985  n_items=25,848  pad_id=25848
  built sequences for 50,985 users
  built timestamp sequences (12 time buckets)
  loading SBERT embeddings from C:\Users\rayxc\Documents\R\cache_5core\sbert_titles_Industrial_and_Scientific.npy...
  TAPE: k-means 25,848 text embeddings into K=512 prototypes (tau=0.05)...
  TAPE: K=512 mean max-assignment weight = 0.591 (1.0 = hard clustering)

=== Build SASRec-SBERT (d=64, layers=4, heads=2) ===
  total params: 11,750,463  device=cuda
  50,985 training examples / 200 batches per epoch
  init_state_sha256 = 6574c19b6850a7ba7be10eb0db5df984d80bc48aea409d700f6f2c2d6cd306be
  LR schedule: warmup_cosine (200 warmup + 3800 cosine steps)

=== Train for 20 epochs ===
  evaluating 50,985 users in batches of 512...
    [512/50,985  elapsed 0.1s]
    [5,632/50,985  elapsed 1.0s]
    [10,752/50,985  elapsed 2.1s]
    [15,872/50,985  elapsed 3.0s]
    [20,992/50,985  elapsed 4.0s]
    [26,112/50,985  elapsed 5.1s]
    [31,232/50,985  elapsed 6.1s]
    [36,352/50,985  elapsed 7.1s]
    [41,472/50,985  elapsed 8.1s]
    [46,592/50,985  elapsed 9.2s]
  eval done in 9.9s
  by-popularity NDCG@10: tail=0.0000(n=9,330)  mid=0.0002(n=8,951)  head=0.0284(n=32,704)
  evaluating 50,985 users in batches of 512...
    [512/50,985  elapsed 0.1s]
    [5,632/50,985  elapsed 1.1s]
    [10,752/50,985  elapsed 2.2s]
    [15,872/50,985  elapsed 3.1s]
    [20,992/50,985  elapsed 4.2s]
    [26,112/50,985  elapsed 5.1s]
    [31,232/50,985  elapsed 6.1s]
    [36,352/50,985  elapsed 7.1s]
    [41,472/50,985  elapsed 8.1s]
    [46,592/50,985  elapsed 9.1s]
  eval done in 9.9s
  by-popularity NDCG@10: tail=0.0000(n=10,592)  mid=0.0001(n=9,237)  head=0.0258(n=31,156)
  epoch   1  loss=9.7642  val_NDCG=0.0182  test_NDCG=0.0158  test_HR=0.0301  (5.7s)
  evaluating 50,985 users in batches of 512...
    [512/50,985  elapsed 0.1s]
    [5,632/50,985  elapsed 1.4s]
    [10,752/50,985  elapsed 2.4s]
    [15,872/50,985  elapsed 3.3s]
    [20,992/50,985  elapsed 4.3s]
    [26,112/50,985  elapsed 5.3s]
    [31,232/50,985  elapsed 6.3s]
    [36,352/50,985  elapsed 7.3s]
    [41,472/50,985  elapsed 8.2s]
    [46,592/50,985  elapsed 9.2s]
  eval done in 10.1s
  by-popularity NDCG@10: tail=0.0000(n=9,330)  mid=0.0003(n=8,951)  head=0.0424(n=32,704)
  evaluating 50,985 users in batches of 512...
    [512/50,985  elapsed 0.1s]
    [5,632/50,985  elapsed 1.2s]
    [10,752/50,985  elapsed 2.3s]
    [15,872/50,985  elapsed 3.3s]
    [20,992/50,985  elapsed 4.3s]
    [26,112/50,985  elapsed 5.3s]
    [31,232/50,985  elapsed 6.3s]
    [36,352/50,985  elapsed 7.2s]
    [41,472/50,985  elapsed 8.1s]
    [46,592/50,985  elapsed 9.2s]
  eval done in 10.0s
  by-popularity NDCG@10: tail=0.0001(n=10,592)  mid=0.0003(n=9,237)  head=0.0370(n=31,156)
  epoch   2  loss=9.2284  val_NDCG=0.0273  test_NDCG=0.0226  test_HR=0.0423  (6.0s)
  evaluating 50,985 users in batches of 512...
    [512/50,985  elapsed 0.1s]
    [5,632/50,985  elapsed 1.2s]
    [10,752/50,985  elapsed 2.3s]
    [15,872/50,985  elapsed 3.4s]
    [20,992/50,985  elapsed 4.6s]
    [26,112/50,985  elapsed 5.6s]
    [31,232/50,985  elapsed 6.8s]
    [36,352/50,985  elapsed 7.9s]
    [41,472/50,985  elapsed 9.0s]
    [46,592/50,985  elapsed 10.1s]
  eval done in 11.0s
  by-popularity NDCG@10: tail=0.0002(n=9,330)  mid=0.0014(n=8,951)  head=0.0495(n=32,704)
  evaluating 50,985 users in batches of 512...
    [512/50,985  elapsed 0.1s]
    [5,632/50,985  elapsed 1.2s]
    [10,752/50,985  elapsed 2.2s]
    [15,872/50,985  elapsed 3.5s]
    [20,992/50,985  elapsed 4.7s]
    [26,112/50,985  elapsed 5.7s]
    [31,232/50,985  elapsed 6.8s]
    [36,352/50,985  elapsed 7.8s]
    [41,472/50,985  elapsed 8.9s]
    [46,592/50,985  elapsed 9.9s]
  eval done in 10.9s
  by-popularity NDCG@10: tail=0.0001(n=10,592)  mid=0.0009(n=9,237)  head=0.0438(n=31,156)
  epoch   3  loss=9.0163  val_NDCG=0.0321  test_NDCG=0.0269  test_HR=0.0498  (5.8s)
  evaluating 50,985 users in batches of 512...
    [512/50,985  elapsed 0.1s]
    [5,632/50,985  elapsed 1.2s]
    [10,752/50,985  elapsed 2.4s]
    [15,872/50,985  elapsed 3.5s]
    [20,992/50,985  elapsed 4.6s]
    [26,112/50,985  elapsed 5.6s]
    [31,232/50,985  elapsed 6.7s]
    [36,352/50,985  elapsed 7.8s]
    [41,472/50,985  elapsed 9.0s]
    [46,592/50,985  elapsed 10.1s]
  eval done in 11.0s
  by-popularity NDCG@10: tail=0.0003(n=9,330)  mid=0.0019(n=8,951)  head=0.0538(n=32,704)
  evaluating 50,985 users in batches of 512...
    [512/50,985  elapsed 0.1s]
    [5,632/50,985  elapsed 1.2s]
    [10,752/50,985  elapsed 2.3s]
    [15,872/50,985  elapsed 3.4s]
    [20,992/50,985  elapsed 4.5s]
    [26,112/50,985  elapsed 5.6s]
    [31,232/50,985  elapsed 6.7s]
    [36,352/50,985  elapsed 7.9s]
    [41,472/50,985  elapsed 8.9s]
    [46,592/50,985  elapsed 10.1s]
  eval done in 11.0s
  by-popularity NDCG@10: tail=0.0002(n=10,592)  mid=0.0017(n=9,237)  head=0.0477(n=31,156)
  epoch   4  loss=8.8711  val_NDCG=0.0349  test_NDCG=0.0295  test_HR=0.0533  (5.8s)
  evaluating 50,985 users in batches of 512...
    [512/50,985  elapsed 0.1s]
    [5,632/50,985  elapsed 1.2s]
    [10,752/50,985  elapsed 2.3s]
    [15,872/50,985  elapsed 3.4s]
    [20,992/50,985  elapsed 4.5s]
    [26,112/50,985  elapsed 5.5s]
    [31,232/50,985  elapsed 6.6s]
    [36,352/50,985  elapsed 7.7s]
    [41,472/50,985  elapsed 8.8s]
    [46,592/50,985  elapsed 9.9s]
  eval done in 10.8s
  by-popularity NDCG@10: tail=0.0006(n=9,330)  mid=0.0037(n=8,951)  head=0.0570(n=32,704)
  evaluating 50,985 users in batches of 512...
    [512/50,985  elapsed 0.1s]
    [5,632/50,985  elapsed 1.3s]
    [10,752/50,985  elapsed 2.3s]
    [15,872/50,985  elapsed 3.4s]
    [20,992/50,985  elapsed 4.5s]
    [26,112/50,985  elapsed 5.6s]
    [31,232/50,985  elapsed 6.7s]
    [36,352/50,985  elapsed 7.9s]
    [41,472/50,985  elapsed 9.0s]
    [46,592/50,985  elapsed 10.1s]
  eval done in 11.1s
  by-popularity NDCG@10: tail=0.0004(n=10,592)  mid=0.0029(n=9,237)  head=0.0507(n=31,156)
  epoch   5  loss=8.7510  val_NDCG=0.0373  test_NDCG=0.0316  test_HR=0.0567  (5.9s)
  evaluating 50,985 users in batches of 512...
    [512/50,985  elapsed 0.1s]
    [5,632/50,985  elapsed 1.1s]
    [10,752/50,985  elapsed 2.3s]
    [15,872/50,985  elapsed 3.4s]
    [20,992/50,985  elapsed 4.6s]
    [26,112/50,985  elapsed 5.7s]
    [31,232/50,985  elapsed 6.8s]
    [36,352/50,985  elapsed 7.8s]
    [41,472/50,985  elapsed 9.0s]
    [46,592/50,985  elapsed 10.1s]
  eval done in 11.0s
  by-popularity NDCG@10: tail=0.0007(n=9,330)  mid=0.0059(n=8,951)  head=0.0587(n=32,704)
  evaluating 50,985 users in batches of 512...
    [512/50,985  elapsed 0.1s]
    [5,632/50,985  elapsed 1.2s]
    [10,752/50,985  elapsed 2.1s]
    [15,872/50,985  elapsed 3.3s]
    [20,992/50,985  elapsed 4.3s]
    [26,112/50,985  elapsed 5.4s]
    [31,232/50,985  elapsed 6.5s]
    [36,352/50,985  elapsed 7.6s]
    [41,472/50,985  elapsed 8.7s]
    [46,592/50,985  elapsed 9.8s]
  eval done in 11.1s
  by-popularity NDCG@10: tail=0.0005(n=10,592)  mid=0.0049(n=9,237)  head=0.0512(n=31,156)
  epoch   6  loss=8.6495  val_NDCG=0.0388  test_NDCG=0.0323  test_HR=0.0576  (5.8s)
  evaluating 50,985 users in batches of 512...
    [512/50,985  elapsed 0.1s]
    [5,632/50,985  elapsed 1.2s]
    [10,752/50,985  elapsed 2.3s]
    [15,872/50,985  elapsed 3.3s]
    [20,992/50,985  elapsed 4.3s]
    [26,112/50,985  elapsed 5.3s]
    [31,232/50,985  elapsed 6.2s]
    [36,352/50,985  elapsed 7.2s]
    [41,472/50,985  elapsed 8.3s]
    [46,592/50,985  elapsed 9.3s]
  eval done in 10.2s
  by-popularity NDCG@10: tail=0.0010(n=9,330)  mid=0.0073(n=8,951)  head=0.0600(n=32,704)
  evaluating 50,985 users in batches of 512...
    [512/50,985  elapsed 0.1s]
    [5,632/50,985  elapsed 1.1s]
    [10,752/50,985  elapsed 2.1s]
    [15,872/50,985  elapsed 3.1s]
    [20,992/50,985  elapsed 4.0s]
    [26,112/50,985  elapsed 5.0s]
    [31,232/50,985  elapsed 6.0s]
    [36,352/50,985  elapsed 7.1s]
    [41,472/50,985  elapsed 8.0s]
    [46,592/50,985  elapsed 8.9s]
  eval done in 9.8s
  by-popularity NDCG@10: tail=0.0010(n=10,592)  mid=0.0056(n=9,237)  head=0.0527(n=31,156)
  epoch   7  loss=8.5641  val_NDCG=0.0400  test_NDCG=0.0334  test_HR=0.0597  (5.8s)
  evaluating 50,985 users in batches of 512...
    [512/50,985  elapsed 0.1s]
    [5,632/50,985  elapsed 1.3s]
    [10,752/50,985  elapsed 2.3s]
    [15,872/50,985  elapsed 3.3s]
    [20,992/50,985  elapsed 4.3s]
    [26,112/50,985  elapsed 5.4s]
    [31,232/50,985  elapsed 6.3s]
    [36,352/50,985  elapsed 7.3s]
    [41,472/50,985  elapsed 8.3s]
    [46,592/50,985  elapsed 9.3s]
  eval done in 10.2s
  by-popularity NDCG@10: tail=0.0013(n=9,330)  mid=0.0092(n=8,951)  head=0.0595(n=32,704)
  evaluating 50,985 users in batches of 512...
    [512/50,985  elapsed 0.1s]
    [5,632/50,985  elapsed 1.1s]
    [10,752/50,985  elapsed 2.1s]
    [15,872/50,985  elapsed 3.1s]
    [20,992/50,985  elapsed 4.1s]
    [26,112/50,985  elapsed 5.1s]
    [31,232/50,985  elapsed 6.0s]
    [36,352/50,985  elapsed 7.0s]
    [41,472/50,985  elapsed 8.0s]
    [46,592/50,985  elapsed 9.0s]
  eval done in 9.9s
  by-popularity NDCG@10: tail=0.0016(n=10,592)  mid=0.0070(n=9,237)  head=0.0520(n=31,156)
  epoch   8  loss=8.4883  val_NDCG=0.0400  test_NDCG=0.0334  test_HR=0.0592  (6.0s)
  evaluating 50,985 users in batches of 512...
    [512/50,985  elapsed 0.1s]
    [5,632/50,985  elapsed 1.3s]
    [10,752/50,985  elapsed 2.6s]
    [15,872/50,985  elapsed 3.7s]
    [20,992/50,985  elapsed 4.9s]
    [26,112/50,985  elapsed 5.8s]
    [31,232/50,985  elapsed 6.8s]
    [36,352/50,985  elapsed 7.8s]
    [41,472/50,985  elapsed 8.8s]
    [46,592/50,985  elapsed 9.8s]
  eval done in 10.6s
  by-popularity NDCG@10: tail=0.0017(n=9,330)  mid=0.0100(n=8,951)  head=0.0601(n=32,704)
  evaluating 50,985 users in batches of 512...
    [512/50,985  elapsed 0.1s]
    [5,632/50,985  elapsed 1.2s]
    [10,752/50,985  elapsed 2.3s]
    [15,872/50,985  elapsed 3.3s]
    [20,992/50,985  elapsed 4.2s]
    [26,112/50,985  elapsed 5.2s]
    [31,232/50,985  elapsed 6.1s]
    [36,352/50,985  elapsed 7.1s]
    [41,472/50,985  elapsed 8.1s]
    [46,592/50,985  elapsed 9.1s]
  eval done in 9.9s
  by-popularity NDCG@10: tail=0.0016(n=10,592)  mid=0.0078(n=9,237)  head=0.0525(n=31,156)
  epoch   9  loss=8.4201  val_NDCG=0.0407  test_NDCG=0.0338  test_HR=0.0599  (5.9s)
  evaluating 50,985 users in batches of 512...
    [512/50,985  elapsed 0.1s]
    [5,632/50,985  elapsed 1.1s]
    [10,752/50,985  elapsed 2.1s]
    [15,872/50,985  elapsed 3.2s]
    [20,992/50,985  elapsed 4.2s]
    [26,112/50,985  elapsed 5.4s]
    [31,232/50,985  elapsed 6.4s]
    [36,352/50,985  elapsed 7.4s]
    [41,472/50,985  elapsed 8.4s]
    [46,592/50,985  elapsed 9.5s]
  eval done in 10.3s
  by-popularity NDCG@10: tail=0.0020(n=9,330)  mid=0.0109(n=8,951)  head=0.0605(n=32,704)
  evaluating 50,985 users in batches of 512...
    [512/50,985  elapsed 0.1s]
    [5,632/50,985  elapsed 1.2s]
    [10,752/50,985  elapsed 2.2s]
    [15,872/50,985  elapsed 3.3s]
    [20,992/50,985  elapsed 4.3s]
    [26,112/50,985  elapsed 5.4s]
    [31,232/50,985  elapsed 6.4s]
    [36,352/50,985  elapsed 7.4s]
    [41,472/50,985  elapsed 8.4s]
    [46,592/50,985  elapsed 9.5s]
  eval done in 10.4s
  by-popularity NDCG@10: tail=0.0016(n=10,592)  mid=0.0083(n=9,237)  head=0.0520(n=31,156)
  epoch  10  loss=8.3589  val_NDCG=0.0411  test_NDCG=0.0336  test_HR=0.0593  (5.8s)
  evaluating 50,985 users in batches of 512...
    [512/50,985  elapsed 0.1s]
    [5,632/50,985  elapsed 1.1s]
    [10,752/50,985  elapsed 2.1s]
    [15,872/50,985  elapsed 3.1s]
    [20,992/50,985  elapsed 4.0s]
    [26,112/50,985  elapsed 5.0s]
    [31,232/50,985  elapsed 6.0s]
    [36,352/50,985  elapsed 7.1s]
    [41,472/50,985  elapsed 8.2s]
    [46,592/50,985  elapsed 9.4s]
  eval done in 10.2s
  by-popularity NDCG@10: tail=0.0022(n=9,330)  mid=0.0118(n=8,951)  head=0.0601(n=32,704)
  evaluating 50,985 users in batches of 512...
    [512/50,985  elapsed 0.1s]
    [5,632/50,985  elapsed 1.2s]
    [10,752/50,985  elapsed 2.2s]
    [15,872/50,985  elapsed 3.1s]
    [20,992/50,985  elapsed 4.2s]
    [26,112/50,985  elapsed 5.1s]
    [31,232/50,985  elapsed 6.1s]
    [36,352/50,985  elapsed 7.1s]
    [41,472/50,985  elapsed 8.0s]
    [46,592/50,985  elapsed 9.0s]
  eval done in 9.9s
  by-popularity NDCG@10: tail=0.0018(n=10,592)  mid=0.0084(n=9,237)  head=0.0516(n=31,156)
  epoch  11  loss=8.3061  val_NDCG=0.0410  test_NDCG=0.0334  test_HR=0.0586  (5.8s)
  evaluating 50,985 users in batches of 512...
    [512/50,985  elapsed 0.1s]
    [5,632/50,985  elapsed 1.1s]
    [10,752/50,985  elapsed 2.2s]
    [15,872/50,985  elapsed 3.2s]
    [20,992/50,985  elapsed 4.2s]
    [26,112/50,985  elapsed 5.2s]
    [31,232/50,985  elapsed 6.2s]
    [36,352/50,985  elapsed 7.2s]
    [41,472/50,985  elapsed 8.1s]
    [46,592/50,985  elapsed 9.1s]
  eval done in 9.9s
  by-popularity NDCG@10: tail=0.0025(n=9,330)  mid=0.0124(n=8,951)  head=0.0597(n=32,704)
  evaluating 50,985 users in batches of 512...
    [512/50,985  elapsed 0.1s]
    [5,632/50,985  elapsed 1.4s]
    [10,752/50,985  elapsed 2.4s]
    [15,872/50,985  elapsed 3.4s]
    [20,992/50,985  elapsed 4.4s]
    [26,112/50,985  elapsed 5.4s]
    [31,232/50,985  elapsed 6.5s]
    [36,352/50,985  elapsed 7.4s]
    [41,472/50,985  elapsed 8.5s]
    [46,592/50,985  elapsed 9.4s]
  eval done in 10.3s
  by-popularity NDCG@10: tail=0.0020(n=10,592)  mid=0.0093(n=9,237)  head=0.0516(n=31,156)
  epoch  12  loss=8.2595  val_NDCG=0.0409  test_NDCG=0.0336  test_HR=0.0588  (5.1s)
  evaluating 50,985 users in batches of 512...
    [512/50,985  elapsed 0.1s]
    [5,632/50,985  elapsed 1.1s]
    [10,752/50,985  elapsed 2.0s]
    [15,872/50,985  elapsed 3.0s]
    [20,992/50,985  elapsed 4.0s]
    [26,112/50,985  elapsed 5.1s]
    [31,232/50,985  elapsed 6.1s]
    [36,352/50,985  elapsed 7.1s]
    [41,472/50,985  elapsed 8.2s]
    [46,592/50,985  elapsed 9.1s]
  eval done in 10.0s
  by-popularity NDCG@10: tail=0.0025(n=9,330)  mid=0.0125(n=8,951)  head=0.0588(n=32,704)
  evaluating 50,985 users in batches of 512...
    [512/50,985  elapsed 0.1s]
    [5,632/50,985  elapsed 1.3s]
    [10,752/50,985  elapsed 2.3s]
    [15,872/50,985  elapsed 3.3s]
    [20,992/50,985  elapsed 4.3s]
    [26,112/50,985  elapsed 5.3s]
    [31,232/50,985  elapsed 6.3s]
    [36,352/50,985  elapsed 7.4s]
    [41,472/50,985  elapsed 8.4s]
    [46,592/50,985  elapsed 9.5s]
  eval done in 10.3s
  by-popularity NDCG@10: tail=0.0020(n=10,592)  mid=0.0095(n=9,237)  head=0.0512(n=31,156)
  epoch  13  loss=8.2156  val_NDCG=0.0404  test_NDCG=0.0335  test_HR=0.0583  (5.2s)
  evaluating 50,985 users in batches of 512...
    [512/50,985  elapsed 0.1s]
    [5,632/50,985  elapsed 1.2s]
    [10,752/50,985  elapsed 2.1s]
    [15,872/50,985  elapsed 3.1s]
    [20,992/50,985  elapsed 4.2s]
    [26,112/50,985  elapsed 5.2s]
    [31,232/50,985  elapsed 6.2s]
    [36,352/50,985  elapsed 7.2s]
    [41,472/50,985  elapsed 8.1s]
    [46,592/50,985  elapsed 9.1s]
  eval done in 9.9s
  by-popularity NDCG@10: tail=0.0027(n=9,330)  mid=0.0130(n=8,951)  head=0.0591(n=32,704)
  evaluating 50,985 users in batches of 512...
    [512/50,985  elapsed 0.1s]
    [5,632/50,985  elapsed 1.3s]
    [10,752/50,985  elapsed 2.3s]
    [15,872/50,985  elapsed 3.3s]
    [20,992/50,985  elapsed 4.4s]
    [26,112/50,985  elapsed 5.4s]
    [31,232/50,985  elapsed 6.4s]
    [36,352/50,985  elapsed 7.3s]
    [41,472/50,985  elapsed 8.4s]
    [46,592/50,985  elapsed 9.4s]
  eval done in 10.3s
  by-popularity NDCG@10: tail=0.0023(n=10,592)  mid=0.0097(n=9,237)  head=0.0516(n=31,156)
  epoch  14  loss=8.1795  val_NDCG=0.0407  test_NDCG=0.0338  test_HR=0.0590  (5.1s)
  evaluating 50,985 users in batches of 512...
    [512/50,985  elapsed 0.1s]
    [5,632/50,985  elapsed 1.1s]
    [10,752/50,985  elapsed 2.1s]
    [15,872/50,985  elapsed 3.1s]
    [20,992/50,985  elapsed 4.0s]
    [26,112/50,985  elapsed 5.0s]
    [31,232/50,985  elapsed 5.9s]
    [36,352/50,985  elapsed 6.9s]
    [41,472/50,985  elapsed 7.9s]
    [46,592/50,985  elapsed 8.9s]
  eval done in 9.8s
  by-popularity NDCG@10: tail=0.0028(n=9,330)  mid=0.0131(n=8,951)  head=0.0594(n=32,704)
  evaluating 50,985 users in batches of 512...
    [512/50,985  elapsed 0.1s]
    [5,632/50,985  elapsed 1.2s]
    [10,752/50,985  elapsed 2.2s]
    [15,872/50,985  elapsed 3.1s]
    [20,992/50,985  elapsed 4.1s]
    [26,112/50,985  elapsed 5.1s]
    [31,232/50,985  elapsed 6.1s]
    [36,352/50,985  elapsed 7.2s]
    [41,472/50,985  elapsed 8.2s]
    [46,592/50,985  elapsed 9.1s]
  eval done in 10.0s
  by-popularity NDCG@10: tail=0.0021(n=10,592)  mid=0.0097(n=9,237)  head=0.0514(n=31,156)
  epoch  15  loss=8.1507  val_NDCG=0.0409  test_NDCG=0.0336  test_HR=0.0589  (5.3s)
  evaluating 50,985 users in batches of 512...
    [512/50,985  elapsed 0.1s]
    [5,632/50,985  elapsed 1.2s]
    [10,752/50,985  elapsed 2.3s]
    [15,872/50,985  elapsed 3.4s]
    [20,992/50,985  elapsed 4.4s]
    [26,112/50,985  elapsed 5.5s]
    [31,232/50,985  elapsed 6.6s]
    [36,352/50,985  elapsed 7.6s]
    [41,472/50,985  elapsed 8.7s]
    [46,592/50,985  elapsed 9.9s]
  eval done in 10.9s
  by-popularity NDCG@10: tail=0.0028(n=9,330)  mid=0.0133(n=8,951)  head=0.0591(n=32,704)
  evaluating 50,985 users in batches of 512...
    [512/50,985  elapsed 0.1s]
    [5,632/50,985  elapsed 1.3s]
    [10,752/50,985  elapsed 2.4s]
    [15,872/50,985  elapsed 3.4s]
    [20,992/50,985  elapsed 4.5s]
    [26,112/50,985  elapsed 5.6s]
    [31,232/50,985  elapsed 6.7s]
    [36,352/50,985  elapsed 7.8s]
    [41,472/50,985  elapsed 8.9s]
    [46,592/50,985  elapsed 10.0s]
  eval done in 11.0s
  by-popularity NDCG@10: tail=0.0022(n=10,592)  mid=0.0100(n=9,237)  head=0.0516(n=31,156)
  epoch  16  loss=8.1277  val_NDCG=0.0408  test_NDCG=0.0338  test_HR=0.0591  (5.2s)
  evaluating 50,985 users in batches of 512...
    [512/50,985  elapsed 0.1s]
    [5,632/50,985  elapsed 1.1s]
    [10,752/50,985  elapsed 2.3s]
    [15,872/50,985  elapsed 3.5s]
    [20,992/50,985  elapsed 4.7s]
    [26,112/50,985  elapsed 5.8s]
    [31,232/50,985  elapsed 6.9s]
    [36,352/50,985  elapsed 7.9s]
    [41,472/50,985  elapsed 9.0s]
    [46,592/50,985  elapsed 10.1s]
  eval done in 11.0s
  by-popularity NDCG@10: tail=0.0028(n=9,330)  mid=0.0133(n=8,951)  head=0.0593(n=32,704)
  evaluating 50,985 users in batches of 512...
    [512/50,985  elapsed 0.1s]
    [5,632/50,985  elapsed 1.2s]
    [10,752/50,985  elapsed 2.3s]
    [15,872/50,985  elapsed 3.4s]
    [20,992/50,985  elapsed 4.5s]
    [26,112/50,985  elapsed 5.6s]
    [31,232/50,985  elapsed 6.7s]
    [36,352/50,985  elapsed 7.7s]
    [41,472/50,985  elapsed 8.8s]
    [46,592/50,985  elapsed 9.9s]
  eval done in 10.9s
  by-popularity NDCG@10: tail=0.0022(n=10,592)  mid=0.0099(n=9,237)  head=0.0516(n=31,156)
  epoch  17  loss=8.1098  val_NDCG=0.0409  test_NDCG=0.0338  test_HR=0.0593  (5.3s)
  evaluating 50,985 users in batches of 512...
    [512/50,985  elapsed 0.1s]
    [5,632/50,985  elapsed 1.1s]
    [10,752/50,985  elapsed 2.2s]
    [15,872/50,985  elapsed 3.3s]
    [20,992/50,985  elapsed 4.4s]
    [26,112/50,985  elapsed 5.5s]
    [31,232/50,985  elapsed 6.7s]
    [36,352/50,985  elapsed 7.9s]
    [41,472/50,985  elapsed 8.9s]
    [46,592/50,985  elapsed 10.0s]
  eval done in 11.0s
  by-popularity NDCG@10: tail=0.0028(n=9,330)  mid=0.0135(n=8,951)  head=0.0594(n=32,704)
  evaluating 50,985 users in batches of 512...
    [512/50,985  elapsed 0.1s]
    [5,632/50,985  elapsed 1.4s]
    [10,752/50,985  elapsed 2.6s]
    [15,872/50,985  elapsed 3.7s]
    [20,992/50,985  elapsed 4.8s]
    [26,112/50,985  elapsed 5.9s]
    [31,232/50,985  elapsed 7.0s]
    [36,352/50,985  elapsed 8.2s]
    [41,472/50,985  elapsed 9.2s]
    [46,592/50,985  elapsed 10.3s]
  eval done in 11.2s
  by-popularity NDCG@10: tail=0.0023(n=10,592)  mid=0.0098(n=9,237)  head=0.0515(n=31,156)
  epoch  18  loss=8.0984  val_NDCG=0.0410  test_NDCG=0.0337  test_HR=0.0592  (5.2s)
  evaluating 50,985 users in batches of 512...
    [512/50,985  elapsed 0.1s]
    [5,632/50,985  elapsed 1.2s]
    [10,752/50,985  elapsed 2.2s]
    [15,872/50,985  elapsed 3.3s]
    [20,992/50,985  elapsed 4.4s]
    [26,112/50,985  elapsed 5.4s]
    [31,232/50,985  elapsed 6.5s]
    [36,352/50,985  elapsed 7.6s]
    [41,472/50,985  elapsed 8.7s]
    [46,592/50,985  elapsed 9.9s]
  eval done in 10.9s
  by-popularity NDCG@10: tail=0.0028(n=9,330)  mid=0.0134(n=8,951)  head=0.0592(n=32,704)
  evaluating 50,985 users in batches of 512...
    [512/50,985  elapsed 0.1s]
    [5,632/50,985  elapsed 1.2s]
    [10,752/50,985  elapsed 2.3s]
    [15,872/50,985  elapsed 3.3s]
    [20,992/50,985  elapsed 4.4s]
    [26,112/50,985  elapsed 5.4s]
    [31,232/50,985  elapsed 6.4s]
    [36,352/50,985  elapsed 7.5s]
    [41,472/50,985  elapsed 8.6s]
    [46,592/50,985  elapsed 9.6s]
  eval done in 10.6s
  by-popularity NDCG@10: tail=0.0023(n=10,592)  mid=0.0099(n=9,237)  head=0.0513(n=31,156)
  epoch  19  loss=8.0906  val_NDCG=0.0409  test_NDCG=0.0337  test_HR=0.0591  (5.2s)
  evaluating 50,985 users in batches of 512...
    [512/50,985  elapsed 0.1s]
    [5,632/50,985  elapsed 1.1s]
    [10,752/50,985  elapsed 2.2s]
    [15,872/50,985  elapsed 3.2s]
    [20,992/50,985  elapsed 4.3s]
    [26,112/50,985  elapsed 5.3s]
    [31,232/50,985  elapsed 6.4s]
    [36,352/50,985  elapsed 7.5s]
    [41,472/50,985  elapsed 8.6s]
    [46,592/50,985  elapsed 9.6s]
  eval done in 10.6s
  by-popularity NDCG@10: tail=0.0028(n=9,330)  mid=0.0134(n=8,951)  head=0.0592(n=32,704)
  evaluating 50,985 users in batches of 512...
    [512/50,985  elapsed 0.1s]
    [5,632/50,985  elapsed 1.3s]
    [10,752/50,985  elapsed 2.4s]
    [15,872/50,985  elapsed 3.6s]
    [20,992/50,985  elapsed 4.6s]
    [26,112/50,985  elapsed 5.7s]
    [31,232/50,985  elapsed 7.1s]
    [36,352/50,985  elapsed 8.5s]
    [41,472/50,985  elapsed 10.0s]
    [46,592/50,985  elapsed 11.4s]
  eval done in 12.3s
  by-popularity NDCG@10: tail=0.0023(n=10,592)  mid=0.0099(n=9,237)  head=0.0514(n=31,156)
  epoch  20  loss=8.0875  val_NDCG=0.0409  test_NDCG=0.0337  test_HR=0.0592  (5.2s)

=== Best by val NDCG@10 ===
  val_NDCG=0.0411
  test: {'NDCG@10': 0.033600644969330976, 'HR@10': 0.059252721388643716, 'MRR': 0.030885009455349947, 'n_eval': 50985, 'by_popularity': {'tail': {'NDCG@10': 0.001585956321288222, 'HR@10': 0.0033987915407854984, 'n': 10592, 'n_hit@10': 36, 'HR@20': 0.006514350453172206, 'n_hit@20': 69, 'HR@50': 0.012273413897280967, 'n_hit@50': 130, 'HR@100': 0.020864803625377643, 'n_hit@100': 221}, 'mid': {'NDCG@10': 0.008331782334439047, 'HR@10': 0.015156436072317852, 'n': 9237, 'n_hit@10': 140, 'HR@20': 0.022301613077839125, 'n_hit@20': 206, 'HR@50': 0.0425462812601494, 'n_hit@50': 393, 'HR@100': 0.06971960593266212, 'n_hit@100': 644}, 'head': {'NDCG@10': 0.05197617669094368, 'HR@10': 0.09131467454101938, 'n': 31156, 'n_hit@10': 2845, 'HR@20': 0.13066504044164848, 'n_hit@20': 4071, 'HR@50': 0.20265759404288097, 'n_hit@50': 6314, 'HR@100': 0.27172936192065733, 'n_hit@100': 8466}}}
wrote C:\Users\rayxc\Documents\R\_bestrec_run\results_IS_HYBRIDV1_base_seed20260724.users.jsonl.gz (50,985 per-user records, best epoch 10, sha256 fca61c2e6b4a…)
wrote C:\Users\rayxc\Documents\R\_bestrec_run\results_IS_HYBRIDV1_base_seed20260724.final.users.jsonl.gz (50,985 FINAL-epoch per-user records)

wrote C:\Users\rayxc\Documents\R\_bestrec_run\results_IS_HYBRIDV1_base_seed20260724.json
[run] results_IS_HYBRIDV1_base_seed20260724.fusion.json
=== fusion eval: Industrial_and_Scientific  ckpt=results_IS_HYBRIDV1_base_seed20260724.best.pt ===
  n_users=50,985 n_items=25,848
  ckpt from epoch 10 (val NDCG@10 0.04109)

--- EASE l2=50.0: fit + VAL sweep ---
  EASE l2=50.0: inverted 25848x25848 in 73.6s
    [512/50,985 elapsed 0.4s]
    [10,752/50,985 elapsed 3.5s]
    [20,992/50,985 elapsed 6.5s]
    [31,232/50,985 elapsed 9.6s]
    [41,472/50,985 elapsed 12.6s]
  VAL seq NDCG@10=0.04109  ease=0.03204
    w=0.01: val fused NDCG@10=0.04256
    w=0.02: val fused NDCG@10=0.04333
    w=0.03: val fused NDCG@10=0.04369
    w=0.04: val fused NDCG@10=0.04375
    w=0.05: val fused NDCG@10=0.04374
    w=0.06: val fused NDCG@10=0.04354
    w=0.075: val fused NDCG@10=0.04334
    w=0.1: val fused NDCG@10=0.04284

--- EASE l2=100.0: fit + VAL sweep ---
  EASE l2=100.0: inverted 25848x25848 in 71.5s
    [512/50,985 elapsed 0.2s]
    [10,752/50,985 elapsed 3.2s]
    [20,992/50,985 elapsed 6.2s]
    [31,232/50,985 elapsed 9.2s]
    [41,472/50,985 elapsed 12.1s]
  VAL seq NDCG@10=0.04109  ease=0.03244
    w=0.01: val fused NDCG@10=0.04262
    w=0.02: val fused NDCG@10=0.04337
    w=0.03: val fused NDCG@10=0.04365
    w=0.04: val fused NDCG@10=0.04373
    w=0.05: val fused NDCG@10=0.04390
    w=0.06: val fused NDCG@10=0.04381
    w=0.075: val fused NDCG@10=0.04346
    w=0.1: val fused NDCG@10=0.04302

--- EASE l2=200.0: fit + VAL sweep ---
  EASE l2=200.0: inverted 25848x25848 in 71.1s
    [512/50,985 elapsed 0.2s]
    [10,752/50,985 elapsed 3.0s]
    [20,992/50,985 elapsed 5.9s]
    [31,232/50,985 elapsed 8.8s]
    [41,472/50,985 elapsed 11.6s]
  VAL seq NDCG@10=0.04109  ease=0.03267
    w=0.01: val fused NDCG@10=0.04259
    w=0.02: val fused NDCG@10=0.04325
    w=0.03: val fused NDCG@10=0.04368
    w=0.04: val fused NDCG@10=0.04379
    w=0.05: val fused NDCG@10=0.04382
    w=0.06: val fused NDCG@10=0.04379
    w=0.075: val fused NDCG@10=0.04361
    w=0.1: val fused NDCG@10=0.04291

--- EASE l2=500.0: fit + VAL sweep ---
  EASE l2=500.0: inverted 25848x25848 in 72.6s
    [512/50,985 elapsed 0.2s]
    [10,752/50,985 elapsed 3.0s]
    [20,992/50,985 elapsed 5.9s]
    [31,232/50,985 elapsed 8.8s]
    [41,472/50,985 elapsed 11.8s]
  VAL seq NDCG@10=0.04109  ease=0.03235
    w=0.01: val fused NDCG@10=0.04253
    w=0.02: val fused NDCG@10=0.04330
    w=0.03: val fused NDCG@10=0.04354
    w=0.04: val fused NDCG@10=0.04381
    w=0.05: val fused NDCG@10=0.04360
    w=0.06: val fused NDCG@10=0.04358
    w=0.075: val fused NDCG@10=0.04334
    w=0.1: val fused NDCG@10=0.04267

=== selected on VAL: l2=100.0, w=0.05 (val fused NDCG@10=0.04390) ===
  EASE l2=100.0: inverted 25848x25848 in 72.6s
    [512/50,985 elapsed 0.1s]
    [10,752/50,985 elapsed 2.7s]
    [20,992/50,985 elapsed 5.5s]
    [31,232/50,985 elapsed 8.1s]
    [41,472/50,985 elapsed 10.7s]

TEST seq-only  NDCG@10=0.03360 HR@10=0.05925 MRR=0.03089
TEST ease-only NDCG@10=0.02630 HR@10=0.04407
TEST FUSED (w=0.05) NDCG@10=0.03668 HR@10=0.06349 MRR=0.03356
wrote C:\Users\rayxc\Documents\R\_bestrec_run\results_IS_HYBRIDV1_base_seed20260724.fusion.json
[run] results_IS_HYBRIDV1_base_seed20260725.json
  random seed set to 20260725
=== Industrial_and_Scientific: load splits ===
  n_users=50,985  n_items=25,848  pad_id=25848
  built sequences for 50,985 users
  built timestamp sequences (12 time buckets)
  loading SBERT embeddings from C:\Users\rayxc\Documents\R\cache_5core\sbert_titles_Industrial_and_Scientific.npy...
  TAPE: k-means 25,848 text embeddings into K=512 prototypes (tau=0.05)...
  TAPE: K=512 mean max-assignment weight = 0.593 (1.0 = hard clustering)

=== Build SASRec-SBERT (d=64, layers=4, heads=2) ===
  total params: 11,750,463  device=cuda
  50,985 training examples / 200 batches per epoch
  init_state_sha256 = 2d4c629b180c55db2f665cf669168137d0ec57547118cd95481df55c3f49de8a
  LR schedule: warmup_cosine (200 warmup + 3800 cosine steps)

=== Train for 20 epochs ===
  evaluating 50,985 users in batches of 512...
    [512/50,985  elapsed 0.1s]
    [5,632/50,985  elapsed 1.0s]
    [10,752/50,985  elapsed 1.9s]
    [15,872/50,985  elapsed 2.9s]
    [20,992/50,985  elapsed 3.8s]
    [26,112/50,985  elapsed 4.7s]
    [31,232/50,985  elapsed 5.7s]
    [36,352/50,985  elapsed 6.6s]
    [41,472/50,985  elapsed 7.5s]
    [46,592/50,985  elapsed 8.5s]
  eval done in 9.4s
  by-popularity NDCG@10: tail=0.0000(n=9,330)  mid=0.0000(n=8,951)  head=0.0301(n=32,704)
  evaluating 50,985 users in batches of 512...
    [512/50,985  elapsed 0.1s]
    [5,632/50,985  elapsed 1.2s]
    [10,752/50,985  elapsed 2.3s]
    [15,872/50,985  elapsed 3.3s]
    [20,992/50,985  elapsed 4.3s]
    [26,112/50,985  elapsed 5.2s]
    [31,232/50,985  elapsed 6.1s]
    [36,352/50,985  elapsed 7.1s]
    [41,472/50,985  elapsed 8.1s]
    [46,592/50,985  elapsed 9.1s]
  eval done in 10.0s
  by-popularity NDCG@10: tail=0.0000(n=10,592)  mid=0.0001(n=9,237)  head=0.0273(n=31,156)
  epoch   1  loss=9.7683  val_NDCG=0.0193  test_NDCG=0.0167  test_HR=0.0320  (6.1s)
  evaluating 50,985 users in batches of 512...
    [512/50,985  elapsed 0.1s]
    [5,632/50,985  elapsed 1.1s]
    [10,752/50,985  elapsed 2.2s]
    [15,872/50,985  elapsed 3.1s]
    [20,992/50,985  elapsed 4.1s]
    [26,112/50,985  elapsed 5.1s]
    [31,232/50,985  elapsed 6.0s]
    [36,352/50,985  elapsed 7.0s]
    [41,472/50,985  elapsed 7.9s]
    [46,592/50,985  elapsed 8.9s]
  eval done in 9.7s
  by-popularity NDCG@10: tail=0.0000(n=9,330)  mid=0.0002(n=8,951)  head=0.0414(n=32,704)
  evaluating 50,985 users in batches of 512...
    [512/50,985  elapsed 0.1s]
    [5,632/50,985  elapsed 1.1s]
    [10,752/50,985  elapsed 2.1s]
    [15,872/50,985  elapsed 3.1s]
    [20,992/50,985  elapsed 4.0s]
    [26,112/50,985  elapsed 5.1s]
    [31,232/50,985  elapsed 6.1s]
    [36,352/50,985  elapsed 7.1s]
    [41,472/50,985  elapsed 8.0s]
    [46,592/50,985  elapsed 9.0s]
  eval done in 9.8s
  by-popularity NDCG@10: tail=0.0000(n=10,592)  mid=0.0001(n=9,237)  head=0.0364(n=31,156)
  epoch   2  loss=9.2293  val_NDCG=0.0266  test_NDCG=0.0223  test_HR=0.0416  (6.0s)
  evaluating 50,985 users in batches of 512...
    [512/50,985  elapsed 0.1s]
    [5,632/50,985  elapsed 1.1s]
    [10,752/50,985  elapsed 2.1s]
    [15,872/50,985  elapsed 3.1s]
    [20,992/50,985  elapsed 4.1s]
    [26,112/50,985  elapsed 5.0s]
    [31,232/50,985  elapsed 5.9s]
    [36,352/50,985  elapsed 6.9s]
    [41,472/50,985  elapsed 7.9s]
    [46,592/50,985  elapsed 8.9s]
  eval done in 9.8s
  by-popularity NDCG@10: tail=0.0002(n=9,330)  mid=0.0008(n=8,951)  head=0.0494(n=32,704)
  evaluating 50,985 users in batches of 512...
    [512/50,985  elapsed 0.1s]
    [5,632/50,985  elapsed 1.4s]
    [10,752/50,985  elapsed 2.8s]
    [15,872/50,985  elapsed 4.5s]
    [20,992/50,985  elapsed 6.3s]
    [26,112/50,985  elapsed 7.4s]
    [31,232/50,985  elapsed 8.4s]
    [36,352/50,985  elapsed 9.4s]
    [41,472/50,985  elapsed 10.5s]
    [46,592/50,985  elapsed 11.5s]
  eval done in 12.3s
  by-popularity NDCG@10: tail=0.0001(n=10,592)  mid=0.0006(n=9,237)  head=0.0428(n=31,156)
  epoch   3  loss=9.0192  val_NDCG=0.0319  test_NDCG=0.0263  test_HR=0.0494  (5.9s)
  evaluating 50,985 users in batches of 512...
    [512/50,985  elapsed 0.1s]
    [5,632/50,985  elapsed 1.2s]
    [10,752/50,985  elapsed 2.4s]
    [15,872/50,985  elapsed 3.5s]
    [20,992/50,985  elapsed 4.6s]
    [26,112/50,985  elapsed 5.7s]
    [31,232/50,985  elapsed 6.8s]
    [36,352/50,985  elapsed 7.9s]
    [41,472/50,985  elapsed 9.0s]
    [46,592/50,985  elapsed 10.1s]
  eval done in 11.1s
  by-popularity NDCG@10: tail=0.0002(n=9,330)  mid=0.0020(n=8,951)  head=0.0539(n=32,704)
  evaluating 50,985 users in batches of 512...
    [512/50,985  elapsed 0.1s]
    [5,632/50,985  elapsed 1.2s]
    [10,752/50,985  elapsed 2.2s]
    [15,872/50,985  elapsed 3.3s]
    [20,992/50,985  elapsed 4.4s]
    [26,112/50,985  elapsed 5.5s]
    [31,232/50,985  elapsed 6.6s]
    [36,352/50,985  elapsed 7.5s]
    [41,472/50,985  elapsed 8.5s]
    [46,592/50,985  elapsed 9.6s]
  eval done in 10.6s
  by-popularity NDCG@10: tail=0.0003(n=10,592)  mid=0.0018(n=9,237)  head=0.0468(n=31,156)
  epoch   4  loss=8.8722  val_NDCG=0.0350  test_NDCG=0.0290  test_HR=0.0532  (5.8s)
  evaluating 50,985 users in batches of 512...
    [512/50,985  elapsed 0.1s]
    [5,632/50,985  elapsed 1.2s]
    [10,752/50,985  elapsed 2.3s]
    [15,872/50,985  elapsed 3.3s]
    [20,992/50,985  elapsed 4.4s]
    [26,112/50,985  elapsed 5.7s]
    [31,232/50,985  elapsed 6.8s]
    [36,352/50,985  elapsed 7.9s]
    [41,472/50,985  elapsed 8.9s]
    [46,592/50,985  elapsed 10.0s]
  eval done in 11.2s
  by-popularity NDCG@10: tail=0.0005(n=9,330)  mid=0.0041(n=8,951)  head=0.0567(n=32,704)
  evaluating 50,985 users in batches of 512...
    [512/50,985  elapsed 0.1s]
    [5,632/50,985  elapsed 1.6s]
    [10,752/50,985  elapsed 3.0s]
    [15,872/50,985  elapsed 4.2s]
    [20,992/50,985  elapsed 5.5s]
    [26,112/50,985  elapsed 6.6s]
    [31,232/50,985  elapsed 7.7s]
    [36,352/50,985  elapsed 8.9s]
    [41,472/50,985  elapsed 10.0s]
    [46,592/50,985  elapsed 11.1s]
  eval done in 12.2s
  by-popularity NDCG@10: tail=0.0004(n=10,592)  mid=0.0031(n=9,237)  head=0.0492(n=31,156)
  epoch   5  loss=8.7533  val_NDCG=0.0372  test_NDCG=0.0307  test_HR=0.0558  (5.9s)
  evaluating 50,985 users in batches of 512...
    [512/50,985  elapsed 0.1s]
    [5,632/50,985  elapsed 1.2s]
    [10,752/50,985  elapsed 2.3s]
    [15,872/50,985  elapsed 3.4s]
    [20,992/50,985  elapsed 4.4s]
    [26,112/50,985  elapsed 5.6s]
    [31,232/50,985  elapsed 6.7s]
    [36,352/50,985  elapsed 7.8s]
    [41,472/50,985  elapsed 8.9s]
    [46,592/50,985  elapsed 10.0s]
  eval done in 10.9s
  by-popularity NDCG@10: tail=0.0008(n=9,330)  mid=0.0061(n=8,951)  head=0.0586(n=32,704)
  evaluating 50,985 users in batches of 512...
    [512/50,985  elapsed 0.1s]
    [5,632/50,985  elapsed 1.2s]
    [10,752/50,985  elapsed 2.4s]
    [15,872/50,985  elapsed 3.3s]
    [20,992/50,985  elapsed 4.4s]
    [26,112/50,985  elapsed 5.4s]
    [31,232/50,985  elapsed 6.5s]
    [36,352/50,985  elapsed 7.5s]
    [41,472/50,985  elapsed 8.6s]
    [46,592/50,985  elapsed 9.7s]
  eval done in 10.6s
  by-popularity NDCG@10: tail=0.0008(n=10,592)  mid=0.0048(n=9,237)  head=0.0506(n=31,156)
  epoch   6  loss=8.6577  val_NDCG=0.0388  test_NDCG=0.0320  test_HR=0.0569  (5.9s)
  evaluating 50,985 users in batches of 512...
    [512/50,985  elapsed 0.1s]
    [5,632/50,985  elapsed 1.2s]
    [10,752/50,985  elapsed 2.3s]
    [15,872/50,985  elapsed 3.4s]
    [20,992/50,985  elapsed 4.5s]
    [26,112/50,985  elapsed 5.6s]
    [31,232/50,985  elapsed 6.7s]
    [36,352/50,985  elapsed 7.9s]
    [41,472/50,985  elapsed 8.9s]
    [46,592/50,985  elapsed 10.0s]
  eval done in 10.9s
  by-popularity NDCG@10: tail=0.0009(n=9,330)  mid=0.0069(n=8,951)  head=0.0601(n=32,704)
  evaluating 50,985 users in batches of 512...
    [512/50,985  elapsed 0.1s]
    [5,632/50,985  elapsed 1.2s]
    [10,752/50,985  elapsed 2.3s]
    [15,872/50,985  elapsed 3.5s]
    [20,992/50,985  elapsed 4.6s]
    [26,112/50,985  elapsed 5.6s]
    [31,232/50,985  elapsed 6.6s]
    [36,352/50,985  elapsed 7.7s]
    [41,472/50,985  elapsed 8.7s]
    [46,592/50,985  elapsed 9.8s]
  eval done in 10.9s
  by-popularity NDCG@10: tail=0.0008(n=10,592)  mid=0.0057(n=9,237)  head=0.0522(n=31,156)
  epoch   7  loss=8.5726  val_NDCG=0.0399  test_NDCG=0.0331  test_HR=0.0587  (5.9s)
  evaluating 50,985 users in batches of 512...
    [512/50,985  elapsed 0.1s]
    [5,632/50,985  elapsed 1.8s]
    [10,752/50,985  elapsed 3.5s]
    [15,872/50,985  elapsed 4.6s]
    [20,992/50,985  elapsed 5.7s]
    [26,112/50,985  elapsed 6.8s]
    [31,232/50,985  elapsed 8.0s]
    [36,352/50,985  elapsed 9.1s]
    [41,472/50,985  elapsed 10.2s]
    [46,592/50,985  elapsed 11.3s]
  eval done in 12.3s
  by-popularity NDCG@10: tail=0.0012(n=9,330)  mid=0.0088(n=8,951)  head=0.0597(n=32,704)
  evaluating 50,985 users in batches of 512...
    [512/50,985  elapsed 0.1s]
    [5,632/50,985  elapsed 1.2s]
    [10,752/50,985  elapsed 2.5s]
    [15,872/50,985  elapsed 3.7s]
    [20,992/50,985  elapsed 4.7s]
    [26,112/50,985  elapsed 5.9s]
    [31,232/50,985  elapsed 6.9s]
    [36,352/50,985  elapsed 8.0s]
    [41,472/50,985  elapsed 9.1s]
    [46,592/50,985  elapsed 10.3s]
  eval done in 11.2s
  by-popularity NDCG@10: tail=0.0012(n=10,592)  mid=0.0075(n=9,237)  head=0.0521(n=31,156)
  epoch   8  loss=8.4945  val_NDCG=0.0400  test_NDCG=0.0334  test_HR=0.0588  (6.0s)
  evaluating 50,985 users in batches of 512...
    [512/50,985  elapsed 0.1s]
    [5,632/50,985  elapsed 1.2s]
    [10,752/50,985  elapsed 2.3s]
    [15,872/50,985  elapsed 3.3s]
    [20,992/50,985  elapsed 4.4s]
    [26,112/50,985  elapsed 5.5s]
    [31,232/50,985  elapsed 6.6s]
    [36,352/50,985  elapsed 7.8s]
    [41,472/50,985  elapsed 8.9s]
    [46,592/50,985  elapsed 10.0s]
  eval done in 11.0s
  by-popularity NDCG@10: tail=0.0016(n=9,330)  mid=0.0104(n=8,951)  head=0.0593(n=32,704)
  evaluating 50,985 users in batches of 512...
    [512/50,985  elapsed 0.1s]
    [5,632/50,985  elapsed 1.4s]
    [10,752/50,985  elapsed 2.5s]
    [15,872/50,985  elapsed 3.7s]
    [20,992/50,985  elapsed 4.7s]
    [26,112/50,985  elapsed 5.8s]
    [31,232/50,985  elapsed 6.9s]
    [36,352/50,985  elapsed 8.0s]
    [41,472/50,985  elapsed 9.1s]
    [46,592/50,985  elapsed 10.1s]
  eval done in 11.0s
  by-popularity NDCG@10: tail=0.0017(n=10,592)  mid=0.0084(n=9,237)  head=0.0516(n=31,156)
  epoch   9  loss=8.4254  val_NDCG=0.0401  test_NDCG=0.0334  test_HR=0.0585  (6.0s)
  evaluating 50,985 users in batches of 512...
    [512/50,985  elapsed 0.1s]
    [5,632/50,985  elapsed 1.3s]
    [10,752/50,985  elapsed 2.4s]
    [15,872/50,985  elapsed 3.5s]
    [20,992/50,985  elapsed 4.7s]
    [26,112/50,985  elapsed 5.8s]
    [31,232/50,985  elapsed 6.9s]
    [36,352/50,985  elapsed 8.1s]
    [41,472/50,985  elapsed 9.2s]
    [46,592/50,985  elapsed 10.2s]
  eval done in 11.2s
  by-popularity NDCG@10: tail=0.0017(n=9,330)  mid=0.0112(n=8,951)  head=0.0597(n=32,704)
  evaluating 50,985 users in batches of 512...
    [512/50,985  elapsed 0.1s]
    [5,632/50,985  elapsed 1.3s]
    [10,752/50,985  elapsed 2.5s]
    [15,872/50,985  elapsed 3.6s]
    [20,992/50,985  elapsed 4.7s]
    [26,112/50,985  elapsed 5.8s]
    [31,232/50,985  elapsed 6.8s]
    [36,352/50,985  elapsed 8.0s]
    [41,472/50,985  elapsed 9.1s]
    [46,592/50,985  elapsed 10.2s]
  eval done in 11.1s
  by-popularity NDCG@10: tail=0.0017(n=10,592)  mid=0.0087(n=9,237)  head=0.0512(n=31,156)
  epoch  10  loss=8.3663  val_NDCG=0.0406  test_NDCG=0.0332  test_HR=0.0581  (6.0s)
  evaluating 50,985 users in batches of 512...
    [512/50,985  elapsed 0.1s]
    [5,632/50,985  elapsed 1.2s]
    [10,752/50,985  elapsed 2.5s]
    [15,872/50,985  elapsed 3.6s]
    [20,992/50,985  elapsed 4.7s]
    [26,112/50,985  elapsed 5.8s]
    [31,232/50,985  elapsed 6.9s]
    [36,352/50,985  elapsed 8.0s]
    [41,472/50,985  elapsed 9.1s]
    [46,592/50,985  elapsed 10.1s]
  eval done in 11.0s
  by-popularity NDCG@10: tail=0.0020(n=9,330)  mid=0.0120(n=8,951)  head=0.0601(n=32,704)
  evaluating 50,985 users in batches of 512...
    [512/50,985  elapsed 0.1s]
    [5,632/50,985  elapsed 1.3s]
    [10,752/50,985  elapsed 2.5s]
    [15,872/50,985  elapsed 3.6s]
    [20,992/50,985  elapsed 4.7s]
    [26,112/50,985  elapsed 5.7s]
    [31,232/50,985  elapsed 6.7s]
    [36,352/50,985  elapsed 7.8s]
    [41,472/50,985  elapsed 8.9s]
    [46,592/50,985  elapsed 10.0s]
  eval done in 10.9s
  by-popularity NDCG@10: tail=0.0018(n=10,592)  mid=0.0092(n=9,237)  head=0.0519(n=31,156)
  epoch  11  loss=8.3131  val_NDCG=0.0410  test_NDCG=0.0337  test_HR=0.0591  (5.9s)
  evaluating 50,985 users in batches of 512...
    [512/50,985  elapsed 0.1s]
    [5,632/50,985  elapsed 1.2s]
    [10,752/50,985  elapsed 2.3s]
    [15,872/50,985  elapsed 3.4s]
    [20,992/50,985  elapsed 4.7s]
    [26,112/50,985  elapsed 5.8s]
    [31,232/50,985  elapsed 6.9s]
    [36,352/50,985  elapsed 8.0s]
    [41,472/50,985  elapsed 9.1s]
    [46,592/50,985  elapsed 10.2s]
  eval done in 11.1s
  by-popularity NDCG@10: tail=0.0022(n=9,330)  mid=0.0123(n=8,951)  head=0.0600(n=32,704)
  evaluating 50,985 users in batches of 512...
    [512/50,985  elapsed 0.1s]
    [5,632/50,985  elapsed 1.3s]
    [10,752/50,985  elapsed 2.4s]
    [15,872/50,985  elapsed 3.5s]
    [20,992/50,985  elapsed 4.8s]
    [26,112/50,985  elapsed 5.8s]
    [31,232/50,985  elapsed 6.8s]
    [36,352/50,985  elapsed 7.9s]
    [41,472/50,985  elapsed 9.0s]
    [46,592/50,985  elapsed 10.1s]
  eval done in 11.0s
  by-popularity NDCG@10: tail=0.0020(n=10,592)  mid=0.0095(n=9,237)  head=0.0507(n=31,156)
  epoch  12  loss=8.2639  val_NDCG=0.0410  test_NDCG=0.0331  test_HR=0.0580  (5.9s)
  evaluating 50,985 users in batches of 512...
    [512/50,985  elapsed 0.1s]
    [5,632/50,985  elapsed 1.2s]
    [10,752/50,985  elapsed 2.3s]
    [15,872/50,985  elapsed 3.3s]
    [20,992/50,985  elapsed 4.4s]
    [26,112/50,985  elapsed 5.4s]
    [31,232/50,985  elapsed 6.6s]
    [36,352/50,985  elapsed 7.7s]
    [41,472/50,985  elapsed 8.8s]
    [46,592/50,985  elapsed 9.8s]
  eval done in 10.7s
  by-popularity NDCG@10: tail=0.0022(n=9,330)  mid=0.0130(n=8,951)  head=0.0594(n=32,704)
  evaluating 50,985 users in batches of 512...
    [512/50,985  elapsed 0.1s]
    [5,632/50,985  elapsed 1.3s]
    [10,752/50,985  elapsed 2.3s]
    [15,872/50,985  elapsed 3.4s]
    [20,992/50,985  elapsed 4.4s]
    [26,112/50,985  elapsed 5.5s]
    [31,232/50,985  elapsed 6.4s]
    [36,352/50,985  elapsed 7.6s]
    [41,472/50,985  elapsed 8.6s]
    [46,592/50,985  elapsed 9.7s]
  eval done in 10.7s
  by-popularity NDCG@10: tail=0.0020(n=10,592)  mid=0.0097(n=9,237)  head=0.0509(n=31,156)
  epoch  13  loss=8.2249  val_NDCG=0.0408  test_NDCG=0.0333  test_HR=0.0582  (5.2s)
  evaluating 50,985 users in batches of 512...
    [512/50,985  elapsed 0.1s]
    [5,632/50,985  elapsed 1.1s]
    [10,752/50,985  elapsed 2.2s]
    [15,872/50,985  elapsed 3.3s]
    [20,992/50,985  elapsed 4.3s]
    [26,112/50,985  elapsed 5.3s]
    [31,232/50,985  elapsed 6.3s]
    [36,352/50,985  elapsed 7.4s]
    [41,472/50,985  elapsed 8.4s]
    [46,592/50,985  elapsed 9.6s]
  eval done in 10.6s
  by-popularity NDCG@10: tail=0.0024(n=9,330)  mid=0.0133(n=8,951)  head=0.0599(n=32,704)
  evaluating 50,985 users in batches of 512...
    [512/50,985  elapsed 0.1s]
    [5,632/50,985  elapsed 1.2s]
    [10,752/50,985  elapsed 2.3s]
    [15,872/50,985  elapsed 3.4s]
    [20,992/50,985  elapsed 4.4s]
    [26,112/50,985  elapsed 5.4s]
    [31,232/50,985  elapsed 6.5s]
    [36,352/50,985  elapsed 7.5s]
    [41,472/50,985  elapsed 8.7s]
    [46,592/50,985  elapsed 9.7s]
  eval done in 10.6s
  by-popularity NDCG@10: tail=0.0020(n=10,592)  mid=0.0099(n=9,237)  head=0.0507(n=31,156)
  epoch  14  loss=8.1893  val_NDCG=0.0412  test_NDCG=0.0332  test_HR=0.0580  (5.1s)
  evaluating 50,985 users in batches of 512...
    [512/50,985  elapsed 0.1s]
    [5,632/50,985  elapsed 1.1s]
    [10,752/50,985  elapsed 2.1s]
    [15,872/50,985  elapsed 3.0s]
    [20,992/50,985  elapsed 4.0s]
    [26,112/50,985  elapsed 4.9s]
    [31,232/50,985  elapsed 5.9s]
    [36,352/50,985  elapsed 6.9s]
    [41,472/50,985  elapsed 7.9s]
    [46,592/50,985  elapsed 8.9s]
  eval done in 9.7s
  by-popularity NDCG@10: tail=0.0024(n=9,330)  mid=0.0135(n=8,951)  head=0.0597(n=32,704)
  evaluating 50,985 users in batches of 512...
    [512/50,985  elapsed 0.1s]
    [5,632/50,985  elapsed 1.2s]
    [10,752/50,985  elapsed 2.1s]
    [15,872/50,985  elapsed 3.2s]
    [20,992/50,985  elapsed 4.1s]
    [26,112/50,985  elapsed 5.1s]
    [31,232/50,985  elapsed 6.0s]
    [36,352/50,985  elapsed 7.0s]
    [41,472/50,985  elapsed 7.9s]
    [46,592/50,985  elapsed 8.8s]
  eval done in 9.7s
  by-popularity NDCG@10: tail=0.0022(n=10,592)  mid=0.0100(n=9,237)  head=0.0510(n=31,156)
  epoch  15  loss=8.1598  val_NDCG=0.0411  test_NDCG=0.0334  test_HR=0.0583  (5.7s)
  evaluating 50,985 users in batches of 512...
    [512/50,985  elapsed 0.1s]
    [5,632/50,985  elapsed 1.1s]
    [10,752/50,985  elapsed 2.0s]
    [15,872/50,985  elapsed 3.0s]
    [20,992/50,985  elapsed 3.9s]
    [26,112/50,985  elapsed 4.9s]
    [31,232/50,985  elapsed 5.8s]
    [36,352/50,985  elapsed 6.7s]
    [41,472/50,985  elapsed 7.6s]
    [46,592/50,985  elapsed 8.6s]
  eval done in 9.4s
  by-popularity NDCG@10: tail=0.0027(n=9,330)  mid=0.0136(n=8,951)  head=0.0596(n=32,704)
  evaluating 50,985 users in batches of 512...
    [512/50,985  elapsed 0.1s]
    [5,632/50,985  elapsed 1.1s]
    [10,752/50,985  elapsed 2.1s]
    [15,872/50,985  elapsed 3.2s]
    [20,992/50,985  elapsed 4.2s]
    [26,112/50,985  elapsed 5.3s]
    [31,232/50,985  elapsed 6.4s]
    [36,352/50,985  elapsed 7.5s]
    [41,472/50,985  elapsed 8.7s]
    [46,592/50,985  elapsed 9.8s]
  eval done in 10.6s
  by-popularity NDCG@10: tail=0.0022(n=10,592)  mid=0.0103(n=9,237)  head=0.0506(n=31,156)
  epoch  16  loss=8.1349  val_NDCG=0.0411  test_NDCG=0.0332  test_HR=0.0579  (5.1s)
  evaluating 50,985 users in batches of 512...
    [512/50,985  elapsed 0.1s]
    [5,632/50,985  elapsed 1.0s]
    [10,752/50,985  elapsed 2.0s]
    [15,872/50,985  elapsed 2.9s]
    [20,992/50,985  elapsed 3.9s]
    [26,112/50,985  elapsed 4.9s]
    [31,232/50,985  elapsed 5.9s]
    [36,352/50,985  elapsed 6.8s]
    [41,472/50,985  elapsed 7.7s]
    [46,592/50,985  elapsed 8.7s]
  eval done in 9.4s
  by-popularity NDCG@10: tail=0.0027(n=9,330)  mid=0.0138(n=8,951)  head=0.0597(n=32,704)
  evaluating 50,985 users in batches of 512...
    [512/50,985  elapsed 0.1s]
    [5,632/50,985  elapsed 1.2s]
    [10,752/50,985  elapsed 2.1s]
    [15,872/50,985  elapsed 3.1s]
    [20,992/50,985  elapsed 4.1s]
    [26,112/50,985  elapsed 5.0s]
    [31,232/50,985  elapsed 6.0s]
    [36,352/50,985  elapsed 7.0s]
    [41,472/50,985  elapsed 7.9s]
    [46,592/50,985  elapsed 8.9s]
  eval done in 9.7s
  by-popularity NDCG@10: tail=0.0022(n=10,592)  mid=0.0105(n=9,237)  head=0.0505(n=31,156)
  epoch  17  loss=8.1160  val_NDCG=0.0412  test_NDCG=0.0332  test_HR=0.0581  (5.0s)
  evaluating 50,985 users in batches of 512...
    [512/50,985  elapsed 0.1s]
    [5,632/50,985  elapsed 1.8s]
    [10,752/50,985  elapsed 3.4s]
    [15,872/50,985  elapsed 4.5s]
    [20,992/50,985  elapsed 5.4s]
    [26,112/50,985  elapsed 6.4s]
    [31,232/50,985  elapsed 7.3s]
    [36,352/50,985  elapsed 8.3s]
    [41,472/50,985  elapsed 9.3s]
    [46,592/50,985  elapsed 10.4s]
  eval done in 11.3s
  by-popularity NDCG@10: tail=0.0027(n=9,330)  mid=0.0137(n=8,951)  head=0.0596(n=32,704)
  evaluating 50,985 users in batches of 512...
    [512/50,985  elapsed 0.1s]
    [5,632/50,985  elapsed 1.3s]
    [10,752/50,985  elapsed 2.4s]
    [15,872/50,985  elapsed 3.5s]
    [20,992/50,985  elapsed 4.5s]
    [26,112/50,985  elapsed 5.5s]
    [31,232/50,985  elapsed 6.6s]
    [36,352/50,985  elapsed 7.6s]
    [41,472/50,985  elapsed 8.7s]
    [46,592/50,985  elapsed 9.6s]
  eval done in 10.6s
  by-popularity NDCG@10: tail=0.0022(n=10,592)  mid=0.0105(n=9,237)  head=0.0506(n=31,156)
  epoch  18  loss=8.1028  val_NDCG=0.0411  test_NDCG=0.0333  test_HR=0.0583  (5.8s)
  evaluating 50,985 users in batches of 512...
    [512/50,985  elapsed 0.1s]
    [5,632/50,985  elapsed 1.2s]
    [10,752/50,985  elapsed 2.4s]
    [15,872/50,985  elapsed 3.4s]
    [20,992/50,985  elapsed 4.4s]
    [26,112/50,985  elapsed 5.5s]
    [31,232/50,985  elapsed 6.5s]
    [36,352/50,985  elapsed 7.5s]
    [41,472/50,985  elapsed 8.5s]
    [46,592/50,985  elapsed 9.6s]
  eval done in 10.5s
  by-popularity NDCG@10: tail=0.0027(n=9,330)  mid=0.0137(n=8,951)  head=0.0595(n=32,704)
  evaluating 50,985 users in batches of 512...
    [512/50,985  elapsed 0.1s]
    [5,632/50,985  elapsed 1.3s]
    [10,752/50,985  elapsed 2.3s]
    [15,872/50,985  elapsed 3.5s]
    [20,992/50,985  elapsed 4.6s]
    [26,112/50,985  elapsed 5.6s]
    [31,232/50,985  elapsed 6.7s]
    [36,352/50,985  elapsed 7.8s]
    [41,472/50,985  elapsed 8.9s]
    [46,592/50,985  elapsed 9.9s]
  eval done in 10.8s
  by-popularity NDCG@10: tail=0.0022(n=10,592)  mid=0.0104(n=9,237)  head=0.0503(n=31,156)
  epoch  19  loss=8.0961  val_NDCG=0.0410  test_NDCG=0.0331  test_HR=0.0578  (5.0s)
  evaluating 50,985 users in batches of 512...
    [512/50,985  elapsed 0.1s]
    [5,632/50,985  elapsed 1.2s]
    [10,752/50,985  elapsed 2.3s]
    [15,872/50,985  elapsed 3.4s]
    [20,992/50,985  elapsed 4.6s]
    [26,112/50,985  elapsed 5.7s]
    [31,232/50,985  elapsed 6.7s]
    [36,352/50,985  elapsed 7.7s]
    [41,472/50,985  elapsed 8.9s]
    [46,592/50,985  elapsed 10.0s]
  eval done in 10.9s
  by-popularity NDCG@10: tail=0.0027(n=9,330)  mid=0.0137(n=8,951)  head=0.0595(n=32,704)
  evaluating 50,985 users in batches of 512...
    [512/50,985  elapsed 0.1s]
    [5,632/50,985  elapsed 1.2s]
    [10,752/50,985  elapsed 2.3s]
    [15,872/50,985  elapsed 3.3s]
    [20,992/50,985  elapsed 4.3s]
    [26,112/50,985  elapsed 5.5s]
    [31,232/50,985  elapsed 6.6s]
    [36,352/50,985  elapsed 7.6s]
    [41,472/50,985  elapsed 8.7s]
    [46,592/50,985  elapsed 9.7s]
  eval done in 10.6s
  by-popularity NDCG@10: tail=0.0022(n=10,592)  mid=0.0105(n=9,237)  head=0.0503(n=31,156)
  epoch  20  loss=8.0931  val_NDCG=0.0411  test_NDCG=0.0331  test_HR=0.0579  (5.1s)

=== Best by val NDCG@10 ===
  val_NDCG=0.0412
  test: {'NDCG@10': 0.03324010611031953, 'HR@10': 0.058095518289693046, 'MRR': 0.03065387375801581, 'n_eval': 50985, 'by_popularity': {'tail': {'NDCG@10': 0.002203272860840302, 'HR@10': 0.004059667673716012, 'n': 10592, 'n_hit@10': 43, 'HR@20': 0.0075528700906344415, 'n_hit@20': 80, 'HR@50': 0.0145392749244713, 'n_hit@50': 154, 'HR@100': 0.024641238670694864, 'n_hit@100': 261}, 'mid': {'NDCG@10': 0.01045957857125239, 'HR@10': 0.018404243802100248, 'n': 9237, 'n_hit@10': 170, 'HR@20': 0.027714625960809786, 'n_hit@20': 256, 'HR@50': 0.049150156977373606, 'n_hit@50': 454, 'HR@100': 0.07599870087690809, 'n_hit@100': 702}, 'head': {'NDCG@10': 0.050545468501411034, 'HR@10': 0.0882334060855052, 'n': 31156, 'n_hit@10': 2749, 'HR@20': 0.1254653999229683, 'n_hit@20': 3909, 'HR@50': 0.19402362305815893, 'n_hit@50': 6045, 'HR@100': 0.2613621774297086, 'n_hit@100': 8143}}}
wrote C:\Users\rayxc\Documents\R\_bestrec_run\results_IS_HYBRIDV1_base_seed20260725.users.jsonl.gz (50,985 per-user records, best epoch 17, sha256 36704be1a02c…)
wrote C:\Users\rayxc\Documents\R\_bestrec_run\results_IS_HYBRIDV1_base_seed20260725.final.users.jsonl.gz (50,985 FINAL-epoch per-user records)

wrote C:\Users\rayxc\Documents\R\_bestrec_run\results_IS_HYBRIDV1_base_seed20260725.json
[run] results_IS_HYBRIDV1_base_seed20260725.fusion.json
=== fusion eval: Industrial_and_Scientific  ckpt=results_IS_HYBRIDV1_base_seed20260725.best.pt ===
  n_users=50,985 n_items=25,848
  ckpt from epoch 17 (val NDCG@10 0.04122)

--- EASE l2=50.0: fit + VAL sweep ---
  EASE l2=50.0: inverted 25848x25848 in 70.7s
    [512/50,985 elapsed 0.4s]
    [10,752/50,985 elapsed 3.5s]
    [20,992/50,985 elapsed 6.6s]
    [31,232/50,985 elapsed 9.7s]
    [41,472/50,985 elapsed 12.8s]
  VAL seq NDCG@10=0.04122  ease=0.03204
    w=0.01: val fused NDCG@10=0.04262
    w=0.02: val fused NDCG@10=0.04352
    w=0.03: val fused NDCG@10=0.04392
    w=0.04: val fused NDCG@10=0.04391
    w=0.05: val fused NDCG@10=0.04396
    w=0.06: val fused NDCG@10=0.04389
    w=0.075: val fused NDCG@10=0.04352
    w=0.1: val fused NDCG@10=0.04297

--- EASE l2=100.0: fit + VAL sweep ---
  EASE l2=100.0: inverted 25848x25848 in 70.1s
    [512/50,985 elapsed 0.2s]
    [10,752/50,985 elapsed 3.3s]
    [20,992/50,985 elapsed 6.2s]
    [31,232/50,985 elapsed 9.1s]
    [41,472/50,985 elapsed 11.9s]
  VAL seq NDCG@10=0.04122  ease=0.03244
    w=0.01: val fused NDCG@10=0.04277
    w=0.02: val fused NDCG@10=0.04372
    w=0.03: val fused NDCG@10=0.04396
    w=0.04: val fused NDCG@10=0.04409
    w=0.05: val fused NDCG@10=0.04409
    w=0.06: val fused NDCG@10=0.04397
    w=0.075: val fused NDCG@10=0.04360
    w=0.1: val fused NDCG@10=0.04300

--- EASE l2=200.0: fit + VAL sweep ---
  EASE l2=200.0: inverted 25848x25848 in 71.2s
    [512/50,985 elapsed 0.2s]
    [10,752/50,985 elapsed 3.1s]
    [20,992/50,985 elapsed 5.9s]
    [31,232/50,985 elapsed 8.8s]
    [41,472/50,985 elapsed 11.6s]
  VAL seq NDCG@10=0.04122  ease=0.03267
    w=0.01: val fused NDCG@10=0.04287
    w=0.02: val fused NDCG@10=0.04374
    w=0.03: val fused NDCG@10=0.04391
    w=0.04: val fused NDCG@10=0.04410
    w=0.05: val fused NDCG@10=0.04409
    w=0.06: val fused NDCG@10=0.04387
    w=0.075: val fused NDCG@10=0.04360
    w=0.1: val fused NDCG@10=0.04293

--- EASE l2=500.0: fit + VAL sweep ---
  EASE l2=500.0: inverted 25848x25848 in 71.0s
    [512/50,985 elapsed 0.2s]
    [10,752/50,985 elapsed 3.5s]
    [20,992/50,985 elapsed 7.0s]
    [31,232/50,985 elapsed 10.1s]
    [41,472/50,985 elapsed 13.3s]
  VAL seq NDCG@10=0.04122  ease=0.03235
    w=0.01: val fused NDCG@10=0.04281
    w=0.02: val fused NDCG@10=0.04381
    w=0.03: val fused NDCG@10=0.04398
    w=0.04: val fused NDCG@10=0.04406
    w=0.05: val fused NDCG@10=0.04399
    w=0.06: val fused NDCG@10=0.04390
    w=0.075: val fused NDCG@10=0.04341
    w=0.1: val fused NDCG@10=0.04273

=== selected on VAL: l2=200.0, w=0.04 (val fused NDCG@10=0.04410) ===
  EASE l2=200.0: inverted 25848x25848 in 69.7s
    [512/50,985 elapsed 0.1s]
    [10,752/50,985 elapsed 2.6s]
    [20,992/50,985 elapsed 5.1s]
    [31,232/50,985 elapsed 7.6s]
    [41,472/50,985 elapsed 10.1s]

TEST seq-only  NDCG@10=0.03324 HR@10=0.05810 MRR=0.03065
TEST ease-only NDCG@10=0.02617 HR@10=0.04444
TEST FUSED (w=0.04) NDCG@10=0.03613 HR@10=0.06200 MRR=0.03322
wrote C:\Users\rayxc\Documents\R\_bestrec_run\results_IS_HYBRIDV1_base_seed20260725.fusion.json
[run] results_VG_HYBRIDV1_base_seed20260721.json
  random seed set to 20260721
=== Video_Games: load splits ===
  n_users=94,762  n_items=25,612  pad_id=25612
  built sequences for 94,762 users
  built timestamp sequences (12 time buckets)
  loading SBERT embeddings from C:\Users\rayxc\Documents\R\cache_5core\sbert_titles_Video_Games.npy...
  TAPE: k-means 25,612 text embeddings into K=512 prototypes (tau=0.05)...
  TAPE: K=512 mean max-assignment weight = 0.509 (1.0 = hard clustering)

=== Build SASRec-SBERT (d=64, layers=4, heads=2) ===
  total params: 11,644,735  device=cuda
  94,762 training examples / 371 batches per epoch
  init_state_sha256 = c8cc3ca66f4cac54cb8a0dfe143ceeee512551edd39255a5bdfb855b9b905780
  LR schedule: warmup_cosine (742 warmup + 14098 cosine steps)

=== Train for 40 epochs ===
  epoch   1  loss=9.5405  (10.2s)
  epoch   2  loss=8.7733  (9.2s)
  epoch   3  loss=8.5269  (9.6s)
  epoch   4  loss=8.3972  (9.3s)
  epoch   5  loss=8.3208  (9.4s)
  epoch   6  loss=8.2650  (9.2s)
  epoch   7  loss=8.2206  (9.2s)
  epoch   8  loss=8.1855  (9.2s)
  epoch   9  loss=8.1559  (9.3s)
  evaluating 94,762 users in batches of 512...
    [512/94,762  elapsed 0.1s]
    [5,632/94,762  elapsed 1.0s]
    [10,752/94,762  elapsed 1.9s]
    [15,872/94,762  elapsed 2.8s]
    [20,992/94,762  elapsed 3.6s]
    [26,112/94,762  elapsed 4.6s]
    [31,232/94,762  elapsed 5.5s]
    [36,352/94,762  elapsed 6.4s]
    [41,472/94,762  elapsed 7.3s]
    [46,592/94,762  elapsed 8.1s]
    [51,712/94,762  elapsed 9.0s]
    [56,832/94,762  elapsed 10.0s]
    [61,952/94,762  elapsed 10.9s]
    [67,072/94,762  elapsed 11.8s]
    [72,192/94,762  elapsed 12.7s]
    [77,312/94,762  elapsed 13.6s]
    [82,432/94,762  elapsed 14.5s]
    [87,552/94,762  elapsed 15.4s]
    [92,672/94,762  elapsed 16.3s]
  eval done in 16.7s
  by-popularity NDCG@10: tail=0.0029(n=8,646)  mid=0.0152(n=12,134)  head=0.0902(n=73,982)
  evaluating 94,762 users in batches of 512...
    [512/94,762  elapsed 0.1s]
    [5,632/94,762  elapsed 1.0s]
    [10,752/94,762  elapsed 1.9s]
    [15,872/94,762  elapsed 2.8s]
    [20,992/94,762  elapsed 3.7s]
    [26,112/94,762  elapsed 4.6s]
    [31,232/94,762  elapsed 5.5s]
    [36,352/94,762  elapsed 6.4s]
    [41,472/94,762  elapsed 7.3s]
    [46,592/94,762  elapsed 8.2s]
    [51,712/94,762  elapsed 9.2s]
    [56,832/94,762  elapsed 10.1s]
    [61,952/94,762  elapsed 11.0s]
    [67,072/94,762  elapsed 11.8s]
    [72,192/94,762  elapsed 12.7s]
    [77,312/94,762  elapsed 13.6s]
    [82,432/94,762  elapsed 14.5s]
    [87,552/94,762  elapsed 15.4s]
    [92,672/94,762  elapsed 16.3s]
  eval done in 16.7s
  by-popularity NDCG@10: tail=0.0021(n=10,900)  mid=0.0109(n=13,128)  head=0.0841(n=70,734)
  epoch  10  loss=8.1312  val_NDCG=0.0726  test_NDCG=0.0645  test_HR=0.1154  (9.3s)
  epoch  11  loss=8.1095  (10.4s)
  epoch  12  loss=8.0897  (9.2s)
  epoch  13  loss=8.0722  (9.3s)
  epoch  14  loss=8.0553  (9.2s)
  epoch  15  loss=8.0391  (9.3s)
  epoch  16  loss=8.0250  (9.2s)
  epoch  17  loss=8.0140  (9.3s)
  epoch  18  loss=8.0003  (9.3s)
  epoch  19  loss=7.9868  (9.4s)
  evaluating 94,762 users in batches of 512...
    [512/94,762  elapsed 0.1s]
    [5,632/94,762  elapsed 1.1s]
    [10,752/94,762  elapsed 2.1s]
    [15,872/94,762  elapsed 3.1s]
    [20,992/94,762  elapsed 4.1s]
    [26,112/94,762  elapsed 5.1s]
    [31,232/94,762  elapsed 6.1s]
    [36,352/94,762  elapsed 7.1s]
    [41,472/94,762  elapsed 8.1s]
    [46,592/94,762  elapsed 9.0s]
    [51,712/94,762  elapsed 10.0s]
    [56,832/94,762  elapsed 11.0s]
    [61,952/94,762  elapsed 12.0s]
    [67,072/94,762  elapsed 12.9s]
    [72,192/94,762  elapsed 13.9s]
    [77,312/94,762  elapsed 14.9s]
    [82,432/94,762  elapsed 15.9s]
    [87,552/94,762  elapsed 16.8s]
    [92,672/94,762  elapsed 17.9s]
  eval done in 18.3s
  by-popularity NDCG@10: tail=0.0048(n=8,646)  mid=0.0201(n=12,134)  head=0.0921(n=73,982)
  evaluating 94,762 users in batches of 512...
    [512/94,762  elapsed 0.1s]
    [5,632/94,762  elapsed 1.1s]
    [10,752/94,762  elapsed 2.1s]
    [15,872/94,762  elapsed 3.1s]
    [20,992/94,762  elapsed 4.0s]
    [26,112/94,762  elapsed 5.0s]
    [31,232/94,762  elapsed 6.1s]
    [36,352/94,762  elapsed 7.0s]
    [41,472/94,762  elapsed 8.0s]
    [46,592/94,762  elapsed 9.0s]
    [51,712/94,762  elapsed 10.0s]
    [56,832/94,762  elapsed 11.0s]
    [61,952/94,762  elapsed 12.0s]
    [67,072/94,762  elapsed 13.0s]
    [72,192/94,762  elapsed 13.9s]
    [77,312/94,762  elapsed 14.9s]
    [82,432/94,762  elapsed 15.8s]
    [87,552/94,762  elapsed 16.7s]
    [92,672/94,762  elapsed 17.6s]
  eval done in 18.0s
  by-popularity NDCG@10: tail=0.0043(n=10,900)  mid=0.0149(n=13,128)  head=0.0851(n=70,734)
  epoch  20  loss=7.9761  val_NDCG=0.0749  test_NDCG=0.0661  test_HR=0.1169  (9.3s)
  epoch  21  loss=7.9654  (10.0s)
  epoch  22  loss=7.9550  (9.3s)
  epoch  23  loss=7.9448  (9.4s)
  epoch  24  loss=7.9343  (9.3s)
  epoch  25  loss=7.9263  (9.3s)
  epoch  26  loss=7.9180  (9.3s)
  epoch  27  loss=7.9081  (9.4s)
  epoch  28  loss=7.9002  (9.6s)
  epoch  29  loss=7.8943  (9.5s)
  evaluating 94,762 users in batches of 512...
    [512/94,762  elapsed 0.1s]
    [5,632/94,762  elapsed 1.0s]
    [10,752/94,762  elapsed 1.9s]
    [15,872/94,762  elapsed 2.7s]
    [20,992/94,762  elapsed 3.7s]
    [26,112/94,762  elapsed 4.5s]
    [31,232/94,762  elapsed 5.4s]
    [36,352/94,762  elapsed 6.3s]
    [41,472/94,762  elapsed 7.2s]
    [46,592/94,762  elapsed 8.1s]
    [51,712/94,762  elapsed 9.0s]
    [56,832/94,762  elapsed 9.9s]
    [61,952/94,762  elapsed 10.8s]
    [67,072/94,762  elapsed 11.7s]
    [72,192/94,762  elapsed 12.6s]
    [77,312/94,762  elapsed 13.5s]
    [82,432/94,762  elapsed 14.4s]
    [87,552/94,762  elapsed 15.4s]
    [92,672/94,762  elapsed 16.4s]
  eval done in 16.8s
  by-popularity NDCG@10: tail=0.0059(n=8,646)  mid=0.0214(n=12,134)  head=0.0930(n=73,982)
  evaluating 94,762 users in batches of 512...
    [512/94,762  elapsed 0.1s]
    [5,632/94,762  elapsed 1.0s]
    [10,752/94,762  elapsed 1.9s]
    [15,872/94,762  elapsed 2.8s]
    [20,992/94,762  elapsed 3.7s]
    [26,112/94,762  elapsed 4.6s]
    [31,232/94,762  elapsed 5.5s]
    [36,352/94,762  elapsed 6.4s]
    [41,472/94,762  elapsed 7.4s]
    [46,592/94,762  elapsed 8.3s]
    [51,712/94,762  elapsed 9.2s]
    [56,832/94,762  elapsed 10.1s]
    [61,952/94,762  elapsed 11.0s]
    [67,072/94,762  elapsed 11.9s]
    [72,192/94,762  elapsed 12.8s]
    [77,312/94,762  elapsed 13.8s]
    [82,432/94,762  elapsed 14.8s]
    [87,552/94,762  elapsed 15.6s]
    [92,672/94,762  elapsed 16.6s]
  eval done in 16.9s
  by-popularity NDCG@10: tail=0.0050(n=10,900)  mid=0.0160(n=13,128)  head=0.0857(n=70,734)
  epoch  30  loss=7.8878  val_NDCG=0.0759  test_NDCG=0.0668  test_HR=0.1182  (9.4s)
  epoch  31  loss=7.8810  (10.6s)
  epoch  32  loss=7.8729  (9.3s)
  epoch  33  loss=7.8694  (9.3s)
  epoch  34  loss=7.8657  (9.3s)
  epoch  35  loss=7.8619  (9.3s)
  epoch  36  loss=7.8576  (9.3s)
  epoch  37  loss=7.8559  (9.3s)
  epoch  38  loss=7.8547  (9.3s)
  epoch  39  loss=7.8533  (9.7s)
  evaluating 94,762 users in batches of 512...
    [512/94,762  elapsed 0.1s]
    [5,632/94,762  elapsed 1.1s]
    [10,752/94,762  elapsed 2.1s]
    [15,872/94,762  elapsed 3.2s]
    [20,992/94,762  elapsed 4.2s]
    [26,112/94,762  elapsed 5.3s]
    [31,232/94,762  elapsed 6.4s]
    [36,352/94,762  elapsed 7.4s]
    [41,472/94,762  elapsed 8.5s]
    [46,592/94,762  elapsed 9.9s]
    [51,712/94,762  elapsed 11.5s]
    [56,832/94,762  elapsed 13.2s]
    [61,952/94,762  elapsed 15.0s]
    [67,072/94,762  elapsed 16.2s]
    [72,192/94,762  elapsed 17.4s]
    [77,312/94,762  elapsed 18.6s]
    [82,432/94,762  elapsed 19.8s]
    [87,552/94,762  elapsed 20.9s]
    [92,672/94,762  elapsed 22.0s]
  eval done in 22.5s
  by-popularity NDCG@10: tail=0.0060(n=8,646)  mid=0.0218(n=12,134)  head=0.0929(n=73,982)
  evaluating 94,762 users in batches of 512...
    [512/94,762  elapsed 0.1s]
    [5,632/94,762  elapsed 1.3s]
    [10,752/94,762  elapsed 2.6s]
    [15,872/94,762  elapsed 4.1s]
    [20,992/94,762  elapsed 5.9s]
    [26,112/94,762  elapsed 7.7s]
    [31,232/94,762  elapsed 8.9s]
    [36,352/94,762  elapsed 10.1s]
    [41,472/94,762  elapsed 11.2s]
    [46,592/94,762  elapsed 12.4s]
    [51,712/94,762  elapsed 13.6s]
    [56,832/94,762  elapsed 14.9s]
    [61,952/94,762  elapsed 16.1s]
    [67,072/94,762  elapsed 17.2s]
    [72,192/94,762  elapsed 18.3s]
    [77,312/94,762  elapsed 19.4s]
    [82,432/94,762  elapsed 20.7s]
    [87,552/94,762  elapsed 22.0s]
    [92,672/94,762  elapsed 23.1s]
  eval done in 23.5s
  by-popularity NDCG@10: tail=0.0052(n=10,900)  mid=0.0157(n=13,128)  head=0.0855(n=70,734)
  epoch  40  loss=7.8530  val_NDCG=0.0759  test_NDCG=0.0666  test_HR=0.1183  (10.8s)

=== Best by val NDCG@10 ===
  val_NDCG=0.0759
  test: {'NDCG@10': 0.06678428937336457, 'HR@10': 0.11824359975517612, 'MRR': 0.059686971295817605, 'n_eval': 94762, 'by_popularity': {'tail': {'NDCG@10': 0.004982320687406703, 'HR@10': 0.009908256880733945, 'n': 10900, 'n_hit@10': 108, 'HR@20': 0.017889908256880735, 'n_hit@20': 195, 'HR@50': 0.034770642201834866, 'n_hit@50': 379, 'HR@100': 0.05871559633027523, 'n_hit@100': 640}, 'mid': {'NDCG@10': 0.016028269320182736, 'HR@10': 0.03001218769043266, 'n': 13128, 'n_hit@10': 394, 'HR@20': 0.049588665447897626, 'n_hit@20': 651, 'HR@50': 0.0942260816575259, 'n_hit@50': 1237, 'HR@100': 0.1384064594759293, 'n_hit@100': 1817}, 'head': {'NDCG@10': 0.08572802915812314, 'HR@10': 0.1513133712217604, 'n': 70734, 'n_hit@10': 10703, 'HR@20': 0.2140837503887805, 'n_hit@20': 15143, 'HR@50': 0.3169480023750954, 'n_hit@50': 22419, 'HR@100': 0.4104108349591427, 'n_hit@100': 29030}}}
wrote C:\Users\rayxc\Documents\R\_bestrec_run\results_VG_HYBRIDV1_base_seed20260721.users.jsonl.gz (94,762 per-user records, best epoch 30, sha256 97da69dbab33…)
wrote C:\Users\rayxc\Documents\R\_bestrec_run\results_VG_HYBRIDV1_base_seed20260721.final.users.jsonl.gz (94,762 FINAL-epoch per-user records)

wrote C:\Users\rayxc\Documents\R\_bestrec_run\results_VG_HYBRIDV1_base_seed20260721.json
[run] results_VG_HYBRIDV1_base_seed20260721.fusion.json
=== fusion eval: Video_Games  ckpt=results_VG_HYBRIDV1_base_seed20260721.best.pt ===
  n_users=94,762 n_items=25,612
  ckpt from epoch 30 (val NDCG@10 0.07591)

--- EASE l2=50.0: fit + VAL sweep ---
  EASE l2=50.0: inverted 25612x25612 in 79.8s
    [512/94,762 elapsed 0.4s]
    [10,752/94,762 elapsed 3.8s]
    [20,992/94,762 elapsed 7.2s]
    [31,232/94,762 elapsed 10.6s]
    [41,472/94,762 elapsed 14.4s]
    [51,712/94,762 elapsed 18.0s]
    [61,952/94,762 elapsed 21.3s]
    [72,192/94,762 elapsed 25.0s]
    [82,432/94,762 elapsed 29.1s]
    [92,672/94,762 elapsed 32.4s]
  VAL seq NDCG@10=0.07591  ease=0.05496
    w=0.01: val fused NDCG@10=0.07810
    w=0.02: val fused NDCG@10=0.07888
    w=0.03: val fused NDCG@10=0.07938
    w=0.04: val fused NDCG@10=0.07922
    w=0.05: val fused NDCG@10=0.07878
    w=0.06: val fused NDCG@10=0.07806
    w=0.075: val fused NDCG@10=0.07692
    w=0.1: val fused NDCG@10=0.07494

--- EASE l2=100.0: fit + VAL sweep ---
  EASE l2=100.0: inverted 25612x25612 in 74.0s
    [512/94,762 elapsed 0.2s]
    [10,752/94,762 elapsed 3.5s]
    [20,992/94,762 elapsed 6.7s]
    [31,232/94,762 elapsed 10.0s]
    [41,472/94,762 elapsed 13.4s]
    [51,712/94,762 elapsed 16.7s]
    [61,952/94,762 elapsed 19.9s]
    [72,192/94,762 elapsed 23.3s]
    [82,432/94,762 elapsed 26.5s]
    [92,672/94,762 elapsed 29.9s]
  VAL seq NDCG@10=0.07591  ease=0.05493
    w=0.01: val fused NDCG@10=0.07799
    w=0.02: val fused NDCG@10=0.07874
    w=0.03: val fused NDCG@10=0.07901
    w=0.04: val fused NDCG@10=0.07881
    w=0.05: val fused NDCG@10=0.07847
    w=0.06: val fused NDCG@10=0.07776
    w=0.075: val fused NDCG@10=0.07653
    w=0.1: val fused NDCG@10=0.07444

--- EASE l2=200.0: fit + VAL sweep ---
  EASE l2=200.0: inverted 25612x25612 in 78.0s
    [512/94,762 elapsed 0.2s]
    [10,752/94,762 elapsed 3.7s]
    [20,992/94,762 elapsed 7.0s]
    [31,232/94,762 elapsed 10.4s]
    [41,472/94,762 elapsed 13.6s]
    [51,712/94,762 elapsed 16.9s]
    [61,952/94,762 elapsed 20.2s]
    [72,192/94,762 elapsed 23.4s]
    [82,432/94,762 elapsed 26.7s]
    [92,672/94,762 elapsed 30.1s]
  VAL seq NDCG@10=0.07591  ease=0.05414
    w=0.01: val fused NDCG@10=0.07783
    w=0.02: val fused NDCG@10=0.07852
    w=0.03: val fused NDCG@10=0.07862
    w=0.04: val fused NDCG@10=0.07835
    w=0.05: val fused NDCG@10=0.07779
    w=0.06: val fused NDCG@10=0.07704
    w=0.075: val fused NDCG@10=0.07567
    w=0.1: val fused NDCG@10=0.07357

--- EASE l2=500.0: fit + VAL sweep ---
  EASE l2=500.0: inverted 25612x25612 in 76.0s
    [512/94,762 elapsed 0.2s]
    [10,752/94,762 elapsed 3.5s]
    [20,992/94,762 elapsed 6.8s]
    [31,232/94,762 elapsed 10.2s]
    [41,472/94,762 elapsed 13.5s]
    [51,712/94,762 elapsed 16.9s]
    [61,952/94,762 elapsed 20.4s]
    [72,192/94,762 elapsed 23.6s]
    [82,432/94,762 elapsed 26.9s]
    [92,672/94,762 elapsed 30.3s]
  VAL seq NDCG@10=0.07591  ease=0.05247
    w=0.01: val fused NDCG@10=0.07760
    w=0.02: val fused NDCG@10=0.07788
    w=0.03: val fused NDCG@10=0.07802
    w=0.04: val fused NDCG@10=0.07759
    w=0.05: val fused NDCG@10=0.07678
    w=0.06: val fused NDCG@10=0.07587
    w=0.075: val fused NDCG@10=0.07454
    w=0.1: val fused NDCG@10=0.07212

=== selected on VAL: l2=50.0, w=0.03 (val fused NDCG@10=0.07938) ===
  EASE l2=50.0: inverted 25612x25612 in 75.3s
    [512/94,762 elapsed 0.2s]
    [10,752/94,762 elapsed 3.6s]
    [20,992/94,762 elapsed 6.7s]
    [31,232/94,762 elapsed 9.7s]
    [41,472/94,762 elapsed 12.8s]
    [51,712/94,762 elapsed 16.0s]
    [61,952/94,762 elapsed 18.9s]
    [72,192/94,762 elapsed 22.0s]
    [82,432/94,762 elapsed 25.0s]
    [92,672/94,762 elapsed 28.1s]

TEST seq-only  NDCG@10=0.06678 HR@10=0.11824 MRR=0.05969
TEST ease-only NDCG@10=0.04774 HR@10=0.08379
TEST FUSED (w=0.03) NDCG@10=0.07001 HR@10=0.12306 MRR=0.06241
wrote C:\Users\rayxc\Documents\R\_bestrec_run\results_VG_HYBRIDV1_base_seed20260721.fusion.json
[run] results_VG_HYBRIDV1_base_seed20260722.json
  random seed set to 20260722
=== Video_Games: load splits ===
  n_users=94,762  n_items=25,612  pad_id=25612
  built sequences for 94,762 users
  built timestamp sequences (12 time buckets)
  loading SBERT embeddings from C:\Users\rayxc\Documents\R\cache_5core\sbert_titles_Video_Games.npy...
  TAPE: k-means 25,612 text embeddings into K=512 prototypes (tau=0.05)...
  TAPE: K=512 mean max-assignment weight = 0.503 (1.0 = hard clustering)

=== Build SASRec-SBERT (d=64, layers=4, heads=2) ===
  total params: 11,644,735  device=cuda
  94,762 training examples / 371 batches per epoch
  init_state_sha256 = 7bfe3e826c13c81f72ce49f37a11d26e8e6b5ec6d66a2014cebe172aaa4c4e00
  LR schedule: warmup_cosine (742 warmup + 14098 cosine steps)

=== Train for 40 epochs ===
  epoch   1  loss=9.5398  (10.3s)
  epoch   2  loss=8.7720  (10.7s)
  epoch   3  loss=8.5304  (10.0s)
  epoch   4  loss=8.4023  (10.6s)
  epoch   5  loss=8.3232  (10.2s)
  epoch   6  loss=8.2676  (9.9s)
  epoch   7  loss=8.2219  (10.0s)
  epoch   8  loss=8.1880  (10.0s)
  epoch   9  loss=8.1571  (9.9s)
  evaluating 94,762 users in batches of 512...
    [512/94,762  elapsed 0.1s]
    [5,632/94,762  elapsed 1.2s]
    [10,752/94,762  elapsed 2.6s]
    [15,872/94,762  elapsed 3.9s]
    [20,992/94,762  elapsed 5.2s]
    [26,112/94,762  elapsed 6.5s]
    [31,232/94,762  elapsed 7.7s]
    [36,352/94,762  elapsed 8.8s]
    [41,472/94,762  elapsed 10.0s]
    [46,592/94,762  elapsed 11.1s]
    [51,712/94,762  elapsed 12.2s]
    [56,832/94,762  elapsed 13.4s]
    [61,952/94,762  elapsed 14.6s]
    [67,072/94,762  elapsed 15.7s]
    [72,192/94,762  elapsed 16.9s]
    [77,312/94,762  elapsed 18.0s]
    [82,432/94,762  elapsed 19.3s]
    [87,552/94,762  elapsed 20.5s]
    [92,672/94,762  elapsed 21.7s]
  eval done in 22.2s
  by-popularity NDCG@10: tail=0.0029(n=8,646)  mid=0.0154(n=12,134)  head=0.0904(n=73,982)
  evaluating 94,762 users in batches of 512...
    [512/94,762  elapsed 0.1s]
    [5,632/94,762  elapsed 1.3s]
    [10,752/94,762  elapsed 2.5s]
    [15,872/94,762  elapsed 3.7s]
    [20,992/94,762  elapsed 4.9s]
    [26,112/94,762  elapsed 6.2s]
    [31,232/94,762  elapsed 7.8s]
    [36,352/94,762  elapsed 9.4s]
    [41,472/94,762  elapsed 10.9s]
    [46,592/94,762  elapsed 12.3s]
    [51,712/94,762  elapsed 13.4s]
    [56,832/94,762  elapsed 14.6s]
    [61,952/94,762  elapsed 15.9s]
    [67,072/94,762  elapsed 17.1s]
    [72,192/94,762  elapsed 18.4s]
    [77,312/94,762  elapsed 19.5s]
    [82,432/94,762  elapsed 20.6s]
    [87,552/94,762  elapsed 21.8s]
    [92,672/94,762  elapsed 22.9s]
  eval done in 23.4s
  by-popularity NDCG@10: tail=0.0020(n=10,900)  mid=0.0106(n=13,128)  head=0.0844(n=70,734)
  epoch  10  loss=8.1312  val_NDCG=0.0728  test_NDCG=0.0647  test_HR=0.1158  (10.1s)
  epoch  11  loss=8.1094  (11.0s)
  epoch  12  loss=8.0905  (9.9s)
  epoch  13  loss=8.0725  (10.2s)
  epoch  14  loss=8.0544  (9.9s)
  epoch  15  loss=8.0394  (10.0s)
  epoch  16  loss=8.0251  (9.9s)
  epoch  17  loss=8.0112  (10.0s)
  epoch  18  loss=7.9996  (10.0s)
  epoch  19  loss=7.9858  (10.0s)
  evaluating 94,762 users in batches of 512...
    [512/94,762  elapsed 0.1s]
    [5,632/94,762  elapsed 1.3s]
    [10,752/94,762  elapsed 2.5s]
    [15,872/94,762  elapsed 3.7s]
    [20,992/94,762  elapsed 4.8s]
    [26,112/94,762  elapsed 5.9s]
    [31,232/94,762  elapsed 7.1s]
    [36,352/94,762  elapsed 8.4s]
    [41,472/94,762  elapsed 9.5s]
    [46,592/94,762  elapsed 10.7s]
    [51,712/94,762  elapsed 11.8s]
    [56,832/94,762  elapsed 12.9s]
    [61,952/94,762  elapsed 14.1s]
    [67,072/94,762  elapsed 15.3s]
    [72,192/94,762  elapsed 16.4s]
    [77,312/94,762  elapsed 17.5s]
    [82,432/94,762  elapsed 18.7s]
    [87,552/94,762  elapsed 19.9s]
    [92,672/94,762  elapsed 21.0s]
  eval done in 21.5s
  by-popularity NDCG@10: tail=0.0051(n=8,646)  mid=0.0207(n=12,134)  head=0.0936(n=73,982)
  evaluating 94,762 users in batches of 512...
    [512/94,762  elapsed 0.1s]
    [5,632/94,762  elapsed 1.2s]
    [10,752/94,762  elapsed 2.4s]
    [15,872/94,762  elapsed 3.5s]
    [20,992/94,762  elapsed 4.7s]
    [26,112/94,762  elapsed 5.9s]
    [31,232/94,762  elapsed 7.2s]
    [36,352/94,762  elapsed 8.4s]
    [41,472/94,762  elapsed 9.6s]
    [46,592/94,762  elapsed 10.8s]
    [51,712/94,762  elapsed 11.9s]
    [56,832/94,762  elapsed 13.1s]
    [61,952/94,762  elapsed 14.3s]
    [67,072/94,762  elapsed 15.4s]
    [72,192/94,762  elapsed 16.5s]
    [77,312/94,762  elapsed 17.7s]
    [82,432/94,762  elapsed 18.9s]
    [87,552/94,762  elapsed 20.1s]
    [92,672/94,762  elapsed 21.3s]
  eval done in 21.8s
  by-popularity NDCG@10: tail=0.0042(n=10,900)  mid=0.0150(n=13,128)  head=0.0865(n=70,734)
  epoch  20  loss=7.9765  val_NDCG=0.0762  test_NDCG=0.0671  test_HR=0.1188  (9.9s)
  epoch  21  loss=7.9661  (11.2s)
  epoch  22  loss=7.9544  (10.0s)
  epoch  23  loss=7.9440  (9.8s)
  epoch  24  loss=7.9354  (9.6s)
  epoch  25  loss=7.9243  (9.7s)
  epoch  26  loss=7.9168  (9.6s)
  epoch  27  loss=7.9088  (9.6s)
  epoch  28  loss=7.9022  (9.7s)
  epoch  29  loss=7.8938  (9.7s)
  evaluating 94,762 users in batches of 512...
    [512/94,762  elapsed 0.1s]
    [5,632/94,762  elapsed 1.1s]
    [10,752/94,762  elapsed 2.0s]
    [15,872/94,762  elapsed 2.9s]
    [20,992/94,762  elapsed 3.9s]
    [26,112/94,762  elapsed 5.0s]
    [31,232/94,762  elapsed 6.0s]
    [36,352/94,762  elapsed 6.9s]
    [41,472/94,762  elapsed 7.9s]
    [46,592/94,762  elapsed 8.9s]
    [51,712/94,762  elapsed 9.9s]
    [56,832/94,762  elapsed 10.9s]
    [61,952/94,762  elapsed 11.9s]
    [67,072/94,762  elapsed 12.9s]
    [72,192/94,762  elapsed 13.9s]
    [77,312/94,762  elapsed 14.9s]
    [82,432/94,762  elapsed 15.9s]
    [87,552/94,762  elapsed 16.9s]
    [92,672/94,762  elapsed 17.9s]
  eval done in 18.3s
  by-popularity NDCG@10: tail=0.0064(n=8,646)  mid=0.0223(n=12,134)  head=0.0934(n=73,982)
  evaluating 94,762 users in batches of 512...
    [512/94,762  elapsed 0.1s]
    [5,632/94,762  elapsed 1.1s]
    [10,752/94,762  elapsed 2.1s]
    [15,872/94,762  elapsed 3.1s]
    [20,992/94,762  elapsed 4.0s]
    [26,112/94,762  elapsed 5.0s]
    [31,232/94,762  elapsed 5.9s]
    [36,352/94,762  elapsed 6.9s]
    [41,472/94,762  elapsed 7.9s]
    [46,592/94,762  elapsed 8.9s]
    [51,712/94,762  elapsed 9.9s]
    [56,832/94,762  elapsed 10.8s]
    [61,952/94,762  elapsed 11.8s]
    [67,072/94,762  elapsed 12.8s]
    [72,192/94,762  elapsed 13.8s]
    [77,312/94,762  elapsed 14.9s]
    [82,432/94,762  elapsed 15.9s]
    [87,552/94,762  elapsed 17.0s]
    [92,672/94,762  elapsed 18.0s]
  eval done in 18.4s
  by-popularity NDCG@10: tail=0.0049(n=10,900)  mid=0.0156(n=13,128)  head=0.0862(n=70,734)
  epoch  30  loss=7.8874  val_NDCG=0.0763  test_NDCG=0.0671  test_HR=0.1193  (9.6s)
  epoch  31  loss=7.8814  (10.8s)
  epoch  32  loss=7.8741  (9.9s)
  epoch  33  loss=7.8696  (9.7s)
  epoch  34  loss=7.8640  (9.6s)
  epoch  35  loss=7.8619  (9.7s)
  epoch  36  loss=7.8593  (9.6s)
  epoch  37  loss=7.8557  (9.7s)
  epoch  38  loss=7.8539  (9.5s)
  epoch  39  loss=7.8521  (9.6s)
  evaluating 94,762 users in batches of 512...
    [512/94,762  elapsed 0.1s]
    [5,632/94,762  elapsed 1.1s]
    [10,752/94,762  elapsed 2.2s]
    [15,872/94,762  elapsed 3.2s]
    [20,992/94,762  elapsed 4.2s]
    [26,112/94,762  elapsed 5.3s]
    [31,232/94,762  elapsed 6.3s]
    [36,352/94,762  elapsed 7.2s]
    [41,472/94,762  elapsed 8.2s]
    [46,592/94,762  elapsed 9.2s]
    [51,712/94,762  elapsed 10.2s]
    [56,832/94,762  elapsed 11.2s]
    [61,952/94,762  elapsed 12.1s]
    [67,072/94,762  elapsed 13.1s]
    [72,192/94,762  elapsed 14.1s]
    [77,312/94,762  elapsed 15.1s]
    [82,432/94,762  elapsed 16.1s]
    [87,552/94,762  elapsed 17.1s]
    [92,672/94,762  elapsed 18.1s]
  eval done in 18.6s
  by-popularity NDCG@10: tail=0.0062(n=8,646)  mid=0.0224(n=12,134)  head=0.0933(n=73,982)
  evaluating 94,762 users in batches of 512...
    [512/94,762  elapsed 0.1s]
    [5,632/94,762  elapsed 1.1s]
    [10,752/94,762  elapsed 2.2s]
    [15,872/94,762  elapsed 3.3s]
    [20,992/94,762  elapsed 4.4s]
    [26,112/94,762  elapsed 5.3s]
    [31,232/94,762  elapsed 6.5s]
    [36,352/94,762  elapsed 7.6s]
    [41,472/94,762  elapsed 8.6s]
    [46,592/94,762  elapsed 9.6s]
    [51,712/94,762  elapsed 10.6s]
    [56,832/94,762  elapsed 11.6s]
    [61,952/94,762  elapsed 12.6s]
    [67,072/94,762  elapsed 13.6s]
    [72,192/94,762  elapsed 14.7s]
    [77,312/94,762  elapsed 15.6s]
    [82,432/94,762  elapsed 16.7s]
    [87,552/94,762  elapsed 17.7s]
    [92,672/94,762  elapsed 18.7s]
  eval done in 19.0s
  by-popularity NDCG@10: tail=0.0050(n=10,900)  mid=0.0156(n=13,128)  head=0.0861(n=70,734)
  epoch  40  loss=7.8525  val_NDCG=0.0763  test_NDCG=0.0670  test_HR=0.1187  (9.6s)

=== Best by val NDCG@10 ===
  val_NDCG=0.0763
  test: {'NDCG@10': 0.06708619772997672, 'HR@10': 0.1192566640636542, 'MRR': 0.05968035923339898, 'n_eval': 94762, 'by_popularity': {'tail': {'NDCG@10': 0.004930505049716993, 'HR@10': 0.00944954128440367, 'n': 10900, 'n_hit@10': 103, 'HR@20': 0.017064220183486238, 'n_hit@20': 186, 'HR@50': 0.0344954128440367, 'n_hit@50': 376, 'HR@100': 0.05917431192660551, 'n_hit@100': 645}, 'mid': {'NDCG@10': 0.015587927117823582, 'HR@10': 0.029478976234003657, 'n': 13128, 'n_hit@10': 387, 'HR@20': 0.04974101157830591, 'n_hit@20': 653, 'HR@50': 0.09095063985374771, 'n_hit@50': 1194, 'HR@100': 0.14107251675807433, 'n_hit@100': 1852}, 'head': {'NDCG@10': 0.0862222051212055, 'HR@10': 0.1528402182825798, 'n': 70734, 'n_hit@10': 10811, 'HR@20': 0.21340515169508298, 'n_hit@20': 15095, 'HR@50': 0.31670766533774425, 'n_hit@50': 22402, 'HR@100': 0.40749851556535754, 'n_hit@100': 28824}}}
wrote C:\Users\rayxc\Documents\R\_bestrec_run\results_VG_HYBRIDV1_base_seed20260722.users.jsonl.gz (94,762 per-user records, best epoch 30, sha256 b8dac9285f85…)
wrote C:\Users\rayxc\Documents\R\_bestrec_run\results_VG_HYBRIDV1_base_seed20260722.final.users.jsonl.gz (94,762 FINAL-epoch per-user records)

wrote C:\Users\rayxc\Documents\R\_bestrec_run\results_VG_HYBRIDV1_base_seed20260722.json
[run] results_VG_HYBRIDV1_base_seed20260722.fusion.json
=== fusion eval: Video_Games  ckpt=results_VG_HYBRIDV1_base_seed20260722.best.pt ===
  n_users=94,762 n_items=25,612
  ckpt from epoch 30 (val NDCG@10 0.07633)

--- EASE l2=50.0: fit + VAL sweep ---
  EASE l2=50.0: inverted 25612x25612 in 69.0s
    [512/94,762 elapsed 0.3s]
    [10,752/94,762 elapsed 3.4s]
    [20,992/94,762 elapsed 6.2s]
    [31,232/94,762 elapsed 9.0s]
    [41,472/94,762 elapsed 11.8s]
    [51,712/94,762 elapsed 14.7s]
    [61,952/94,762 elapsed 17.5s]
    [72,192/94,762 elapsed 20.3s]
    [82,432/94,762 elapsed 23.1s]
    [92,672/94,762 elapsed 26.0s]
  VAL seq NDCG@10=0.07633  ease=0.05496
    w=0.01: val fused NDCG@10=0.07860
    w=0.02: val fused NDCG@10=0.07951
    w=0.03: val fused NDCG@10=0.07981
    w=0.04: val fused NDCG@10=0.07954
    w=0.05: val fused NDCG@10=0.07896
    w=0.06: val fused NDCG@10=0.07842
    w=0.075: val fused NDCG@10=0.07739
    w=0.1: val fused NDCG@10=0.07541

--- EASE l2=100.0: fit + VAL sweep ---
  EASE l2=100.0: inverted 25612x25612 in 68.0s
    [512/94,762 elapsed 0.2s]
    [10,752/94,762 elapsed 3.2s]
    [20,992/94,762 elapsed 6.1s]
    [31,232/94,762 elapsed 8.9s]
    [41,472/94,762 elapsed 11.7s]
    [51,712/94,762 elapsed 14.6s]
    [61,952/94,762 elapsed 17.5s]
    [72,192/94,762 elapsed 20.4s]
    [82,432/94,762 elapsed 23.2s]
    [92,672/94,762 elapsed 26.1s]
  VAL seq NDCG@10=0.07633  ease=0.05493
    w=0.01: val fused NDCG@10=0.07856
    w=0.02: val fused NDCG@10=0.07933
    w=0.03: val fused NDCG@10=0.07962
    w=0.04: val fused NDCG@10=0.07922
    w=0.05: val fused NDCG@10=0.07858
    w=0.06: val fused NDCG@10=0.07801
    w=0.075: val fused NDCG@10=0.07703
    w=0.1: val fused NDCG@10=0.07488

--- EASE l2=200.0: fit + VAL sweep ---
  EASE l2=200.0: inverted 25612x25612 in 68.2s
    [512/94,762 elapsed 0.2s]
    [10,752/94,762 elapsed 3.2s]
    [20,992/94,762 elapsed 6.4s]
    [31,232/94,762 elapsed 9.5s]
    [41,472/94,762 elapsed 12.6s]
    [51,712/94,762 elapsed 15.7s]
    [61,952/94,762 elapsed 18.7s]
    [72,192/94,762 elapsed 21.9s]
    [82,432/94,762 elapsed 25.0s]
    [92,672/94,762 elapsed 28.1s]
  VAL seq NDCG@10=0.07633  ease=0.05414
    w=0.01: val fused NDCG@10=0.07834
    w=0.02: val fused NDCG@10=0.07902
    w=0.03: val fused NDCG@10=0.07924
    w=0.04: val fused NDCG@10=0.07880
    w=0.05: val fused NDCG@10=0.07821
    w=0.06: val fused NDCG@10=0.07742
    w=0.075: val fused NDCG@10=0.07628
    w=0.1: val fused NDCG@10=0.07407

--- EASE l2=500.0: fit + VAL sweep ---
  EASE l2=500.0: inverted 25612x25612 in 68.2s
    [512/94,762 elapsed 0.2s]
    [10,752/94,762 elapsed 3.3s]
    [20,992/94,762 elapsed 6.4s]
    [31,232/94,762 elapsed 9.4s]
    [41,472/94,762 elapsed 12.6s]
    [51,712/94,762 elapsed 15.7s]
    [61,952/94,762 elapsed 18.7s]
    [72,192/94,762 elapsed 21.8s]
    [82,432/94,762 elapsed 24.8s]
    [92,672/94,762 elapsed 28.1s]
  VAL seq NDCG@10=0.07633  ease=0.05247
    w=0.01: val fused NDCG@10=0.07815
    w=0.02: val fused NDCG@10=0.07851
    w=0.03: val fused NDCG@10=0.07854
    w=0.04: val fused NDCG@10=0.07795
    w=0.05: val fused NDCG@10=0.07728
    w=0.06: val fused NDCG@10=0.07637
    w=0.075: val fused NDCG@10=0.07485
    w=0.1: val fused NDCG@10=0.07259

=== selected on VAL: l2=50.0, w=0.03 (val fused NDCG@10=0.07981) ===
  EASE l2=50.0: inverted 25612x25612 in 67.6s
    [512/94,762 elapsed 0.2s]
    [10,752/94,762 elapsed 3.1s]
    [20,992/94,762 elapsed 6.0s]
    [31,232/94,762 elapsed 8.8s]
    [41,472/94,762 elapsed 11.7s]
    [51,712/94,762 elapsed 14.6s]
    [61,952/94,762 elapsed 17.4s]
    [72,192/94,762 elapsed 20.3s]
    [82,432/94,762 elapsed 23.1s]
    [92,672/94,762 elapsed 26.1s]

TEST seq-only  NDCG@10=0.06709 HR@10=0.11926 MRR=0.05968
TEST ease-only NDCG@10=0.04774 HR@10=0.08379
TEST FUSED (w=0.03) NDCG@10=0.07029 HR@10=0.12373 MRR=0.06252
wrote C:\Users\rayxc\Documents\R\_bestrec_run\results_VG_HYBRIDV1_base_seed20260722.fusion.json
[run] results_VG_HYBRIDV1_base_seed20260723.json
  random seed set to 20260723
=== Video_Games: load splits ===
  n_users=94,762  n_items=25,612  pad_id=25612
  built sequences for 94,762 users
  built timestamp sequences (12 time buckets)
  loading SBERT embeddings from C:\Users\rayxc\Documents\R\cache_5core\sbert_titles_Video_Games.npy...
  TAPE: k-means 25,612 text embeddings into K=512 prototypes (tau=0.05)...
  TAPE: K=512 mean max-assignment weight = 0.511 (1.0 = hard clustering)

=== Build SASRec-SBERT (d=64, layers=4, heads=2) ===
  total params: 11,644,735  device=cuda
  94,762 training examples / 371 batches per epoch
  init_state_sha256 = bef5a17909a09afc1334f47192ce9934b15f19144f2be30b177a5faf4fd042c7
  LR schedule: warmup_cosine (742 warmup + 14098 cosine steps)

=== Train for 40 epochs ===
  epoch   1  loss=9.5374  (10.8s)
  epoch   2  loss=8.7736  (9.7s)
  epoch   3  loss=8.5267  (9.6s)
  epoch   4  loss=8.3969  (9.6s)
  epoch   5  loss=8.3174  (9.6s)
  epoch   6  loss=8.2597  (9.6s)
  epoch   7  loss=8.2170  (9.6s)
  epoch   8  loss=8.1816  (9.6s)
  epoch   9  loss=8.1523  (9.6s)
  evaluating 94,762 users in batches of 512...
    [512/94,762  elapsed 0.1s]
    [5,632/94,762  elapsed 1.1s]
    [10,752/94,762  elapsed 2.2s]
    [15,872/94,762  elapsed 3.1s]
    [20,992/94,762  elapsed 4.2s]
    [26,112/94,762  elapsed 5.4s]
    [31,232/94,762  elapsed 6.4s]
    [36,352/94,762  elapsed 7.4s]
    [41,472/94,762  elapsed 8.5s]
    [46,592/94,762  elapsed 9.5s]
    [51,712/94,762  elapsed 10.7s]
    [56,832/94,762  elapsed 11.7s]
    [61,952/94,762  elapsed 12.8s]
    [67,072/94,762  elapsed 13.8s]
    [72,192/94,762  elapsed 14.8s]
    [77,312/94,762  elapsed 15.7s]
    [82,432/94,762  elapsed 16.7s]
    [87,552/94,762  elapsed 17.7s]
    [92,672/94,762  elapsed 18.8s]
  eval done in 19.2s
  by-popularity NDCG@10: tail=0.0032(n=8,646)  mid=0.0159(n=12,134)  head=0.0907(n=73,982)
  evaluating 94,762 users in batches of 512...
    [512/94,762  elapsed 0.1s]
    [5,632/94,762  elapsed 1.2s]
    [10,752/94,762  elapsed 2.2s]
    [15,872/94,762  elapsed 3.2s]
    [20,992/94,762  elapsed 4.2s]
    [26,112/94,762  elapsed 5.3s]
    [31,232/94,762  elapsed 6.2s]
    [36,352/94,762  elapsed 7.2s]
    [41,472/94,762  elapsed 8.2s]
    [46,592/94,762  elapsed 9.2s]
    [51,712/94,762  elapsed 10.1s]
    [56,832/94,762  elapsed 11.2s]
    [61,952/94,762  elapsed 12.1s]
    [67,072/94,762  elapsed 13.1s]
    [72,192/94,762  elapsed 14.1s]
    [77,312/94,762  elapsed 15.1s]
    [82,432/94,762  elapsed 16.1s]
    [87,552/94,762  elapsed 17.0s]
    [92,672/94,762  elapsed 18.1s]
  eval done in 18.5s
  by-popularity NDCG@10: tail=0.0021(n=10,900)  mid=0.0105(n=13,128)  head=0.0850(n=70,734)
  epoch  10  loss=8.1266  val_NDCG=0.0732  test_NDCG=0.0652  test_HR=0.1161  (9.8s)
  epoch  11  loss=8.1055  (10.8s)
  epoch  12  loss=8.0842  (9.6s)
  epoch  13  loss=8.0669  (9.7s)
  epoch  14  loss=8.0511  (9.7s)
  epoch  15  loss=8.0362  (9.7s)
  epoch  16  loss=8.0202  (9.6s)
  epoch  17  loss=8.0093  (9.7s)
  epoch  18  loss=7.9961  (9.7s)
  epoch  19  loss=7.9855  (9.8s)
  evaluating 94,762 users in batches of 512...
    [512/94,762  elapsed 0.1s]
    [5,632/94,762  elapsed 1.3s]
    [10,752/94,762  elapsed 2.3s]
    [15,872/94,762  elapsed 3.3s]
    [20,992/94,762  elapsed 4.3s]
    [26,112/94,762  elapsed 5.3s]
    [31,232/94,762  elapsed 6.3s]
    [36,352/94,762  elapsed 7.4s]
    [41,472/94,762  elapsed 8.3s]
    [46,592/94,762  elapsed 9.3s]
    [51,712/94,762  elapsed 10.3s]
    [56,832/94,762  elapsed 11.2s]
    [61,952/94,762  elapsed 12.2s]
    [67,072/94,762  elapsed 13.2s]
    [72,192/94,762  elapsed 14.2s]
    [77,312/94,762  elapsed 15.2s]
    [82,432/94,762  elapsed 16.3s]
    [87,552/94,762  elapsed 17.3s]
    [92,672/94,762  elapsed 18.4s]
  eval done in 18.8s
  by-popularity NDCG@10: tail=0.0055(n=8,646)  mid=0.0208(n=12,134)  head=0.0923(n=73,982)
  evaluating 94,762 users in batches of 512...
    [512/94,762  elapsed 0.1s]
    [5,632/94,762  elapsed 1.1s]
    [10,752/94,762  elapsed 2.1s]
    [15,872/94,762  elapsed 3.0s]
    [20,992/94,762  elapsed 4.0s]
    [26,112/94,762  elapsed 5.1s]
    [31,232/94,762  elapsed 6.0s]
    [36,352/94,762  elapsed 7.0s]
    [41,472/94,762  elapsed 8.0s]
    [46,592/94,762  elapsed 9.0s]
    [51,712/94,762  elapsed 10.0s]
    [56,832/94,762  elapsed 11.1s]
    [61,952/94,762  elapsed 12.4s]
    [67,072/94,762  elapsed 13.6s]
    [72,192/94,762  elapsed 14.7s]
    [77,312/94,762  elapsed 15.8s]
    [82,432/94,762  elapsed 17.1s]
    [87,552/94,762  elapsed 18.2s]
    [92,672/94,762  elapsed 19.2s]
  eval done in 19.6s
  by-popularity NDCG@10: tail=0.0039(n=10,900)  mid=0.0150(n=13,128)  head=0.0860(n=70,734)
  epoch  20  loss=7.9724  val_NDCG=0.0752  test_NDCG=0.0667  test_HR=0.1189  (9.6s)
  epoch  21  loss=7.9619  (10.9s)
  epoch  22  loss=7.9508  (9.6s)
  epoch  23  loss=7.9408  (9.6s)
  epoch  24  loss=7.9326  (9.5s)
  epoch  25  loss=7.9232  (9.7s)
  epoch  26  loss=7.9128  (9.6s)
  epoch  27  loss=7.9054  (9.5s)
  epoch  28  loss=7.8981  (9.5s)
  epoch  29  loss=7.8919  (9.6s)
  evaluating 94,762 users in batches of 512...
    [512/94,762  elapsed 0.1s]
    [5,632/94,762  elapsed 1.1s]
    [10,752/94,762  elapsed 2.0s]
    [15,872/94,762  elapsed 3.0s]
    [20,992/94,762  elapsed 3.9s]
    [26,112/94,762  elapsed 4.8s]
    [31,232/94,762  elapsed 5.8s]
    [36,352/94,762  elapsed 6.8s]
    [41,472/94,762  elapsed 7.7s]
    [46,592/94,762  elapsed 8.7s]
    [51,712/94,762  elapsed 9.6s]
    [56,832/94,762  elapsed 10.6s]
    [61,952/94,762  elapsed 11.6s]
    [67,072/94,762  elapsed 12.6s]
    [72,192/94,762  elapsed 13.6s]
    [77,312/94,762  elapsed 14.6s]
    [82,432/94,762  elapsed 15.7s]
    [87,552/94,762  elapsed 16.7s]
    [92,672/94,762  elapsed 17.7s]
  eval done in 18.1s
  by-popularity NDCG@10: tail=0.0064(n=8,646)  mid=0.0222(n=12,134)  head=0.0935(n=73,982)
  evaluating 94,762 users in batches of 512...
    [512/94,762  elapsed 0.1s]
    [5,632/94,762  elapsed 1.0s]
    [10,752/94,762  elapsed 2.0s]
    [15,872/94,762  elapsed 3.0s]
    [20,992/94,762  elapsed 3.9s]
    [26,112/94,762  elapsed 4.9s]
    [31,232/94,762  elapsed 5.8s]
    [36,352/94,762  elapsed 6.8s]
    [41,472/94,762  elapsed 7.7s]
    [46,592/94,762  elapsed 8.6s]
    [51,712/94,762  elapsed 9.6s]
    [56,832/94,762  elapsed 10.5s]
    [61,952/94,762  elapsed 11.5s]
    [67,072/94,762  elapsed 12.5s]
    [72,192/94,762  elapsed 13.4s]
    [77,312/94,762  elapsed 14.6s]
    [82,432/94,762  elapsed 15.5s]
    [87,552/94,762  elapsed 16.5s]
    [92,672/94,762  elapsed 17.4s]
  eval done in 17.8s
  by-popularity NDCG@10: tail=0.0049(n=10,900)  mid=0.0167(n=13,128)  head=0.0870(n=70,734)
  epoch  30  loss=7.8833  val_NDCG=0.0764  test_NDCG=0.0678  test_HR=0.1195  (9.5s)
  epoch  31  loss=7.8785  (11.3s)
  epoch  32  loss=7.8704  (10.0s)
  epoch  33  loss=7.8655  (9.8s)
  epoch  34  loss=7.8606  (10.6s)
  epoch  35  loss=7.8578  (9.6s)
  epoch  36  loss=7.8564  (9.5s)
  epoch  37  loss=7.8543  (9.7s)
  epoch  38  loss=7.8490  (9.6s)
  epoch  39  loss=7.8489  (9.6s)
  evaluating 94,762 users in batches of 512...
    [512/94,762  elapsed 0.1s]
    [5,632/94,762  elapsed 1.1s]
    [10,752/94,762  elapsed 2.1s]
    [15,872/94,762  elapsed 3.2s]
    [20,992/94,762  elapsed 4.2s]
    [26,112/94,762  elapsed 5.3s]
    [31,232/94,762  elapsed 6.3s]
    [36,352/94,762  elapsed 7.3s]
    [41,472/94,762  elapsed 8.3s]
    [46,592/94,762  elapsed 9.4s]
    [51,712/94,762  elapsed 10.5s]
    [56,832/94,762  elapsed 11.6s]
    [61,952/94,762  elapsed 12.8s]
    [67,072/94,762  elapsed 13.9s]
    [72,192/94,762  elapsed 15.0s]
    [77,312/94,762  elapsed 16.0s]
    [82,432/94,762  elapsed 17.2s]
    [87,552/94,762  elapsed 18.3s]
    [92,672/94,762  elapsed 19.3s]
  eval done in 19.8s
  by-popularity NDCG@10: tail=0.0066(n=8,646)  mid=0.0225(n=12,134)  head=0.0934(n=73,982)
  evaluating 94,762 users in batches of 512...
    [512/94,762  elapsed 0.1s]
    [5,632/94,762  elapsed 1.1s]
    [10,752/94,762  elapsed 2.0s]
    [15,872/94,762  elapsed 3.0s]
    [20,992/94,762  elapsed 4.0s]
    [26,112/94,762  elapsed 5.0s]
    [31,232/94,762  elapsed 6.1s]
    [36,352/94,762  elapsed 7.0s]
    [41,472/94,762  elapsed 8.0s]
    [46,592/94,762  elapsed 9.0s]
    [51,712/94,762  elapsed 10.0s]
    [56,832/94,762  elapsed 10.9s]
    [61,952/94,762  elapsed 11.8s]
    [67,072/94,762  elapsed 12.8s]
    [72,192/94,762  elapsed 13.8s]
    [77,312/94,762  elapsed 14.8s]
    [82,432/94,762  elapsed 15.7s]
    [87,552/94,762  elapsed 16.6s]
    [92,672/94,762  elapsed 17.5s]
  eval done in 17.9s
  by-popularity NDCG@10: tail=0.0051(n=10,900)  mid=0.0165(n=13,128)  head=0.0873(n=70,734)
  epoch  40  loss=7.8491  val_NDCG=0.0764  test_NDCG=0.0681  test_HR=0.1199  (9.6s)

=== Best by val NDCG@10 ===
  val_NDCG=0.0764
  test: {'NDCG@10': 0.06784012451419434, 'HR@10': 0.11954158840041366, 'MRR': 0.0606006134317333, 'n_eval': 94762, 'by_popularity': {'tail': {'NDCG@10': 0.004856768049402767, 'HR@10': 0.009908256880733945, 'n': 10900, 'n_hit@10': 108, 'HR@20': 0.015045871559633028, 'n_hit@20': 164, 'HR@50': 0.033853211009174315, 'n_hit@50': 369, 'HR@100': 0.057522935779816514, 'n_hit@100': 627}, 'mid': {'NDCG@10': 0.016666905352651737, 'HR@10': 0.03214503351614869, 'n': 13128, 'n_hit@10': 422, 'HR@20': 0.049588665447897626, 'n_hit@20': 651, 'HR@50': 0.09384521633150518, 'n_hit@50': 1232, 'HR@100': 0.1408439975624619, 'n_hit@100': 1849}, 'head': {'NDCG@10': 0.0870433451240702, 'HR@10': 0.15265643113637006, 'n': 70734, 'n_hit@10': 10798, 'HR@20': 0.2142534000622049, 'n_hit@20': 15155, 'HR@50': 0.3173721265586564, 'n_hit@50': 22449, 'HR@100': 0.4098877484660842, 'n_hit@100': 28993}}}
wrote C:\Users\rayxc\Documents\R\_bestrec_run\results_VG_HYBRIDV1_base_seed20260723.users.jsonl.gz (94,762 per-user records, best epoch 30, sha256 706c5e036312…)
wrote C:\Users\rayxc\Documents\R\_bestrec_run\results_VG_HYBRIDV1_base_seed20260723.final.users.jsonl.gz (94,762 FINAL-epoch per-user records)

wrote C:\Users\rayxc\Documents\R\_bestrec_run\results_VG_HYBRIDV1_base_seed20260723.json
[run] results_VG_HYBRIDV1_base_seed20260723.fusion.json
=== fusion eval: Video_Games  ckpt=results_VG_HYBRIDV1_base_seed20260723.best.pt ===
  n_users=94,762 n_items=25,612
  ckpt from epoch 30 (val NDCG@10 0.07641)

--- EASE l2=50.0: fit + VAL sweep ---
  EASE l2=50.0: inverted 25612x25612 in 68.8s
    [512/94,762 elapsed 0.3s]
    [10,752/94,762 elapsed 3.1s]
    [20,992/94,762 elapsed 5.9s]
    [31,232/94,762 elapsed 8.6s]
    [41,472/94,762 elapsed 11.6s]
    [51,712/94,762 elapsed 14.5s]
    [61,952/94,762 elapsed 17.2s]
    [72,192/94,762 elapsed 20.0s]
    [82,432/94,762 elapsed 22.8s]
    [92,672/94,762 elapsed 25.6s]
  VAL seq NDCG@10=0.07641  ease=0.05496
    w=0.01: val fused NDCG@10=0.07844
    w=0.02: val fused NDCG@10=0.07957
    w=0.03: val fused NDCG@10=0.07964
    w=0.04: val fused NDCG@10=0.07942
    w=0.05: val fused NDCG@10=0.07875
    w=0.06: val fused NDCG@10=0.07828
    w=0.075: val fused NDCG@10=0.07728
    w=0.1: val fused NDCG@10=0.07545

--- EASE l2=100.0: fit + VAL sweep ---
  EASE l2=100.0: inverted 25612x25612 in 68.2s
    [512/94,762 elapsed 0.2s]
    [10,752/94,762 elapsed 2.9s]
    [20,992/94,762 elapsed 5.7s]
    [31,232/94,762 elapsed 8.5s]
    [41,472/94,762 elapsed 11.5s]
    [51,712/94,762 elapsed 14.5s]
    [61,952/94,762 elapsed 17.4s]
    [72,192/94,762 elapsed 20.1s]
    [82,432/94,762 elapsed 22.8s]
    [92,672/94,762 elapsed 25.6s]
  VAL seq NDCG@10=0.07641  ease=0.05493
    w=0.01: val fused NDCG@10=0.07839
    w=0.02: val fused NDCG@10=0.07932
    w=0.03: val fused NDCG@10=0.07943
    w=0.04: val fused NDCG@10=0.07905
    w=0.05: val fused NDCG@10=0.07866
    w=0.06: val fused NDCG@10=0.07804
    w=0.075: val fused NDCG@10=0.07693
    w=0.1: val fused NDCG@10=0.07497

--- EASE l2=200.0: fit + VAL sweep ---
  EASE l2=200.0: inverted 25612x25612 in 68.8s
    [512/94,762 elapsed 0.2s]
    [10,752/94,762 elapsed 3.1s]
    [20,992/94,762 elapsed 5.8s]
    [31,232/94,762 elapsed 8.5s]
    [41,472/94,762 elapsed 11.3s]
    [51,712/94,762 elapsed 14.0s]
    [61,952/94,762 elapsed 16.7s]
    [72,192/94,762 elapsed 19.6s]
    [82,432/94,762 elapsed 22.3s]
    [92,672/94,762 elapsed 25.0s]
  VAL seq NDCG@10=0.07641  ease=0.05414
    w=0.01: val fused NDCG@10=0.07823
    w=0.02: val fused NDCG@10=0.07888
    w=0.03: val fused NDCG@10=0.07900
    w=0.04: val fused NDCG@10=0.07868
    w=0.05: val fused NDCG@10=0.07821
    w=0.06: val fused NDCG@10=0.07752
    w=0.075: val fused NDCG@10=0.07633
    w=0.1: val fused NDCG@10=0.07421

--- EASE l2=500.0: fit + VAL sweep ---
  EASE l2=500.0: inverted 25612x25612 in 67.8s
    [512/94,762 elapsed 0.2s]
    [10,752/94,762 elapsed 2.9s]
    [20,992/94,762 elapsed 5.7s]
    [31,232/94,762 elapsed 8.4s]
    [41,472/94,762 elapsed 11.1s]
    [51,712/94,762 elapsed 13.8s]
    [61,952/94,762 elapsed 16.5s]
    [72,192/94,762 elapsed 19.3s]
    [82,432/94,762 elapsed 22.1s]
    [92,672/94,762 elapsed 24.9s]
  VAL seq NDCG@10=0.07641  ease=0.05247
    w=0.01: val fused NDCG@10=0.07792
    w=0.02: val fused NDCG@10=0.07840
    w=0.03: val fused NDCG@10=0.07837
    w=0.04: val fused NDCG@10=0.07801
    w=0.05: val fused NDCG@10=0.07734
    w=0.06: val fused NDCG@10=0.07651
    w=0.075: val fused NDCG@10=0.07512
    w=0.1: val fused NDCG@10=0.07253

=== selected on VAL: l2=50.0, w=0.03 (val fused NDCG@10=0.07964) ===
  EASE l2=50.0: inverted 25612x25612 in 68.6s
    [512/94,762 elapsed 0.1s]
    [10,752/94,762 elapsed 2.6s]
    [20,992/94,762 elapsed 5.2s]
    [31,232/94,762 elapsed 7.6s]
    [41,472/94,762 elapsed 10.1s]
    [51,712/94,762 elapsed 12.6s]
    [61,952/94,762 elapsed 15.1s]
    [72,192/94,762 elapsed 17.5s]
    [82,432/94,762 elapsed 20.0s]
    [92,672/94,762 elapsed 22.5s]

TEST seq-only  NDCG@10=0.06784 HR@10=0.11954 MRR=0.06060
TEST ease-only NDCG@10=0.04774 HR@10=0.08379
TEST FUSED (w=0.03) NDCG@10=0.07077 HR@10=0.12426 MRR=0.06294
wrote C:\Users\rayxc\Documents\R\_bestrec_run\results_VG_HYBRIDV1_base_seed20260723.fusion.json
[run] results_VG_HYBRIDV1_base_seed20260724.json
  random seed set to 20260724
=== Video_Games: load splits ===
  n_users=94,762  n_items=25,612  pad_id=25612
  built sequences for 94,762 users
  built timestamp sequences (12 time buckets)
  loading SBERT embeddings from C:\Users\rayxc\Documents\R\cache_5core\sbert_titles_Video_Games.npy...
  TAPE: k-means 25,612 text embeddings into K=512 prototypes (tau=0.05)...
  TAPE: K=512 mean max-assignment weight = 0.510 (1.0 = hard clustering)

=== Build SASRec-SBERT (d=64, layers=4, heads=2) ===
  total params: 11,644,735  device=cuda
  94,762 training examples / 371 batches per epoch
  init_state_sha256 = bbbdf1c3c72a4c4f175a1891d3ace425479ffb5f6e74e3cbcc0bcb9a149b3358
  LR schedule: warmup_cosine (742 warmup + 14098 cosine steps)

=== Train for 40 epochs ===
  epoch   1  loss=9.5446  (11.5s)
  epoch   2  loss=8.7797  (9.3s)
  epoch   3  loss=8.5308  (9.3s)
  epoch   4  loss=8.3999  (9.3s)
  epoch   5  loss=8.3208  (9.3s)
  epoch   6  loss=8.2646  (9.3s)
  epoch   7  loss=8.2210  (9.3s)
  epoch   8  loss=8.1851  (9.3s)
  epoch   9  loss=8.1562  (9.3s)
  evaluating 94,762 users in batches of 512...
    [512/94,762  elapsed 0.1s]
    [5,632/94,762  elapsed 1.0s]
    [10,752/94,762  elapsed 2.0s]
    [15,872/94,762  elapsed 3.0s]
    [20,992/94,762  elapsed 4.0s]
    [26,112/94,762  elapsed 5.0s]
    [31,232/94,762  elapsed 6.0s]
    [36,352/94,762  elapsed 7.0s]
    [41,472/94,762  elapsed 7.9s]
    [46,592/94,762  elapsed 8.9s]
    [51,712/94,762  elapsed 9.8s]
    [56,832/94,762  elapsed 10.8s]
    [61,952/94,762  elapsed 11.7s]
    [67,072/94,762  elapsed 12.7s]
    [72,192/94,762  elapsed 13.6s]
    [77,312/94,762  elapsed 14.6s]
    [82,432/94,762  elapsed 15.6s]
    [87,552/94,762  elapsed 16.6s]
    [92,672/94,762  elapsed 17.5s]
  eval done in 17.9s
  by-popularity NDCG@10: tail=0.0031(n=8,646)  mid=0.0151(n=12,134)  head=0.0900(n=73,982)
  evaluating 94,762 users in batches of 512...
    [512/94,762  elapsed 0.1s]
    [5,632/94,762  elapsed 1.1s]
    [10,752/94,762  elapsed 2.1s]
    [15,872/94,762  elapsed 3.0s]
    [20,992/94,762  elapsed 4.0s]
    [26,112/94,762  elapsed 4.9s]
    [31,232/94,762  elapsed 5.9s]
    [36,352/94,762  elapsed 6.8s]
    [41,472/94,762  elapsed 8.1s]
    [46,592/94,762  elapsed 9.4s]
    [51,712/94,762  elapsed 10.8s]
    [56,832/94,762  elapsed 12.3s]
    [61,952/94,762  elapsed 13.5s]
    [67,072/94,762  elapsed 14.6s]
    [72,192/94,762  elapsed 15.5s]
    [77,312/94,762  elapsed 16.5s]
    [82,432/94,762  elapsed 17.5s]
    [87,552/94,762  elapsed 18.5s]
    [92,672/94,762  elapsed 19.5s]
  eval done in 19.8s
  by-popularity NDCG@10: tail=0.0022(n=10,900)  mid=0.0114(n=13,128)  head=0.0840(n=70,734)
  epoch  10  loss=8.1300  val_NDCG=0.0725  test_NDCG=0.0645  test_HR=0.1147  (9.3s)
  epoch  11  loss=8.1078  (10.7s)
  epoch  12  loss=8.0898  (9.3s)
  epoch  13  loss=8.0702  (9.5s)
  epoch  14  loss=8.0541  (9.3s)
  epoch  15  loss=8.0378  (9.3s)
  epoch  16  loss=8.0239  (9.3s)
  epoch  17  loss=8.0116  (9.2s)
  epoch  18  loss=7.9969  (9.3s)
  epoch  19  loss=7.9864  (9.4s)
  evaluating 94,762 users in batches of 512...
    [512/94,762  elapsed 0.1s]
    [5,632/94,762  elapsed 1.1s]
    [10,752/94,762  elapsed 2.0s]
    [15,872/94,762  elapsed 3.0s]
    [20,992/94,762  elapsed 4.0s]
    [26,112/94,762  elapsed 5.0s]
    [31,232/94,762  elapsed 5.9s]
    [36,352/94,762  elapsed 6.9s]
    [41,472/94,762  elapsed 7.8s]
    [46,592/94,762  elapsed 8.8s]
    [51,712/94,762  elapsed 9.8s]
    [56,832/94,762  elapsed 10.7s]
    [61,952/94,762  elapsed 11.7s]
    [67,072/94,762  elapsed 12.6s]
    [72,192/94,762  elapsed 13.6s]
    [77,312/94,762  elapsed 14.5s]
    [82,432/94,762  elapsed 15.4s]
    [87,552/94,762  elapsed 16.3s]
    [92,672/94,762  elapsed 17.2s]
  eval done in 17.6s
  by-popularity NDCG@10: tail=0.0052(n=8,646)  mid=0.0207(n=12,134)  head=0.0921(n=73,982)
  evaluating 94,762 users in batches of 512...
    [512/94,762  elapsed 0.1s]
    [5,632/94,762  elapsed 1.0s]
    [10,752/94,762  elapsed 1.9s]
    [15,872/94,762  elapsed 2.9s]
    [20,992/94,762  elapsed 3.8s]
    [26,112/94,762  elapsed 4.7s]
    [31,232/94,762  elapsed 5.6s]
    [36,352/94,762  elapsed 6.5s]
    [41,472/94,762  elapsed 7.4s]
    [46,592/94,762  elapsed 8.2s]
    [51,712/94,762  elapsed 9.2s]
    [56,832/94,762  elapsed 10.1s]
    [61,952/94,762  elapsed 11.1s]
    [67,072/94,762  elapsed 12.1s]
    [72,192/94,762  elapsed 13.0s]
    [77,312/94,762  elapsed 14.0s]
    [82,432/94,762  elapsed 15.0s]
    [87,552/94,762  elapsed 16.0s]
    [92,672/94,762  elapsed 16.9s]
  eval done in 17.4s
  by-popularity NDCG@10: tail=0.0043(n=10,900)  mid=0.0150(n=13,128)  head=0.0853(n=70,734)
  epoch  20  loss=7.9754  val_NDCG=0.0750  test_NDCG=0.0663  test_HR=0.1179  (9.3s)
  epoch  21  loss=7.9649  (10.5s)
  epoch  22  loss=7.9527  (9.4s)
  epoch  23  loss=7.9430  (9.3s)
  epoch  24  loss=7.9337  (9.3s)
  epoch  25  loss=7.9243  (9.5s)
  epoch  26  loss=7.9161  (9.3s)
  epoch  27  loss=7.9073  (9.3s)
  epoch  28  loss=7.8999  (9.3s)
  epoch  29  loss=7.8931  (9.3s)
  evaluating 94,762 users in batches of 512...
    [512/94,762  elapsed 0.1s]
    [5,632/94,762  elapsed 1.1s]
    [10,752/94,762  elapsed 2.0s]
    [15,872/94,762  elapsed 3.0s]
    [20,992/94,762  elapsed 4.0s]
    [26,112/94,762  elapsed 4.9s]
    [31,232/94,762  elapsed 5.9s]
    [36,352/94,762  elapsed 6.9s]
    [41,472/94,762  elapsed 7.9s]
    [46,592/94,762  elapsed 8.8s]
    [51,712/94,762  elapsed 9.8s]
    [56,832/94,762  elapsed 11.0s]
    [61,952/94,762  elapsed 11.9s]
    [67,072/94,762  elapsed 12.8s]
    [72,192/94,762  elapsed 13.8s]
    [77,312/94,762  elapsed 14.7s]
    [82,432/94,762  elapsed 15.6s]
    [87,552/94,762  elapsed 16.6s]
    [92,672/94,762  elapsed 17.6s]
  eval done in 18.0s
  by-popularity NDCG@10: tail=0.0058(n=8,646)  mid=0.0211(n=12,134)  head=0.0926(n=73,982)
  evaluating 94,762 users in batches of 512...
    [512/94,762  elapsed 0.1s]
    [5,632/94,762  elapsed 1.1s]
    [10,752/94,762  elapsed 2.1s]
    [15,872/94,762  elapsed 3.1s]
    [20,992/94,762  elapsed 4.1s]
    [26,112/94,762  elapsed 5.2s]
    [31,232/94,762  elapsed 6.2s]
    [36,352/94,762  elapsed 7.2s]
    [41,472/94,762  elapsed 8.2s]
    [46,592/94,762  elapsed 9.1s]
    [51,712/94,762  elapsed 10.0s]
    [56,832/94,762  elapsed 11.0s]
    [61,952/94,762  elapsed 12.0s]
    [67,072/94,762  elapsed 13.0s]
    [72,192/94,762  elapsed 13.9s]
    [77,312/94,762  elapsed 15.0s]
    [82,432/94,762  elapsed 16.0s]
    [87,552/94,762  elapsed 16.9s]
    [92,672/94,762  elapsed 18.0s]
  eval done in 18.4s
  by-popularity NDCG@10: tail=0.0051(n=10,900)  mid=0.0159(n=13,128)  head=0.0854(n=70,734)
  epoch  30  loss=7.8863  val_NDCG=0.0756  test_NDCG=0.0665  test_HR=0.1181  (9.3s)
  epoch  31  loss=7.8797  (11.3s)
  epoch  32  loss=7.8743  (10.1s)
  epoch  33  loss=7.8695  (9.3s)
  epoch  34  loss=7.8646  (9.8s)
  epoch  35  loss=7.8614  (9.4s)
  epoch  36  loss=7.8586  (9.3s)
  epoch  37  loss=7.8554  (9.4s)
  epoch  38  loss=7.8541  (9.2s)
  epoch  39  loss=7.8519  (9.2s)
  evaluating 94,762 users in batches of 512...
    [512/94,762  elapsed 0.1s]
    [5,632/94,762  elapsed 1.0s]
    [10,752/94,762  elapsed 1.9s]
    [15,872/94,762  elapsed 2.8s]
    [20,992/94,762  elapsed 3.7s]
    [26,112/94,762  elapsed 4.6s]
    [31,232/94,762  elapsed 5.6s]
    [36,352/94,762  elapsed 6.5s]
    [41,472/94,762  elapsed 7.4s]
    [46,592/94,762  elapsed 8.3s]
    [51,712/94,762  elapsed 9.2s]
    [56,832/94,762  elapsed 10.1s]
    [61,952/94,762  elapsed 11.1s]
    [67,072/94,762  elapsed 12.0s]
    [72,192/94,762  elapsed 12.9s]
    [77,312/94,762  elapsed 13.8s]
    [82,432/94,762  elapsed 14.7s]
    [87,552/94,762  elapsed 15.6s]
    [92,672/94,762  elapsed 16.5s]
  eval done in 16.9s
  by-popularity NDCG@10: tail=0.0059(n=8,646)  mid=0.0213(n=12,134)  head=0.0929(n=73,982)
  evaluating 94,762 users in batches of 512...
    [512/94,762  elapsed 0.1s]
    [5,632/94,762  elapsed 1.0s]
    [10,752/94,762  elapsed 1.9s]
    [15,872/94,762  elapsed 2.8s]
    [20,992/94,762  elapsed 3.7s]
    [26,112/94,762  elapsed 4.7s]
    [31,232/94,762  elapsed 5.6s]
    [36,352/94,762  elapsed 6.4s]
    [41,472/94,762  elapsed 7.4s]
    [46,592/94,762  elapsed 8.2s]
    [51,712/94,762  elapsed 9.2s]
    [56,832/94,762  elapsed 10.1s]
    [61,952/94,762  elapsed 11.0s]
    [67,072/94,762  elapsed 12.0s]
    [72,192/94,762  elapsed 12.9s]
    [77,312/94,762  elapsed 13.8s]
    [82,432/94,762  elapsed 14.7s]
    [87,552/94,762  elapsed 15.6s]
    [92,672/94,762  elapsed 16.4s]
  eval done in 16.8s
  by-popularity NDCG@10: tail=0.0053(n=10,900)  mid=0.0160(n=13,128)  head=0.0857(n=70,734)
  epoch  40  loss=7.8506  val_NDCG=0.0758  test_NDCG=0.0668  test_HR=0.1186  (9.3s)

=== Best by val NDCG@10 ===
  val_NDCG=0.0758
  test: {'NDCG@10': 0.06682893324092642, 'HR@10': 0.11856018235157553, 'MRR': 0.059586619357519514, 'n_eval': 94762, 'by_popularity': {'tail': {'NDCG@10': 0.005330417273630098, 'HR@10': 0.011192660550458715, 'n': 10900, 'n_hit@10': 122, 'HR@20': 0.01743119266055046, 'n_hit@20': 190, 'HR@50': 0.034678899082568805, 'n_hit@50': 378, 'HR@100': 0.059908256880733944, 'n_hit@100': 653}, 'mid': {'NDCG@10': 0.01604144706039507, 'HR@10': 0.030240706886045094, 'n': 13128, 'n_hit@10': 397, 'HR@20': 0.04928397318708105, 'n_hit@20': 647, 'HR@50': 0.09171237050578915, 'n_hit@50': 1204, 'HR@100': 0.13932053625837904, 'n_hit@100': 1829}, 'head': {'NDCG@10': 0.0857317514418135, 'HR@10': 0.15149715836797015, 'n': 70734, 'n_hit@10': 10716, 'HR@20': 0.21378686346028783, 'n_hit@20': 15122, 'HR@50': 0.3160714790624028, 'n_hit@50': 22357, 'HR@100': 0.4081205643679136, 'n_hit@100': 28868}}}
wrote C:\Users\rayxc\Documents\R\_bestrec_run\results_VG_HYBRIDV1_base_seed20260724.users.jsonl.gz (94,762 per-user records, best epoch 40, sha256 da4ea66455cf…)

wrote C:\Users\rayxc\Documents\R\_bestrec_run\results_VG_HYBRIDV1_base_seed20260724.json
[run] results_VG_HYBRIDV1_base_seed20260724.fusion.json
=== fusion eval: Video_Games  ckpt=results_VG_HYBRIDV1_base_seed20260724.best.pt ===
  n_users=94,762 n_items=25,612
  ckpt from epoch 40 (val NDCG@10 0.07582)

--- EASE l2=50.0: fit + VAL sweep ---
  EASE l2=50.0: inverted 25612x25612 in 69.2s
    [512/94,762 elapsed 0.3s]
    [10,752/94,762 elapsed 3.1s]
    [20,992/94,762 elapsed 5.9s]
    [31,232/94,762 elapsed 8.6s]
    [41,472/94,762 elapsed 11.3s]
    [51,712/94,762 elapsed 14.1s]
    [61,952/94,762 elapsed 16.9s]
    [72,192/94,762 elapsed 19.8s]
    [82,432/94,762 elapsed 22.6s]
    [92,672/94,762 elapsed 25.3s]
  VAL seq NDCG@10=0.07582  ease=0.05496
    w=0.01: val fused NDCG@10=0.07806
    w=0.02: val fused NDCG@10=0.07903
    w=0.03: val fused NDCG@10=0.07919
    w=0.04: val fused NDCG@10=0.07900
    w=0.05: val fused NDCG@10=0.07867
    w=0.06: val fused NDCG@10=0.07800
    w=0.075: val fused NDCG@10=0.07689
    w=0.1: val fused NDCG@10=0.07515

--- EASE l2=100.0: fit + VAL sweep ---
  EASE l2=100.0: inverted 25612x25612 in 69.5s
    [512/94,762 elapsed 0.2s]
    [10,752/94,762 elapsed 2.8s]
    [20,992/94,762 elapsed 5.5s]
    [31,232/94,762 elapsed 8.2s]
    [41,472/94,762 elapsed 10.9s]
    [51,712/94,762 elapsed 13.6s]
    [61,952/94,762 elapsed 16.3s]
    [72,192/94,762 elapsed 19.0s]
    [82,432/94,762 elapsed 21.8s]
    [92,672/94,762 elapsed 24.7s]
  VAL seq NDCG@10=0.07582  ease=0.05493
    w=0.01: val fused NDCG@10=0.07801
    w=0.02: val fused NDCG@10=0.07907
    w=0.03: val fused NDCG@10=0.07895
    w=0.04: val fused NDCG@10=0.07863
    w=0.05: val fused NDCG@10=0.07826
    w=0.06: val fused NDCG@10=0.07767
    w=0.075: val fused NDCG@10=0.07655
    w=0.1: val fused NDCG@10=0.07455

--- EASE l2=200.0: fit + VAL sweep ---
  EASE l2=200.0: inverted 25612x25612 in 73.1s
    [512/94,762 elapsed 0.2s]
    [10,752/94,762 elapsed 3.4s]
    [20,992/94,762 elapsed 6.7s]
    [31,232/94,762 elapsed 9.9s]
    [41,472/94,762 elapsed 13.2s]
    [51,712/94,762 elapsed 16.5s]
    [61,952/94,762 elapsed 19.9s]
    [72,192/94,762 elapsed 23.1s]
    [82,432/94,762 elapsed 26.2s]
    [92,672/94,762 elapsed 29.6s]
  VAL seq NDCG@10=0.07582  ease=0.05414
    w=0.01: val fused NDCG@10=0.07789
    w=0.02: val fused NDCG@10=0.07885
    w=0.03: val fused NDCG@10=0.07867
    w=0.04: val fused NDCG@10=0.07815
    w=0.05: val fused NDCG@10=0.07772
    w=0.06: val fused NDCG@10=0.07703
    w=0.075: val fused NDCG@10=0.07590
    w=0.1: val fused NDCG@10=0.07380

--- EASE l2=500.0: fit + VAL sweep ---
  EASE l2=500.0: inverted 25612x25612 in 79.1s
    [512/94,762 elapsed 0.3s]
    [10,752/94,762 elapsed 4.7s]
    [20,992/94,762 elapsed 9.2s]
    [31,232/94,762 elapsed 12.6s]
    [41,472/94,762 elapsed 16.0s]
    [51,712/94,762 elapsed 19.4s]
    [61,952/94,762 elapsed 22.8s]
    [72,192/94,762 elapsed 26.1s]
    [82,432/94,762 elapsed 29.5s]
    [92,672/94,762 elapsed 33.8s]
  VAL seq NDCG@10=0.07582  ease=0.05247
    w=0.01: val fused NDCG@10=0.07765
    w=0.02: val fused NDCG@10=0.07824
    w=0.03: val fused NDCG@10=0.07820
    w=0.04: val fused NDCG@10=0.07761
    w=0.05: val fused NDCG@10=0.07686
    w=0.06: val fused NDCG@10=0.07608
    w=0.075: val fused NDCG@10=0.07477
    w=0.1: val fused NDCG@10=0.07237

=== selected on VAL: l2=50.0, w=0.03 (val fused NDCG@10=0.07919) ===
  EASE l2=50.0: inverted 25612x25612 in 86.0s
    [512/94,762 elapsed 0.2s]
    [10,752/94,762 elapsed 3.2s]
    [20,992/94,762 elapsed 6.4s]
    [31,232/94,762 elapsed 9.4s]
    [41,472/94,762 elapsed 12.4s]
    [51,712/94,762 elapsed 15.4s]
    [61,952/94,762 elapsed 18.4s]
    [72,192/94,762 elapsed 21.6s]
    [82,432/94,762 elapsed 24.8s]
    [92,672/94,762 elapsed 27.7s]

TEST seq-only  NDCG@10=0.06683 HR@10=0.11856 MRR=0.05959
TEST ease-only NDCG@10=0.04774 HR@10=0.08379
TEST FUSED (w=0.03) NDCG@10=0.07037 HR@10=0.12290 MRR=0.06287
wrote C:\Users\rayxc\Documents\R\_bestrec_run\results_VG_HYBRIDV1_base_seed20260724.fusion.json
[run] results_VG_HYBRIDV1_base_seed20260725.json
  random seed set to 20260725
=== Video_Games: load splits ===
  n_users=94,762  n_items=25,612  pad_id=25612
  built sequences for 94,762 users
  built timestamp sequences (12 time buckets)
  loading SBERT embeddings from C:\Users\rayxc\Documents\R\cache_5core\sbert_titles_Video_Games.npy...
  TAPE: k-means 25,612 text embeddings into K=512 prototypes (tau=0.05)...
  TAPE: K=512 mean max-assignment weight = 0.510 (1.0 = hard clustering)

=== Build SASRec-SBERT (d=64, layers=4, heads=2) ===
  total params: 11,644,735  device=cuda
  94,762 training examples / 371 batches per epoch
  init_state_sha256 = b10187e3ddec32db0e6aedc313b4fa7c30a51753dc715c7167bb6654c48a06c3
  LR schedule: warmup_cosine (742 warmup + 14098 cosine steps)

=== Train for 40 epochs ===
  epoch   1  loss=9.5349  (10.8s)
  epoch   2  loss=8.7713  (10.0s)
  epoch   3  loss=8.5278  (10.0s)
  epoch   4  loss=8.4005  (10.1s)
  epoch   5  loss=8.3213  (10.7s)
  epoch   6  loss=8.2644  (11.1s)
  epoch   7  loss=8.2223  (10.1s)
  epoch   8  loss=8.1852  (10.0s)
  epoch   9  loss=8.1569  (10.0s)
  evaluating 94,762 users in batches of 512...
    [512/94,762  elapsed 0.1s]
    [5,632/94,762  elapsed 1.3s]
    [10,752/94,762  elapsed 2.5s]
    [15,872/94,762  elapsed 3.8s]
    [20,992/94,762  elapsed 5.0s]
    [26,112/94,762  elapsed 6.7s]
    [31,232/94,762  elapsed 8.3s]
    [36,352/94,762  elapsed 10.2s]
    [41,472/94,762  elapsed 12.0s]
    [46,592/94,762  elapsed 13.8s]
    [51,712/94,762  elapsed 15.1s]
    [56,832/94,762  elapsed 16.2s]
    [61,952/94,762  elapsed 17.4s]
    [67,072/94,762  elapsed 18.7s]
    [72,192/94,762  elapsed 20.0s]
    [77,312/94,762  elapsed 21.1s]
    [82,432/94,762  elapsed 22.3s]
    [87,552/94,762  elapsed 23.4s]
    [92,672/94,762  elapsed 24.8s]
  eval done in 25.3s
  by-popularity NDCG@10: tail=0.0032(n=8,646)  mid=0.0156(n=12,134)  head=0.0899(n=73,982)
  evaluating 94,762 users in batches of 512...
    [512/94,762  elapsed 0.1s]
    [5,632/94,762  elapsed 1.3s]
    [10,752/94,762  elapsed 2.5s]
    [15,872/94,762  elapsed 3.7s]
    [20,992/94,762  elapsed 4.8s]
    [26,112/94,762  elapsed 6.1s]
    [31,232/94,762  elapsed 7.3s]
    [36,352/94,762  elapsed 8.4s]
    [41,472/94,762  elapsed 9.7s]
    [46,592/94,762  elapsed 11.0s]
    [51,712/94,762  elapsed 12.2s]
    [56,832/94,762  elapsed 13.5s]
    [61,952/94,762  elapsed 14.6s]
    [67,072/94,762  elapsed 15.7s]
    [72,192/94,762  elapsed 16.9s]
    [77,312/94,762  elapsed 18.1s]
    [82,432/94,762  elapsed 19.5s]
    [87,552/94,762  elapsed 20.7s]
    [92,672/94,762  elapsed 21.8s]
  eval done in 22.3s
  by-popularity NDCG@10: tail=0.0022(n=10,900)  mid=0.0108(n=13,128)  head=0.0831(n=70,734)
  epoch  10  loss=8.1319  val_NDCG=0.0725  test_NDCG=0.0638  test_HR=0.1139  (10.1s)
  epoch  11  loss=8.1091  (11.3s)
  epoch  12  loss=8.0898  (10.0s)
  epoch  13  loss=8.0708  (10.1s)
  epoch  14  loss=8.0539  (11.1s)
  epoch  15  loss=8.0396  (9.9s)
  epoch  16  loss=8.0240  (9.9s)
  epoch  17  loss=8.0127  (10.0s)
  epoch  18  loss=7.9990  (10.0s)
  epoch  19  loss=7.9868  (10.0s)
  evaluating 94,762 users in batches of 512...
    [512/94,762  elapsed 0.1s]
    [5,632/94,762  elapsed 1.6s]
    [10,752/94,762  elapsed 2.8s]
    [15,872/94,762  elapsed 4.0s]
    [20,992/94,762  elapsed 5.3s]
    [26,112/94,762  elapsed 6.6s]
    [31,232/94,762  elapsed 7.8s]
    [36,352/94,762  elapsed 9.0s]
    [41,472/94,762  elapsed 10.1s]
    [46,592/94,762  elapsed 11.3s]
    [51,712/94,762  elapsed 12.5s]
    [56,832/94,762  elapsed 13.7s]
    [61,952/94,762  elapsed 14.8s]
    [67,072/94,762  elapsed 16.1s]
    [72,192/94,762  elapsed 17.2s]
    [77,312/94,762  elapsed 18.4s]
    [82,432/94,762  elapsed 19.6s]
    [87,552/94,762  elapsed 20.8s]
    [92,672/94,762  elapsed 21.9s]
  eval done in 22.4s
  by-popularity NDCG@10: tail=0.0054(n=8,646)  mid=0.0205(n=12,134)  head=0.0926(n=73,982)
  evaluating 94,762 users in batches of 512...
    [512/94,762  elapsed 0.1s]
    [5,632/94,762  elapsed 1.3s]
    [10,752/94,762  elapsed 2.5s]
    [15,872/94,762  elapsed 3.7s]
    [20,992/94,762  elapsed 4.9s]
    [26,112/94,762  elapsed 6.1s]
    [31,232/94,762  elapsed 7.3s]
    [36,352/94,762  elapsed 8.4s]
    [41,472/94,762  elapsed 9.7s]
    [46,592/94,762  elapsed 10.8s]
    [51,712/94,762  elapsed 12.0s]
    [56,832/94,762  elapsed 13.3s]
    [61,952/94,762  elapsed 14.5s]
    [67,072/94,762  elapsed 15.7s]
    [72,192/94,762  elapsed 16.9s]
    [77,312/94,762  elapsed 18.1s]
    [82,432/94,762  elapsed 19.3s]
    [87,552/94,762  elapsed 20.4s]
    [92,672/94,762  elapsed 21.6s]
  eval done in 22.1s
  by-popularity NDCG@10: tail=0.0039(n=10,900)  mid=0.0152(n=13,128)  head=0.0855(n=70,734)
  epoch  20  loss=7.9762  val_NDCG=0.0754  test_NDCG=0.0663  test_HR=0.1176  (10.2s)
  epoch  21  loss=7.9668  (11.6s)
  epoch  22  loss=7.9524  (10.3s)
  epoch  23  loss=7.9439  (11.1s)
  epoch  24  loss=7.9362  (10.0s)
  epoch  25  loss=7.9251  (10.1s)
  epoch  26  loss=7.9166  (10.0s)
  epoch  27  loss=7.9097  (10.9s)
  epoch  28  loss=7.9013  (11.0s)
  epoch  29  loss=7.8941  (9.9s)
  evaluating 94,762 users in batches of 512...
    [512/94,762  elapsed 0.1s]
    [5,632/94,762  elapsed 1.3s]
    [10,752/94,762  elapsed 2.5s]
    [15,872/94,762  elapsed 3.6s]
    [20,992/94,762  elapsed 4.8s]
    [26,112/94,762  elapsed 6.0s]
    [31,232/94,762  elapsed 7.3s]
    [36,352/94,762  elapsed 8.6s]
    [41,472/94,762  elapsed 9.8s]
    [46,592/94,762  elapsed 11.0s]
    [51,712/94,762  elapsed 12.1s]
    [56,832/94,762  elapsed 13.3s]
    [61,952/94,762  elapsed 14.5s]
    [67,072/94,762  elapsed 15.7s]
    [72,192/94,762  elapsed 16.8s]
    [77,312/94,762  elapsed 18.1s]
    [82,432/94,762  elapsed 19.5s]
    [87,552/94,762  elapsed 20.6s]
    [92,672/94,762  elapsed 21.8s]
  eval done in 22.2s
  by-popularity NDCG@10: tail=0.0066(n=8,646)  mid=0.0220(n=12,134)  head=0.0935(n=73,982)
  evaluating 94,762 users in batches of 512...
    [512/94,762  elapsed 0.1s]
    [5,632/94,762  elapsed 1.3s]
    [10,752/94,762  elapsed 2.5s]
    [15,872/94,762  elapsed 3.8s]
    [20,992/94,762  elapsed 5.0s]
    [26,112/94,762  elapsed 6.2s]
    [31,232/94,762  elapsed 7.6s]
    [36,352/94,762  elapsed 8.9s]
    [41,472/94,762  elapsed 10.1s]
    [46,592/94,762  elapsed 11.2s]
    [51,712/94,762  elapsed 12.2s]
    [56,832/94,762  elapsed 13.3s]
    [61,952/94,762  elapsed 14.4s]
    [67,072/94,762  elapsed 15.4s]
    [72,192/94,762  elapsed 16.4s]
    [77,312/94,762  elapsed 17.5s]
    [82,432/94,762  elapsed 18.5s]
    [87,552/94,762  elapsed 19.5s]
    [92,672/94,762  elapsed 20.5s]
  eval done in 20.9s
  by-popularity NDCG@10: tail=0.0047(n=10,900)  mid=0.0158(n=13,128)  head=0.0861(n=70,734)
  epoch  30  loss=7.8855  val_NDCG=0.0764  test_NDCG=0.0670  test_HR=0.1189  (9.9s)
  epoch  31  loss=7.8819  (10.8s)
  epoch  32  loss=7.8741  (9.6s)
  epoch  33  loss=7.8703  (9.6s)
  epoch  34  loss=7.8666  (9.6s)
  epoch  35  loss=7.8610  (9.5s)
  epoch  36  loss=7.8587  (9.7s)
  epoch  37  loss=7.8548  (9.8s)
  epoch  38  loss=7.8541  (9.7s)
  epoch  39  loss=7.8512  (9.7s)
  evaluating 94,762 users in batches of 512...
    [512/94,762  elapsed 0.1s]
    [5,632/94,762  elapsed 1.2s]
    [10,752/94,762  elapsed 2.2s]
    [15,872/94,762  elapsed 3.2s]
    [20,992/94,762  elapsed 4.3s]
    [26,112/94,762  elapsed 5.4s]
    [31,232/94,762  elapsed 6.5s]
    [36,352/94,762  elapsed 7.5s]
    [41,472/94,762  elapsed 8.6s]
    [46,592/94,762  elapsed 9.6s]
    [51,712/94,762  elapsed 10.7s]
    [56,832/94,762  elapsed 12.0s]
    [61,952/94,762  elapsed 13.4s]
    [67,072/94,762  elapsed 14.8s]
    [72,192/94,762  elapsed 16.1s]
    [77,312/94,762  elapsed 17.5s]
    [82,432/94,762  elapsed 18.6s]
    [87,552/94,762  elapsed 19.8s]
    [92,672/94,762  elapsed 20.8s]
  eval done in 21.3s
  by-popularity NDCG@10: tail=0.0066(n=8,646)  mid=0.0219(n=12,134)  head=0.0936(n=73,982)
  evaluating 94,762 users in batches of 512...
    [512/94,762  elapsed 0.1s]
    [5,632/94,762  elapsed 1.2s]
    [10,752/94,762  elapsed 2.3s]
    [15,872/94,762  elapsed 3.4s]
    [20,992/94,762  elapsed 4.5s]
    [26,112/94,762  elapsed 5.5s]
    [31,232/94,762  elapsed 6.6s]
    [36,352/94,762  elapsed 7.7s]
    [41,472/94,762  elapsed 8.8s]
    [46,592/94,762  elapsed 9.8s]
    [51,712/94,762  elapsed 11.0s]
    [56,832/94,762  elapsed 12.0s]
    [61,952/94,762  elapsed 13.1s]
    [67,072/94,762  elapsed 14.1s]
    [72,192/94,762  elapsed 15.1s]
    [77,312/94,762  elapsed 16.1s]
    [82,432/94,762  elapsed 17.3s]
    [87,552/94,762  elapsed 18.4s]
    [92,672/94,762  elapsed 19.5s]
  eval done in 20.0s
  by-popularity NDCG@10: tail=0.0047(n=10,900)  mid=0.0161(n=13,128)  head=0.0862(n=70,734)
  epoch  40  loss=7.8508  val_NDCG=0.0765  test_NDCG=0.0671  test_HR=0.1188  (9.7s)

=== Best by val NDCG@10 ===
  val_NDCG=0.0765
  test: {'NDCG@10': 0.06713193157266058, 'HR@10': 0.11884510668833499, 'MRR': 0.059953102765627216, 'n_eval': 94762, 'by_popularity': {'tail': {'NDCG@10': 0.004743339436184724, 'HR@10': 0.009357798165137614, 'n': 10900, 'n_hit@10': 102, 'HR@20': 0.016788990825688074, 'n_hit@20': 183, 'HR@50': 0.034770642201834866, 'n_hit@50': 379, 'HR@100': 0.0581651376146789, 'n_hit@100': 634}, 'mid': {'NDCG@10': 0.01614833873384169, 'HR@10': 0.030393053016453384, 'n': 13128, 'n_hit@10': 399, 'HR@20': 0.04951249238269348, 'n_hit@20': 650, 'HR@50': 0.09064594759293114, 'n_hit@50': 1190, 'HR@100': 0.13932053625837904, 'n_hit@100': 1829}, 'head': {'NDCG@10': 0.08620830589159632, 'HR@10': 0.15213334464331157, 'n': 70734, 'n_hit@10': 10761, 'HR@20': 0.2142534000622049, 'n_hit@20': 15155, 'HR@50': 0.31766901348714904, 'n_hit@50': 22470, 'HR@100': 0.41024118528571835, 'n_hit@100': 29018}}}
wrote C:\Users\rayxc\Documents\R\_bestrec_run\results_VG_HYBRIDV1_base_seed20260725.users.jsonl.gz (94,762 per-user records, best epoch 40, sha256 b70ba32ff5da…)

wrote C:\Users\rayxc\Documents\R\_bestrec_run\results_VG_HYBRIDV1_base_seed20260725.json
[run] results_VG_HYBRIDV1_base_seed20260725.fusion.json
=== fusion eval: Video_Games  ckpt=results_VG_HYBRIDV1_base_seed20260725.best.pt ===
  n_users=94,762 n_items=25,612
  ckpt from epoch 40 (val NDCG@10 0.07650)

--- EASE l2=50.0: fit + VAL sweep ---
  EASE l2=50.0: inverted 25612x25612 in 68.3s
    [512/94,762 elapsed 0.3s]
    [10,752/94,762 elapsed 3.3s]
    [20,992/94,762 elapsed 6.3s]
    [31,232/94,762 elapsed 9.3s]
    [41,472/94,762 elapsed 12.3s]
    [51,712/94,762 elapsed 15.3s]
    [61,952/94,762 elapsed 18.3s]
    [72,192/94,762 elapsed 21.3s]
    [82,432/94,762 elapsed 24.2s]
    [92,672/94,762 elapsed 27.3s]
  VAL seq NDCG@10=0.07650  ease=0.05496
    w=0.01: val fused NDCG@10=0.07827
    w=0.02: val fused NDCG@10=0.07928
    w=0.03: val fused NDCG@10=0.07957
    w=0.04: val fused NDCG@10=0.07945
    w=0.05: val fused NDCG@10=0.07890
    w=0.06: val fused NDCG@10=0.07832
    w=0.075: val fused NDCG@10=0.07731
    w=0.1: val fused NDCG@10=0.07519

--- EASE l2=100.0: fit + VAL sweep ---
  EASE l2=100.0: inverted 25612x25612 in 67.1s
    [512/94,762 elapsed 0.2s]
    [10,752/94,762 elapsed 3.0s]
    [20,992/94,762 elapsed 5.8s]
    [31,232/94,762 elapsed 8.6s]
    [41,472/94,762 elapsed 11.4s]
    [51,712/94,762 elapsed 14.2s]
    [61,952/94,762 elapsed 17.2s]
    [72,192/94,762 elapsed 20.1s]
    [82,432/94,762 elapsed 22.9s]
    [92,672/94,762 elapsed 25.8s]
  VAL seq NDCG@10=0.07650  ease=0.05493
    w=0.01: val fused NDCG@10=0.07830
    w=0.02: val fused NDCG@10=0.07908
    w=0.03: val fused NDCG@10=0.07942
    w=0.04: val fused NDCG@10=0.07919
    w=0.05: val fused NDCG@10=0.07860
    w=0.06: val fused NDCG@10=0.07797
    w=0.075: val fused NDCG@10=0.07685
    w=0.1: val fused NDCG@10=0.07481

--- EASE l2=200.0: fit + VAL sweep ---
  EASE l2=200.0: inverted 25612x25612 in 67.8s
    [512/94,762 elapsed 0.2s]
    [10,752/94,762 elapsed 3.0s]
    [20,992/94,762 elapsed 6.0s]
    [31,232/94,762 elapsed 9.0s]
    [41,472/94,762 elapsed 12.0s]
    [51,712/94,762 elapsed 14.9s]
    [61,952/94,762 elapsed 18.1s]
    [72,192/94,762 elapsed 21.2s]
    [82,432/94,762 elapsed 24.2s]
    [92,672/94,762 elapsed 27.1s]
  VAL seq NDCG@10=0.07650  ease=0.05414
    w=0.01: val fused NDCG@10=0.07824
    w=0.02: val fused NDCG@10=0.07890
    w=0.03: val fused NDCG@10=0.07895
    w=0.04: val fused NDCG@10=0.07874
    w=0.05: val fused NDCG@10=0.07818
    w=0.06: val fused NDCG@10=0.07751
    w=0.075: val fused NDCG@10=0.07610
    w=0.1: val fused NDCG@10=0.07380

--- EASE l2=500.0: fit + VAL sweep ---
  EASE l2=500.0: inverted 25612x25612 in 67.9s
    [512/94,762 elapsed 0.2s]
    [10,752/94,762 elapsed 3.3s]
    [20,992/94,762 elapsed 6.3s]
    [31,232/94,762 elapsed 9.3s]
    [41,472/94,762 elapsed 12.2s]
    [51,712/94,762 elapsed 15.1s]
    [61,952/94,762 elapsed 18.0s]
    [72,192/94,762 elapsed 20.9s]
    [82,432/94,762 elapsed 23.8s]
    [92,672/94,762 elapsed 26.6s]
  VAL seq NDCG@10=0.07650  ease=0.05247
    w=0.01: val fused NDCG@10=0.07799
    w=0.02: val fused NDCG@10=0.07837
    w=0.03: val fused NDCG@10=0.07851
    w=0.04: val fused NDCG@10=0.07796
    w=0.05: val fused NDCG@10=0.07728
    w=0.06: val fused NDCG@10=0.07637
    w=0.075: val fused NDCG@10=0.07484
    w=0.1: val fused NDCG@10=0.07242

=== selected on VAL: l2=50.0, w=0.03 (val fused NDCG@10=0.07957) ===
  EASE l2=50.0: inverted 25612x25612 in 66.3s
    [512/94,762 elapsed 0.1s]
    [10,752/94,762 elapsed 2.8s]
    [20,992/94,762 elapsed 5.5s]
    [31,232/94,762 elapsed 8.2s]
    [41,472/94,762 elapsed 10.7s]
    [51,712/94,762 elapsed 13.4s]
    [61,952/94,762 elapsed 16.1s]
    [72,192/94,762 elapsed 18.6s]
    [82,432/94,762 elapsed 21.2s]
    [92,672/94,762 elapsed 23.9s]

TEST seq-only  NDCG@10=0.06713 HR@10=0.11885 MRR=0.05995
TEST ease-only NDCG@10=0.04774 HR@10=0.08379
TEST FUSED (w=0.03) NDCG@10=0.07008 HR@10=0.12284 MRR=0.06259
wrote C:\Users\rayxc\Documents\R\_bestrec_run\results_VG_HYBRIDV1_base_seed20260725.fusion.json
ensemble EASE l2 = modal([100.0, 200.0, 100.0, 200.0, 50.0]) = 100.0
[run] ensemble5
=== ensemble fusion: Musical_Instruments, 5 seq models, EASE l2=100.0 ===
  results_MI_HYBRIDV1_base_seed20260721: ckpt epoch 15 (val 0.04606) scored in 18s
  results_MI_HYBRIDV1_base_seed20260722: ckpt epoch 14 (val 0.04611) scored in 14s
  results_MI_HYBRIDV1_base_seed20260723: ckpt epoch 14 (val 0.04647) scored in 14s
  results_MI_HYBRIDV1_base_seed20260724: ckpt epoch 14 (val 0.04636) scored in 14s
  results_MI_HYBRIDV1_base_seed20260725: ckpt epoch 12 (val 0.04578) scored in 14s
  EASE l2=100.0: inverted 24587x24587 in 65.5s
  w=0.01: VAL ensemble-fused NDCG@10=0.04954
  w=0.02: VAL ensemble-fused NDCG@10=0.04981
  w=0.03: VAL ensemble-fused NDCG@10=0.04990
  w=0.04: VAL ensemble-fused NDCG@10=0.04961
  w=0.05: VAL ensemble-fused NDCG@10=0.04912
  w=0.06: VAL ensemble-fused NDCG@10=0.04854
  w=0.075: VAL ensemble-fused NDCG@10=0.04801
  w=0.1: VAL ensemble-fused NDCG@10=0.04701
=== selected on VAL: w=0.03 (val NDCG@10=0.04990) ===
TEST ensemble seq-only NDCG@10=0.04385 HR@10=0.07859
TEST ensemble+EASE (w=0.03) NDCG@10=0.04557 HR@10=0.08129 MRR=0.04119
wrote C:\Users\rayxc\Documents\R\_bestrec_run\results_MI_HYBRIDV1_ensemble5.json
E-F DRIVER DONE: 31 ran, 0 skipped, 0 failed, 264.1 min
