  random seed set to 20260741
=== Musical_Instruments: load splits ===
  n_users=57,439  n_items=24,587  pad_id=24587
  built sequences for 57,439 users
  built timestamp sequences (12 time buckets)
  loading SBERT embeddings from C:\Users\rayxc\Documents\R\cache_5core\sbert_titles_Musical_Instruments.npy...
  TAPE: k-means 24,587 text embeddings into K=512 prototypes (tau=0.05)...
  TAPE: K=512 mean max-assignment weight = 0.530 (1.0 = hard clustering)

=== Build SASRec-SBERT (d=64, layers=4, heads=2) ===
  total params: 11,186,047  device=cuda
  57,439 training examples / 225 batches per epoch
  init_state_sha256 = 2058a9839a17a4629225f7009b763f518af166fc010d537f15abf6dbea60e022
  LR schedule: warmup_cosine (225 warmup + 4275 cosine steps)

=== Train for 20 epochs ===
  evaluating 57,439 users in batches of 512...
    [512/57,439  elapsed 0.4s]
    [5,632/57,439  elapsed 4.7s]
    [10,752/57,439  elapsed 9.1s]
    [15,872/57,439  elapsed 13.5s]
    [20,992/57,439  elapsed 18.0s]
    [26,112/57,439  elapsed 22.4s]
    [31,232/57,439  elapsed 26.7s]
    [36,352/57,439  elapsed 30.8s]
    [41,472/57,439  elapsed 34.7s]
    [46,592/57,439  elapsed 38.7s]
    [51,712/57,439  elapsed 42.7s]
    [56,832/57,439  elapsed 47.1s]
  eval done in 47.6s
  by-popularity NDCG@10: tail=0.0001(n=7,762)  mid=0.0003(n=8,169)  head=0.0367(n=41,508)
  epoch   1  loss=9.6284  val_NDCG=0.0266  [test sequestered]  (9.7s)
  evaluating 57,439 users in batches of 512...
    [512/57,439  elapsed 0.5s]
    [5,632/57,439  elapsed 4.9s]
    [10,752/57,439  elapsed 9.3s]
    [15,872/57,439  elapsed 13.7s]
    [20,992/57,439  elapsed 18.1s]
    [26,112/57,439  elapsed 21.9s]
    [31,232/57,439  elapsed 25.9s]
    [36,352/57,439  elapsed 30.1s]
    [41,472/57,439  elapsed 34.5s]
    [46,592/57,439  elapsed 38.4s]
    [51,712/57,439  elapsed 42.8s]
    [56,832/57,439  elapsed 47.1s]
  eval done in 47.4s
  by-popularity NDCG@10: tail=0.0000(n=7,762)  mid=0.0004(n=8,169)  head=0.0454(n=41,508)
  epoch   2  loss=9.0995  val_NDCG=0.0329  [test sequestered]  (10.5s)
  evaluating 57,439 users in batches of 512...
    [512/57,439  elapsed 0.2s]
    [5,632/57,439  elapsed 2.9s]
    [10,752/57,439  elapsed 5.6s]
    [15,872/57,439  elapsed 8.1s]
    [20,992/57,439  elapsed 10.8s]
    [26,112/57,439  elapsed 13.3s]
    [31,232/57,439  elapsed 16.3s]
    [36,352/57,439  elapsed 18.8s]
    [41,472/57,439  elapsed 21.2s]
    [46,592/57,439  elapsed 23.5s]
    [51,712/57,439  elapsed 26.0s]
    [56,832/57,439  elapsed 28.3s]
  eval done in 28.6s
  by-popularity NDCG@10: tail=0.0000(n=7,762)  mid=0.0007(n=8,169)  head=0.0521(n=41,508)
  epoch   3  loss=8.9396  val_NDCG=0.0378  [test sequestered]  (6.4s)
  evaluating 57,439 users in batches of 512...
    [512/57,439  elapsed 0.3s]
    [5,632/57,439  elapsed 2.7s]
    [10,752/57,439  elapsed 5.3s]
    [15,872/57,439  elapsed 7.8s]
    [20,992/57,439  elapsed 10.1s]
    [26,112/57,439  elapsed 12.2s]
    [31,232/57,439  elapsed 16.8s]
    [36,352/57,439  elapsed 21.2s]
    [41,472/57,439  elapsed 25.7s]
    [46,592/57,439  elapsed 30.2s]
    [51,712/57,439  elapsed 34.1s]
    [56,832/57,439  elapsed 37.9s]
  eval done in 38.5s
  by-popularity NDCG@10: tail=0.0001(n=7,762)  mid=0.0015(n=8,169)  head=0.0560(n=41,508)
  epoch   4  loss=8.8305  val_NDCG=0.0407  [test sequestered]  (6.4s)
  evaluating 57,439 users in batches of 512...
    [512/57,439  elapsed 0.5s]
    [5,632/57,439  elapsed 4.6s]
    [10,752/57,439  elapsed 9.0s]
    [15,872/57,439  elapsed 13.2s]
    [20,992/57,439  elapsed 17.5s]
    [26,112/57,439  elapsed 21.7s]
    [31,232/57,439  elapsed 26.0s]
    [36,352/57,439  elapsed 30.2s]
    [41,472/57,439  elapsed 34.0s]
    [46,592/57,439  elapsed 38.1s]
    [51,712/57,439  elapsed 42.4s]
    [56,832/57,439  elapsed 46.7s]
  eval done in 47.2s
  by-popularity NDCG@10: tail=0.0002(n=7,762)  mid=0.0025(n=8,169)  head=0.0584(n=41,508)
  epoch   5  loss=8.7495  val_NDCG=0.0426  [test sequestered]  (10.1s)
  evaluating 57,439 users in batches of 512...
    [512/57,439  elapsed 0.4s]
    [5,632/57,439  elapsed 5.0s]
    [10,752/57,439  elapsed 9.1s]
    [15,872/57,439  elapsed 13.5s]
    [20,992/57,439  elapsed 17.9s]
    [26,112/57,439  elapsed 21.2s]
    [31,232/57,439  elapsed 23.9s]
    [36,352/57,439  elapsed 26.5s]
    [41,472/57,439  elapsed 29.2s]
    [46,592/57,439  elapsed 31.8s]
    [51,712/57,439  elapsed 34.5s]
    [56,832/57,439  elapsed 37.3s]
  eval done in 37.6s
  by-popularity NDCG@10: tail=0.0005(n=7,762)  mid=0.0028(n=8,169)  head=0.0597(n=41,508)
  epoch   6  loss=8.6818  val_NDCG=0.0436  [test sequestered]  (9.9s)
  evaluating 57,439 users in batches of 512...
    [512/57,439  elapsed 0.2s]
    [5,632/57,439  elapsed 2.7s]
    [10,752/57,439  elapsed 5.5s]
    [15,872/57,439  elapsed 8.1s]
    [20,992/57,439  elapsed 11.2s]
    [26,112/57,439  elapsed 13.8s]
    [31,232/57,439  elapsed 16.6s]
    [36,352/57,439  elapsed 19.2s]
    [41,472/57,439  elapsed 21.8s]
    [46,592/57,439  elapsed 24.5s]
    [51,712/57,439  elapsed 27.0s]
    [56,832/57,439  elapsed 30.3s]
  eval done in 30.9s
  by-popularity NDCG@10: tail=0.0006(n=7,762)  mid=0.0040(n=8,169)  head=0.0614(n=41,508)
  epoch   7  loss=8.6212  val_NDCG=0.0450  [test sequestered]  (6.4s)
  evaluating 57,439 users in batches of 512...
    [512/57,439  elapsed 0.5s]
    [5,632/57,439  elapsed 4.9s]
    [10,752/57,439  elapsed 9.4s]
    [15,872/57,439  elapsed 13.9s]
    [20,992/57,439  elapsed 18.4s]
    [26,112/57,439  elapsed 22.9s]
    [31,232/57,439  elapsed 27.4s]
    [36,352/57,439  elapsed 31.9s]
    [41,472/57,439  elapsed 36.4s]
    [46,592/57,439  elapsed 40.9s]
    [51,712/57,439  elapsed 45.1s]
    [56,832/57,439  elapsed 49.3s]
  eval done in 49.9s
  by-popularity NDCG@10: tail=0.0008(n=7,762)  mid=0.0045(n=8,169)  head=0.0618(n=41,508)
  epoch   8  loss=8.5695  val_NDCG=0.0454  [test sequestered]  (10.6s)
  evaluating 57,439 users in batches of 512...
    [512/57,439  elapsed 0.5s]
    [5,632/57,439  elapsed 4.9s]
    [10,752/57,439  elapsed 9.5s]
    [15,872/57,439  elapsed 14.0s]
    [20,992/57,439  elapsed 18.3s]
    [26,112/57,439  elapsed 22.8s]
    [31,232/57,439  elapsed 27.2s]
    [36,352/57,439  elapsed 31.6s]
    [41,472/57,439  elapsed 36.1s]
    [46,592/57,439  elapsed 39.7s]
    [51,712/57,439  elapsed 42.3s]
    [56,832/57,439  elapsed 45.0s]
  eval done in 45.3s
  by-popularity NDCG@10: tail=0.0013(n=7,762)  mid=0.0050(n=8,169)  head=0.0615(n=41,508)
  epoch   9  loss=8.5211  val_NDCG=0.0453  [test sequestered]  (10.4s)
  evaluating 57,439 users in batches of 512...
    [512/57,439  elapsed 0.2s]
    [5,632/57,439  elapsed 2.7s]
    [10,752/57,439  elapsed 5.3s]
    [15,872/57,439  elapsed 7.8s]
    [20,992/57,439  elapsed 10.7s]
    [26,112/57,439  elapsed 13.7s]
    [31,232/57,439  elapsed 16.8s]
    [36,352/57,439  elapsed 19.7s]
    [41,472/57,439  elapsed 22.5s]
    [46,592/57,439  elapsed 25.2s]
    [51,712/57,439  elapsed 27.8s]
    [56,832/57,439  elapsed 30.3s]
  eval done in 30.6s
  by-popularity NDCG@10: tail=0.0014(n=7,762)  mid=0.0060(n=8,169)  head=0.0618(n=41,508)
  epoch  10  loss=8.4763  val_NDCG=0.0457  [test sequestered]  (6.3s)
  evaluating 57,439 users in batches of 512...
    [512/57,439  elapsed 0.3s]
    [5,632/57,439  elapsed 2.9s]
    [10,752/57,439  elapsed 5.3s]
    [15,872/57,439  elapsed 9.9s]
    [20,992/57,439  elapsed 14.4s]
    [26,112/57,439  elapsed 18.4s]
    [31,232/57,439  elapsed 22.8s]
    [36,352/57,439  elapsed 27.2s]
    [41,472/57,439  elapsed 31.7s]
    [46,592/57,439  elapsed 36.0s]
    [51,712/57,439  elapsed 40.5s]
    [56,832/57,439  elapsed 45.0s]
  eval done in 45.5s
  by-popularity NDCG@10: tail=0.0018(n=7,762)  mid=0.0063(n=8,169)  head=0.0618(n=41,508)
  epoch  11  loss=8.4380  val_NDCG=0.0458  [test sequestered]  (6.4s)
  evaluating 57,439 users in batches of 512...
    [512/57,439  elapsed 0.5s]
    [5,632/57,439  elapsed 5.0s]
    [10,752/57,439  elapsed 9.4s]
    [15,872/57,439  elapsed 13.8s]  random seed set to 20260741
=== Video_Games: load splits ===
  n_users=94,762  n_items=25,612  pad_id=25612
  built sequences for 94,762 users
  built timestamp sequences (12 time buckets)
  loading SBERT embeddings from C:\Users\rayxc\Documents\R\cache_5core\sbert_titles_Video_Games.npy...
  TAPE: k-means 25,612 text embeddings into K=512 prototypes (tau=0.05)...
  TAPE: K=512 mean max-assignment weight = 0.502 (1.0 = hard clustering)

=== Build SASRec-SBERT (d=64, layers=4, heads=2) ===
  total params: 11,644,735  device=cuda
  94,762 training examples / 371 batches per epoch
  init_state_sha256 = db9c41a8147d9daabb76e91dd91bb2023cbe6bd22d3b4c73a15be3da29da249e
  LR schedule: warmup_cosine (742 warmup + 14098 cosine steps)

=== Train for 40 epochs ===
  epoch   1  loss=9.5369  (13.9s)
  epoch   2  loss=8.7703  (10.6s)
  epoch   3  loss=8.5273  (10.6s)
  epoch   4  loss=8.3998  (11.0s)
  epoch   5  loss=8.3215  (10.7s)
  epoch   6  loss=8.2661  (14.6s)
  epoch   7  loss=8.2230  (10.6s)
  epoch   8  loss=8.1866  (10.9s)
  epoch   9  loss=8.1568  (10.7s)
  evaluating 94,762 users in batches of 512...
    [512/94,762  elapsed 0.3s]
    [5,632/94,762  elapsed 4.1s]
    [10,752/94,762  elapsed 7.9s]
    [15,872/94,762  elapsed 10.7s]
    [20,992/94,762  elapsed 13.5s]
    [26,112/94,762  elapsed 16.4s]
    [31,232/94,762  elapsed 18.9s]
    [36,352/94,762  elapsed 21.8s]
    [41,472/94,762  elapsed 24.7s]
    [46,592/94,762  elapsed 27.2s]
    [51,712/94,762  elapsed 29.4s]
    [56,832/94,762  elapsed 31.8s]
    [61,952/94,762  elapsed 34.6s]
    [67,072/94,762  elapsed 37.7s]
    [72,192/94,762  elapsed 42.3s]
    [77,312/94,762  elapsed 44.9s]
    [82,432/94,762  elapsed 47.6s]
    [87,552/94,762  elapsed 50.2s]
    [92,672/94,762  elapsed 52.8s]
  eval done in 53.6s
  by-popularity NDCG@10: tail=0.0029(n=8,646)  mid=0.0158(n=12,134)  head=0.0900(n=73,982)
  epoch  10  loss=8.1323  val_NDCG=0.0726  [test sequestered]  (10.7s)
  epoch  11  loss=8.1085  (10.6s)
  epoch  12  loss=8.0907  (10.7s)
  epoch  13  loss=8.0718  (13.8s)
  epoch  14  loss=8.0545  (11.3s)
  epoch  15  loss=8.0400  (10.7s)
  epoch  16  loss=8.0249  (10.8s)
  epoch  17  loss=8.0102  (10.8s)
  epoch  18  loss=7.9994  (13.3s)
  epoch  19  loss=7.9872  (11.5s)
  evaluating 94,762 users in batches of 512...
    [512/94,762  elapsed 0.3s]
    [5,632/94,762  elapsed 2.9s]
    [10,752/94,762  elapsed 5.6s]
    [15,872/94,762  elapsed 8.3s]
    [20,992/94,762  elapsed 10.8s]
    [26,112/94,762  elapsed 13.5s]
    [31,232/94,762  elapsed 16.2s]
    [36,352/94,762  elapsed 18.9s]
    [41,472/94,762  elapsed 23.5s]
    [46,592/94,762  elapsed 26.6s]
    [51,712/94,762  elapsed 29.3s]
    [56,832/94,762  elapsed 31.9s]
    [61,952/94,762  elapsed 34.9s]
    [67,072/94,762  elapsed 37.7s]
    [72,192/94,762  elapsed 40.4s]
    [77,312/94,762  elapsed 43.1s]
    [82,432/94,762  elapsed 45.6s]
    [87,552/94,762  elapsed 48.3s]
    [92,672/94,762  elapsed 50.9s]
  eval done in 51.9s
  by-popularity NDCG@10: tail=0.0050(n=8,646)  mid=0.0207(n=12,134)  head=0.0928(n=73,982)
  epoch  20  loss=7.9756  val_NDCG=0.0756  [test sequestered]  (10.5s)
  epoch  21  loss=7.9647  (14.7s)
  epoch  22  loss=7.9534  (10.5s)
  epoch  23  loss=7.9437  (10.5s)
  epoch  24  loss=7.9355  (10.5s)
  epoch  25  loss=7.9261  (10.5s)
  epoch  26  loss=7.9169  (12.4s)
  epoch  27  loss=7.9080  (12.7s)
  epoch  28  loss=7.8997  (10.5s)
  epoch  29  loss=7.8928  (10.5s)
  evaluating 94,762 users in batches of 512...
    [512/94,762  elapsed 0.2s]
    [5,632/94,762  elapsed 2.8s]
    [10,752/94,762  elapsed 5.5s]
    [15,872/94,762  elapsed 8.7s]
    [20,992/94,762  elapsed 13.3s]
    [26,112/94,762  elapsed 15.8s]
    [31,232/94,762  elapsed 18.4s]
    [36,352/94,762  elapsed 21.0s]
    [41,472/94,762  elapsed 23.8s]
    [46,592/94,762  elapsed 26.9s]
    [51,712/94,762  elapsed 29.9s]
    [56,832/94,762  elapsed 32.8s]
    [61,952/94,762  elapsed 35.7s]
    [67,072/94,762  elapsed 38.3s]
    [72,192/94,762  elapsed 40.9s]
    [77,312/94,762  elapsed 43.4s]
    [82,432/94,762  elapsed 47.0s]
    [87,552/94,762  elapsed 51.1s]
    [92,672/94,762  elapsed 53.7s]
  eval done in 54.8s
  by-popularity NDCG@10: tail=0.0059(n=8,646)  mid=0.0222(n=12,134)  head=0.0939(n=73,982)
  epoch  30  loss=7.8861  val_NDCG=0.0767  [test sequestered]  (10.5s)
  epoch  31  loss=7.8797  (10.5s)
  epoch  32  loss=7.8756  (10.6s)
  epoch  33  loss=7.8702  (10.5s)
  epoch  34  loss=7.8635  (11.0s)
  epoch  35  loss=7.8617  (13.4s)
  epoch  36  loss=7.8582  (10.5s)
  epoch  37  loss=7.8555  (10.5s)
  epoch  38  loss=7.8546  (10.6s)
  epoch  39  loss=7.8512  (10.5s)
  evaluating 94,762 users in batches of 512...
    [512/94,762  elapsed 0.3s]
    [5,632/94,762  elapsed 2.8s]
    [10,752/94,762  elapsed 5.6s]
    [15,872/94,762  elapsed 8.6s]
    [20,992/94,762  elapsed 11.6s]
    [26,112/94,762  elapsed 14.0s]
    [31,232/94,762  elapsed 16.7s]
    [36,352/94,762  elapsed 19.4s]
    [41,472/94,762  elapsed 22.2s]
    [46,592/94,762  elapsed 24.9s]
    [51,712/94,762  elapsed 27.5s]
    [56,832/94,762  elapsed 30.4s]
    [61,952/94,762  elapsed 35.0s]
    [67,072/94,762  elapsed 37.8s]
    [72,192/94,762  elapsed 40.6s]
    [77,312/94,762  elapsed 43.3s]
    [82,432/94,762  elapsed 45.8s]
    [87,552/94,762  elapsed 48.4s]
    [92,672/94,762  elapsed 51.1s]
  eval done in 52.3s
  by-popularity NDCG@10: tail=0.0060(n=8,646)  mid=0.0222(n=12,134)  head=0.0936(n=73,982)
  epoch  40  loss=7.8527  val_NDCG=0.0765  [test sequestered]  (14.0s)

=== Best by val NDCG@10 ===
  val_NDCG=0.0767
  best_ckpt_sha256 = b1f09285da9f62289c39482ee88de0d05b7261b7ceea753bbab7cc7b58b2767b

wrote C:\Users\rayxc\Documents\R\_bestrec_run\results_VG_COLDFUSE2_base_seed20260741.json

    [20,992/57,439  elapsed 18.4s]
    [26,112/57,439  elapsed 22.8s]
    [31,232/57,439  elapsed 27.2s]
    [36,352/57,439  elapsed 31.8s]
    [41,472/57,439  elapsed 35.8s]
    [46,592/57,439  elapsed 40.1s]
    [51,712/57,439  elapsed 44.7s]
    [56,832/57,439  elapsed 49.2s]
  eval done in 49.8s
  by-popularity NDCG@10: tail=0.0019(n=7,762)  mid=0.0070(n=8,169)  head=0.0619(n=41,508)
  epoch  12  loss=8.4011  val_NDCG=0.0460  [test sequestered]  (9.9s)
  evaluating 57,439 users in batches of 512...
    [512/57,439  elapsed 0.4s]
    [5,632/57,439  elapsed 3.2s]
    [10,752/57,439  elapsed 5.9s]
    [15,872/57,439  elapsed 8.7s]
    [20,992/57,439  elapsed 11.8s]
    [26,112/57,439  elapsed 14.2s]
    [31,232/57,439  elapsed 16.8s]
    [36,352/57,439  elapsed 19.4s]
    [41,472/57,439  elapsed 22.1s]
    [46,592/57,439  elapsed 24.9s]
    [51,712/57,439  elapsed 27.6s]
    [56,832/57,439  elapsed 30.2s]
  eval done in 30.5s
  by-popularity NDCG@10: tail=0.0020(n=7,762)  mid=0.0072(n=8,169)  head=0.0616(n=41,508)
  epoch  13  loss=8.3700  val_NDCG=0.0458  [test sequestered]  (9.9s)
  evaluating 57,439 users in batches of 512...
    [512/57,439  elapsed 0.3s]
    [5,632/57,439  elapsed 2.7s]
    [10,752/57,439  elapsed 5.6s]
    [15,872/57,439  elapsed 8.0s]
    [20,992/57,439  elapsed 10.4s]
    [26,112/57,439  elapsed 13.1s]
    [31,232/57,439  elapsed 15.8s]
    [36,352/57,439  elapsed 17.4s]
    [41,472/57,439  elapsed 18.4s]
    [46,592/57,439  elapsed 19.5s]
    [51,712/57,439  elapsed 20.6s]
    [56,832/57,439  elapsed 21.7s]
  eval done in 21.9s
  by-popularity NDCG@10: tail=0.0021(n=7,762)  mid=0.0074(n=8,169)  head=0.0620(n=41,508)
  epoch  14  loss=8.3438  val_NDCG=0.0462  [test sequestered]  (6.4s)
  evaluating 57,439 users in batches of 512...
    [512/57,439  elapsed 0.2s]
    [5,632/57,439  elapsed 1.9s]
    [10,752/57,439  elapsed 3.8s]
    [15,872/57,439  elapsed 5.5s]
    [20,992/57,439  elapsed 7.2s]
    [26,112/57,439  elapsed 8.9s]
    [31,232/57,439  elapsed 10.6s]
    [36,352/57,439  elapsed 12.4s]
    [41,472/57,439  elapsed 14.2s]
    [46,592/57,439  elapsed 16.3s]
    [51,712/57,439  elapsed 18.3s]
    [56,832/57,439  elapsed 20.5s]
  eval done in 20.8s
  by-popularity NDCG@10: tail=0.0020(n=7,762)  mid=0.0076(n=8,169)  head=0.0621(n=41,508)
  epoch  15  loss=8.3204  val_NDCG=0.0462  [test sequestered]  (6.8s)
  evaluating 57,439 users in batches of 512...
    [512/57,439  elapsed 0.2s]
    [5,632/57,439  elapsed 2.0s]
    [10,752/57,439  elapsed 3.9s]
    [15,872/57,439  elapsed 5.6s]
    [20,992/57,439  elapsed 7.3s]
    [26,112/57,439  elapsed 9.0s]
    [31,232/57,439  elapsed 10.7s]
    [36,352/57,439  elapsed 12.4s]
    [41,472/57,439  elapsed 14.1s]
    [46,592/57,439  elapsed 15.9s]
    [51,712/57,439  elapsed 17.6s]
    [56,832/57,439  elapsed 19.3s]
  eval done in 19.5s
  by-popularity NDCG@10: tail=0.0021(n=7,762)  mid=0.0076(n=8,169)  head=0.0619(n=41,508)
  epoch  16  loss=8.3002  val_NDCG=0.0461  [test sequestered]  (8.5s)
  evaluating 57,439 users in batches of 512...
    [512/57,439  elapsed 0.1s]
    [5,632/57,439  elapsed 1.5s]
    [10,752/57,439  elapsed 2.6s]
    [15,872/57,439  elapsed 3.6s]
    [20,992/57,439  elapsed 4.6s]
    [26,112/57,439  elapsed 5.6s]
    [31,232/57,439  elapsed 6.5s]
    [36,352/57,439  elapsed 7.5s]
    [41,472/57,439  elapsed 8.5s]
    [46,592/57,439  elapsed 9.5s]
    [51,712/57,439  elapsed 10.4s]
    [56,832/57,439  elapsed 11.4s]
  eval done in 11.5s
  by-popularity NDCG@10: tail=0.0021(n=7,762)  mid=0.0076(n=8,169)  head=0.0618(n=41,508)
  epoch  17  loss=8.2867  val_NDCG=0.0460  [test sequestered]  (7.4s)
  evaluating 57,439 users in batches of 512...
    [512/57,439  elapsed 0.1s]
    [5,632/57,439  elapsed 1.4s]
    [10,752/57,439  elapsed 5.1s]
    [15,872/57,439  elapsed 9.1s]
    [20,992/57,439  elapsed 13.2s]
    [26,112/57,439  elapsed 17.3s]
    [31,232/57,439  elapsed 21.3s]
    [36,352/57,439  elapsed 25.2s]
    [41,472/57,439  elapsed 29.3s]
    [46,592/57,439  elapsed 33.3s]
    [51,712/57,439  elapsed 37.2s]
    [56,832/57,439  elapsed 41.2s]
  eval done in 41.7s
  by-popularity NDCG@10: tail=0.0021(n=7,762)  mid=0.0077(n=8,169)  head=0.0619(n=41,508)
  epoch  18  loss=8.2767  val_NDCG=0.0461  [test sequestered]  (5.9s)
  evaluating 57,439 users in batches of 512...
    [512/57,439  elapsed 0.4s]
    [5,632/57,439  elapsed 4.4s]
    [10,752/57,439  elapsed 8.4s]
    [15,872/57,439  elapsed 11.7s]
    [20,992/57,439  elapsed 12.7s]
    [26,112/57,439  elapsed 13.6s]
    [31,232/57,439  elapsed 14.6s]
    [36,352/57,439  elapsed 15.6s]
    [41,472/57,439  elapsed 17.3s]
    [46,592/57,439  elapsed 19.0s]
    [51,712/57,439  elapsed 20.7s]
    [56,832/57,439  elapsed 22.4s]
  eval done in 22.6s
  by-popularity NDCG@10: tail=0.0021(n=7,762)  mid=0.0077(n=8,169)  head=0.0619(n=41,508)
  epoch  19  loss=8.2728  val_NDCG=0.0461  [test sequestered]  (7.0s)
  evaluating 57,439 users in batches of 512...
    [512/57,439  elapsed 0.2s]
    [5,632/57,439  elapsed 2.1s]
    [10,752/57,439  elapsed 4.0s]
    [15,872/57,439  elapsed 5.9s]
    [20,992/57,439  elapsed 7.7s]
    [26,112/57,439  elapsed 9.4s]
    [31,232/57,439  elapsed 11.3s]
    [36,352/57,439  elapsed 13.0s]
    [41,472/57,439  elapsed 14.6s]
    [46,592/57,439  elapsed 16.1s]
    [51,712/57,439  elapsed 17.7s]
    [56,832/57,439  elapsed 19.4s]
  eval done in 19.6s
  by-popularity NDCG@10: tail=0.0021(n=7,762)  mid=0.0077(n=8,169)  head=0.0620(n=41,508)
  epoch  20  loss=8.2687  val_NDCG=0.0462  [test sequestered]  (8.2s)

=== Best by val NDCG@10 ===
  val_NDCG=0.0462
  best_ckpt_sha256 = f89ad1f72ecf2ee34886cc26035394a2f16b6a581cb9723202315e69c55e62e3

wrote C:\Users\rayxc\Documents\R\_bestrec_run\results_MI_COLDFUSE2_base_seed20260741.json
=== fusion eval: Video_Games  ckpt=results_VG_COLDFUSE2_base_seed20260741.best.pt ===
  n_users=94,762 n_items=25,612
  ckpt from epoch 30 (val NDCG@10 0.07665)

--- EASE l2=50.0: fit + VAL sweep ---
  EASE l2=50.0: inverted 25612x25612 in 71.2s
    [512/94,762 elapsed 0.5s]
    [10,752/94,762 elapsed 6.9s]
    [20,992/94,762 elapsed 12.7s]
    [31,232/94,762 elapsed 18.6s]
    [41,472/94,762 elapsed 24.6s]
    [51,712/94,762 elapsed 30.7s]
    [61,952/94,762 elapsed 36.7s]
    [72,192/94,762 elapsed 44.2s]
    [82,432/94,762 elapsed 51.7s]
    [92,672/94,762 elapsed 57.7s]
  VAL seq NDCG@10=0.07665  ease=0.05496
    w=0.01: val fused NDCG@10=0.07888
    w=0.02: val fused NDCG@10=0.07959
    w=0.03: val fused NDCG@10=0.07958
    w=0.04: val fused NDCG@10=0.07931
    w=0.05: val fused NDCG@10=0.07882
    w=0.06: val fused NDCG@10=0.07825
    w=0.075: val fused NDCG@10=0.07726
    w=0.1: val fused NDCG@10=0.07523

--- EASE l2=100.0: fit + VAL sweep ---
  EASE l2=100.0: inverted 25612x25612 in 74.2s
    [512/94,762 elapsed 0.2s]
    [10,752/94,762 elapsed 3.9s]
    [20,992/94,762 elapsed 8.5s]
    [31,232/94,762 elapsed 12.8s]
    [41,472/94,762 elapsed 17.1s]
    [51,712/94,762 elapsed 21.2s]
    [61,952/94,762 elapsed 25.4s]
    [72,192/94,762 elapsed 28.8s]
    [82,432/94,762 elapsed 31.7s]
    [92,672/94,762 elapsed 34.8s]
  VAL seq NDCG@10=0.07665  ease=0.05493
    w=0.01: val fused NDCG@10=0.07877
    w=0.02: val fused NDCG@10=0.07941
    w=0.03: val fused NDCG@10=0.07936
    w=0.04: val fused NDCG@10=0.07918
    w=0.05: val fused NDCG@10=0.07861
    w=0.06: val fused NDCG@10=0.07811
    w=0.075: val fused NDCG@10=0.07687
    w=0.1: val fused NDCG@10=0.07485

--- EASE l2=200.0: fit + VAL sweep ---
  EASE l2=200.0: inverted 25612x25612 in 105.6s
    [512/94,762 elapsed 0.2s]
    [10,752/94,762 elapsed 3.6s]
    [20,992/94,762 elapsed 6.6s]
    [31,232/94,762 elapsed 9.4s]
    [41,472/94,762 elapsed 12.4s]
    [51,712/94,762 elapsed 15.4s]
    [61,952/94,762 elapsed 24.4s]
    [72,192/94,762 elapsed 33.7s]
    [82,432/94,762 elapsed 43.0s]
    [92,672/94,762 elapsed 52.3s]
  VAL seq NDCG@10=0.07665  ease=0.05414
    w=0.01: val fused NDCG@10=0.07862
    w=0.02: val fused NDCG@10=0.07911
    w=0.03: val fused NDCG@10=0.07916
    w=0.04: val fused NDCG@10=0.07867
    w=0.05: val fused NDCG@10=0.07833
    w=0.06: val fused NDCG@10=0.07747
    w=0.075: val fused NDCG@10=0.07618
    w=0.1: val fused NDCG@10=0.07398

--- EASE l2=500.0: fit + VAL sweep ---
  EASE l2=500.0: inverted 25612x25612 in 124.7s
    [512/94,762 elapsed 0.5s]
    [10,752/94,762 elapsed 10.3s]
    [20,992/94,762 elapsed 19.9s]
    [31,232/94,762 elapsed 29.4s]
    [41,472/94,762 elapsed 38.8s]
    [51,712/94,762 elapsed 48.3s]
    [61,952/94,762 elapsed 52.0s]
    [72,192/94,762 elapsed 55.5s]
    [82,432/94,762 elapsed 59.8s]
    [92,672/94,762 elapsed 63.9s]
  VAL seq NDCG@10=0.07665  ease=0.05247
    w=0.01: val fused NDCG@10=0.07835
    w=0.02: val fused NDCG@10=0.07870
    w=0.03: val fused NDCG@10=0.07864
    w=0.04: val fused NDCG@10=0.07804
    w=0.05: val fused NDCG@10=0.07733
    w=0.06: val fused NDCG@10=0.07635
    w=0.075: val fused NDCG@10=0.07502
    w=0.1: val fused NDCG@10=0.07251

=== selected on VAL: l2=50.0, w=0.02 (val fused NDCG@10=0.07959) ===
wrote C:\Users\rayxc\Documents\R\_bestrec_run\results_VG_COLDFUSE2_base_seed20260741.fusion.json (VAL-ONLY; test sequestered)
=== COLDFUSE2 confirm: Video_Games seed 20260741 (ease=yes; test sequestered) ===
  EASE l2=50.0: verified cache hit (b47211e7dda0ca7c06151ef3)
  [val] streaming sweep: 85 systems ...
    [512/94,762 2s]
    [20,992/94,762 24s]
    [41,472/94,762 40s]
    [61,952/94,762 67s]
    [82,432/94,762 98s]
=== fusion eval: Musical_Instruments  ckpt=results_MI_COLDFUSE2_base_seed20260741.best.pt ===
  n_users=57,439 n_items=24,587
  ckpt from epoch 15 (val NDCG@10 0.04621)

--- EASE l2=50.0: fit + VAL sweep ---
  EASE l2=50.0: inverted 24587x24587 in 66.9s
    [512/57,439 elapsed 0.5s]
    [10,752/57,439 elapsed 5.0s]
    [20,992/57,439 elapsed 10.4s]
    [31,232/57,439 elapsed 14.5s]
    [41,472/57,439 elapsed 18.8s]
    [51,712/57,439 elapsed 23.0s]
  VAL seq NDCG@10=0.04621  ease=0.03472
    w=0.01: val fused NDCG@10=0.04792
    w=0.02: val fused NDCG@10=0.04848
    w=0.03: val fused NDCG@10=0.04856
    w=0.04: val fused NDCG@10=0.04845
    w=0.05: val fused NDCG@10=0.04825
    w=0.06: val fused NDCG@10=0.04799
    w=0.075: val fused NDCG@10=0.04745
    w=0.1: val fused NDCG@10=0.04662

--- EASE l2=100.0: fit + VAL sweep ---
  EASE l2=100.0: inverted 24587x24587 in 90.2s
    [512/57,439 elapsed 0.5s]
    [10,752/57,439 elapsed 10.1s]
    [20,992/57,439 elapsed 19.4s]
    [31,232/57,439 elapsed 28.6s]
    [41,472/57,439 elapsed 37.9s]
    [51,712/57,439 elapsed 40.8s]
  VAL seq NDCG@10=0.04621  ease=0.03536
    w=0.01: val fused NDCG@10=0.04795
    w=0.02: val fused NDCG@10=0.04851
    w=0.03: val fused NDCG@10=0.04860
    w=0.04: val fused NDCG@10=0.04861
    w=0.05: val fused NDCG@10=0.04835
    w=0.06: val fused NDCG@10=0.04803
    w=0.075: val fused NDCG@10=0.04757
    w=0.1: val fused NDCG@10=0.04657

--- EASE l2=200.0: fit + VAL sweep ---
  EASE l2=200.0: inverted 24587x24587 in 119.6s
    [512/57,439 elapsed 0.2s]
    [10,752/57,439 elapsed 7.6s]
    [20,992/57,439 elapsed 17.3s]
    [31,232/57,439 elapsed 26.8s]
    [41,472/57,439 elapsed 36.2s]
    [51,712/57,439 elapsed 45.7s]
  VAL seq NDCG@10=0.04621  ease=0.03548
    w=0.01: val fused NDCG@10=0.04791
    w=0.02: val fused NDCG@10=0.04845
    w=0.03: val fused NDCG@10=0.04855
    w=0.04: val fused NDCG@10=0.04836
    w=0.05: val fused NDCG@10=0.04817
    w=0.06: val fused NDCG@10=0.04795
    w=0.075: val fused NDCG@10=0.04745
    w=0.1: val fused NDCG@10=0.04638

--- EASE l2=500.0: fit + VAL sweep ---
  EASE l2=500.0: inverted 24587x24587 in 71.0s
    [512/57,439 elapsed 0.6s]
    [10,752/57,439 elapsed 11.1s]
    [20,992/57,439 elapsed 21.6s]
    [31,232/57,439 elapsed 32.4s]
    [41,472/57,439 elapsed 42.5s]
    [51,712/57,439 elapsed 52.2s]
  VAL seq NDCG@10=0.04621  ease=0.03500
    w=0.01: val fused NDCG@10=0.04789
    w=0.02: val fused NDCG@10=0.04855
    w=0.03: val fused NDCG@10=0.04846
    w=0.04: val fused NDCG@10=0.04819
    w=0.05: val fused NDCG@10=0.04788
    w=0.06: val fused NDCG@10=0.04745
    w=0.075: val fused NDCG@10=0.04681
    w=0.1: val fused NDCG@10=0.04575

=== selected on VAL: l2=100.0, w=0.04 (val fused NDCG@10=0.04861) ===
wrote C:\Users\rayxc\Documents\R\_bestrec_run\results_MI_COLDFUSE2_base_seed20260741.fusion.json (VAL-ONLY; test sequestered)
=== COLDFUSE2 confirm: Musical_Instruments seed 20260741 (ease=yes; test sequestered) ===
  EASE l2=100.0: verified cache hit (e6853d0b0fa835018ed44c6c)
  [val] streaming sweep: 85 systems ...
  VAL selected {'profile': 'exp0.9', 'wt_tail': 0.3, 'wt_mid': 0.1, 'wt_head': 0.1} (feasible 27/84; val f15 0.01024 vs ref 0.00505)
  [test] sequestered pass: ref + selected + 4 controls ...
    [512/57,439 1s]
    [20,992/57,439 30s]
    [41,472/57,439 59s]
  VAL selected {'profile': 'exp0.9', 'wt_tail': 0.3, 'wt_mid': 0.05, 'wt_head': 0.05} (feasible 33/84; val f15 0.00583 vs ref 0.00209)
  [test] sequestered pass: ref + selected + 4 controls ...
  test pass complete (values sequestered to the artifact)
wrote C:\Users\rayxc\Documents\R\_bestrec_run\results_Video_Games_COLDFUSE2_confirm_seed20260741.json (metrics sequestered)
  test pass complete (values sequestered to the artifact)
wrote C:\Users\rayxc\Documents\R\_bestrec_run\results_Musical_Instruments_COLDFUSE2_confirm_seed20260741.json (metrics sequestered)
  random seed set to 20260741
=== Industrial_and_Scientific: load splits ===
  n_users=50,985  n_items=25,848  pad_id=25848
  built sequences for 50,985 users
  built timestamp sequences (12 time buckets)
  loading SBERT embeddings from C:\Users\rayxc\Documents\R\cache_5core\sbert_titles_Industrial_and_Scientific.npy...
  TAPE: k-means 25,848 text embeddings into K=512 prototypes (tau=0.05)...
  TAPE: K=512 mean max-assignment weight = 0.598 (1.0 = hard clustering)

=== Build SASRec-SBERT (d=64, layers=4, heads=2) ===
  total params: 11,750,463  device=cuda
  50,985 training examples / 200 batches per epoch
  init_state_sha256 = 148ed0d793eb071ff46bcf4daeb2961d3748cc3305c99f0e23299d5e3555b0b5
  LR schedule: warmup_cosine (200 warmup + 3800 cosine steps)

=== Train for 20 epochs ===
  evaluating 50,985 users in batches of 512...
    [512/50,985  elapsed 0.6s]
    [5,632/50,985  elapsed 7.2s]
    [10,752/50,985  elapsed 14.2s]
    [15,872/50,985  elapsed 21.0s]
    [20,992/50,985  elapsed 27.5s]
    [26,112/50,985  elapsed 34.0s]
    [31,232/50,985  elapsed 40.5s]
    [36,352/50,985  elapsed 45.3s]
    [41,472/50,985  elapsed 48.0s]
    [46,592/50,985  elapsed 50.9s]
  eval done in 52.9s
  by-popularity NDCG@10: tail=0.0000(n=9,330)  mid=0.0002(n=8,951)  head=0.0287(n=32,704)
  epoch   1  loss=9.7644  val_NDCG=0.0184  [test sequestered]  (8.0s)
  evaluating 50,985 users in batches of 512...
    [512/50,985  elapsed 0.2s]
    [5,632/50,985  elapsed 2.6s]
    [10,752/50,985  elapsed 5.5s]
    [15,872/50,985  elapsed 8.4s]
    [20,992/50,985  elapsed 11.0s]
    [26,112/50,985  elapsed 13.5s]
    [31,232/50,985  elapsed 16.3s]
    [36,352/50,985  elapsed 18.7s]
    [41,472/50,985  elapsed 21.7s]
    [46,592/50,985  elapsed 24.1s]
  eval done in 26.4s
  by-popularity NDCG@10: tail=0.0000(n=9,330)  mid=0.0003(n=8,951)  head=0.0418(n=32,704)
  epoch   2  loss=9.2301  val_NDCG=0.0268  [test sequestered]  (5.6s)
  evaluating 50,985 users in batches of 512...
    [512/50,985  elapsed 0.2s]
    [5,632/50,985  elapsed 2.8s]
    [10,752/50,985  elapsed 5.3s]
    [15,872/50,985  elapsed 8.4s]
    [20,992/50,985  elapsed 11.1s]
    [26,112/50,985  elapsed 13.6s]
    [31,232/50,985  elapsed 16.4s]
    [36,352/50,985  elapsed 19.0s]
    [41,472/50,985  elapsed 21.7s]
    [46,592/50,985  elapsed 24.2s]
  eval done in 26.6s
  by-popularity NDCG@10: tail=0.0002(n=9,330)  mid=0.0011(n=8,951)  head=0.0495(n=32,704)
  epoch   3  loss=9.0173  val_NDCG=0.0320  [test sequestered]  (5.7s)
  evaluating 50,985 users in batches of 512...
    [512/50,985  elapsed 0.2s]
    [5,632/50,985  elapsed 2.7s]
    [10,752/50,985  elapsed 5.6s]
    [15,872/50,985  elapsed 8.6s]
    [20,992/50,985  elapsed 11.2s]
    [26,112/50,985  elapsed 13.6s]
    [31,232/50,985  elapsed 16.4s]
    [36,352/50,985  elapsed 19.4s]
    [41,472/50,985  elapsed 22.3s]
    [46,592/50,985  elapsed 25.2s]
  eval done in 27.3s
  by-popularity NDCG@10: tail=0.0003(n=9,330)  mid=0.0026(n=8,951)  head=0.0545(n=32,704)
  epoch   4  loss=8.8699  val_NDCG=0.0355  [test sequestered]  (5.6s)
  evaluating 50,985 users in batches of 512...
    [512/50,985  elapsed 0.3s]
    [5,632/50,985  elapsed 2.8s]
    [10,752/50,985  elapsed 5.3s]
    [15,872/50,985  elapsed 8.1s]
    [20,992/50,985  elapsed 11.1s]
    [26,112/50,985  elapsed 13.5s]
    [31,232/50,985  elapsed 16.3s]
    [36,352/50,985  elapsed 18.8s]
    [41,472/50,985  elapsed 21.5s]
    [46,592/50,985  elapsed 24.3s]
  eval done in 30.0s
  by-popularity NDCG@10: tail=0.0005(n=9,330)  mid=0.0037(n=8,951)  head=0.0566(n=32,704)
  epoch   5  loss=8.7497  val_NDCG=0.0370  [test sequestered]  (5.8s)
  evaluating 50,985 users in batches of 512...
    [512/50,985  elapsed 0.6s]
    [5,632/50,985  elapsed 7.4s]
    [10,752/50,985  elapsed 14.3s]
    [15,872/50,985  elapsed 20.8s]
    [20,992/50,985  elapsed 27.1s]
    [26,112/50,985  elapsed 33.7s]
    [31,232/50,985  elapsed 36.4s]
    [36,352/50,985  elapsed 39.0s]
    [41,472/50,985  elapsed 42.0s]
    [46,592/50,985  elapsed 44.5s]
  eval done in 46.8s
  by-popularity NDCG@10: tail=0.0008(n=9,330)  mid=0.0058(n=8,951)  head=0.0584(n=32,704)
  epoch   6  loss=8.6504  val_NDCG=0.0386  [test sequestered]  (9.4s)
  evaluating 50,985 users in batches of 512...
    [512/50,985  elapsed 0.2s]
    [5,632/50,985  elapsed 3.1s]
    [10,752/50,985  elapsed 5.6s]
    [15,872/50,985  elapsed 8.1s]
    [20,992/50,985  elapsed 10.7s]
    [26,112/50,985  elapsed 13.4s]
    [31,232/50,985  elapsed 16.2s]
    [36,352/50,985  elapsed 19.0s]
    [41,472/50,985  elapsed 21.4s]
    [46,592/50,985  elapsed 24.0s]
  eval done in 26.5s
  by-popularity NDCG@10: tail=0.0009(n=9,330)  mid=0.0075(n=8,951)  head=0.0593(n=32,704)
  epoch   7  loss=8.5635  val_NDCG=0.0395  [test sequestered]  (5.7s)
  evaluating 50,985 users in batches of 512...
    [512/50,985  elapsed 0.2s]
    [5,632/50,985  elapsed 2.6s]
    [10,752/50,985  elapsed 5.3s]
    [15,872/50,985  elapsed 8.1s]
    [20,992/50,985  elapsed 10.5s]
    [26,112/50,985  elapsed 13.1s]
    [31,232/50,985  elapsed 16.2s]
    [36,352/50,985  elapsed 18.5s]
    [41,472/50,985  elapsed 21.5s]
    [46,592/50,985  elapsed 23.9s]
  eval done in 26.2s
  by-popularity NDCG@10: tail=0.0012(n=9,330)  mid=0.0083(n=8,951)  head=0.0604(n=32,704)
  epoch   8  loss=8.4859  val_NDCG=0.0404  [test sequestered]  (5.7s)
  evaluating 50,985 users in batches of 512...
    [512/50,985  elapsed 0.2s]
    [5,632/50,985  elapsed 2.9s]
    [10,752/50,985  elapsed 5.4s]
    [15,872/50,985  elapsed 8.2s]
    [20,992/50,985  elapsed 10.7s]
    [26,112/50,985  elapsed 13.6s]
    [31,232/50,985  elapsed 16.6s]
    [36,352/50,985  elapsed 19.0s]
    [41,472/50,985  elapsed 22.1s]
    [46,592/50,985  elapsed 24.5s]
  eval done in 26.9s
  by-popularity NDCG@10: tail=0.0015(n=9,330)  mid=0.0101(n=8,951)  head=0.0612(n=32,704)
  epoch   9  loss=8.4198  val_NDCG=0.0413  [test sequestered]  (5.6s)
  evaluating 50,985 users in batches of 512...
    [512/50,985  elapsed 0.2s]
    [5,632/50,985  elapsed 2.8s]
    [10,752/50,985  elapsed 5.2s]
    [15,872/50,985  elapsed 8.2s]
    [20,992/50,985  elapsed 10.8s]
    [26,112/50,985  elapsed 13.4s]
    [31,232/50,985  elapsed 16.3s]
    [36,352/50,985  elapsed 18.8s]
    [41,472/50,985  elapsed 25.7s]
    [46,592/50,985  elapsed 32.7s]
  eval done in 38.5s
  by-popularity NDCG@10: tail=0.0018(n=9,330)  mid=0.0109(n=8,951)  head=0.0608(n=32,704)
  epoch  10  loss=8.3569  val_NDCG=0.0412  [test sequestered]  (5.7s)
  evaluating 50,985 users in batches of 512...
    [512/50,985  elapsed 0.7s]
    [5,632/50,985  elapsed 7.1s]
    [10,752/50,985  elapsed 13.3s]
    [15,872/50,985  elapsed 19.8s]
    [20,992/50,985  elapsed 22.5s]
    [26,112/50,985  elapsed 25.3s]
    [31,232/50,985  elapsed 27.7s]
    [36,352/50,985  elapsed 30.7s]
    [41,472/50,985  elapsed 33.5s]
    [46,592/50,985  elapsed 35.8s]
  eval done in 38.3s
  by-popularity NDCG@10: tail=0.0023(n=9,330)  mid=0.0119(n=8,951)  head=0.0601(n=32,704)
  epoch  11  loss=8.3044  val_NDCG=0.0411  [test sequestered]  (9.2s)
  evaluating 50,985 users in batches of 512...
    [512/50,985  elapsed 0.3s]
    [5,632/50,985  elapsed 3.1s]
    [10,752/50,985  elapsed 5.5s]
    [15,872/50,985  elapsed 8.0s]
    [20,992/50,985  elapsed 10.4s]
    [26,112/50,985  elapsed 13.0s]
    [31,232/50,985  elapsed 15.6s]
    [36,352/50,985  elapsed 18.2s]
    [41,472/50,985  elapsed 20.6s]
    [46,592/50,985  elapsed 23.2s]
  eval done in 25.6s
  by-popularity NDCG@10: tail=0.0024(n=9,330)  mid=0.0124(n=8,951)  head=0.0603(n=32,704)
  epoch  12  loss=8.2527  val_NDCG=0.0413  [test sequestered]  (5.5s)
  evaluating 50,985 users in batches of 512...
    [512/50,985  elapsed 0.2s]
    [5,632/50,985  elapsed 2.8s]
    [10,752/50,985  elapsed 5.1s]
    [15,872/50,985  elapsed 8.1s]
    [20,992/50,985  elapsed 10.6s]
    [26,112/50,985  elapsed 13.1s]
    [31,232/50,985  elapsed 15.7s]
    [36,352/50,985  elapsed 18.3s]
    [41,472/50,985  elapsed 20.7s]
    [46,592/50,985  elapsed 23.2s]  random seed set to 20260741
=== Office_Products: load splits ===
  n_users=223,308  n_items=77,551  pad_id=77551
  built sequences for 223,308 users
  built timestamp sequences (12 time buckets)
  loading SBERT embeddings from C:\Users\rayxc\Documents\R\cache_5core\sbert_titles_Office_Products.npy...
  TAPE: k-means 77,551 text embeddings into K=512 prototypes (tau=0.05)...
  TAPE: K=512 mean max-assignment weight = 0.478 (1.0 = hard clustering)

=== Build SASRec-SBERT (d=64, layers=4, heads=2) ===
  total params: 34,913,919  device=cuda
  223,308 training examples / 873 batches per epoch
  init_state_sha256 = 13f5d8908eb45606d44cdc61633cc237c4b2547a5b4318200221e94bb2803386
  LR schedule: warmup_cosine (873 warmup + 16587 cosine steps)

=== Train for 20 epochs ===
  evaluating 223,308 users in batches of 512...
    [512/223,308  elapsed 0.3s]
    [5,632/223,308  elapsed 3.0s]
    [10,752/223,308  elapsed 6.0s]
    [15,872/223,308  elapsed 8.2s]
    [20,992/223,308  elapsed 13.5s]
    [26,112/223,308  elapsed 16.1s]
    [31,232/223,308  elapsed 19.0s]
    [36,352/223,308  elapsed 22.2s]
    [41,472/223,308  elapsed 25.0s]
    [46,592/223,308  elapsed 27.7s]
    [51,712/223,308  elapsed 30.6s]
    [56,832/223,308  elapsed 33.3s]
    [61,952/223,308  elapsed 36.4s]
    [67,072/223,308  elapsed 38.9s]
    [72,192/223,308  elapsed 41.9s]
    [77,312/223,308  elapsed 46.7s]
    [82,432/223,308  elapsed 49.4s]
    [87,552/223,308  elapsed 52.3s]
    [92,672/223,308  elapsed 55.4s]
    [97,792/223,308  elapsed 58.4s]
    [102,912/223,308  elapsed 61.4s]
    [108,032/223,308  elapsed 63.9s]
    [113,152/223,308  elapsed 66.6s]
    [118,272/223,308  elapsed 69.5s]
    [123,392/223,308  elapsed 72.2s]
    [128,512/223,308  elapsed 76.1s]
    [133,632/223,308  elapsed 79.9s]
    [138,752/223,308  elapsed 82.7s]
    [143,872/223,308  elapsed 85.9s]
    [148,992/223,308  elapsed 88.9s]
    [154,112/223,308  elapsed 91.6s]
    [159,232/223,308  elapsed 94.7s]
    [164,352/223,308  elapsed 97.7s]
    [169,472/223,308  elapsed 100.9s]
    [174,592/223,308  elapsed 103.9s]
    [179,712/223,308  elapsed 106.2s]
    [184,832/223,308  elapsed 111.2s]
    [189,952/223,308  elapsed 114.4s]
    [195,072/223,308  elapsed 117.5s]
    [200,192/223,308  elapsed 120.6s]
    [205,312/223,308  elapsed 123.6s]
    [210,432/223,308  elapsed 126.4s]
    [215,552/223,308  elapsed 129.0s]
    [220,672/223,308  elapsed 131.8s]
  eval done in 133.3s
  by-popularity NDCG@10: tail=0.0000(n=29,887)  mid=0.0000(n=33,352)  head=0.0266(n=160,069)
  epoch   1  loss=10.5774  val_NDCG=0.0191  [test sequestered]  (50.5s)
  evaluating 223,308 users in batches of 512...
    [512/223,308  elapsed 0.3s]
    [5,632/223,308  elapsed 2.9s]
    [10,752/223,308  elapsed 5.6s]
    [15,872/223,308  elapsed 8.7s]
    [20,992/223,308  elapsed 11.3s]
    [26,112/223,308  elapsed 14.5s]
    [31,232/223,308  elapsed 19.1s]
    [36,352/223,308  elapsed 22.1s]
    [41,472/223,308  elapsed 25.0s]
    [46,592/223,308  elapsed 28.2s]
    [51,712/223,308  elapsed 30.7s]
    [56,832/223,308  elapsed 33.9s]
    [61,952/223,308  elapsed 36.5s]
    [67,072/223,308  elapsed 39.0s]
    [72,192/223,308  elapsed 41.5s]
    [77,312/223,308  elapsed 44.5s]
    [82,432/223,308  elapsed 48.9s]
    [87,552/223,308  elapsed 52.6s]
    [92,672/223,308  elapsed 55.4s]
    [97,792/223,308  elapsed 58.2s]
    [102,912/223,308  elapsed 61.0s]
    [108,032/223,308  elapsed 63.5s]
    [113,152/223,308  elapsed 66.7s]
    [118,272/223,308  elapsed 69.3s]
    [123,392/223,308  elapsed 72.3s]
    [128,512/223,308  elapsed 74.8s]
    [133,632/223,308  elapsed 77.3s]
    [138,752/223,308  elapsed 82.5s]
    [143,872/223,308  elapsed 85.4s]
    [148,992/223,308  elapsed 88.3s]
    [154,112/223,308  elapsed 91.3s]
    [159,232/223,308  elapsed 93.9s]
    [164,352/223,308  elapsed 97.1s]
    [169,472/223,308  elapsed 99.9s]
    [174,592/223,308  elapsed 102.7s]
    [179,712/223,308  elapsed 105.8s]
    [184,832/223,308  elapsed 108.4s]
    [189,952/223,308  elapsed 111.3s]
    [195,072/223,308  elapsed 116.1s]
    [200,192/223,308  elapsed 118.8s]
    [205,312/223,308  elapsed 121.4s]
    [210,432/223,308  elapsed 124.5s]
    [215,552/223,308  elapsed 127.4s]
    [220,672/223,308  elapsed 130.2s]
  eval done in 131.8s
  by-popularity NDCG@10: tail=0.0000(n=29,887)  mid=0.0006(n=33,352)  head=0.0386(n=160,069)
  epoch   2  loss=10.0583  val_NDCG=0.0277  [test sequestered]  (51.5s)
  evaluating 223,308 users in batches of 512...
    [512/223,308  elapsed 0.2s]
    [5,632/223,308  elapsed 2.7s]
    [10,752/223,308  elapsed 5.7s]
    [15,872/223,308  elapsed 8.3s]
    [20,992/223,308  elapsed 11.3s]
    [26,112/223,308  elapsed 13.9s]
    [31,232/223,308  elapsed 16.7s]
    [36,352/223,308  elapsed 20.3s]
    [41,472/223,308  elapsed 24.3s]
    [46,592/223,308  elapsed 27.1s]
    [51,712/223,308  elapsed 29.9s]
    [56,832/223,308  elapsed 32.7s]
    [61,952/223,308  elapsed 35.2s]
    [67,072/223,308  elapsed 38.0s]
    [72,192/223,308  elapsed 40.8s]
    [77,312/223,308  elapsed 43.2s]
    [82,432/223,308  elapsed 45.7s]
    [87,552/223,308  elapsed 48.7s]
    [92,672/223,308  elapsed 52.8s]
    [97,792/223,308  elapsed 56.6s]
    [102,912/223,308  elapsed 59.5s]
    [108,032/223,308  elapsed 62.4s]
    [113,152/223,308  elapsed 65.4s]
    [118,272/223,308  elapsed 68.1s]
    [123,392/223,308  elapsed 70.8s]
    [128,512/223,308  elapsed 73.2s]
    [133,632/223,308  elapsed 75.8s]
    [138,752/223,308  elapsed 78.4s]
    [143,872/223,308  elapsed 81.4s]
    [148,992/223,308  elapsed 86.1s]
    [154,112/223,308  elapsed 88.8s]
    [159,232/223,308  elapsed 91.7s]
    [164,352/223,308  elapsed 94.6s]
    [169,472/223,308  elapsed 97.4s]
    [174,592/223,308  elapsed 100.3s]
    [179,712/223,308  elapsed 102.9s]
    [184,832/223,308  elapsed 105.7s]
    [189,952/223,308  elapsed 108.5s]
    [195,072/223,308  elapsed 111.0s]
    [200,192/223,308  elapsed 113.8s]
    [205,312/223,308  elapsed 118.9s]
    [210,432/223,308  elapsed 121.5s]
    [215,552/223,308  elapsed 124.6s]
    [220,672/223,308  elapsed 127.6s]
  eval done in 129.1s
  by-popularity NDCG@10: tail=0.0002(n=29,887)  mid=0.0020(n=33,352)  head=0.0435(n=160,069)
  epoch   3  loss=9.8644  val_NDCG=0.0315  [test sequestered]  (51.3s)
  evaluating 223,308 users in batches of 512...
    [512/223,308  elapsed 0.2s]
    [5,632/223,308  elapsed 2.8s]
    [10,752/223,308  elapsed 5.6s]
    [15,872/223,308  elapsed 8.3s]
    [20,992/223,308  elapsed 11.2s]
    [26,112/223,308  elapsed 13.9s]
    [31,232/223,308  elapsed 16.6s]
    [36,352/223,308  elapsed 19.3s]
    [41,472/223,308  elapsed 22.1s]
    [46,592/223,308  elapsed 26.0s]
    [51,712/223,308  elapsed 29.6s]
    [56,832/223,308  elapsed 32.2s]
    [61,952/223,308  elapsed 35.0s]
    [67,072/223,308  elapsed 37.6s]
    [72,192/223,308  elapsed 40.3s]
    [77,312/223,308  elapsed 42.8s]
    [82,432/223,308  elapsed 45.5s]
    [87,552/223,308  elapsed 48.3s]
    [92,672/223,308  elapsed 51.0s]
    [97,792/223,308  elapsed 53.6s]
    [102,912/223,308  elapsed 57.8s]
    [108,032/223,308  elapsed 61.1s]
    [113,152/223,308  elapsed 64.0s]
    [118,272/223,308  elapsed 66.5s]
    [123,392/223,308  elapsed 68.9s]
    [128,512/223,308  elapsed 71.7s]
    [133,632/223,308  elapsed 74.7s]
    [138,752/223,308  elapsed 77.5s]
    [143,872/223,308  elapsed 80.0s]
    [148,992/223,308  elapsed 82.8s]
    [154,112/223,308  elapsed 85.4s]
    [159,232/223,308  elapsed 90.0s]
    [164,352/223,308  elapsed 92.9s]
    [169,472/223,308  elapsed 95.3s]
    [174,592/223,308  elapsed 98.0s]
    [179,712/223,308  elapsed 100.8s]
    [184,832/223,308  elapsed 103.6s]
    [189,952/223,308  elapsed 106.1s]
    [195,072/223,308  elapsed 108.9s]
    [200,192/223,308  elapsed 111.3s]
    [205,312/223,308  elapsed 114.2s]
    [210,432/223,308  elapsed 117.8s]
    [215,552/223,308  elapsed 121.9s]
    [220,672/223,308  elapsed 124.8s]
  eval done in 126.2s
  eval done in 25.7s
  by-popularity NDCG@10: tail=0.0027(n=9,330)  mid=0.0129(n=8,951)  head=0.0600(n=32,704)
  epoch  13  loss=8.2130  val_NDCG=0.0413  [test sequestered]  (5.7s)
  evaluating 50,985 users in batches of 512...
    [512/50,985  elapsed 0.2s]
    [5,632/50,985  elapsed 2.7s]
    [10,752/50,985  elapsed 5.6s]
    [15,872/50,985  elapsed 8.4s]
    [20,992/50,985  elapsed 10.9s]
    [26,112/50,985  elapsed 13.8s]
    [31,232/50,985  elapsed 16.5s]
    [36,352/50,985  elapsed 19.2s]
    [41,472/50,985  elapsed 22.0s]
    [46,592/50,985  elapsed 24.3s]
  eval done in 26.4s
  by-popularity NDCG@10: tail=0.0027(n=9,330)  mid=0.0131(n=8,951)  head=0.0606(n=32,704)
  epoch  14  loss=8.1801  val_NDCG=0.0417  [test sequestered]  (5.4s)
  evaluating 50,985 users in batches of 512...
    [512/50,985  elapsed 0.3s]
    [5,632/50,985  elapsed 2.8s]
    [10,752/50,985  elapsed 5.7s]
    [15,872/50,985  elapsed 8.5s]
    [20,992/50,985  elapsed 10.8s]
    [26,112/50,985  elapsed 15.6s]
    [31,232/50,985  elapsed 21.9s]
    [36,352/50,985  elapsed 28.7s]
    [41,472/50,985  elapsed 36.0s]
    [46,592/50,985  elapsed 42.5s]
  eval done in 48.3s
  by-popularity NDCG@10: tail=0.0028(n=9,330)  mid=0.0134(n=8,951)  head=0.0601(n=32,704)
  epoch  15  loss=8.1509  val_NDCG=0.0414  [test sequestered]  (5.7s)
  evaluating 50,985 users in batches of 512...
    [512/50,985  elapsed 0.6s]
    [5,632/50,985  elapsed 6.0s]
    [10,752/50,985  elapsed 8.5s]
    [15,872/50,985  elapsed 11.1s]
    [20,992/50,985  elapsed 13.7s]
    [26,112/50,985  elapsed 16.5s]
    [31,232/50,985  elapsed 19.0s]
    [36,352/50,985  elapsed 21.4s]
    [41,472/50,985  elapsed 23.9s]
    [46,592/50,985  elapsed 26.3s]
  eval done in 28.4s
  by-popularity NDCG@10: tail=0.0028(n=9,330)  mid=0.0137(n=8,951)  head=0.0603(n=32,704)
  epoch  16  loss=8.1265  val_NDCG=0.0416  [test sequestered]  (9.4s)
  evaluating 50,985 users in batches of 512...
    [512/50,985  elapsed 0.3s]
    [5,632/50,985  elapsed 2.8s]
    [10,752/50,985  elapsed 5.4s]
    [15,872/50,985  elapsed 8.0s]
    [20,992/50,985  elapsed 10.4s]
    [26,112/50,985  elapsed 12.9s]
    [31,232/50,985  elapsed 15.3s]
    [36,352/50,985  elapsed 18.2s]
    [41,472/50,985  elapsed 20.7s]
    [46,592/50,985  elapsed 23.2s]
  eval done in 25.4s
  by-popularity NDCG@10: tail=0.0030(n=9,330)  mid=0.0137(n=8,951)  head=0.0599(n=32,704)
  epoch  17  loss=8.1111  val_NDCG=0.0414  [test sequestered]  (5.6s)
  evaluating 50,985 users in batches of 512...
    [512/50,985  elapsed 0.3s]
    [5,632/50,985  elapsed 2.9s]
    [10,752/50,985  elapsed 5.2s]
    [15,872/50,985  elapsed 7.8s]
    [20,992/50,985  elapsed 10.4s]
    [26,112/50,985  elapsed 12.9s]
    [31,232/50,985  elapsed 15.9s]
    [36,352/50,985  elapsed 18.6s]
    [41,472/50,985  elapsed 21.0s]
    [46,592/50,985  elapsed 23.7s]
  eval done in 25.7s
  by-popularity NDCG@10: tail=0.0030(n=9,330)  mid=0.0136(n=8,951)  head=0.0601(n=32,704)
  epoch  18  loss=8.0949  val_NDCG=0.0415  [test sequestered]  (5.5s)
  evaluating 50,985 users in batches of 512...
    [512/50,985  elapsed 0.3s]
    [5,632/50,985  elapsed 2.8s]
    [10,752/50,985  elapsed 5.1s]
    [15,872/50,985  elapsed 7.8s]
    [20,992/50,985  elapsed 10.6s]
    [26,112/50,985  elapsed 13.1s]
    [31,232/50,985  elapsed 15.4s]
    [36,352/50,985  elapsed 18.1s]
    [41,472/50,985  elapsed 20.4s]
    [46,592/50,985  elapsed 22.8s]
  eval done in 25.2s
  by-popularity NDCG@10: tail=0.0030(n=9,330)  mid=0.0135(n=8,951)  head=0.0601(n=32,704)
  epoch  19  loss=8.0917  val_NDCG=0.0415  [test sequestered]  (5.5s)
  evaluating 50,985 users in batches of 512...
    [512/50,985  elapsed 0.2s]
    [5,632/50,985  elapsed 2.9s]
    [10,752/50,985  elapsed 5.2s]
    [15,872/50,985  elapsed 9.1s]
    [20,992/50,985  elapsed 16.3s]
    [26,112/50,985  elapsed 22.8s]
    [31,232/50,985  elapsed 29.4s]
    [36,352/50,985  elapsed 35.7s]
    [41,472/50,985  elapsed 41.9s]
    [46,592/50,985  elapsed 47.3s]
  eval done in 52.7s
  by-popularity NDCG@10: tail=0.0030(n=9,330)  mid=0.0136(n=8,951)  head=0.0601(n=32,704)
  epoch  20  loss=8.0835  val_NDCG=0.0415  [test sequestered]  (5.5s)

=== Best by val NDCG@10 ===
  val_NDCG=0.0417
  best_ckpt_sha256 = e2a65270c597ea344a85c114cf7361ad2d7276906a1ce32fdd669be47ef1d26c

wrote C:\Users\rayxc\Documents\R\_bestrec_run\results_IS_COLDFUSE2_base_seed20260741.json
=== fusion eval: Industrial_and_Scientific  ckpt=results_IS_COLDFUSE2_base_seed20260741.best.pt ===
  n_users=50,985 n_items=25,848
  ckpt from epoch 14 (val NDCG@10 0.04169)

--- EASE l2=50.0: fit + VAL sweep ---
  EASE l2=50.0: inverted 25848x25848 in 84.5s
    [512/50,985 elapsed 1.0s]
    [10,752/50,985 elapsed 17.7s]
    [20,992/50,985 elapsed 31.8s]
    [31,232/50,985 elapsed 42.3s]
    [41,472/50,985 elapsed 48.2s]
  VAL seq NDCG@10=0.04169  ease=0.03204
    w=0.01: val fused NDCG@10=0.04286
    w=0.02: val fused NDCG@10=0.04366
    w=0.03: val fused NDCG@10=0.04392
    w=0.04: val fused NDCG@10=0.04417
    w=0.05: val fused NDCG@10=0.04399
    w=0.06: val fused NDCG@10=0.04401
    w=0.075: val fused NDCG@10=0.04375
    w=0.1: val fused NDCG@10=0.04323

--- EASE l2=100.0: fit + VAL sweep ---
  EASE l2=100.0: inverted 25848x25848 in 72.4s
    [512/50,985 elapsed 0.8s]
    [10,752/50,985 elapsed 16.7s]
    [20,992/50,985 elapsed 32.0s]
    [31,232/50,985 elapsed 38.1s]
    [41,472/50,985 elapsed 44.0s]
  VAL seq NDCG@10=0.04169  ease=0.03244
    w=0.01: val fused NDCG@10=0.04294
    w=0.02: val fused NDCG@10=0.04380
    w=0.03: val fused NDCG@10=0.04407
    w=0.04: val fused NDCG@10=0.04424
    w=0.05: val fused NDCG@10=0.04410
    w=0.06: val fused NDCG@10=0.04410
    w=0.075: val fused NDCG@10=0.04384
    w=0.1: val fused NDCG@10=0.04331

--- EASE l2=200.0: fit + VAL sweep ---
  EASE l2=200.0: inverted 25848x25848 in 72.2s
    [512/50,985 elapsed 0.8s]
    [10,752/50,985 elapsed 16.4s]
    [20,992/50,985 elapsed 30.4s]
    [31,232/50,985 elapsed 36.2s]
    [41,472/50,985 elapsed 42.1s]
  VAL seq NDCG@10=0.04169  ease=0.03267
    w=0.01: val fused NDCG@10=0.04307
    w=0.02: val fused NDCG@10=0.04374
    w=0.03: val fused NDCG@10=0.04415
    w=0.04: val fused NDCG@10=0.04416
    w=0.05: val fused NDCG@10=0.04422
    w=0.06: val fused NDCG@10=0.04399
    w=0.075: val fused NDCG@10=0.04375
    w=0.1: val fused NDCG@10=0.04307

--- EASE l2=500.0: fit + VAL sweep ---
  EASE l2=500.0: inverted 25848x25848 in 74.0s
    [512/50,985 elapsed 0.8s]
    [10,752/50,985 elapsed 17.2s]
    [20,992/50,985 elapsed 29.7s]
    [31,232/50,985 elapsed 35.4s]
    [41,472/50,985 elapsed 41.1s]
  VAL seq NDCG@10=0.04169  ease=0.03235
    w=0.01: val fused NDCG@10=0.04307
    w=0.02: val fused NDCG@10=0.04363
    w=0.03: val fused NDCG@10=0.04415
    w=0.04: val fused NDCG@10=0.04407
    w=0.05: val fused NDCG@10=0.04401
    w=0.06: val fused NDCG@10=0.04384
    w=0.075: val fused NDCG@10=0.04342
    w=0.1: val fused NDCG@10=0.04287

=== selected on VAL: l2=100.0, w=0.04 (val fused NDCG@10=0.04424) ===
wrote C:\Users\rayxc\Documents\R\_bestrec_run\results_IS_COLDFUSE2_base_seed20260741.fusion.json (VAL-ONLY; test sequestered)
=== COLDFUSE2 confirm: Industrial_and_Scientific seed 20260741 (ease=yes; test sequestered) ===
  EASE l2=100.0: verified cache hit (86f11547255059bac929520a)
  [val] streaming sweep: 85 systems ...
    [512/50,985 1s]

  by-popularity NDCG@10: tail=0.0005(n=29,887)  mid=0.0030(n=33,352)  head=0.0460(n=160,069)
  epoch   4  loss=9.7500  val_NDCG=0.0335  [test sequestered]  (52.1s)
  evaluating 223,308 users in batches of 512...
    [512/223,308  elapsed 0.1s]
    [5,632/223,308  elapsed 1.4s]
    [10,752/223,308  elapsed 3.0s]
    [15,872/223,308  elapsed 4.3s]
    [20,992/223,308  elapsed 5.5s]
    [26,112/223,308  elapsed 6.6s]
    [31,232/223,308  elapsed 8.8s]
    [36,352/223,308  elapsed 10.7s]
    [41,472/223,308  elapsed 12.9s]
    [46,592/223,308  elapsed 15.3s]
    [51,712/223,308  elapsed 17.6s]
    [56,832/223,308  elapsed 19.9s]
    [61,952/223,308  elapsed 21.9s]
    [67,072/223,308  elapsed 24.0s]
    [72,192/223,308  elapsed 26.1s]
    [77,312/223,308  elapsed 28.4s]
    [82,432/223,308  elapsed 31.1s]
    [87,552/223,308  elapsed 32.8s]
    [92,672/223,308  elapsed 34.5s]
    [97,792/223,308  elapsed 36.3s]
    [102,912/223,308  elapsed 38.5s]
    [108,032/223,308  elapsed 40.8s]
    [113,152/223,308  elapsed 43.2s]
    [118,272/223,308  elapsed 45.6s]
    [123,392/223,308  elapsed 48.1s]
    [128,512/223,308  elapsed 50.6s]
    [133,632/223,308  elapsed 53.2s]
    [138,752/223,308  elapsed 55.9s]
    [143,872/223,308  elapsed 58.5s]
    [148,992/223,308  elapsed 60.9s]
    [154,112/223,308  elapsed 63.6s]
    [159,232/223,308  elapsed 66.2s]
    [164,352/223,308  elapsed 68.9s]
    [169,472/223,308  elapsed 71.4s]
    [174,592/223,308  elapsed 73.9s]
    [179,712/223,308  elapsed 76.2s]
    [184,832/223,308  elapsed 78.0s]
    [189,952/223,308  elapsed 79.7s]
    [195,072/223,308  elapsed 81.2s]
    [200,192/223,308  elapsed 82.4s]
    [205,312/223,308  elapsed 83.5s]
    [210,432/223,308  elapsed 84.6s]
    [215,552/223,308  elapsed 85.7s]
    [220,672/223,308  elapsed 86.8s]
  eval done in 87.4s
  by-popularity NDCG@10: tail=0.0006(n=29,887)  mid=0.0041(n=33,352)  head=0.0480(n=160,069)
  epoch   5  loss=9.6651  val_NDCG=0.0351  [test sequestered]  (48.6s)
  evaluating 223,308 users in batches of 512...
    [512/223,308  elapsed 0.5s]
    [5,632/223,308  elapsed 4.9s]
    [10,752/223,308  elapsed 9.2s]
    [15,872/223,308  elapsed 13.5s]
    [20,992/223,308  elapsed 14.9s]
    [26,112/223,308  elapsed 16.0s]
    [31,232/223,308  elapsed 17.0s]
    [36,352/223,308  elapsed 18.3s]
    [41,472/223,308  elapsed 20.0s]
    [46,592/223,308  elapsed 21.7s]
    [51,712/223,308  elapsed 23.5s]
    [56,832/223,308  elapsed 25.3s]
    [61,952/223,308  elapsed 27.3s]
    [67,072/223,308  elapsed 29.1s]
    [72,192/223,308  elapsed 30.9s]
    [77,312/223,308  elapsed 32.6s]
    [82,432/223,308  elapsed 34.5s]
    [87,552/223,308  elapsed 36.3s]
    [92,672/223,308  elapsed 37.9s]
    [97,792/223,308  elapsed 39.4s]
    [102,912/223,308  elapsed 41.0s]
    [108,032/223,308  elapsed 42.6s]
    [113,152/223,308  elapsed 44.2s]
    [118,272/223,308  elapsed 46.0s]
    [123,392/223,308  elapsed 47.9s]
    [128,512/223,308  elapsed 50.0s]
    [133,632/223,308  elapsed 52.1s]
    [138,752/223,308  elapsed 54.3s]
    [143,872/223,308  elapsed 56.1s]
    [148,992/223,308  elapsed 57.9s]
    [154,112/223,308  elapsed 59.5s]
    [159,232/223,308  elapsed 61.1s]
    [164,352/223,308  elapsed 62.6s]
    [169,472/223,308  elapsed 64.2s]
    [174,592/223,308  elapsed 65.8s]
    [179,712/223,308  elapsed 67.4s]
    [184,832/223,308  elapsed 69.1s]
    [189,952/223,308  elapsed 70.8s]
    [195,072/223,308  elapsed 72.4s]
    [200,192/223,308  elapsed 74.0s]
    [205,312/223,308  elapsed 75.5s]
    [210,432/223,308  elapsed 76.9s]
    [215,552/223,308  elapsed 78.4s]
    [220,672/223,308  elapsed 79.8s]
  eval done in 80.5s
  by-popularity NDCG@10: tail=0.0007(n=29,887)  mid=0.0051(n=33,352)  head=0.0488(n=160,069)
  epoch   6  loss=9.5960  val_NDCG=0.0359  [test sequestered]  (50.4s)
  evaluating 223,308 users in batches of 512...
    [512/223,308  elapsed 0.4s]
    [5,632/223,308  elapsed 4.6s]
    [10,752/223,308  elapsed 9.0s]
    [15,872/223,308  elapsed 13.2s]
    [20,992/223,308  elapsed 17.3s]
    [26,112/223,308  elapsed 18.4s]
    [31,232/223,308  elapsed 19.4s]
    [36,352/223,308  elapsed 20.4s]
    [41,472/223,308  elapsed 21.8s]
    [46,592/223,308  elapsed 23.5s]
    [51,712/223,308  elapsed 25.1s]
    [56,832/223,308  elapsed 26.9s]
    [61,952/223,308  elapsed 28.6s]
    [67,072/223,308  elapsed 30.3s]
    [72,192/223,308  elapsed 32.1s]
    [77,312/223,308  elapsed 33.8s]
    [82,432/223,308  elapsed 35.6s]
    [87,552/223,308  elapsed 37.5s]
    [92,672/223,308  elapsed 39.4s]
    [97,792/223,308  elapsed 41.4s]
    [102,912/223,308  elapsed 43.0s]
    [108,032/223,308  elapsed 44.6s]
    [113,152/223,308  elapsed 46.1s]
    [118,272/223,308  elapsed 47.9s]
    [123,392/223,308  elapsed 49.6s]
    [128,512/223,308  elapsed 51.3s]
    [133,632/223,308  elapsed 53.1s]
    [138,752/223,308  elapsed 54.8s]
    [143,872/223,308  elapsed 56.5s]
    [148,992/223,308  elapsed 58.1s]
    [154,112/223,308  elapsed 59.7s]
    [159,232/223,308  elapsed 61.3s]
    [164,352/223,308  elapsed 63.1s]
    [169,472/223,308  elapsed 64.8s]
    [174,592/223,308  elapsed 66.5s]
    [179,712/223,308  elapsed 68.2s]
    [184,832/223,308  elapsed 69.9s]
    [189,952/223,308  elapsed 71.7s]
    [195,072/223,308  elapsed 73.5s]
    [200,192/223,308  elapsed 75.1s]
    [205,312/223,308  elapsed 76.8s]
    [210,432/223,308  elapsed 78.2s]
    [215,552/223,308  elapsed 79.6s]
    [220,672/223,308  elapsed 81.0s]
  eval done in 81.6s
  by-popularity NDCG@10: tail=0.0009(n=29,887)  mid=0.0057(n=33,352)  head=0.0494(n=160,069)
  epoch   7  loss=9.5373  val_NDCG=0.0364  [test sequestered]  (49.1s)
  evaluating 223,308 users in batches of 512...
    [512/223,308  elapsed 0.5s]
    [5,632/223,308  elapsed 4.9s]
    [10,752/223,308  elapsed 9.3s]
    [15,872/223,308  elapsed 13.7s]
    [20,992/223,308  elapsed 18.0s]
    [26,112/223,308  elapsed 19.0s]
    [31,232/223,308  elapsed 20.1s]
    [36,352/223,308  elapsed 21.1s]
    [41,472/223,308  elapsed 22.5s]
    [46,592/223,308  elapsed 24.2s]
    [51,712/223,308  elapsed 25.9s]
    [56,832/223,308  elapsed 27.7s]
    [61,952/223,308  elapsed 29.6s]
    [67,072/223,308  elapsed 31.3s]
    [72,192/223,308  elapsed 33.1s]
    [77,312/223,308  elapsed 34.9s]
    [82,432/223,308  elapsed 36.6s]
    [87,552/223,308  elapsed 38.5s]
    [92,672/223,308  elapsed 40.3s]
    [97,792/223,308  elapsed 42.1s]
    [102,912/223,308  elapsed 43.7s]
    [108,032/223,308  elapsed 45.2s]
    [113,152/223,308  elapsed 46.9s]
    [118,272/223,308  elapsed 48.4s]
    [123,392/223,308  elapsed 50.0s]
    [128,512/223,308  elapsed 51.6s]
    [133,632/223,308  elapsed 53.2s]
    [138,752/223,308  elapsed 55.0s]
    [143,872/223,308  elapsed 56.7s]
    [148,992/223,308  elapsed 58.3s]
    [154,112/223,308  elapsed 59.9s]
    [159,232/223,308  elapsed 61.5s]
    [164,352/223,308  elapsed 63.1s]
    [169,472/223,308  elapsed 64.6s]
    [174,592/223,308  elapsed 66.3s]
    [179,712/223,308  elapsed 68.0s]
    [184,832/223,308  elapsed 69.7s]
    [189,952/223,308  elapsed 71.5s]
    [195,072/223,308  elapsed 73.2s]
    [200,192/223,308  elapsed 74.9s]
    [205,312/223,308  elapsed 76.6s]
    [210,432/223,308  elapsed 78.0s]
    [215,552/223,308  elapsed 79.4s]
    [220,672/223,308  elapsed 80.9s]
  eval done in 81.6s
  by-popularity NDCG@10: tail=0.0011(n=29,887)  mid=0.0060(n=33,352)  head=0.0496(n=160,069)
  epoch   8  loss=9.4850  val_NDCG=0.0366  [test sequestered]  (48.9s)
  evaluating 223,308 users in batches of 512...
    [512/223,308  elapsed 0.5s]
    [5,632/223,308  elapsed 4.9s]
    [10,752/223,308  elapsed 9.5s]
    [15,872/223,308  elapsed 13.9s]
    [20,992/223,308  elapsed 18.2s]
    [26,112/223,308  elapsed 19.9s]
    [31,232/223,308  elapsed 21.0s]
    [36,352/223,308  elapsed 22.1s]
    [41,472/223,308  elapsed 23.4s]
    [46,592/223,308  elapsed 25.0s]
    [51,712/223,308  elapsed 26.5s]
    [56,832/223,308  elapsed 31.1s]
    [61,952/223,308  elapsed 36.1s]    [20,992/50,985 25s]
    [41,472/50,985 49s]
  VAL selected {'profile': 'exp0.9', 'wt_tail': 0.3, 'wt_mid': 0.1, 'wt_head': 0.1} (feasible 22/84; val f15 0.00772 vs ref 0.00382)
  [test] sequestered pass: ref + selected + 4 controls ...
  test pass complete (values sequestered to the artifact)
wrote C:\Users\rayxc\Documents\R\_bestrec_run\results_Industrial_and_Scientific_COLDFUSE2_confirm_seed20260741.json (metrics sequestered)
  random seed set to 20260742
=== Musical_Instruments: load splits ===
  n_users=57,439  n_items=24,587  pad_id=24587
  built sequences for 57,439 users
  built timestamp sequences (12 time buckets)
  loading SBERT embeddings from C:\Users\rayxc\Documents\R\cache_5core\sbert_titles_Musical_Instruments.npy...
  TAPE: k-means 24,587 text embeddings into K=512 prototypes (tau=0.05)...
  TAPE: K=512 mean max-assignment weight = 0.531 (1.0 = hard clustering)

=== Build SASRec-SBERT (d=64, layers=4, heads=2) ===
  total params: 11,186,047  device=cuda
  57,439 training examples / 225 batches per epoch
  init_state_sha256 = 26fffbbcec2738834ca4cb4580a807d8287750d9cf4a7133801fc2e2c1136866
  LR schedule: warmup_cosine (225 warmup + 4275 cosine steps)

=== Train for 20 epochs ===
  evaluating 57,439 users in batches of 512...
    [512/57,439  elapsed 0.6s]
    [5,632/57,439  elapsed 7.0s]
    [10,752/57,439  elapsed 14.1s]
    [15,872/57,439  elapsed 20.8s]
    [20,992/57,439  elapsed 27.7s]
    [26,112/57,439  elapsed 34.6s]
    [31,232/57,439  elapsed 41.0s]
    [36,352/57,439  elapsed 44.0s]
    [41,472/57,439  elapsed 46.6s]
    [46,592/57,439  elapsed 49.0s]
    [51,712/57,439  elapsed 51.4s]
    [56,832/57,439  elapsed 53.9s]
  eval done in 54.2s
  by-popularity NDCG@10: tail=0.0001(n=7,762)  mid=0.0004(n=8,169)  head=0.0374(n=41,508)
  epoch   1  loss=9.6159  val_NDCG=0.0271  [test sequestered]  (11.2s)
  evaluating 57,439 users in batches of 512...
    [512/57,439  elapsed 0.2s]
    [5,632/57,439  elapsed 2.7s]
    [10,752/57,439  elapsed 5.5s]
    [15,872/57,439  elapsed 8.3s]
    [20,992/57,439  elapsed 10.7s]
    [26,112/57,439  elapsed 13.2s]
    [31,232/57,439  elapsed 16.2s]
    [36,352/57,439  elapsed 18.7s]
    [41,472/57,439  elapsed 21.1s]
    [46,592/57,439  elapsed 23.9s]
    [51,712/57,439  elapsed 26.5s]
    [56,832/57,439  elapsed 29.0s]
  eval done in 29.4s
  by-popularity NDCG@10: tail=0.0001(n=7,762)  mid=0.0002(n=8,169)  head=0.0464(n=41,508)
  epoch   2  loss=9.0946  val_NDCG=0.0336  [test sequestered]  (6.7s)
  evaluating 57,439 users in batches of 512...
    [512/57,439  elapsed 0.2s]
    [5,632/57,439  elapsed 2.5s]
    [10,752/57,439  elapsed 5.3s]
    [15,872/57,439  elapsed 8.3s]
    [20,992/57,439  elapsed 11.2s]
    [26,112/57,439  elapsed 13.8s]
    [31,232/57,439  elapsed 17.0s]
    [36,352/57,439  elapsed 19.5s]
    [41,472/57,439  elapsed 22.1s]
    [46,592/57,439  elapsed 24.7s]
    [51,712/57,439  elapsed 27.5s]
    [56,832/57,439  elapsed 30.1s]
  eval done in 30.5s
  by-popularity NDCG@10: tail=0.0002(n=7,762)  mid=0.0010(n=8,169)  head=0.0533(n=41,508)
  epoch   3  loss=8.9321  val_NDCG=0.0386  [test sequestered]  (6.7s)
  evaluating 57,439 users in batches of 512...
    [512/57,439  elapsed 0.3s]
    [5,632/57,439  elapsed 2.7s]
    [10,752/57,439  elapsed 5.1s]
    [15,872/57,439  elapsed 7.9s]
    [20,992/57,439  elapsed 10.7s]
    [26,112/57,439  elapsed 13.2s]
    [31,232/57,439  elapsed 16.3s]
    [36,352/57,439  elapsed 18.8s]
    [41,472/57,439  elapsed 21.1s]
    [46,592/57,439  elapsed 23.8s]
    [51,712/57,439  elapsed 26.2s]
    [56,832/57,439  elapsed 28.8s]
  eval done in 29.0s
  by-popularity NDCG@10: tail=0.0001(n=7,762)  mid=0.0015(n=8,169)  head=0.0557(n=41,508)
  epoch   4  loss=8.8264  val_NDCG=0.0405  [test sequestered]  (6.7s)
  evaluating 57,439 users in batches of 512...
    [512/57,439  elapsed 0.2s]
    [5,632/57,439  elapsed 3.2s]
    [10,752/57,439  elapsed 5.0s]
    [15,872/57,439  elapsed 9.5s]
    [20,992/57,439  elapsed 16.0s]
    [26,112/57,439  elapsed 22.8s]
    [31,232/57,439  elapsed 29.9s]
    [36,352/57,439  elapsed 36.4s]
    [41,472/57,439  elapsed 43.0s]
    [46,592/57,439  elapsed 49.4s]
    [51,712/57,439  elapsed 54.6s]
    [56,832/57,439  elapsed 57.0s]
  eval done in 57.3s
  by-popularity NDCG@10: tail=0.0004(n=7,762)  mid=0.0028(n=8,169)  head=0.0581(n=41,508)
  epoch   5  loss=8.7449  val_NDCG=0.0424  [test sequestered]  (6.7s)
  evaluating 57,439 users in batches of 512...
    [512/57,439  elapsed 0.3s]
    [5,632/57,439  elapsed 2.9s]
    [10,752/57,439  elapsed 5.6s]
    [15,872/57,439  elapsed 8.6s]
    [20,992/57,439  elapsed 11.3s]
    [26,112/57,439  elapsed 13.7s]
    [31,232/57,439  elapsed 17.2s]
    [36,352/57,439  elapsed 19.8s]
    [41,472/57,439  elapsed 22.6s]
    [46,592/57,439  elapsed 25.2s]
    [51,712/57,439  elapsed 28.1s]
    [56,832/57,439  elapsed 30.5s]
  eval done in 30.8s
  by-popularity NDCG@10: tail=0.0006(n=7,762)  mid=0.0035(n=8,169)  head=0.0593(n=41,508)
  epoch   6  loss=8.6771  val_NDCG=0.0435  [test sequestered]  (6.6s)
  evaluating 57,439 users in batches of 512...
    [512/57,439  elapsed 0.2s]
    [5,632/57,439  elapsed 2.8s]
    [10,752/57,439  elapsed 5.2s]
    [15,872/57,439  elapsed 8.3s]
    [20,992/57,439  elapsed 10.7s]
    [26,112/57,439  elapsed 13.3s]
    [31,232/57,439  elapsed 16.1s]
    [36,352/57,439  elapsed 18.7s]
    [41,472/57,439  elapsed 21.5s]
    [46,592/57,439  elapsed 24.6s]
    [51,712/57,439  elapsed 27.6s]
    [56,832/57,439  elapsed 30.1s]
  eval done in 30.4s
  by-popularity NDCG@10: tail=0.0006(n=7,762)  mid=0.0042(n=8,169)  head=0.0599(n=41,508)
  epoch   7  loss=8.6203  val_NDCG=0.0440  [test sequestered]  (6.7s)
  evaluating 57,439 users in batches of 512...
    [512/57,439  elapsed 0.3s]
    [5,632/57,439  elapsed 3.0s]
    [10,752/57,439  elapsed 6.0s]
    [15,872/57,439  elapsed 8.9s]
    [20,992/57,439  elapsed 11.7s]
    [26,112/57,439  elapsed 14.2s]
    [31,232/57,439  elapsed 17.4s]
    [36,352/57,439  elapsed 19.8s]
    [41,472/57,439  elapsed 22.4s]
    [46,592/57,439  elapsed 24.9s]
    [51,712/57,439  elapsed 27.5s]
    [56,832/57,439  elapsed 30.1s]
  eval done in 30.5s
  by-popularity NDCG@10: tail=0.0011(n=7,762)  mid=0.0047(n=8,169)  head=0.0613(n=41,508)
  epoch   8  loss=8.5684  val_NDCG=0.0451  [test sequestered]  (6.6s)
  evaluating 57,439 users in batches of 512...
    [512/57,439  elapsed 0.3s]
    [5,632/57,439  elapsed 2.6s]
    [10,752/57,439  elapsed 4.9s]
    [15,872/57,439  elapsed 8.0s]
    [20,992/57,439  elapsed 10.4s]
    [26,112/57,439  elapsed 13.0s]
    [31,232/57,439  elapsed 15.5s]
    [36,352/57,439  elapsed 22.6s]
    [41,472/57,439  elapsed 29.5s]
    [46,592/57,439  elapsed 35.9s]
    [51,712/57,439  elapsed 42.7s]
    [56,832/57,439  elapsed 49.2s]
  eval done in 50.0s
  by-popularity NDCG@10: tail=0.0013(n=7,762)  mid=0.0053(n=8,169)  head=0.0613(n=41,508)
  epoch   9  loss=8.5191  val_NDCG=0.0453  [test sequestered]  (6.6s)
  evaluating 57,439 users in batches of 512...
    [512/57,439  elapsed 0.7s]
    [5,632/57,439  elapsed 6.1s]
    [10,752/57,439  elapsed 8.6s]
    [15,872/57,439  elapsed 11.2s]
    [20,992/57,439  elapsed 14.1s]
    [26,112/57,439  elapsed 16.8s]
    [31,232/57,439  elapsed 19.4s]
    [36,352/57,439  elapsed 22.2s]
    [41,472/57,439  elapsed 25.0s]
    [46,592/57,439  elapsed 27.7s]
    [51,712/57,439  elapsed 30.1s]
    [56,832/57,439  elapsed 32.8s]
  eval done in 33.1s
  by-popularity NDCG@10: tail=0.0016(n=7,762)  mid=0.0061(n=8,169)  head=0.0615(n=41,508)
  epoch  10  loss=8.4753  val_NDCG=0.0455  [test sequestered]  (10.8s)
  evaluating 57,439 users in batches of 512...
    [512/57,439  elapsed 0.2s]
    [5,632/57,439  elapsed 2.7s]
    [10,752/57,439  elapsed 5.0s]
    [15,872/57,439  elapsed 7.8s]
    [20,992/57,439  elapsed 10.4s]
    [26,112/57,439  elapsed 13.0s]
    [31,232/57,439  elapsed 15.9s]
    [36,352/57,439  elapsed 18.7s]
    [41,472/57,439  elapsed 21.1s]
    [46,592/57,439  elapsed 24.0s]
    [51,712/57,439  elapsed 26.5s]
    [56,832/57,439  elapsed 29.3s]
  eval done in 29.6s
  by-popularity NDCG@10: tail=0.0018(n=7,762)  mid=0.0062(n=8,169)  head=0.0620(n=41,508)
  epoch  11  loss=8.4347  val_NDCG=0.0459  [test sequestered]  (6.6s)
  evaluating 57,439 users in batches of 512...
    [512/57,439  elapsed 0.2s]
    [5,632/57,439  elapsed 3.3s]
    [10,752/57,439  elapsed 5.8s]
    [15,872/57,439  elapsed 8.0s]
    [67,072/223,308  elapsed 40.7s]
    [72,192/223,308  elapsed 45.8s]
    [77,312/223,308  elapsed 50.4s]
    [82,432/223,308  elapsed 55.2s]
    [87,552/223,308  elapsed 60.0s]
    [92,672/223,308  elapsed 64.8s]
    [97,792/223,308  elapsed 69.9s]
    [102,912/223,308  elapsed 74.7s]
    [108,032/223,308  elapsed 79.5s]
    [113,152/223,308  elapsed 84.4s]
    [118,272/223,308  elapsed 88.7s]
    [123,392/223,308  elapsed 92.6s]
    [128,512/223,308  elapsed 96.4s]
    [133,632/223,308  elapsed 100.3s]
    [138,752/223,308  elapsed 104.1s]
    [143,872/223,308  elapsed 107.9s]
    [148,992/223,308  elapsed 111.7s]
    [154,112/223,308  elapsed 115.3s]
    [159,232/223,308  elapsed 119.0s]
    [164,352/223,308  elapsed 122.6s]
    [169,472/223,308  elapsed 126.1s]
    [174,592/223,308  elapsed 129.7s]
    [179,712/223,308  elapsed 133.2s]
    [184,832/223,308  elapsed 136.6s]
    [189,952/223,308  elapsed 140.3s]
    [195,072/223,308  elapsed 143.9s]
    [200,192/223,308  elapsed 147.6s]
    [205,312/223,308  elapsed 151.3s]
    [210,432/223,308  elapsed 152.3s]
    [215,552/223,308  elapsed 153.5s]
    [220,672/223,308  elapsed 155.0s]
  eval done in 155.8s
  by-popularity NDCG@10: tail=0.0012(n=29,887)  mid=0.0068(n=33,352)  head=0.0500(n=160,069)
  epoch   9  loss=9.4376  val_NDCG=0.0370  [test sequestered]  (48.4s)
  evaluating 223,308 users in batches of 512...
    [512/223,308  elapsed 0.3s]
    [5,632/223,308  elapsed 3.0s]
    [10,752/223,308  elapsed 5.9s]
    [15,872/223,308  elapsed 8.4s]
    [20,992/223,308  elapsed 11.1s]
    [26,112/223,308  elapsed 14.5s]
    [31,232/223,308  elapsed 19.5s]
    [36,352/223,308  elapsed 22.2s]
    [41,472/223,308  elapsed 25.2s]
    [46,592/223,308  elapsed 28.2s]
    [51,712/223,308  elapsed 30.9s]
    [56,832/223,308  elapsed 33.6s]
    [61,952/223,308  elapsed 36.7s]
    [67,072/223,308  elapsed 39.5s]
    [72,192/223,308  elapsed 42.3s]
    [77,312/223,308  elapsed 45.2s]
    [82,432/223,308  elapsed 48.0s]
    [87,552/223,308  elapsed 51.9s]
    [92,672/223,308  elapsed 56.2s]
    [97,792/223,308  elapsed 58.7s]
    [102,912/223,308  elapsed 61.6s]
    [108,032/223,308  elapsed 64.8s]
    [113,152/223,308  elapsed 67.7s]
    [118,272/223,308  elapsed 70.7s]
    [123,392/223,308  elapsed 73.8s]
    [128,512/223,308  elapsed 76.6s]
    [133,632/223,308  elapsed 79.6s]
    [138,752/223,308  elapsed 82.2s]
    [143,872/223,308  elapsed 85.2s]
    [148,992/223,308  elapsed 88.6s]
    [154,112/223,308  elapsed 93.5s]
    [159,232/223,308  elapsed 95.8s]
    [164,352/223,308  elapsed 98.5s]
    [169,472/223,308  elapsed 101.4s]
    [174,592/223,308  elapsed 104.4s]
    [179,712/223,308  elapsed 107.0s]
    [184,832/223,308  elapsed 110.2s]
    [189,952/223,308  elapsed 112.9s]
    [195,072/223,308  elapsed 115.7s]
    [200,192/223,308  elapsed 118.4s]
    [205,312/223,308  elapsed 121.0s]
    [210,432/223,308  elapsed 124.3s]
    [215,552/223,308  elapsed 129.3s]
    [220,672/223,308  elapsed 132.3s]
  eval done in 133.6s
  by-popularity NDCG@10: tail=0.0013(n=29,887)  mid=0.0071(n=33,352)  head=0.0502(n=160,069)
  epoch  10  loss=9.3929  val_NDCG=0.0373  [test sequestered]  (52.8s)
  evaluating 223,308 users in batches of 512...
    [512/223,308  elapsed 0.2s]
    [5,632/223,308  elapsed 2.9s]
    [10,752/223,308  elapsed 7.2s]
    [15,872/223,308  elapsed 11.2s]
    [20,992/223,308  elapsed 13.9s]
    [26,112/223,308  elapsed 17.2s]
    [31,232/223,308  elapsed 20.0s]
    [36,352/223,308  elapsed 22.8s]
    [41,472/223,308  elapsed 26.1s]
    [46,592/223,308  elapsed 29.1s]
    [51,712/223,308  elapsed 32.1s]
    [56,832/223,308  elapsed 35.0s]
    [61,952/223,308  elapsed 38.0s]
    [67,072/223,308  elapsed 40.5s]
    [72,192/223,308  elapsed 44.7s]
    [77,312/223,308  elapsed 48.6s]
    [82,432/223,308  elapsed 51.4s]
    [87,552/223,308  elapsed 54.4s]
    [92,672/223,308  elapsed 57.1s]
    [97,792/223,308  elapsed 59.7s]
    [102,912/223,308  elapsed 62.6s]
    [108,032/223,308  elapsed 65.7s]
    [113,152/223,308  elapsed 68.4s]
    [118,272/223,308  elapsed 71.6s]
    [123,392/223,308  elapsed 74.6s]
    [128,512/223,308  elapsed 77.4s]
    [133,632/223,308  elapsed 81.3s]
    [138,752/223,308  elapsed 85.6s]
    [143,872/223,308  elapsed 88.4s]
    [148,992/223,308  elapsed 91.6s]
    [154,112/223,308  elapsed 94.5s]
    [159,232/223,308  elapsed 97.4s]
    [164,352/223,308  elapsed 100.5s]
    [169,472/223,308  elapsed 103.5s]
    [174,592/223,308  elapsed 106.5s]
    [179,712/223,308  elapsed 109.2s]
    [184,832/223,308  elapsed 112.0s]
    [189,952/223,308  elapsed 114.7s]
    [195,072/223,308  elapsed 118.0s]
    [200,192/223,308  elapsed 122.9s]
    [205,312/223,308  elapsed 125.5s]
    [210,432/223,308  elapsed 128.1s]
    [215,552/223,308  elapsed 131.2s]
    [220,672/223,308  elapsed 133.9s]
  eval done in 135.3s
  by-popularity NDCG@10: tail=0.0014(n=29,887)  mid=0.0077(n=33,352)  head=0.0507(n=160,069)
  epoch  11  loss=9.3512  val_NDCG=0.0377  [test sequestered]  (48.7s)
  evaluating 223,308 users in batches of 512...
    [512/223,308  elapsed 0.3s]
    [5,632/223,308  elapsed 3.1s]
    [10,752/223,308  elapsed 5.8s]
    [15,872/223,308  elapsed 8.8s]
    [20,992/223,308  elapsed 11.6s]
    [26,112/223,308  elapsed 14.4s]
    [31,232/223,308  elapsed 17.4s]
    [36,352/223,308  elapsed 20.1s]
    [41,472/223,308  elapsed 22.9s]
    [46,592/223,308  elapsed 25.7s]
    [51,712/223,308  elapsed 28.3s]
    [56,832/223,308  elapsed 33.7s]
    [61,952/223,308  elapsed 36.8s]
    [67,072/223,308  elapsed 39.2s]
    [72,192/223,308  elapsed 42.4s]
    [77,312/223,308  elapsed 45.1s]
    [82,432/223,308  elapsed 47.9s]
    [87,552/223,308  elapsed 51.2s]
    [92,672/223,308  elapsed 54.2s]
    [97,792/223,308  elapsed 56.8s]
    [102,912/223,308  elapsed 59.8s]
    [108,032/223,308  elapsed 62.4s]
    [113,152/223,308  elapsed 65.4s]
    [118,272/223,308  elapsed 70.6s]
    [123,392/223,308  elapsed 74.0s]
    [128,512/223,308  elapsed 76.6s]
    [133,632/223,308  elapsed 79.0s]
    [138,752/223,308  elapsed 81.9s]
    [143,872/223,308  elapsed 85.0s]
    [148,992/223,308  elapsed 87.6s]
    [154,112/223,308  elapsed 90.7s]
    [159,232/223,308  elapsed 94.1s]
    [164,352/223,308  elapsed 97.4s]
    [169,472/223,308  elapsed 100.6s]
    [174,592/223,308  elapsed 103.7s]
    [179,712/223,308  elapsed 109.0s]
    [184,832/223,308  elapsed 112.6s]
    [189,952/223,308  elapsed 115.9s]
    [195,072/223,308  elapsed 119.2s]
    [200,192/223,308  elapsed 122.1s]
    [205,312/223,308  elapsed 125.3s]
    [210,432/223,308  elapsed 128.1s]
    [215,552/223,308  elapsed 131.0s]
    [220,672/223,308  elapsed 133.6s]
  eval done in 135.0s
  by-popularity NDCG@10: tail=0.0016(n=29,887)  mid=0.0079(n=33,352)  head=0.0506(n=160,069)
  epoch  12  loss=9.3115  val_NDCG=0.0376  [test sequestered]  (52.6s)
  evaluating 223,308 users in batches of 512...
    [512/223,308  elapsed 0.2s]
    [5,632/223,308  elapsed 3.0s]
    [10,752/223,308  elapsed 5.5s]
    [15,872/223,308  elapsed 7.8s]
    [20,992/223,308  elapsed 10.6s]
    [26,112/223,308  elapsed 13.5s]
    [31,232/223,308  elapsed 16.0s]
    [36,352/223,308  elapsed 20.0s]
    [41,472/223,308  elapsed 23.7s]
    [46,592/223,308  elapsed 26.4s]
    [51,712/223,308  elapsed 29.3s]
    [56,832/223,308  elapsed 32.1s]
    [61,952/223,308  elapsed 34.6s]
    [67,072/223,308  elapsed 37.3s]
    [72,192/223,308  elapsed 40.1s]
    [77,312/223,308  elapsed 43.0s]
    [82,432/223,308  elapsed 45.5s]
    [87,552/223,308  elapsed 48.1s]
    [92,672/223,308  elapsed 50.9s]
    [97,792/223,308  elapsed 54.5s]
    [102,912/223,308  elapsed 59.0s]
    [108,032/223,308  elapsed 62.0s]
    [113,152/223,308  elapsed 64.9s]
    [118,272/223,308  elapsed 67.9s]
    [123,392/223,308  elapsed 70.9s]
    [128,512/223,308  elapsed 73.7s]
    [133,632/223,308  elapsed 76.4s]
    [138,752/223,308  elapsed 79.3s]
    [143,872/223,308  elapsed 82.1s]
    [148,992/223,308  elapsed 84.8s]
    [20,992/57,439  elapsed 10.9s]
    [26,112/57,439  elapsed 13.7s]
    [31,232/57,439  elapsed 16.1s]
    [36,352/57,439  elapsed 19.1s]
    [41,472/57,439  elapsed 22.1s]
    [46,592/57,439  elapsed 25.5s]
    [51,712/57,439  elapsed 28.6s]
    [56,832/57,439  elapsed 31.8s]
  eval done in 32.1s
  by-popularity NDCG@10: tail=0.0017(n=7,762)  mid=0.0062(n=8,169)  head=0.0614(n=41,508)
  epoch  12  loss=8.3995  val_NDCG=0.0455  [test sequestered]  (6.5s)
  evaluating 57,439 users in batches of 512...
    [512/57,439  elapsed 0.3s]
    [5,632/57,439  elapsed 3.4s]
    [10,752/57,439  elapsed 6.5s]
    [15,872/57,439  elapsed 9.6s]
    [20,992/57,439  elapsed 12.4s]
    [26,112/57,439  elapsed 15.4s]
    [31,232/57,439  elapsed 18.3s]
    [36,352/57,439  elapsed 20.8s]
    [41,472/57,439  elapsed 23.5s]
    [46,592/57,439  elapsed 25.8s]
    [51,712/57,439  elapsed 31.2s]
    [56,832/57,439  elapsed 37.2s]
  eval done in 38.0s
  by-popularity NDCG@10: tail=0.0019(n=7,762)  mid=0.0070(n=8,169)  head=0.0612(n=41,508)
  epoch  13  loss=8.3683  val_NDCG=0.0455  [test sequestered]  (6.4s)
  evaluating 57,439 users in batches of 512...
    [512/57,439  elapsed 0.6s]
    [5,632/57,439  elapsed 5.9s]
    [10,752/57,439  elapsed 12.0s]
    [15,872/57,439  elapsed 18.2s]
    [20,992/57,439  elapsed 24.3s]
    [26,112/57,439  elapsed 28.9s]
    [31,232/57,439  elapsed 31.2s]
    [36,352/57,439  elapsed 33.6s]
    [41,472/57,439  elapsed 36.0s]
    [46,592/57,439  elapsed 38.7s]
    [51,712/57,439  elapsed 41.6s]
    [56,832/57,439  elapsed 43.9s]
  eval done in 44.2s
  by-popularity NDCG@10: tail=0.0021(n=7,762)  mid=0.0069(n=8,169)  head=0.0613(n=41,508)
  epoch  14  loss=8.3408  val_NDCG=0.0456  [test sequestered]  (10.6s)
  evaluating 57,439 users in batches of 512...
    [512/57,439  elapsed 0.2s]
    [5,632/57,439  elapsed 3.0s]
    [10,752/57,439  elapsed 5.7s]
    [15,872/57,439  elapsed 8.6s]
    [20,992/57,439  elapsed 11.3s]
    [26,112/57,439  elapsed 13.8s]
    [31,232/57,439  elapsed 16.6s]
    [36,352/57,439  elapsed 19.1s]
    [41,472/57,439  elapsed 21.8s]
    [46,592/57,439  elapsed 24.1s]
    [51,712/57,439  elapsed 26.7s]
    [56,832/57,439  elapsed 29.4s]
  eval done in 29.8s
  by-popularity NDCG@10: tail=0.0021(n=7,762)  mid=0.0071(n=8,169)  head=0.0616(n=41,508)
  epoch  15  loss=8.3180  val_NDCG=0.0458  [test sequestered]  (6.3s)
  evaluating 57,439 users in batches of 512...
    [512/57,439  elapsed 0.3s]
    [5,632/57,439  elapsed 3.2s]
    [10,752/57,439  elapsed 6.2s]
    [15,872/57,439  elapsed 9.2s]
    [20,992/57,439  elapsed 12.2s]
    [26,112/57,439  elapsed 14.9s]
    [31,232/57,439  elapsed 17.4s]
    [36,352/57,439  elapsed 20.3s]
    [41,472/57,439  elapsed 23.0s]
    [46,592/57,439  elapsed 25.5s]
    [51,712/57,439  elapsed 28.5s]
    [56,832/57,439  elapsed 31.4s]
  eval done in 31.8s
  by-popularity NDCG@10: tail=0.0022(n=7,762)  mid=0.0073(n=8,169)  head=0.0618(n=41,508)
  epoch  16  loss=8.2995  val_NDCG=0.0460  [test sequestered]  (6.4s)
  evaluating 57,439 users in batches of 512...
    [512/57,439  elapsed 0.2s]
    [5,632/57,439  elapsed 2.9s]
    [10,752/57,439  elapsed 5.9s]
    [15,872/57,439  elapsed 9.3s]
    [20,992/57,439  elapsed 12.1s]
    [26,112/57,439  elapsed 14.8s]
    [31,232/57,439  elapsed 18.2s]
    [36,352/57,439  elapsed 21.3s]
    [41,472/57,439  elapsed 23.7s]
    [46,592/57,439  elapsed 26.7s]
    [51,712/57,439  elapsed 29.5s]
    [56,832/57,439  elapsed 32.2s]
  eval done in 32.5s
  by-popularity NDCG@10: tail=0.0022(n=7,762)  mid=0.0075(n=8,169)  head=0.0619(n=41,508)
  epoch  17  loss=8.2857  val_NDCG=0.0461  [test sequestered]  (6.9s)
  evaluating 57,439 users in batches of 512...
    [512/57,439  elapsed 0.6s]
    [5,632/57,439  elapsed 7.4s]
    [10,752/57,439  elapsed 14.4s]
    [15,872/57,439  elapsed 20.7s]
    [20,992/57,439  elapsed 26.7s]
    [26,112/57,439  elapsed 32.8s]
    [31,232/57,439  elapsed 39.0s]
    [36,352/57,439  elapsed 42.7s]
    [41,472/57,439  elapsed 45.4s]
    [46,592/57,439  elapsed 48.3s]
    [51,712/57,439  elapsed 51.1s]
    [56,832/57,439  elapsed 53.9s]
  eval done in 54.1s
  by-popularity NDCG@10: tail=0.0022(n=7,762)  mid=0.0075(n=8,169)  head=0.0618(n=41,508)
  epoch  18  loss=8.2774  val_NDCG=0.0460  [test sequestered]  (10.2s)
  evaluating 57,439 users in batches of 512...
    [512/57,439  elapsed 0.2s]
    [5,632/57,439  elapsed 2.9s]
    [10,752/57,439  elapsed 5.1s]
    [15,872/57,439  elapsed 7.9s]
    [20,992/57,439  elapsed 10.8s]
    [26,112/57,439  elapsed 13.6s]
    [31,232/57,439  elapsed 16.3s]
    [36,352/57,439  elapsed 19.0s]
    [41,472/57,439  elapsed 21.4s]
    [46,592/57,439  elapsed 24.1s]
    [51,712/57,439  elapsed 26.5s]
    [56,832/57,439  elapsed 29.1s]
  eval done in 29.4s
  by-popularity NDCG@10: tail=0.0022(n=7,762)  mid=0.0075(n=8,169)  head=0.0618(n=41,508)
  epoch  19  loss=8.2702  val_NDCG=0.0460  [test sequestered]  (6.4s)
  evaluating 57,439 users in batches of 512...
    [512/57,439  elapsed 0.2s]
    [5,632/57,439  elapsed 3.0s]
    [10,752/57,439  elapsed 5.9s]
    [15,872/57,439  elapsed 8.5s]
    [20,992/57,439  elapsed 11.1s]
    [26,112/57,439  elapsed 14.0s]
    [31,232/57,439  elapsed 16.6s]
    [36,352/57,439  elapsed 19.2s]
    [41,472/57,439  elapsed 22.1s]
    [46,592/57,439  elapsed 24.4s]
    [51,712/57,439  elapsed 27.2s]
    [56,832/57,439  elapsed 30.1s]
  eval done in 30.5s
  by-popularity NDCG@10: tail=0.0022(n=7,762)  mid=0.0075(n=8,169)  head=0.0618(n=41,508)
  epoch  20  loss=8.2659  val_NDCG=0.0460  [test sequestered]  (6.3s)

=== Best by val NDCG@10 ===
  val_NDCG=0.0461
  best_ckpt_sha256 = 9c07d212c016e5ac62ca8949dd8da634e17a643949b55d08bbdba2997a9a6ddd

wrote C:\Users\rayxc\Documents\R\_bestrec_run\results_MI_COLDFUSE2_base_seed20260742.json
=== fusion eval: Musical_Instruments  ckpt=results_MI_COLDFUSE2_base_seed20260742.best.pt ===
  n_users=57,439 n_items=24,587
  ckpt from epoch 17 (val NDCG@10 0.04608)

--- EASE l2=50.0: fit + VAL sweep ---
  EASE l2=50.0: verified cache hit (0d6aa731986eefd4228ee0f9)
    [512/57,439 elapsed 0.6s]
    [10,752/57,439 elapsed 6.6s]
    [20,992/57,439 elapsed 13.2s]
    [31,232/57,439 elapsed 20.4s]
    [41,472/57,439 elapsed 26.7s]
    [51,712/57,439 elapsed 33.2s]
  VAL seq NDCG@10=0.04608  ease=0.03472
    w=0.01: val fused NDCG@10=0.04741
    w=0.02: val fused NDCG@10=0.04799
    w=0.03: val fused NDCG@10=0.04829
    w=0.04: val fused NDCG@10=0.04828
    w=0.05: val fused NDCG@10=0.04819
    w=0.06: val fused NDCG@10=0.04793
    w=0.075: val fused NDCG@10=0.04745
    w=0.1: val fused NDCG@10=0.04666

--- EASE l2=100.0: fit + VAL sweep ---
  EASE l2=100.0: verified cache hit (e6853d0b0fa835018ed44c6c)
    [512/57,439 elapsed 0.8s]
    [10,752/57,439 elapsed 16.0s]
    [20,992/57,439 elapsed 29.3s]
    [31,232/57,439 elapsed 43.8s]
    [41,472/57,439 elapsed 53.5s]
    [51,712/57,439 elapsed 59.2s]
  VAL seq NDCG@10=0.04608  ease=0.03536
    w=0.01: val fused NDCG@10=0.04755
    w=0.02: val fused NDCG@10=0.04814
    w=0.03: val fused NDCG@10=0.04829
    w=0.04: val fused NDCG@10=0.04832
    w=0.05: val fused NDCG@10=0.04827
    w=0.06: val fused NDCG@10=0.04802
    w=0.075: val fused NDCG@10=0.04735
    w=0.1: val fused NDCG@10=0.04654

--- EASE l2=200.0: fit + VAL sweep ---
  EASE l2=200.0: verified cache hit (ebdd11e5519b1f4b59ea0424)
    [512/57,439 elapsed 0.3s]
    [10,752/57,439 elapsed 6.0s]
    [20,992/57,439 elapsed 11.7s]
    [31,232/57,439 elapsed 17.4s]
    [41,472/57,439 elapsed 23.1s]
    [51,712/57,439 elapsed 28.6s]
  VAL seq NDCG@10=0.04608  ease=0.03548
    w=0.01: val fused NDCG@10=0.04764
    w=0.02: val fused NDCG@10=0.04819
    w=0.03: val fused NDCG@10=0.04831
    w=0.04: val fused NDCG@10=0.04837
    w=0.05: val fused NDCG@10=0.04815
    w=0.06: val fused NDCG@10=0.04801
    w=0.075: val fused NDCG@10=0.04734
    w=0.1: val fused NDCG@10=0.04639

--- EASE l2=500.0: fit + VAL sweep ---
  EASE l2=500.0: verified cache hit (b30720d9178a2f9cb57fa1d1)
    [512/57,439 elapsed 0.2s]
    [10,752/57,439 elapsed 5.9s]
    [20,992/57,439 elapsed 11.6s]
    [31,232/57,439 elapsed 17.3s]
    [41,472/57,439 elapsed 22.8s]
    [51,712/57,439 elapsed 28.6s]
  VAL seq NDCG@10=0.04608  ease=0.03500
    w=0.01: val fused NDCG@10=0.04761
    w=0.02: val fused NDCG@10=0.04819
    w=0.03: val fused NDCG@10=0.04829
    w=0.04: val fused NDCG@10=0.04816
    w=0.05: val fused NDCG@10=0.04789
    w=0.06: val fused NDCG@10=0.04749
    w=0.075: val fused NDCG@10=0.04695
    w=0.1: val fused NDCG@10=0.04587

=== selected on VAL: l2=200.0, w=0.04 (val fused NDCG@10=0.04837) ===
wrote C:\Users\rayxc\Documents\R\_bestrec_run\results_MI_COLDFUSE2_base_seed20260742.fusion.json (VAL-ONLY; test sequestered)
=== COLDFUSE2 confirm: Musical_Instruments seed 20260742 (ease=yes; test sequestered) ===
  EASE l2=200.0: verified cache hit (ebdd11e5519b1f4b59ea0424)
  [val] streaming sweep: 85 systems ...
    [512/57,439 1s]
    [20,992/57,439 24s]
    [41,472/57,439 48s]
  VAL selected {'profile': 'exp0.9', 'wt_tail': 0.4, 'wt_mid': 0.1, 'wt_head': 0.1} (feasible 30/84; val f15 0.00689 vs ref 0.00208)
  [test] sequestered pass: ref + selected + 4 controls ...
  test pass complete (values sequestered to the artifact)
wrote C:\Users\rayxc\Documents\R\_bestrec_run\results_Musical_Instruments_COLDFUSE2_confirm_seed20260742.json (metrics sequestered)

    [154,112/223,308  elapsed 87.8s]
    [159,232/223,308  elapsed 90.6s]
    [164,352/223,308  elapsed 95.0s]
    [169,472/223,308  elapsed 99.0s]
    [174,592/223,308  elapsed 102.0s]
    [179,712/223,308  elapsed 105.2s]
    [184,832/223,308  elapsed 108.3s]
    [189,952/223,308  elapsed 111.5s]
    [195,072/223,308  elapsed 114.8s]
    [200,192/223,308  elapsed 118.0s]
    [205,312/223,308  elapsed 120.6s]
    [210,432/223,308  elapsed 123.5s]
    [215,552/223,308  elapsed 126.7s]
    [220,672/223,308  elapsed 129.3s]
  eval done in 130.7s
  by-popularity NDCG@10: tail=0.0016(n=29,887)  mid=0.0083(n=33,352)  head=0.0505(n=160,069)
  epoch  13  loss=9.2739  val_NDCG=0.0376  [test sequestered]  (50.8s)
  evaluating 223,308 users in batches of 512...
    [512/223,308  elapsed 0.2s]
    [5,632/223,308  elapsed 2.8s]
    [10,752/223,308  elapsed 5.7s]
    [15,872/223,308  elapsed 8.5s]
    [20,992/223,308  elapsed 11.2s]
    [26,112/223,308  elapsed 14.4s]
    [31,232/223,308  elapsed 19.1s]
    [36,352/223,308  elapsed 21.9s]
    [41,472/223,308  elapsed 24.4s]
    [46,592/223,308  elapsed 27.3s]
    [51,712/223,308  elapsed 30.1s]
    [56,832/223,308  elapsed 32.8s]
    [61,952/223,308  elapsed 35.7s]
    [67,072/223,308  elapsed 38.4s]
    [72,192/223,308  elapsed 41.0s]
    [77,312/223,308  elapsed 43.7s]
    [82,432/223,308  elapsed 46.1s]
    [87,552/223,308  elapsed 48.8s]
    [92,672/223,308  elapsed 53.3s]
    [97,792/223,308  elapsed 56.7s]
    [102,912/223,308  elapsed 59.6s]
    [108,032/223,308  elapsed 62.5s]
    [113,152/223,308  elapsed 65.1s]
    [118,272/223,308  elapsed 67.9s]
    [123,392/223,308  elapsed 70.8s]
    [128,512/223,308  elapsed 73.4s]
    [133,632/223,308  elapsed 76.4s]
    [138,752/223,308  elapsed 78.9s]
    [143,872/223,308  elapsed 81.7s]
    [148,992/223,308  elapsed 84.7s]
    [154,112/223,308  elapsed 86.1s]
    [159,232/223,308  elapsed 87.1s]
    [164,352/223,308  elapsed 88.6s]
    [169,472/223,308  elapsed 89.9s]
    [174,592/223,308  elapsed 91.5s]
    [179,712/223,308  elapsed 94.5s]
    [184,832/223,308  elapsed 99.0s]
    [189,952/223,308  elapsed 103.4s]
    [195,072/223,308  elapsed 107.7s]
    [200,192/223,308  elapsed 112.2s]
    [205,312/223,308  elapsed 116.7s]
    [210,432/223,308  elapsed 121.1s]
    [215,552/223,308  elapsed 125.3s]
    [220,672/223,308  elapsed 129.5s]
  eval done in 130.3s
  by-popularity NDCG@10: tail=0.0016(n=29,887)  mid=0.0085(n=33,352)  head=0.0508(n=160,069)
  epoch  14  loss=9.2407  val_NDCG=0.0379  [test sequestered]  (50.6s)
  evaluating 223,308 users in batches of 512...
    [512/223,308  elapsed 0.4s]
    [5,632/223,308  elapsed 4.6s]
    [10,752/223,308  elapsed 8.8s]
    [15,872/223,308  elapsed 12.0s]
    [20,992/223,308  elapsed 13.0s]
    [26,112/223,308  elapsed 14.3s]
    [31,232/223,308  elapsed 18.4s]
    [36,352/223,308  elapsed 22.5s]
    [41,472/223,308  elapsed 26.7s]
    [46,592/223,308  elapsed 30.8s]
    [51,712/223,308  elapsed 35.0s]
    [56,832/223,308  elapsed 39.2s]
    [61,952/223,308  elapsed 43.4s]
    [67,072/223,308  elapsed 46.1s]
    [72,192/223,308  elapsed 47.1s]
    [77,312/223,308  elapsed 48.6s]
    [82,432/223,308  elapsed 52.8s]
    [87,552/223,308  elapsed 56.8s]
    [92,672/223,308  elapsed 60.9s]
    [97,792/223,308  elapsed 65.1s]
    [102,912/223,308  elapsed 69.2s]
    [108,032/223,308  elapsed 73.4s]
    [113,152/223,308  elapsed 77.5s]
    [118,272/223,308  elapsed 80.2s]
    [123,392/223,308  elapsed 81.2s]
    [128,512/223,308  elapsed 82.6s]
    [133,632/223,308  elapsed 84.1s]
    [138,752/223,308  elapsed 85.5s]
    [143,872/223,308  elapsed 88.0s]
    [148,992/223,308  elapsed 92.6s]
    [154,112/223,308  elapsed 97.2s]
    [159,232/223,308  elapsed 101.9s]
    [164,352/223,308  elapsed 106.9s]
    [169,472/223,308  elapsed 111.4s]
    [174,592/223,308  elapsed 116.2s]
    [179,712/223,308  elapsed 120.9s]
    [184,832/223,308  elapsed 126.0s]
    [189,952/223,308  elapsed 130.5s]
    [195,072/223,308  elapsed 135.4s]
    [200,192/223,308  elapsed 140.2s]
    [205,312/223,308  elapsed 145.1s]
    [210,432/223,308  elapsed 149.8s]
    [215,552/223,308  elapsed 154.1s]
    [220,672/223,308  elapsed 158.0s]
  eval done in 159.8s
  by-popularity NDCG@10: tail=0.0017(n=29,887)  mid=0.0085(n=33,352)  head=0.0507(n=160,069)
  epoch  15  loss=9.2109  val_NDCG=0.0378  [test sequestered]  (50.9s)
  evaluating 223,308 users in batches of 512...
    [512/223,308  elapsed 0.3s]
    [5,632/223,308  elapsed 3.8s]
    [10,752/223,308  elapsed 7.2s]
    [15,872/223,308  elapsed 10.6s]
    [20,992/223,308  elapsed 14.2s]
    [26,112/223,308  elapsed 17.6s]
    [31,232/223,308  elapsed 21.0s]
    [36,352/223,308  elapsed 24.4s]
    [41,472/223,308  elapsed 27.8s]
    [46,592/223,308  elapsed 31.1s]
    [51,712/223,308  elapsed 34.5s]
    [56,832/223,308  elapsed 37.8s]
    [61,952/223,308  elapsed 41.3s]
    [67,072/223,308  elapsed 44.3s]
    [72,192/223,308  elapsed 45.3s]
    [77,312/223,308  elapsed 46.6s]
    [82,432/223,308  elapsed 48.2s]
    [87,552/223,308  elapsed 51.1s]
    [92,672/223,308  elapsed 55.3s]
    [97,792/223,308  elapsed 58.3s]
    [102,912/223,308  elapsed 61.2s]
    [108,032/223,308  elapsed 64.0s]
    [113,152/223,308  elapsed 67.3s]
    [118,272/223,308  elapsed 70.4s]
    [123,392/223,308  elapsed 73.0s]
    [128,512/223,308  elapsed 75.7s]
    [133,632/223,308  elapsed 79.1s]
    [138,752/223,308  elapsed 82.0s]
    [143,872/223,308  elapsed 85.7s]
    [148,992/223,308  elapsed 90.2s]
    [154,112/223,308  elapsed 93.1s]
    [159,232/223,308  elapsed 96.2s]
    [164,352/223,308  elapsed 99.5s]
    [169,472/223,308  elapsed 102.4s]
    [174,592/223,308  elapsed 105.6s]
    [179,712/223,308  elapsed 108.8s]
    [184,832/223,308  elapsed 112.1s]
    [189,952/223,308  elapsed 115.2s]
    [195,072/223,308  elapsed 117.7s]
    [200,192/223,308  elapsed 122.7s]
    [205,312/223,308  elapsed 125.8s]
    [210,432/223,308  elapsed 128.9s]
    [215,552/223,308  elapsed 132.0s]
    [220,672/223,308  elapsed 135.1s]
  eval done in 136.7s
  by-popularity NDCG@10: tail=0.0018(n=29,887)  mid=0.0087(n=33,352)  head=0.0507(n=160,069)
  epoch  16  loss=9.1829  val_NDCG=0.0379  [test sequestered]  (48.7s)
  evaluating 223,308 users in batches of 512...
    [512/223,308  elapsed 0.3s]
    [5,632/223,308  elapsed 3.8s]
    [10,752/223,308  elapsed 7.2s]
    [15,872/223,308  elapsed 10.0s]
    [20,992/223,308  elapsed 13.0s]
    [26,112/223,308  elapsed 16.3s]
    [31,232/223,308  elapsed 19.4s]
    [36,352/223,308  elapsed 22.5s]
    [41,472/223,308  elapsed 25.5s]
    [46,592/223,308  elapsed 30.0s]
    [51,712/223,308  elapsed 33.7s]
    [56,832/223,308  elapsed 36.2s]
    [61,952/223,308  elapsed 39.6s]
    [67,072/223,308  elapsed 42.8s]
    [72,192/223,308  elapsed 46.0s]
    [77,312/223,308  elapsed 48.7s]
    [82,432/223,308  elapsed 51.8s]
    [87,552/223,308  elapsed 54.8s]
    [92,672/223,308  elapsed 57.6s]
    [97,792/223,308  elapsed 60.8s]
    [102,912/223,308  elapsed 65.8s]
    [108,032/223,308  elapsed 68.4s]
    [113,152/223,308  elapsed 71.4s]
    [118,272/223,308  elapsed 74.5s]
    [123,392/223,308  elapsed 77.5s]
    [128,512/223,308  elapsed 80.4s]
    [133,632/223,308  elapsed 83.7s]
    [138,752/223,308  elapsed 86.1s]
    [143,872/223,308  elapsed 89.0s]
    [148,992/223,308  elapsed 92.1s]
    [154,112/223,308  elapsed 95.5s]
    [159,232/223,308  elapsed 100.2s]
    [164,352/223,308  elapsed 103.5s]
    [169,472/223,308  elapsed 106.5s]
    [174,592/223,308  elapsed 109.7s]
    [179,712/223,308  elapsed 112.5s]
    [184,832/223,308  elapsed 115.5s]
    [189,952/223,308  elapsed 118.8s]
    [195,072/223,308  elapsed 121.6s]
    [200,192/223,308  elapsed 124.6s]
    [205,312/223,308  elapsed 127.5s]
    [210,432/223,308  elapsed 131.4s]
    [215,552/223,308  elapsed 135.4s]
    [220,672/223,308  elapsed 138.2s]
  eval done in 139.9s
  by-popularity NDCG@10: tail=0.0018(n=29,887)  mid=0.0088(n=33,352)  head=0.0509(n=160,069)  random seed set to 20260742
=== Industrial_and_Scientific: load splits ===
  n_users=50,985  n_items=25,848  pad_id=25848
  built sequences for 50,985 users
  built timestamp sequences (12 time buckets)
  loading SBERT embeddings from C:\Users\rayxc\Documents\R\cache_5core\sbert_titles_Industrial_and_Scientific.npy...
  TAPE: k-means 25,848 text embeddings into K=512 prototypes (tau=0.05)...
  TAPE: K=512 mean max-assignment weight = 0.602 (1.0 = hard clustering)

=== Build SASRec-SBERT (d=64, layers=4, heads=2) ===
  total params: 11,750,463  device=cuda
  50,985 training examples / 200 batches per epoch
  init_state_sha256 = eafa5dc8bfec7acb4978202eefbeff3702fa1aced369f5ec6479a6c66432bf3d
  LR schedule: warmup_cosine (200 warmup + 3800 cosine steps)

=== Train for 20 epochs ===
  evaluating 50,985 users in batches of 512...
    [512/50,985  elapsed 0.3s]
    [5,632/50,985  elapsed 3.0s]
    [10,752/50,985  elapsed 6.1s]
    [15,872/50,985  elapsed 8.7s]
    [20,992/50,985  elapsed 11.9s]
    [26,112/50,985  elapsed 15.1s]
    [31,232/50,985  elapsed 17.6s]
    [36,352/50,985  elapsed 20.1s]
    [41,472/50,985  elapsed 23.1s]
    [46,592/50,985  elapsed 26.0s]
  eval done in 28.1s
  by-popularity NDCG@10: tail=0.0000(n=9,330)  mid=0.0001(n=8,951)  head=0.0298(n=32,704)
  epoch   1  loss=9.7660  val_NDCG=0.0191  [test sequestered]  (5.7s)
  evaluating 50,985 users in batches of 512...
    [512/50,985  elapsed 0.3s]
    [5,632/50,985  elapsed 3.0s]
    [10,752/50,985  elapsed 5.7s]
    [15,872/50,985  elapsed 8.7s]
    [20,992/50,985  elapsed 11.6s]
    [26,112/50,985  elapsed 14.2s]
    [31,232/50,985  elapsed 17.4s]
    [36,352/50,985  elapsed 20.6s]
    [41,472/50,985  elapsed 23.8s]
    [46,592/50,985  elapsed 26.6s]
  eval done in 28.7s
  by-popularity NDCG@10: tail=0.0000(n=9,330)  mid=0.0003(n=8,951)  head=0.0420(n=32,704)
  epoch   2  loss=9.2294  val_NDCG=0.0270  [test sequestered]  (5.9s)
  evaluating 50,985 users in batches of 512...
    [512/50,985  elapsed 0.2s]
    [5,632/50,985  elapsed 2.8s]
    [10,752/50,985  elapsed 5.9s]
    [15,872/50,985  elapsed 8.7s]
    [20,992/50,985  elapsed 11.8s]
    [26,112/50,985  elapsed 13.8s]
    [31,232/50,985  elapsed 20.4s]
    [36,352/50,985  elapsed 27.4s]
    [41,472/50,985  elapsed 34.3s]
    [46,592/50,985  elapsed 40.1s]
  eval done in 45.3s
  by-popularity NDCG@10: tail=0.0000(n=9,330)  mid=0.0012(n=8,951)  head=0.0487(n=32,704)
  epoch   3  loss=9.0207  val_NDCG=0.0314  [test sequestered]  (5.7s)
  evaluating 50,985 users in batches of 512...
    [512/50,985  elapsed 0.6s]
    [5,632/50,985  elapsed 7.4s]
    [10,752/50,985  elapsed 12.0s]
    [15,872/50,985  elapsed 15.0s]
    [20,992/50,985  elapsed 18.4s]
    [26,112/50,985  elapsed 21.3s]
    [31,232/50,985  elapsed 24.3s]
    [36,352/50,985  elapsed 27.3s]
    [41,472/50,985  elapsed 30.2s]
    [46,592/50,985  elapsed 33.0s]
  eval done in 35.9s
  by-popularity NDCG@10: tail=0.0002(n=9,330)  mid=0.0026(n=8,951)  head=0.0539(n=32,704)
  epoch   4  loss=8.8738  val_NDCG=0.0351  [test sequestered]  (9.2s)
  evaluating 50,985 users in batches of 512...
    [512/50,985  elapsed 0.2s]
    [5,632/50,985  elapsed 3.1s]
    [10,752/50,985  elapsed 5.6s]
    [15,872/50,985  elapsed 9.0s]
    [20,992/50,985  elapsed 12.2s]
    [26,112/50,985  elapsed 15.0s]
    [31,232/50,985  elapsed 17.8s]
    [36,352/50,985  elapsed 20.9s]
    [41,472/50,985  elapsed 23.6s]
    [46,592/50,985  elapsed 26.2s]
  eval done in 28.3s
  by-popularity NDCG@10: tail=0.0005(n=9,330)  mid=0.0044(n=8,951)  head=0.0565(n=32,704)
  epoch   5  loss=8.7549  val_NDCG=0.0371  [test sequestered]  (5.7s)
  evaluating 50,985 users in batches of 512...
    [512/50,985  elapsed 0.2s]
    [5,632/50,985  elapsed 3.1s]
    [10,752/50,985  elapsed 5.8s]
    [15,872/50,985  elapsed 8.9s]
    [20,992/50,985  elapsed 11.8s]
    [26,112/50,985  elapsed 14.4s]
    [31,232/50,985  elapsed 17.5s]
    [36,352/50,985  elapsed 19.7s]
    [41,472/50,985  elapsed 22.3s]
    [46,592/50,985  elapsed 25.3s]
  eval done in 28.0s
  by-popularity NDCG@10: tail=0.0007(n=9,330)  mid=0.0059(n=8,951)  head=0.0584(n=32,704)
  epoch   6  loss=8.6554  val_NDCG=0.0386  [test sequestered]  (5.8s)
  evaluating 50,985 users in batches of 512...
    [512/50,985  elapsed 0.3s]
    [5,632/50,985  elapsed 3.5s]
    [10,752/50,985  elapsed 6.2s]
    [15,872/50,985  elapsed 9.0s]
    [20,992/50,985  elapsed 11.8s]
    [26,112/50,985  elapsed 14.4s]
    [31,232/50,985  elapsed 17.0s]
    [36,352/50,985  elapsed 20.4s]
    [41,472/50,985  elapsed 23.1s]
    [46,592/50,985  elapsed 25.8s]
  eval done in 28.0s
  by-popularity NDCG@10: tail=0.0010(n=9,330)  mid=0.0078(n=8,951)  head=0.0594(n=32,704)
  epoch   7  loss=8.5668  val_NDCG=0.0397  [test sequestered]  (5.9s)
  evaluating 50,985 users in batches of 512...
    [512/50,985  elapsed 0.3s]
    [5,632/50,985  elapsed 2.9s]
    [10,752/50,985  elapsed 5.9s]
    [15,872/50,985  elapsed 9.1s]
    [20,992/50,985  elapsed 16.0s]
    [26,112/50,985  elapsed 23.1s]
    [31,232/50,985  elapsed 29.4s]
    [36,352/50,985  elapsed 36.4s]
    [41,472/50,985  elapsed 43.1s]
    [46,592/50,985  elapsed 50.0s]
  eval done in 55.1s
  by-popularity NDCG@10: tail=0.0012(n=9,330)  mid=0.0087(n=8,951)  head=0.0602(n=32,704)
  epoch   8  loss=8.4892  val_NDCG=0.0403  [test sequestered]  (5.8s)
  evaluating 50,985 users in batches of 512...
    [512/50,985  elapsed 0.2s]
    [5,632/50,985  elapsed 2.8s]
    [10,752/50,985  elapsed 5.6s]
    [15,872/50,985  elapsed 8.8s]
    [20,992/50,985  elapsed 11.9s]
    [26,112/50,985  elapsed 14.5s]
    [31,232/50,985  elapsed 17.2s]
    [36,352/50,985  elapsed 20.1s]
    [41,472/50,985  elapsed 23.0s]
    [46,592/50,985  elapsed 25.4s]
  eval done in 27.9s
  by-popularity NDCG@10: tail=0.0016(n=9,330)  mid=0.0109(n=8,951)  head=0.0597(n=32,704)
  epoch   9  loss=8.4213  val_NDCG=0.0405  [test sequestered]  (5.7s)
  evaluating 50,985 users in batches of 512...
    [512/50,985  elapsed 0.2s]
    [5,632/50,985  elapsed 3.0s]
    [10,752/50,985  elapsed 5.8s]
    [15,872/50,985  elapsed 8.9s]
    [20,992/50,985  elapsed 11.4s]
    [26,112/50,985  elapsed 13.8s]
    [31,232/50,985  elapsed 17.0s]
    [36,352/50,985  elapsed 19.8s]
    [41,472/50,985  elapsed 22.5s]
    [46,592/50,985  elapsed 25.0s]
  eval done in 27.0s
  by-popularity NDCG@10: tail=0.0017(n=9,330)  mid=0.0116(n=8,951)  head=0.0601(n=32,704)
  epoch  10  loss=8.3638  val_NDCG=0.0409  [test sequestered]  (5.8s)
  evaluating 50,985 users in batches of 512...
    [512/50,985  elapsed 0.2s]
    [5,632/50,985  elapsed 2.7s]
    [10,752/50,985  elapsed 5.4s]
    [15,872/50,985  elapsed 8.5s]
    [20,992/50,985  elapsed 11.3s]
    [26,112/50,985  elapsed 14.5s]
    [31,232/50,985  elapsed 17.9s]
    [36,352/50,985  elapsed 20.8s]
    [41,472/50,985  elapsed 23.5s]
    [46,592/50,985  elapsed 26.0s]
  eval done in 28.6s
  by-popularity NDCG@10: tail=0.0020(n=9,330)  mid=0.0122(n=8,951)  head=0.0607(n=32,704)
  epoch  11  loss=8.3070  val_NDCG=0.0414  [test sequestered]  (5.7s)
  evaluating 50,985 users in batches of 512...
    [512/50,985  elapsed 0.3s]
    [5,632/50,985  elapsed 2.6s]
    [10,752/50,985  elapsed 5.4s]
    [15,872/50,985  elapsed 8.8s]
    [20,992/50,985  elapsed 11.8s]
    [26,112/50,985  elapsed 14.5s]
    [31,232/50,985  elapsed 17.7s]
    [36,352/50,985  elapsed 20.3s]
    [41,472/50,985  elapsed 22.9s]
    [46,592/50,985  elapsed 25.5s]
  eval done in 27.7s
  by-popularity NDCG@10: tail=0.0023(n=9,330)  mid=0.0126(n=8,951)  head=0.0600(n=32,704)
  epoch  12  loss=8.2598  val_NDCG=0.0411  [test sequestered]  (5.7s)
  evaluating 50,985 users in batches of 512...
    [512/50,985  elapsed 0.6s]
    [5,632/50,985  elapsed 6.4s]
    [10,752/50,985  elapsed 12.5s]
    [15,872/50,985  elapsed 18.4s]
    [20,992/50,985  elapsed 23.7s]
    [26,112/50,985  elapsed 29.8s]
    [31,232/50,985  elapsed 35.6s]
    [36,352/50,985  elapsed 41.6s]
    [41,472/50,985  elapsed 46.0s]
    [46,592/50,985  elapsed 48.6s]
  eval done in 50.6s
  by-popularity NDCG@10: tail=0.0026(n=9,330)  mid=0.0134(n=8,951)  head=0.0603(n=32,704)
  epoch  13  loss=8.2171  val_NDCG=0.0415  [test sequestered]  (6.6s)
  evaluating 50,985 users in batches of 512...
    [512/50,985  elapsed 0.2s]
    [5,632/50,985  elapsed 2.7s]
    [10,752/50,985  elapsed 5.2s]
    [15,872/50,985  elapsed 8.5s]
    [20,992/50,985  elapsed 11.8s]
    [26,112/50,985  elapsed 14.9s]
    [31,232/50,985  elapsed 17.4s]
    [36,352/50,985  elapsed 20.3s]
    [41,472/50,985  elapsed 23.3s]
    [46,592/50,985  elapsed 25.9s]
  eval done in 28.1s
  by-popularity NDCG@10: tail=0.0025(n=9,330)  mid=0.0140(n=8,951)  head=0.0599(n=32,704)
  epoch  14  loss=8.1816  val_NDCG=0.0413  [test sequestered]  (5.7s)
  evaluating 50,985 users in batches of 512...
    [512/50,985  elapsed 0.3s]
    [5,632/50,985  elapsed 3.2s]
    [10,752/50,985  elapsed 5.7s]
    [15,872/50,985  elapsed 8.3s]
    [20,992/50,985  elapsed 11.5s]
    [26,112/50,985  elapsed 14.0s]
    [31,232/50,985  elapsed 17.2s]
    [36,352/50,985  elapsed 20.0s]
    [41,472/50,985  elapsed 22.4s]
    [46,592/50,985  elapsed 25.0s]
  eval done in 27.2s
  by-popularity NDCG@10: tail=0.0027(n=9,330)  mid=0.0139(n=8,951)  head=0.0602(n=32,704)
  epoch  15  loss=8.1514  val_NDCG=0.0416  [test sequestered]  (5.9s)
  evaluating 50,985 users in batches of 512...
    [512/50,985  elapsed 0.3s]
    [5,632/50,985  elapsed 3.1s]
    [10,752/50,985  elapsed 6.0s]
    [15,872/50,985  elapsed 9.2s]
    [20,992/50,985  elapsed 11.8s]
    [26,112/50,985  elapsed 14.7s]
    [31,232/50,985  elapsed 17.7s]
    [36,352/50,985  elapsed 20.8s]
    [41,472/50,985  elapsed 23.9s]
    [46,592/50,985  elapsed 26.6s]
  eval done in 29.3s
  by-popularity NDCG@10: tail=0.0027(n=9,330)  mid=0.0140(n=8,951)  head=0.0599(n=32,704)
  epoch  16  loss=8.1304  val_NDCG=0.0414  [test sequestered]  (5.8s)
  evaluating 50,985 users in batches of 512...
    [512/50,985  elapsed 0.3s]
    [5,632/50,985  elapsed 3.7s]
    [10,752/50,985  elapsed 6.6s]
    [15,872/50,985  elapsed 9.2s]
    [20,992/50,985  elapsed 11.9s]
    [26,112/50,985  elapsed 14.3s]
    [31,232/50,985  elapsed 17.0s]
    [36,352/50,985  elapsed 19.5s]
    [41,472/50,985  elapsed 22.0s]
    [46,592/50,985  elapsed 24.4s]
  eval done in 29.3s
  by-popularity NDCG@10: tail=0.0028(n=9,330)  mid=0.0142(n=8,951)  head=0.0602(n=32,704)
  epoch  17  loss=8.1087  val_NDCG=0.0416  [test sequestered]  (5.5s)
  evaluating 50,985 users in batches of 512...
    [512/50,985  elapsed 0.7s]
    [5,632/50,985  elapsed 7.2s]
    [10,752/50,985  elapsed 14.0s]
    [15,872/50,985  elapsed 20.8s]
    [20,992/50,985  elapsed 27.1s]
    [26,112/50,985  elapsed 32.8s]
    [31,232/50,985  elapsed 37.4s]
    [36,352/50,985  elapsed 39.8s]
    [41,472/50,985  elapsed 42.5s]
    [46,592/50,985  elapsed 45.0s]
  eval done in 47.4s
  by-popularity NDCG@10: tail=0.0028(n=9,330)  mid=0.0143(n=8,951)  head=0.0600(n=32,704)
  epoch  18  loss=8.0976  val_NDCG=0.0415  [test sequestered]  (9.4s)
  evaluating 50,985 users in batches of 512...
    [512/50,985  elapsed 0.3s]
    [5,632/50,985  elapsed 3.2s]
    [10,752/50,985  elapsed 5.7s]
    [15,872/50,985  elapsed 8.4s]
    [20,992/50,985  elapsed 11.2s]
    [26,112/50,985  elapsed 14.2s]
    [31,232/50,985  elapsed 16.5s]
    [36,352/50,985  elapsed 18.8s]
    [41,472/50,985  elapsed 21.7s]
    [46,592/50,985  elapsed 24.6s]
  eval done in 26.8s
  by-popularity NDCG@10: tail=0.0028(n=9,330)  mid=0.0143(n=8,951)  head=0.0599(n=32,704)
  epoch  19  loss=8.0888  val_NDCG=0.0415  [test sequestered]  (5.3s)
  evaluating 50,985 users in batches of 512...
    [512/50,985  elapsed 0.2s]
    [5,632/50,985  elapsed 2.6s]
    [10,752/50,985  elapsed 5.2s]
    [15,872/50,985  elapsed 8.1s]
    [20,992/50,985  elapsed 10.8s]
    [26,112/50,985  elapsed 13.2s]
    [31,232/50,985  elapsed 16.0s]
    [36,352/50,985  elapsed 18.8s]
    [41,472/50,985  elapsed 21.5s]
    [46,592/50,985  elapsed 23.9s]
  eval done in 26.2s
  by-popularity NDCG@10: tail=0.0028(n=9,330)  mid=0.0143(n=8,951)  head=0.0599(n=32,704)
  epoch  20  loss=8.0860  val_NDCG=0.0415  [test sequestered]  (5.4s)

=== Best by val NDCG@10 ===
  val_NDCG=0.0416
  best_ckpt_sha256 = 727ab34de89efa1dd60c3eca122f60177780232606cc8be3ea8e924487d8a085

wrote C:\Users\rayxc\Documents\R\_bestrec_run\results_IS_COLDFUSE2_base_seed20260742.json

  epoch  17  loss=9.1628  val_NDCG=0.0381  [test sequestered]  (51.3s)
  evaluating 223,308 users in batches of 512...
    [512/223,308  elapsed 0.5s]
    [5,632/223,308  elapsed 5.6s]
    [10,752/223,308  elapsed 8.4s]
    [15,872/223,308  elapsed 11.5s]
    [20,992/223,308  elapsed 14.7s]
    [26,112/223,308  elapsed 17.8s]
    [31,232/223,308  elapsed 20.5s]
    [36,352/223,308  elapsed 23.4s]
    [41,472/223,308  elapsed 26.7s]
    [46,592/223,308  elapsed 29.4s]
    [51,712/223,308  elapsed 32.0s]
    [56,832/223,308  elapsed 35.6s]
    [61,952/223,308  elapsed 40.3s]
    [67,072/223,308  elapsed 43.4s]
    [72,192/223,308  elapsed 46.4s]
    [77,312/223,308  elapsed 49.7s]
    [82,432/223,308  elapsed 52.1s]
    [87,552/223,308  elapsed 55.3s]
    [92,672/223,308  elapsed 58.5s]
    [97,792/223,308  elapsed 61.5s]
    [102,912/223,308  elapsed 64.3s]
    [108,032/223,308  elapsed 66.7s]
    [113,152/223,308  elapsed 71.4s]
    [118,272/223,308  elapsed 74.6s]
    [123,392/223,308  elapsed 77.6s]
    [128,512/223,308  elapsed 80.8s]
    [133,632/223,308  elapsed 83.8s]
    [138,752/223,308  elapsed 87.0s]
    [143,872/223,308  elapsed 90.5s]
    [148,992/223,308  elapsed 93.3s]
    [154,112/223,308  elapsed 96.3s]
    [159,232/223,308  elapsed 99.1s]
    [164,352/223,308  elapsed 101.9s]
    [169,472/223,308  elapsed 107.1s]
    [174,592/223,308  elapsed 109.6s]
    [179,712/223,308  elapsed 112.5s]
    [184,832/223,308  elapsed 115.9s]
    [189,952/223,308  elapsed 118.9s]
    [195,072/223,308  elapsed 121.9s]
    [200,192/223,308  elapsed 125.2s]
    [205,312/223,308  elapsed 128.1s]
    [210,432/223,308  elapsed 130.7s]
    [215,552/223,308  elapsed 133.4s]
    [220,672/223,308  elapsed 136.3s]
  eval done in 138.4s
  by-popularity NDCG@10: tail=0.0018(n=29,887)  mid=0.0088(n=33,352)  head=0.0508(n=160,069)
  epoch  18  loss=9.1450  val_NDCG=0.0380  [test sequestered]  (48.3s)
  evaluating 223,308 users in batches of 512...
    [512/223,308  elapsed 0.3s]
    [5,632/223,308  elapsed 2.8s]
    [10,752/223,308  elapsed 5.4s]
    [15,872/223,308  elapsed 9.5s]
    [20,992/223,308  elapsed 13.2s]
    [26,112/223,308  elapsed 15.9s]
    [31,232/223,308  elapsed 19.2s]
    [36,352/223,308  elapsed 22.5s]
    [41,472/223,308  elapsed 25.8s]
    [46,592/223,308  elapsed 28.7s]
    [51,712/223,308  elapsed 31.7s]
    [56,832/223,308  elapsed 35.0s]
    [61,952/223,308  elapsed 37.9s]
    [67,072/223,308  elapsed 41.3s]
    [72,192/223,308  elapsed 46.2s]
    [77,312/223,308  elapsed 49.0s]
    [82,432/223,308  elapsed 52.1s]
    [87,552/223,308  elapsed 55.2s]
    [92,672/223,308  elapsed 58.3s]
    [97,792/223,308  elapsed 61.1s]
    [102,912/223,308  elapsed 64.4s]
    [108,032/223,308  elapsed 66.8s]
    [113,152/223,308  elapsed 69.8s]
    [118,272/223,308  elapsed 72.2s]
    [123,392/223,308  elapsed 76.2s]
    [128,512/223,308  elapsed 80.3s]
    [133,632/223,308  elapsed 83.1s]
    [138,752/223,308  elapsed 86.3s]
    [143,872/223,308  elapsed 89.4s]
    [148,992/223,308  elapsed 92.1s]
    [154,112/223,308  elapsed 95.4s]
    [159,232/223,308  elapsed 98.4s]
    [164,352/223,308  elapsed 101.7s]
    [169,472/223,308  elapsed 104.9s]
    [174,592/223,308  elapsed 108.1s]
    [179,712/223,308  elapsed 112.6s]
    [184,832/223,308  elapsed 116.3s]
    [189,952/223,308  elapsed 119.5s]
    [195,072/223,308  elapsed 122.3s]
    [200,192/223,308  elapsed 125.2s]
    [205,312/223,308  elapsed 127.9s]
    [210,432/223,308  elapsed 130.8s]
    [215,552/223,308  elapsed 133.5s]
    [220,672/223,308  elapsed 136.1s]
  eval done in 137.6s
  by-popularity NDCG@10: tail=0.0018(n=29,887)  mid=0.0089(n=33,352)  head=0.0509(n=160,069)
  epoch  19  loss=9.1347  val_NDCG=0.0381  [test sequestered]  (47.9s)
  evaluating 223,308 users in batches of 512...
    [512/223,308  elapsed 0.3s]
    [5,632/223,308  elapsed 2.9s]
    [10,752/223,308  elapsed 5.7s]
    [15,872/223,308  elapsed 8.4s]
    [20,992/223,308  elapsed 11.2s]
    [26,112/223,308  elapsed 15.7s]
    [31,232/223,308  elapsed 18.8s]
    [36,352/223,308  elapsed 21.6s]
    [41,472/223,308  elapsed 24.3s]
    [46,592/223,308  elapsed 27.2s]
    [51,712/223,308  elapsed 30.1s]
    [56,832/223,308  elapsed 32.7s]
    [61,952/223,308  elapsed 35.3s]
    [67,072/223,308  elapsed 38.2s]
    [72,192/223,308  elapsed 41.1s]
    [77,312/223,308  elapsed 43.7s]
    [82,432/223,308  elapsed 48.1s]
    [87,552/223,308  elapsed 50.7s]
    [92,672/223,308  elapsed 53.3s]
    [97,792/223,308  elapsed 56.2s]
    [102,912/223,308  elapsed 59.0s]
    [108,032/223,308  elapsed 61.6s]
    [113,152/223,308  elapsed 64.4s]
    [118,272/223,308  elapsed 67.2s]
    [123,392/223,308  elapsed 70.1s]
    [128,512/223,308  elapsed 72.5s]
    [133,632/223,308  elapsed 74.9s]
    [138,752/223,308  elapsed 75.8s]
    [143,872/223,308  elapsed 77.1s]
    [148,992/223,308  elapsed 78.8s]
    [154,112/223,308  elapsed 80.2s]
    [159,232/223,308  elapsed 82.2s]
    [164,352/223,308  elapsed 86.5s]
    [169,472/223,308  elapsed 91.0s]
    [174,592/223,308  elapsed 95.4s]
    [179,712/223,308  elapsed 99.9s]
    [184,832/223,308  elapsed 104.3s]
    [189,952/223,308  elapsed 108.6s]
    [195,072/223,308  elapsed 112.9s]
    [200,192/223,308  elapsed 115.2s]
    [205,312/223,308  elapsed 117.2s]
    [210,432/223,308  elapsed 121.6s]
    [215,552/223,308  elapsed 126.0s]
    [220,672/223,308  elapsed 130.3s]
  eval done in 132.5s
  by-popularity NDCG@10: tail=0.0018(n=29,887)  mid=0.0089(n=33,352)  head=0.0509(n=160,069)
  epoch  20  loss=9.1283  val_NDCG=0.0381  [test sequestered]  (50.8s)

=== Best by val NDCG@10 ===
  val_NDCG=0.0381
  best_ckpt_sha256 = db41551c4bc6686cf27f08343c30abf48bbe3498118a39ed20542d51827ba116

wrote C:\Users\rayxc\Documents\R\_bestrec_run\results_OFFICE_COLDFUSE2_base_seed20260741.json
=== COLDFUSE2 confirm: Office_Products seed 20260741 (ease=no; test sequestered) ===
  [val] streaming sweep: 85 systems ...
    [512/223,308 1s]
    [20,992/223,308 36s]
    [41,472/223,308 70s]
    [61,952/223,308 105s]
=== fusion eval: Industrial_and_Scientific  ckpt=results_IS_COLDFUSE2_base_seed20260742.best.pt ===
  n_users=50,985 n_items=25,848
  ckpt from epoch 17 (val NDCG@10 0.04159)

--- EASE l2=50.0: fit + VAL sweep ---
  EASE l2=50.0: verified cache hit (d28f5247ad74bb2ca98101ea)
    [512/50,985 elapsed 0.6s]
    [10,752/50,985 elapsed 6.8s]
    [20,992/50,985 elapsed 13.0s]
    [31,232/50,985 elapsed 20.5s]
    [41,472/50,985 elapsed 27.2s]
  VAL seq NDCG@10=0.04159  ease=0.03204
    w=0.01: val fused NDCG@10=0.04291
    w=0.02: val fused NDCG@10=0.04353
    w=0.03: val fused NDCG@10=0.04382
    w=0.04: val fused NDCG@10=0.04400
    w=0.05: val fused NDCG@10=0.04391
    w=0.06: val fused NDCG@10=0.04373
    w=0.075: val fused NDCG@10=0.04338
    w=0.1: val fused NDCG@10=0.04276

--- EASE l2=100.0: fit + VAL sweep ---
  EASE l2=100.0: verified cache hit (86f11547255059bac929520a)
    [512/50,985 elapsed 0.4s]
    [10,752/50,985 elapsed 6.7s]
    [20,992/50,985 elapsed 12.4s]
    [31,232/50,985 elapsed 16.8s]
    [41,472/50,985 elapsed 20.4s]
  VAL seq NDCG@10=0.04159  ease=0.03244
    w=0.01: val fused NDCG@10=0.04295
    w=0.02: val fused NDCG@10=0.04357
    w=0.03: val fused NDCG@10=0.04394
    w=0.04: val fused NDCG@10=0.04395
    w=0.05: val fused NDCG@10=0.04380
    w=0.06: val fused NDCG@10=0.04373
    w=0.075: val fused NDCG@10=0.04367
    w=0.1: val fused NDCG@10=0.04314

--- EASE l2=200.0: fit + VAL sweep ---
  EASE l2=200.0: verified cache hit (1bfb20051d435aabf3466aaf)
    [512/50,985 elapsed 0.2s]
    [10,752/50,985 elapsed 14.6s]
    [20,992/50,985 elapsed 29.3s]
    [31,232/50,985 elapsed 43.7s]
    [41,472/50,985 elapsed 56.1s]
  VAL seq NDCG@10=0.04159  ease=0.03267
    w=0.01: val fused NDCG@10=0.04305
    w=0.02: val fused NDCG@10=0.04376
    w=0.03: val fused NDCG@10=0.04398
    w=0.04: val fused NDCG@10=0.04394
    w=0.05: val fused NDCG@10=0.04389
    w=0.06: val fused NDCG@10=0.04367
    w=0.075: val fused NDCG@10=0.04358
    w=0.1: val fused NDCG@10=0.04308

--- EASE l2=500.0: fit + VAL sweep ---
  EASE l2=500.0: verified cache hit (8c221fc270ad79e08936f981)
    [512/50,985 elapsed 0.6s]
    [10,752/50,985 elapsed 12.8s]
    [20,992/50,985 elapsed 25.0s]
    [31,232/50,985 elapsed 36.9s]
    [41,472/50,985 elapsed 49.8s]
  VAL seq NDCG@10=0.04159  ease=0.03235
    w=0.01: val fused NDCG@10=0.04306
    w=0.02: val fused NDCG@10=0.04380
    w=0.03: val fused NDCG@10=0.04413
    w=0.04: val fused NDCG@10=0.04396
    w=0.05: val fused NDCG@10=0.04389
    w=0.06: val fused NDCG@10=0.04372
    w=0.075: val fused NDCG@10=0.04342
    w=0.1: val fused NDCG@10=0.04284

=== selected on VAL: l2=500.0, w=0.03 (val fused NDCG@10=0.04413) ===
wrote C:\Users\rayxc\Documents\R\_bestrec_run\results_IS_COLDFUSE2_base_seed20260742.fusion.json (VAL-ONLY; test sequestered)
=== COLDFUSE2 confirm: Industrial_and_Scientific seed 20260742 (ease=yes; test sequestered) ===
  EASE l2=500.0: verified cache hit (8c221fc270ad79e08936f981)
  [val] streaming sweep: 85 systems ...
    [82,432/223,308 138s]
    [512/50,985 1s]
    [102,912/223,308 175s]
    [20,992/50,985 47s]
    [123,392/223,308 214s]
    [41,472/50,985 92s]
  VAL selected {'profile': 'uniform', 'wt_tail': 0.2, 'wt_mid': 0.0, 'wt_head': 0.0} (feasible 16/84; val f15 0.00686 vs ref 0.00380)
  [test] sequestered pass: ref + selected + 4 controls ...
    [143,872/223,308 251s]
    [164,352/223,308 285s]
    [184,832/223,308 319s]
  test pass complete (values sequestered to the artifact)
wrote C:\Users\rayxc\Documents\R\_bestrec_run\results_Industrial_and_Scientific_COLDFUSE2_confirm_seed20260742.json (metrics sequestered)
    [205,312/223,308 354s]
  VAL selected {'profile': 'exp0.9', 'wt_tail': 0.4, 'wt_mid': 0.1, 'wt_head': 0.1} (feasible 39/84; val f15 0.00526 vs ref 0.00178)
  [test] sequestered pass: ref + selected + 4 controls ...
  test pass complete (values sequestered to the artifact)
wrote C:\Users\rayxc\Documents\R\_bestrec_run\results_Office_Products_COLDFUSE2_confirm_seed20260741.json (metrics sequestered)
  random seed set to 20260743
=== Musical_Instruments: load splits ===
  n_users=57,439  n_items=24,587  pad_id=24587
  built sequences for 57,439 users
  built timestamp sequences (12 time buckets)
  loading SBERT embeddings from C:\Users\rayxc\Documents\R\cache_5core\sbert_titles_Musical_Instruments.npy...
  TAPE: k-means 24,587 text embeddings into K=512 prototypes (tau=0.05)...
  TAPE: K=512 mean max-assignment weight = 0.526 (1.0 = hard clustering)

=== Build SASRec-SBERT (d=64, layers=4, heads=2) ===
  total params: 11,186,047  device=cuda
  57,439 training examples / 225 batches per epoch
  init_state_sha256 = 4475a2a95809486d631b5698d40c8a39dc2aabb96a4301683626ad68c8d24056
  LR schedule: warmup_cosine (225 warmup + 4275 cosine steps)

=== Train for 20 epochs ===
  evaluating 57,439 users in batches of 512...
    [512/57,439  elapsed 0.6s]
    [5,632/57,439  elapsed 6.4s]
    [10,752/57,439  elapsed 13.3s]
    [15,872/57,439  elapsed 19.4s]
    [20,992/57,439  elapsed 25.5s]
    [26,112/57,439  elapsed 32.0s]
    [31,232/57,439  elapsed 35.9s]
    [36,352/57,439  elapsed 39.0s]
    [41,472/57,439  elapsed 42.2s]
    [46,592/57,439  elapsed 45.2s]
    [51,712/57,439  elapsed 48.2s]
    [56,832/57,439  elapsed 51.2s]
  eval done in 51.6s
  by-popularity NDCG@10: tail=0.0001(n=7,762)  mid=0.0001(n=8,169)  head=0.0358(n=41,508)
  epoch   1  loss=9.6230  val_NDCG=0.0259  [test sequestered]  (9.2s)
  evaluating 57,439 users in batches of 512...
    [512/57,439  elapsed 0.3s]
    [5,632/57,439  elapsed 3.8s]
    [10,752/57,439  elapsed 7.5s]
    [15,872/57,439  elapsed 10.5s]
    [20,992/57,439  elapsed 14.1s]
    [26,112/57,439  elapsed 18.0s]
    [31,232/57,439  elapsed 21.4s]
    [36,352/57,439  elapsed 24.8s]
    [41,472/57,439  elapsed 28.5s]
    [46,592/57,439  elapsed 32.0s]
    [51,712/57,439  elapsed 35.7s]
    [56,832/57,439  elapsed 39.0s]
  eval done in 39.5s
  by-popularity NDCG@10: tail=0.0000(n=7,762)  mid=0.0003(n=8,169)  head=0.0466(n=41,508)
  epoch   2  loss=9.0962  val_NDCG=0.0337  [test sequestered]  (6.7s)
  evaluating 57,439 users in batches of 512...
    [512/57,439  elapsed 0.3s]
    [5,632/57,439  elapsed 3.9s]
    [10,752/57,439  elapsed 7.6s]
    [15,872/57,439  elapsed 10.9s]
    [20,992/57,439  elapsed 14.7s]
    [26,112/57,439  elapsed 18.2s]
    [31,232/57,439  elapsed 21.5s]
    [36,352/57,439  elapsed 24.5s]
    [41,472/57,439  elapsed 27.4s]
    [46,592/57,439  elapsed 30.6s]
    [51,712/57,439  elapsed 33.6s]
    [56,832/57,439  elapsed 36.5s]
  eval done in 36.9s
  by-popularity NDCG@10: tail=0.0000(n=7,762)  mid=0.0008(n=8,169)  head=0.0531(n=41,508)
  epoch   3  loss=8.9314  val_NDCG=0.0385  [test sequestered]  (6.7s)
  evaluating 57,439 users in batches of 512...
    [512/57,439  elapsed 0.3s]
    [5,632/57,439  elapsed 3.6s]
    [10,752/57,439  elapsed 7.3s]
    [15,872/57,439  elapsed 10.5s]
    [20,992/57,439  elapsed 14.3s]
    [26,112/57,439  elapsed 17.9s]
    [31,232/57,439  elapsed 21.0s]
    [36,352/57,439  elapsed 24.2s]
    [41,472/57,439  elapsed 27.3s]
    [46,592/57,439  elapsed 30.3s]
    [51,712/57,439  elapsed 33.2s]
    [56,832/57,439  elapsed 36.2s]
  eval done in 36.6s
  by-popularity NDCG@10: tail=0.0000(n=7,762)  mid=0.0012(n=8,169)  head=0.0565(n=41,508)
  epoch   4  loss=8.8260  val_NDCG=0.0410  [test sequestered]  (6.7s)
  evaluating 57,439 users in batches of 512...
    [512/57,439  elapsed 0.4s]
    [5,632/57,439  elapsed 3.7s]
    [10,752/57,439  elapsed 7.6s]
    [15,872/57,439  elapsed 11.1s]
    [20,992/57,439  elapsed 15.0s]
    [26,112/57,439  elapsed 18.5s]
    [31,232/57,439  elapsed 21.9s]
    [36,352/57,439  elapsed 24.9s]
    [41,472/57,439  elapsed 28.1s]
    [46,592/57,439  elapsed 31.1s]
    [51,712/57,439  elapsed 34.1s]
    [56,832/57,439  elapsed 37.0s]
  eval done in 37.3s
  by-popularity NDCG@10: tail=0.0001(n=7,762)  mid=0.0018(n=8,169)  head=0.0587(n=41,508)
  epoch   5  loss=8.7446  val_NDCG=0.0427  [test sequestered]  (6.7s)
  evaluating 57,439 users in batches of 512...
    [512/57,439  elapsed 0.3s]
    [5,632/57,439  elapsed 3.6s]
    [10,752/57,439  elapsed 7.3s]
    [15,872/57,439  elapsed 10.5s]
    [20,992/57,439  elapsed 14.3s]
    [26,112/57,439  elapsed 18.0s]
    [31,232/57,439  elapsed 21.3s]
    [36,352/57,439  elapsed 24.4s]
    [41,472/57,439  elapsed 27.6s]
    [46,592/57,439  elapsed 30.8s]
    [51,712/57,439  elapsed 33.7s]
    [56,832/57,439  elapsed 36.7s]
  eval done in 37.1s
  by-popularity NDCG@10: tail=0.0003(n=7,762)  mid=0.0035(n=8,169)  head=0.0593(n=41,508)
  epoch   6  loss=8.6772  val_NDCG=0.0434  [test sequestered]  (6.7s)
  evaluating 57,439 users in batches of 512...
    [512/57,439  elapsed 0.3s]
    [5,632/57,439  elapsed 3.7s]
    [10,752/57,439  elapsed 7.4s]
    [15,872/57,439  elapsed 10.5s]
    [20,992/57,439  elapsed 14.2s]
    [26,112/57,439  elapsed 17.8s]
    [31,232/57,439  elapsed 21.6s]
    [36,352/57,439  elapsed 24.9s]
    [41,472/57,439  elapsed 26.7s]
    [46,592/57,439  elapsed 28.1s]
    [51,712/57,439  elapsed 29.7s]
    [56,832/57,439  elapsed 31.1s]
  eval done in 31.2s
  by-popularity NDCG@10: tail=0.0005(n=7,762)  mid=0.0037(n=8,169)  head=0.0602(n=41,508)
  epoch   7  loss=8.6205  val_NDCG=0.0441  [test sequestered]  (6.7s)
  evaluating 57,439 users in batches of 512...
    [512/57,439  elapsed 0.9s]
    [5,632/57,439  elapsed 10.2s]
    [10,752/57,439  elapsed 19.9s]
    [15,872/57,439  elapsed 28.9s]
    [20,992/57,439  elapsed 36.1s]
    [26,112/57,439  elapsed 38.5s]
    [31,232/57,439  elapsed 41.1s]
    [36,352/57,439  elapsed 43.3s]
    [41,472/57,439  elapsed 45.8s]
    [46,592/57,439  elapsed 48.2s]
    [51,712/57,439  elapsed 50.6s]
    [56,832/57,439  elapsed 53.3s]
  eval done in 53.6s
  by-popularity NDCG@10: tail=0.0006(n=7,762)  mid=0.0049(n=8,169)  head=0.0614(n=41,508)
  epoch   8  loss=8.5666  val_NDCG=0.0452  [test sequestered]  (9.3s)
  evaluating 57,439 users in batches of 512...
    [512/57,439  elapsed 0.3s]
    [5,632/57,439  elapsed 3.1s]
    [10,752/57,439  elapsed 6.2s]
    [15,872/57,439  elapsed 9.1s]
    [20,992/57,439  elapsed 11.9s]
    [26,112/57,439  elapsed 15.3s]
    [31,232/57,439  elapsed 18.1s]
    [36,352/57,439  elapsed 20.9s]
    [41,472/57,439  elapsed 23.3s]
    [46,592/57,439  elapsed 25.6s]
    [51,712/57,439  elapsed 27.9s]
    [56,832/57,439  elapsed 30.6s]
  eval done in 30.9s
  by-popularity NDCG@10: tail=0.0011(n=7,762)  mid=0.0057(n=8,169)  head=0.0623(n=41,508)
  epoch   9  loss=8.5180  val_NDCG=0.0460  [test sequestered]  (6.7s)
  evaluating 57,439 users in batches of 512...
    [512/57,439  elapsed 0.3s]
    [5,632/57,439  elapsed 2.8s]
    [10,752/57,439  elapsed 6.0s]
    [15,872/57,439  elapsed 9.2s]
    [20,992/57,439  elapsed 12.1s]
    [26,112/57,439  elapsed 16.3s]
    [31,232/57,439  elapsed 25.9s]
    [36,352/57,439  elapsed 35.3s]
    [41,472/57,439  elapsed 44.0s]
    [46,592/57,439  elapsed 52.3s]
    [51,712/57,439  elapsed 54.7s]
    [56,832/57,439  elapsed 57.1s]
  eval done in 57.4s
  by-popularity NDCG@10: tail=0.0013(n=7,762)  mid=0.0060(n=8,169)  head=0.0622(n=41,508)
  epoch  10  loss=8.4747  val_NDCG=0.0460  [test sequestered]  (6.6s)
  evaluating 57,439 users in batches of 512...
    [512/57,439  elapsed 0.3s]
    [5,632/57,439  elapsed 3.6s]
    [10,752/57,439  elapsed 5.8s]
    [15,872/57,439  elapsed 8.5s]
    [20,992/57,439  elapsed 11.7s]
    [26,112/57,439  elapsed 14.5s]
    [31,232/57,439  elapsed 17.2s]
    [36,352/57,439  elapsed 20.6s]
    [41,472/57,439  elapsed 23.0s]
    [46,592/57,439  elapsed 25.8s]
    [51,712/57,439  elapsed 28.4s]
    [56,832/57,439  elapsed 30.9s]
  eval done in 31.2s
  by-popularity NDCG@10: tail=0.0015(n=7,762)  mid=0.0064(n=8,169)  head=0.0625(n=41,508)
  epoch  11  loss=8.4362  val_NDCG=0.0463  [test sequestered]  (6.9s)
  evaluating 57,439 users in batches of 512...
    [512/57,439  elapsed 0.2s]
    [5,632/57,439  elapsed 2.8s]
    [10,752/57,439  elapsed 5.7s]
    [15,872/57,439  elapsed 8.6s]
    [20,992/57,439  elapsed 11.1s]
    [26,112/57,439  elapsed 14.1s]
    [31,232/57,439  elapsed 17.0s]
    [36,352/57,439  elapsed 19.9s]
    [41,472/57,439  elapsed 22.8s]
    [46,592/57,439  elapsed 26.1s]
    [51,712/57,439  elapsed 30.1s]
    [56,832/57,439  elapsed 39.4s]
  eval done in 40.2s
  by-popularity NDCG@10: tail=0.0017(n=7,762)  mid=0.0071(n=8,169)  head=0.0622(n=41,508)
  epoch  12  loss=8.4011  val_NDCG=0.0462  [test sequestered]  (6.6s)
  evaluating 57,439 users in batches of 512...
    [512/57,439  elapsed 1.0s]
    [5,632/57,439  elapsed 11.5s]
    [10,752/57,439  elapsed 21.9s]
    [15,872/57,439  elapsed 24.8s]
    [20,992/57,439  elapsed 27.8s]
    [26,112/57,439  elapsed 30.5s]
    [31,232/57,439  elapsed 33.3s]
    [36,352/57,439  elapsed 36.1s]
    [41,472/57,439  elapsed 39.3s]
    [46,592/57,439  elapsed 42.6s]
    [51,712/57,439  elapsed 45.7s]
    [56,832/57,439  elapsed 48.5s]
  eval done in 48.9s
  by-popularity NDCG@10: tail=0.0017(n=7,762)  mid=0.0070(n=8,169)  head=0.0623(n=41,508)
  epoch  13  loss=8.3687  val_NDCG=0.0462  [test sequestered]  (13.4s)
  evaluating 57,439 users in batches of 512...
    [512/57,439  elapsed 0.3s]
    [5,632/57,439  elapsed 3.3s]
    [10,752/57,439  elapsed 5.9s]
    [15,872/57,439  elapsed 8.7s]
    [20,992/57,439  elapsed 11.9s]
    [26,112/57,439  elapsed 14.8s]
    [31,232/57,439  elapsed 17.8s]
    [36,352/57,439  elapsed 21.3s]
    [41,472/57,439  elapsed 25.0s]
    [46,592/57,439  elapsed 28.6s]
    [51,712/57,439  elapsed 32.3s]
    [56,832/57,439  elapsed 36.0s]
  eval done in 36.4s
  by-popularity NDCG@10: tail=0.0017(n=7,762)  mid=0.0074(n=8,169)  head=0.0618(n=41,508)
  epoch  14  loss=8.3422  val_NDCG=0.0460  [test sequestered]  (6.9s)
  evaluating 57,439 users in batches of 512...
    [512/57,439  elapsed 0.3s]
    [5,632/57,439  elapsed 3.3s]
    [10,752/57,439  elapsed 6.9s]
    [15,872/57,439  elapsed 13.7s]
    [20,992/57,439  elapsed 27.5s]
    [26,112/57,439  elapsed 41.2s]
    [31,232/57,439  elapsed 55.0s]
    [36,352/57,439  elapsed 66.4s]
    [41,472/57,439  elapsed 70.2s]
    [46,592/57,439  elapsed 73.9s]
    [51,712/57,439  elapsed 77.6s]
    [56,832/57,439  elapsed 81.2s]
  eval done in 81.6s
  by-popularity NDCG@10: tail=0.0019(n=7,762)  mid=0.0078(n=8,169)  head=0.0621(n=41,508)
  epoch  15  loss=8.3203  val_NDCG=0.0462  [test sequestered]  (7.2s)
  evaluating 57,439 users in batches of 512...
    [512/57,439  elapsed 0.4s]
    [5,632/57,439  elapsed 4.2s]
    [10,752/57,439  elapsed 7.9s]
    [15,872/57,439  elapsed 11.6s]
    [20,992/57,439  elapsed 15.3s]
    [26,112/57,439  elapsed 18.8s]
    [31,232/57,439  elapsed 22.5s]
    [36,352/57,439  elapsed 26.1s]
    [41,472/57,439  elapsed 29.8s]
    [46,592/57,439  elapsed 32.8s]
    [51,712/57,439  elapsed 36.6s]
    [56,832/57,439  elapsed 40.4s]
  eval done in 40.8s
  by-popularity NDCG@10: tail=0.0019(n=7,762)  mid=0.0076(n=8,169)  head=0.0621(n=41,508)
  epoch  16  loss=8.3026  val_NDCG=0.0462  [test sequestered]  (7.1s)
  evaluating 57,439 users in batches of 512...
    [512/57,439  elapsed 0.4s]
    [5,632/57,439  elapsed 3.9s]
    [10,752/57,439  elapsed 7.4s]
    [15,872/57,439  elapsed 11.2s]
    [20,992/57,439  elapsed 14.9s]
    [26,112/57,439  elapsed 18.6s]
    [31,232/57,439  elapsed 22.3s]
    [36,352/57,439  elapsed 27.9s]
    [41,472/57,439  elapsed 41.5s]
    [46,592/57,439  elapsed 54.1s]
    [51,712/57,439  elapsed 66.3s]
    [56,832/57,439  elapsed 78.1s]
  eval done in 78.4s
  by-popularity NDCG@10: tail=0.0018(n=7,762)  mid=0.0077(n=8,169)  head=0.0620(n=41,508)
  epoch  17  loss=8.2856  val_NDCG=0.0461  [test sequestered]  (7.2s)
  evaluating 57,439 users in batches of 512...
    [512/57,439  elapsed 0.3s]
    [5,632/57,439  elapsed 3.9s]
    [10,752/57,439  elapsed 7.4s]
    [15,872/57,439  elapsed 11.0s]
    [20,992/57,439  elapsed 14.5s]
    [26,112/57,439  elapsed 18.0s]
    [31,232/57,439  elapsed 21.6s]
    [36,352/57,439  elapsed 25.1s]
    [41,472/57,439  elapsed 28.6s]
    [46,592/57,439  elapsed 32.2s]
    [51,712/57,439  elapsed 35.7s]
    [56,832/57,439  elapsed 39.2s]
  eval done in 39.6s
  by-popularity NDCG@10: tail=0.0019(n=7,762)  mid=0.0078(n=8,169)  head=0.0619(n=41,508)
  epoch  18  loss=8.2773  val_NDCG=0.0461  [test sequestered]  (6.5s)
  evaluating 57,439 users in batches of 512...
    [512/57,439  elapsed 0.3s]
    [5,632/57,439  elapsed 3.3s]
    [10,752/57,439  elapsed 6.8s]
    [15,872/57,439  elapsed 10.3s]
    [20,992/57,439  elapsed 13.8s]
    [26,112/57,439  elapsed 17.3s]
    [31,232/57,439  elapsed 20.9s]
    [36,352/57,439  elapsed 24.4s]
    [41,472/57,439  elapsed 27.9s]
    [46,592/57,439  elapsed 31.4s]
    [51,712/57,439  elapsed 35.0s]
    [56,832/57,439  elapsed 39.3s]
  eval done in 40.8s
  by-popularity NDCG@10: tail=0.0019(n=7,762)  mid=0.0078(n=8,169)  head=0.0620(n=41,508)
  epoch  19  loss=8.2711  val_NDCG=0.0462  [test sequestered]  (6.4s)
  evaluating 57,439 users in batches of 512...
    [512/57,439  elapsed 1.3s]
    [5,632/57,439  elapsed 13.6s]
    [10,752/57,439  elapsed 25.8s]
    [15,872/57,439  elapsed 36.6s]
    [20,992/57,439  elapsed 39.1s]
    [26,112/57,439  elapsed 42.5s]
    [31,232/57,439  elapsed 46.0s]
    [36,352/57,439  elapsed 49.6s]
    [41,472/57,439  elapsed 53.2s]
    [46,592/57,439  elapsed 56.7s]
    [51,712/57,439  elapsed 60.2s]
    [56,832/57,439  elapsed 63.7s]
  eval done in 64.1s
  by-popularity NDCG@10: tail=0.0019(n=7,762)  mid=0.0078(n=8,169)  head=0.0621(n=41,508)
  epoch  20  loss=8.2688  val_NDCG=0.0462  [test sequestered]  (14.7s)

=== Best by val NDCG@10 ===
  val_NDCG=0.0463
  best_ckpt_sha256 = 7486396414bbb108eb51456c22e85dcd9751186378cc940230cd54f396a3d4ce

wrote C:\Users\rayxc\Documents\R\_bestrec_run\results_MI_COLDFUSE2_base_seed20260743.json
  random seed set to 20260741
=== CDs_and_Vinyl: load splits ===
  n_users=123,876  n_items=89,370  pad_id=89370
  built sequences for 123,876 users
  built timestamp sequences (12 time buckets)
  loading SBERT embeddings from C:\Users\rayxc\Documents\R\cache_5core\sbert_titles_CDs_and_Vinyl.npy...
  TAPE: k-means 89,370 text embeddings into K=512 prototypes (tau=0.05)...
  TAPE: K=512 mean max-assignment weight = 0.494 (1.0 = hard clustering)

=== Build SASRec-SBERT (d=64, layers=4, heads=2) ===
  total params: 40,208,319  device=cuda
  123,876 training examples / 484 batches per epoch
  init_state_sha256 = 8febc179b08a46e40ddeb073fdc16980b44e70536bae52612b85706343a45522
  LR schedule: warmup_cosine (484 warmup + 9196 cosine steps)

=== Train for 20 epochs ===
  evaluating 123,876 users in batches of 512...
    [512/123,876  elapsed 0.3s]
    [5,632/123,876  elapsed 3.1s]
    [10,752/123,876  elapsed 6.0s]
    [15,872/123,876  elapsed 8.3s]
    [20,992/123,876  elapsed 11.3s]
    [26,112/123,876  elapsed 13.6s]
    [31,232/123,876  elapsed 16.2s]
    [36,352/123,876  elapsed 18.8s]
    [41,472/123,876  elapsed 23.9s]
    [46,592/123,876  elapsed 27.1s]
    [51,712/123,876  elapsed 30.0s]
    [56,832/123,876  elapsed 33.4s]
    [61,952/123,876  elapsed 36.4s]
    [67,072/123,876  elapsed 39.8s]
    [72,192/123,876  elapsed 42.8s]
    [77,312/123,876  elapsed 45.8s]
    [82,432/123,876  elapsed 48.4s]
    [87,552/123,876  elapsed 51.1s]
    [92,672/123,876  elapsed 53.4s]
    [97,792/123,876  elapsed 55.9s]
    [102,912/123,876  elapsed 60.9s]
    [108,032/123,876  elapsed 64.6s]
    [113,152/123,876  elapsed 67.9s]
    [118,272/123,876  elapsed 71.1s]
    [123,392/123,876  elapsed 74.3s]
  eval done in 74.6s
  by-popularity NDCG@10: tail=0.0001(n=18,342)  mid=0.0002(n=20,089)  head=0.0144(n=85,445)
  epoch   1  loss=10.9998  val_NDCG=0.0099  [test sequestered]  (41.5s)
  evaluating 123,876 users in batches of 512...
    [512/123,876  elapsed 0.2s]
    [5,632/123,876  elapsed 2.8s]
    [10,752/123,876  elapsed 5.3s]
    [15,872/123,876  elapsed 9.2s]
    [20,992/123,876  elapsed 13.7s]
    [26,112/123,876  elapsed 16.9s]
    [31,232/123,876  elapsed 19.4s]
    [36,352/123,876  elapsed 22.6s]
    [41,472/123,876  elapsed 25.6s]
    [46,592/123,876  elapsed 28.2s]
    [51,712/123,876  elapsed 31.7s]
    [56,832/123,876  elapsed 34.6s]
    [61,952/123,876  elapsed 37.8s]
    [67,072/123,876  elapsed 40.5s]
    [72,192/123,876  elapsed 43.2s]
    [77,312/123,876  elapsed 46.9s]
    [82,432/123,876  elapsed 51.3s]
    [87,552/123,876  elapsed 54.5s]
    [92,672/123,876  elapsed 57.8s]
    [97,792/123,876  elapsed 60.9s]
    [102,912/123,876  elapsed 64.3s]
    [108,032/123,876  elapsed 67.3s]
    [113,152/123,876  elapsed 70.5s]
    [118,272/123,876  elapsed 73.5s]
    [123,392/123,876  elapsed 76.9s]
  eval done in 77.2s
  by-popularity NDCG@10: tail=0.0002(n=18,342)  mid=0.0011(n=20,089)  head=0.0370(n=85,445)
  epoch   2  loss=10.2812  val_NDCG=0.0257  [test sequestered]  (39.1s)
  evaluating 123,876 users in batches of 512...
    [512/123,876  elapsed 0.4s]
    [5,632/123,876  elapsed 3.4s]
    [10,752/123,876  elapsed 6.6s]
    [15,872/123,876  elapsed 9.5s]
    [20,992/123,876  elapsed 12.6s]
    [26,112/123,876  elapsed 15.5s]
    [31,232/123,876  elapsed 18.8s]
    [36,352/123,876  elapsed 22.1s]
    [41,472/123,876  elapsed 25.3s]
    [46,592/123,876  elapsed 29.2s]
    [51,712/123,876  elapsed 34.3s]
    [56,832/123,876  elapsed 37.4s]
    [61,952/123,876  elapsed 40.3s]
    [67,072/123,876  elapsed 43.2s]
    [72,192/123,876  elapsed 46.7s]
    [77,312/123,876  elapsed 49.9s]
    [82,432/123,876  elapsed 53.0s]
    [87,552/123,876  elapsed 56.8s]
    [92,672/123,876  elapsed 60.5s]
    [97,792/123,876  elapsed 64.1s]
    [102,912/123,876  elapsed 67.8s]
    [108,032/123,876  elapsed 71.7s]
    [113,152/123,876  elapsed 77.8s]
    [118,272/123,876  elapsed 80.9s]
    [123,392/123,876  elapsed 84.5s]
  eval done in 84.9s
  by-popularity NDCG@10: tail=0.0006(n=18,342)  mid=0.0030(n=20,089)  head=0.0572(n=85,445)
  epoch   3  loss=9.8313  val_NDCG=0.0400  [test sequestered]  (48.1s)
  evaluating 123,876 users in batches of 512...
    [512/123,876  elapsed 0.4s]
    [5,632/123,876  elapsed 4.2s]
    [10,752/123,876  elapsed 7.9s]
    [15,872/123,876  elapsed 11.6s]
    [20,992/123,876  elapsed 15.2s]
    [26,112/123,876  elapsed 20.1s]
    [31,232/123,876  elapsed 25.2s]
    [36,352/123,876  elapsed 29.0s]
    [41,472/123,876  elapsed 32.7s]
    [46,592/123,876  elapsed 36.4s]
    [51,712/123,876  elapsed 40.1s]
    [56,832/123,876  elapsed 43.6s]
    [61,952/123,876  elapsed 47.3s]
    [67,072/123,876  elapsed 50.9s]
    [72,192/123,876  elapsed 54.6s]
    [77,312/123,876  elapsed 58.4s]
    [82,432/123,876  elapsed 62.2s]
    [87,552/123,876  elapsed 66.9s]
    [92,672/123,876  elapsed 72.1s]
    [97,792/123,876  elapsed 75.6s]
    [102,912/123,876  elapsed 79.1s]
    [108,032/123,876  elapsed 83.0s]
    [113,152/123,876  elapsed 86.7s]
    [118,272/123,876  elapsed 90.4s]
    [123,392/123,876  elapsed 94.0s]
  eval done in 94.3s
  by-popularity NDCG@10: tail=0.0011(n=18,342)  mid=0.0066(n=20,089)  head=0.0717(n=85,445)
  epoch   4  loss=9.5569  val_NDCG=0.0507  [test sequestered]  (57.7s)
  evaluating 123,876 users in batches of 512...
    [512/123,876  elapsed 0.3s]
    [5,632/123,876  elapsed 5.2s]
    [10,752/123,876  elapsed 9.4s]
    [15,872/123,876  elapsed 12.9s]
    [20,992/123,876  elapsed 16.5s]
    [26,112/123,876  elapsed 20.1s]
    [31,232/123,876  elapsed 23.6s]
    [36,352/123,876  elapsed 27.1s]
    [41,472/123,876  elapsed 30.6s]
    [46,592/123,876  elapsed 34.2s]
    [51,712/123,876  elapsed 37.7s]
    [56,832/123,876  elapsed 41.2s]
    [61,952/123,876  elapsed 44.8s]
    [67,072/123,876  elapsed 48.8s]
    [72,192/123,876  elapsed 53.7s]
    [77,312/123,876  elapsed 57.0s]
    [82,432/123,876  elapsed 60.6s]
    [87,552/123,876  elapsed 64.1s]
    [92,672/123,876  elapsed 67.6s]
    [97,792/123,876  elapsed 71.1s]
    [102,912/123,876  elapsed 74.6s]
    [108,032/123,876  elapsed 78.1s]
    [113,152/123,876  elapsed 81.6s]
    [118,272/123,876  elapsed 85.2s]
    [123,392/123,876  elapsed 88.8s]
  eval done in 89.1s
  by-popularity NDCG@10: tail=0.0022(n=18,342)  mid=0.0106(n=20,089)  head=0.0803(n=85,445)
  epoch   5  loss=9.3669  val_NDCG=0.0574  [test sequestered]  (54.1s)
  evaluating 123,876 users in batches of 512...
    [512/123,876  elapsed 0.3s]
    [5,632/123,876  elapsed 3.0s]
    [10,752/123,876  elapsed 6.4s]
    [15,872/123,876  elapsed 9.9s]
    [20,992/123,876  elapsed 13.5s]
    [26,112/123,876  elapsed 17.1s]
    [31,232/123,876  elapsed 20.6s]
    [36,352/123,876  elapsed 24.1s]
    [41,472/123,876  elapsed 27.6s]
    [46,592/123,876  elapsed 29.2s]
    [51,712/123,876  elapsed 30.6s]
    [56,832/123,876  elapsed 32.1s]
    [61,952/123,876  elapsed 33.6s]
    [67,072/123,876  elapsed 35.4s]
    [72,192/123,876  elapsed 39.8s]
    [77,312/123,876  elapsed 44.3s]
    [82,432/123,876  elapsed 48.7s]
    [87,552/123,876  elapsed 53.0s]
    [92,672/123,876  elapsed 57.6s]
    [97,792/123,876  elapsed 62.1s]
    [102,912/123,876  elapsed 66.6s]
    [108,032/123,876  elapsed 71.0s]
    [113,152/123,876  elapsed 75.5s]
    [118,272/123,876  elapsed 77.3s]
    [123,392/123,876  elapsed 79.4s]
  eval done in 79.8s
  by-popularity NDCG@10: tail=0.0037(n=18,342)  mid=0.0162(n=20,089)  head=0.0855(n=85,445)
  epoch   6  loss=9.2240  val_NDCG=0.0622  [test sequestered]  (55.0s)
  evaluating 123,876 users in batches of 512...
    [512/123,876  elapsed 0.4s]
    [5,632/123,876  elapsed 4.9s]
    [10,752/123,876  elapsed 9.4s]
    [15,872/123,876  elapsed 13.9s]
    [20,992/123,876  elapsed 18.4s]
    [26,112/123,876  elapsed 22.9s]
    [31,232/123,876  elapsed 25.4s]
    [36,352/123,876  elapsed 26.8s]
    [41,472/123,876  elapsed 31.2s]
    [46,592/123,876  elapsed 35.7s]
    [51,712/123,876  elapsed 40.3s]
    [56,832/123,876  elapsed 44.8s]=== fusion eval: Musical_Instruments  ckpt=results_MI_COLDFUSE2_base_seed20260743.best.pt ===
  n_users=57,439 n_items=24,587
  ckpt from epoch 11 (val NDCG@10 0.04631)

--- EASE l2=50.0: fit + VAL sweep ---
  EASE l2=50.0: verified cache hit (0d6aa731986eefd4228ee0f9)
    [512/57,439 elapsed 0.6s]
    [10,752/57,439 elapsed 7.9s]
    [20,992/57,439 elapsed 15.3s]
    [31,232/57,439 elapsed 23.0s]
    [41,472/57,439 elapsed 30.2s]
    [51,712/57,439 elapsed 37.3s]
  VAL seq NDCG@10=0.04631  ease=0.03472
    w=0.01: val fused NDCG@10=0.04774
    w=0.02: val fused NDCG@10=0.04831
    w=0.03: val fused NDCG@10=0.04830
    w=0.04: val fused NDCG@10=0.04839
    w=0.05: val fused NDCG@10=0.04830
    w=0.06: val fused NDCG@10=0.04774
    w=0.075: val fused NDCG@10=0.04718
    w=0.1: val fused NDCG@10=0.04659

--- EASE l2=100.0: fit + VAL sweep ---
  EASE l2=100.0: verified cache hit (e6853d0b0fa835018ed44c6c)
    [512/57,439 elapsed 0.4s]
    [10,752/57,439 elapsed 17.7s]
    [20,992/57,439 elapsed 41.8s]
    [31,232/57,439 elapsed 49.4s]
    [41,472/57,439 elapsed 56.5s]
    [51,712/57,439 elapsed 63.3s]
  VAL seq NDCG@10=0.04631  ease=0.03536
    w=0.01: val fused NDCG@10=0.04777
    w=0.02: val fused NDCG@10=0.04834
    w=0.03: val fused NDCG@10=0.04827
    w=0.04: val fused NDCG@10=0.04841
    w=0.05: val fused NDCG@10=0.04829
    w=0.06: val fused NDCG@10=0.04788
    w=0.075: val fused NDCG@10=0.04728
    w=0.1: val fused NDCG@10=0.04643

--- EASE l2=200.0: fit + VAL sweep ---
  EASE l2=200.0: verified cache hit (ebdd11e5519b1f4b59ea0424)
    [512/57,439 elapsed 0.3s]
    [10,752/57,439 elapsed 7.4s]
    [20,992/57,439 elapsed 14.3s]
    [31,232/57,439 elapsed 21.4s]
    [41,472/57,439 elapsed 28.3s]
    [51,712/57,439 elapsed 35.3s]
  VAL seq NDCG@10=0.04631  ease=0.03548
    w=0.01: val fused NDCG@10=0.04789
    w=0.02: val fused NDCG@10=0.04833
    w=0.03: val fused NDCG@10=0.04826
    w=0.04: val fused NDCG@10=0.04823
    w=0.05: val fused NDCG@10=0.04810
    w=0.06: val fused NDCG@10=0.04784
    w=0.075: val fused NDCG@10=0.04716
    w=0.1: val fused NDCG@10=0.04625

--- EASE l2=500.0: fit + VAL sweep ---
  EASE l2=500.0: verified cache hit (b30720d9178a2f9cb57fa1d1)
    [512/57,439 elapsed 0.3s]
    [10,752/57,439 elapsed 7.4s]
    [20,992/57,439 elapsed 14.3s]
    [31,232/57,439 elapsed 21.4s]
    [41,472/57,439 elapsed 28.4s]
    [51,712/57,439 elapsed 43.1s]
  VAL seq NDCG@10=0.04631  ease=0.03500
    w=0.01: val fused NDCG@10=0.04778
    w=0.02: val fused NDCG@10=0.04814
    w=0.03: val fused NDCG@10=0.04823
    w=0.04: val fused NDCG@10=0.04806
    w=0.05: val fused NDCG@10=0.04769
    w=0.06: val fused NDCG@10=0.04727
    w=0.075: val fused NDCG@10=0.04677
    w=0.1: val fused NDCG@10=0.04571

=== selected on VAL: l2=100.0, w=0.04 (val fused NDCG@10=0.04841) ===
wrote C:\Users\rayxc\Documents\R\_bestrec_run\results_MI_COLDFUSE2_base_seed20260743.fusion.json (VAL-ONLY; test sequestered)
=== COLDFUSE2 confirm: Musical_Instruments seed 20260743 (ease=yes; test sequestered) ===
  EASE l2=100.0: verified cache hit (e6853d0b0fa835018ed44c6c)
  [val] streaming sweep: 85 systems ...
    [512/57,439 2s]
    [20,992/57,439 34s]
    [41,472/57,439 63s]
  VAL selected {'profile': 'exp0.9', 'wt_tail': 0.4, 'wt_mid': 0.1, 'wt_head': 0.1} (feasible 37/84; val f15 0.00621 vs ref 0.00179)
  [test] sequestered pass: ref + selected + 4 controls ...
  test pass complete (values sequestered to the artifact)
wrote C:\Users\rayxc\Documents\R\_bestrec_run\results_Musical_Instruments_COLDFUSE2_confirm_seed20260743.json (metrics sequestered)
  random seed set to 20260743
=== Industrial_and_Scientific: load splits ===
  n_users=50,985  n_items=25,848  pad_id=25848
  built sequences for 50,985 users
  built timestamp sequences (12 time buckets)
  loading SBERT embeddings from C:\Users\rayxc\Documents\R\cache_5core\sbert_titles_Industrial_and_Scientific.npy...
  TAPE: k-means 25,848 text embeddings into K=512 prototypes (tau=0.05)...
  TAPE: K=512 mean max-assignment weight = 0.598 (1.0 = hard clustering)

=== Build SASRec-SBERT (d=64, layers=4, heads=2) ===
  total params: 11,750,463  device=cuda
  50,985 training examples / 200 batches per epoch
  init_state_sha256 = f93fd645674a6deadad0d3f103d6d9a81cbfdf2048ee8b4b4f229466ac3f897c
  LR schedule: warmup_cosine (200 warmup + 3800 cosine steps)

=== Train for 20 epochs ===
  evaluating 50,985 users in batches of 512...
    [512/50,985  elapsed 0.3s]
    [5,632/50,985  elapsed 4.0s]
    [10,752/50,985  elapsed 7.6s]
    [15,872/50,985  elapsed 11.5s]
    [20,992/50,985  elapsed 15.5s]
    [26,112/50,985  elapsed 19.2s]
    [31,232/50,985  elapsed 22.9s]
    [36,352/50,985  elapsed 26.7s]
    [41,472/50,985  elapsed 30.4s]
    [46,592/50,985  elapsed 34.3s]
  eval done in 37.8s
  by-popularity NDCG@10: tail=0.0000(n=9,330)  mid=0.0004(n=8,951)  head=0.0294(n=32,704)
  epoch   1  loss=9.7689  val_NDCG=0.0189  [test sequestered]  (6.5s)
  evaluating 50,985 users in batches of 512...
    [512/50,985  elapsed 0.3s]
    [5,632/50,985  elapsed 4.0s]
    [10,752/50,985  elapsed 7.8s]
    [15,872/50,985  elapsed 10.8s]
    [20,992/50,985  elapsed 22.0s]
    [26,112/50,985  elapsed 34.6s]
    [31,232/50,985  elapsed 47.3s]
    [36,352/50,985  elapsed 59.5s]
    [41,472/50,985  elapsed 65.4s]
    [46,592/50,985  elapsed 69.2s]
  eval done in 72.3s
  by-popularity NDCG@10: tail=0.0000(n=9,330)  mid=0.0006(n=8,951)  head=0.0420(n=32,704)
  epoch   2  loss=9.2306  val_NDCG=0.0270  [test sequestered]  (6.6s)
  evaluating 50,985 users in batches of 512...
    [512/50,985  elapsed 0.3s]
    [5,632/50,985  elapsed 4.1s]
    [10,752/50,985  elapsed 7.9s]
    [15,872/50,985  elapsed 11.7s]
    [20,992/50,985  elapsed 15.5s]
    [26,112/50,985  elapsed 19.8s]
    [31,232/50,985  elapsed 23.6s]
    [36,352/50,985  elapsed 27.3s]
    [41,472/50,985  elapsed 31.1s]
    [46,592/50,985  elapsed 34.8s]
  eval done in 37.9s
  by-popularity NDCG@10: tail=0.0000(n=9,330)  mid=0.0014(n=8,951)  head=0.0489(n=32,704)
  epoch   3  loss=9.0195  val_NDCG=0.0316  [test sequestered]  (6.5s)
  evaluating 50,985 users in batches of 512...
    [512/50,985  elapsed 0.3s]
    [5,632/50,985  elapsed 4.1s]
    [10,752/50,985  elapsed 7.9s]
    [15,872/50,985  elapsed 11.7s]
    [20,992/50,985  elapsed 15.5s]
    [26,112/50,985  elapsed 19.3s]
    [31,232/50,985  elapsed 23.5s]
    [36,352/50,985  elapsed 26.8s]
    [41,472/50,985  elapsed 30.5s]
    [46,592/50,985  elapsed 34.3s]
  eval done in 38.5s
  by-popularity NDCG@10: tail=0.0002(n=9,330)  mid=0.0031(n=8,951)  head=0.0530(n=32,704)
  epoch   4  loss=8.8740  val_NDCG=0.0346  [test sequestered]  (6.6s)
  evaluating 50,985 users in batches of 512...
    [512/50,985  elapsed 1.4s]
    [5,632/50,985  elapsed 15.3s]
    [10,752/50,985  elapsed 29.0s]
    [15,872/50,985  elapsed 42.7s]
    [20,992/50,985  elapsed 48.1s]
    [26,112/50,985  elapsed 52.0s]
    [31,232/50,985  elapsed 55.7s]
    [36,352/50,985  elapsed 59.4s]
    [41,472/50,985  elapsed 63.2s]
    [46,592/50,985  elapsed 67.0s]
  eval done in 70.3s
  by-popularity NDCG@10: tail=0.0006(n=9,330)  mid=0.0043(n=8,951)  head=0.0566(n=32,704)
  epoch   5  loss=8.7549  val_NDCG=0.0372  [test sequestered]  (13.3s)
  evaluating 50,985 users in batches of 512...
    [512/50,985  elapsed 0.3s]
    [5,632/50,985  elapsed 3.8s]
    [10,752/50,985  elapsed 7.4s]
    [15,872/50,985  elapsed 11.2s]
    [20,992/50,985  elapsed 15.1s]
    [26,112/50,985  elapsed 19.1s]
    [31,232/50,985  elapsed 22.8s]
    [36,352/50,985  elapsed 26.7s]
    [41,472/50,985  elapsed 30.5s]
    [46,592/50,985  elapsed 34.3s]
  eval done in 37.5s
  by-popularity NDCG@10: tail=0.0006(n=9,330)  mid=0.0060(n=8,951)  head=0.0585(n=32,704)
  epoch   6  loss=8.6529  val_NDCG=0.0387  [test sequestered]  (6.5s)
  evaluating 50,985 users in batches of 512...
    [512/50,985  elapsed 0.3s]
    [5,632/50,985  elapsed 3.8s]
    [10,752/50,985  elapsed 7.7s]
    [15,872/50,985  elapsed 11.4s]
    [20,992/50,985  elapsed 15.2s]
    [26,112/50,985  elapsed 19.1s]
    [31,232/50,985  elapsed 23.9s]
    [36,352/50,985  elapsed 37.9s]
    [41,472/50,985  elapsed 51.1s]
    [46,592/50,985  elapsed 64.7s]
  eval done in 76.7s
  by-popularity NDCG@10: tail=0.0010(n=9,330)  mid=0.0072(n=8,951)  head=0.0599(n=32,704)
  epoch   7  loss=8.5697  val_NDCG=0.0399  [test sequestered]  (6.5s)
  evaluating 50,985 users in batches of 512...
    [512/50,985  elapsed 0.3s]
    [5,632/50,985  elapsed 4.0s]
    [10,752/50,985  elapsed 7.8s]
    [15,872/50,985  elapsed 11.6s]
    [20,992/50,985  elapsed 15.3s]
    [26,112/50,985  elapsed 19.4s]
    [31,232/50,985  elapsed 23.2s]
    [36,352/50,985  elapsed 27.0s]
    [41,472/50,985  elapsed 30.7s]
    [46,592/50,985  elapsed 34.4s]
  eval done in 37.6s
  by-popularity NDCG@10: tail=0.0013(n=9,330)  mid=0.0094(n=8,951)  head=0.0607(n=32,704)
  epoch   8  loss=8.4904  val_NDCG=0.0409  [test sequestered]  (7.9s)
  evaluating 50,985 users in batches of 512...
    [512/50,985  elapsed 0.3s]
    [5,632/50,985  elapsed 4.1s]
    [10,752/50,985  elapsed 8.1s]
    [15,872/50,985  elapsed 11.9s]
    [20,992/50,985  elapsed 15.7s]
    [26,112/50,985  elapsed 19.9s]
    [31,232/50,985  elapsed 23.6s]
    [36,352/50,985  elapsed 27.3s]
    [41,472/50,985  elapsed 31.1s]
    [46,592/50,985  elapsed 34.9s]
  eval done in 37.9s
  by-popularity NDCG@10: tail=0.0015(n=9,330)  mid=0.0103(n=8,951)  head=0.0608(n=32,704)
  epoch   9  loss=8.4233  val_NDCG=0.0411  [test sequestered]  (6.5s)
  evaluating 50,985 users in batches of 512...
    [512/50,985  elapsed 0.2s]
    [5,632/50,985  elapsed 3.0s]
    [10,752/50,985  elapsed 7.0s]
    [15,872/50,985  elapsed 9.8s]
    [20,992/50,985  elapsed 13.7s]
    [26,112/50,985  elapsed 18.0s]
    [31,232/50,985  elapsed 22.5s]
    [36,352/50,985  elapsed 25.4s]
    [41,472/50,985  elapsed 29.5s]
    [46,592/50,985  elapsed 32.4s]
  eval done in 36.1s
  by-popularity NDCG@10: tail=0.0019(n=9,330)  mid=0.0118(n=8,951)  head=0.0604(n=32,704)
  epoch  10  loss=8.3609  val_NDCG=0.0412  [test sequestered]  (13.8s)
  evaluating 50,985 users in batches of 512...
    [512/50,985  elapsed 0.2s]
    [5,632/50,985  elapsed 2.9s]
    [10,752/50,985  elapsed 7.0s]
    [15,872/50,985  elapsed 11.3s]
    [20,992/50,985  elapsed 15.8s]
    [26,112/50,985  elapsed 18.4s]
    [31,232/50,985  elapsed 22.7s]
    [36,352/50,985  elapsed 25.6s]
    [41,472/50,985  elapsed 29.7s]
    [46,592/50,985  elapsed 32.8s]
  eval done in 37.2s
  by-popularity NDCG@10: tail=0.0021(n=9,330)  mid=0.0122(n=8,951)  head=0.0606(n=32,704)
  epoch  11  loss=8.3086  val_NDCG=0.0414  [test sequestered]  (13.5s)
  evaluating 50,985 users in batches of 512...
    [512/50,985  elapsed 0.2s]
    [5,632/50,985  elapsed 4.2s]
    [10,752/50,985  elapsed 7.0s]
    [15,872/50,985  elapsed 11.4s]
    [20,992/50,985  elapsed 15.5s]
    [26,112/50,985  elapsed 18.4s]
    [31,232/50,985  elapsed 22.5s]
    [36,352/50,985  elapsed 25.3s]
    [41,472/50,985  elapsed 29.3s]
    [46,592/50,985  elapsed 32.1s]
  eval done in 36.0s
  by-popularity NDCG@10: tail=0.0022(n=9,330)  mid=0.0134(n=8,951)  head=0.0611(n=32,704)
  epoch  12  loss=8.2608  val_NDCG=0.0419  [test sequestered]  (13.0s)
  evaluating 50,985 users in batches of 512...
    [512/50,985  elapsed 0.2s]
    [5,632/50,985  elapsed 3.0s]
    [10,752/50,985  elapsed 7.1s]
    [15,872/50,985  elapsed 11.4s]
    [20,992/50,985  elapsed 15.7s]
    [26,112/50,985  elapsed 18.4s]
    [31,232/50,985  elapsed 22.4s]
    [36,352/50,985  elapsed 25.1s]
    [41,472/50,985  elapsed 29.1s]
    [61,952/123,876  elapsed 49.3s]
    [67,072/123,876  elapsed 53.8s]
    [72,192/123,876  elapsed 58.4s]
    [77,312/123,876  elapsed 62.9s]
    [82,432/123,876  elapsed 66.4s]
    [87,552/123,876  elapsed 67.7s]
    [92,672/123,876  elapsed 71.3s]
    [97,792/123,876  elapsed 75.8s]
    [102,912/123,876  elapsed 80.3s]
    [108,032/123,876  elapsed 84.9s]
    [113,152/123,876  elapsed 89.4s]
    [118,272/123,876  elapsed 93.9s]
    [123,392/123,876  elapsed 98.4s]
  eval done in 98.8s
  by-popularity NDCG@10: tail=0.0051(n=18,342)  mid=0.0183(n=20,089)  head=0.0883(n=85,445)
  epoch   7  loss=9.1098  val_NDCG=0.0647  [test sequestered]  (40.6s)
  evaluating 123,876 users in batches of 512...
    [512/123,876  elapsed 0.6s]
    [5,632/123,876  elapsed 5.4s]
    [10,752/123,876  elapsed 11.2s]
    [15,872/123,876  elapsed 16.6s]
    [20,992/123,876  elapsed 22.1s]
    [26,112/123,876  elapsed 27.6s]
    [31,232/123,876  elapsed 33.4s]
    [36,352/123,876  elapsed 38.8s]
    [41,472/123,876  elapsed 44.3s]
    [46,592/123,876  elapsed 49.7s]
    [51,712/123,876  elapsed 55.6s]
    [56,832/123,876  elapsed 61.1s]
    [61,952/123,876  elapsed 66.5s]
    [67,072/123,876  elapsed 72.0s]
    [72,192/123,876  elapsed 77.1s]
    [77,312/123,876  elapsed 81.6s]
    [82,432/123,876  elapsed 86.2s]
    [87,552/123,876  elapsed 90.7s]
    [92,672/123,876  elapsed 95.2s]
    [97,792/123,876  elapsed 99.8s]
    [102,912/123,876  elapsed 104.4s]
    [108,032/123,876  elapsed 108.8s]
    [113,152/123,876  elapsed 113.4s]
    [118,272/123,876  elapsed 118.0s]
    [123,392/123,876  elapsed 122.5s]
  eval done in 122.9s
  by-popularity NDCG@10: tail=0.0062(n=18,342)  mid=0.0215(n=20,089)  head=0.0908(n=85,445)
  epoch   8  loss=9.0164  val_NDCG=0.0671  [test sequestered]  (40.4s)
  evaluating 123,876 users in batches of 512...
    [512/123,876  elapsed 0.5s]
    [5,632/123,876  elapsed 5.4s]
    [10,752/123,876  elapsed 10.0s]
    [15,872/123,876  elapsed 14.5s]
    [20,992/123,876  elapsed 19.0s]
    [26,112/123,876  elapsed 23.6s]
    [31,232/123,876  elapsed 27.9s]
    [36,352/123,876  elapsed 29.4s]
    [41,472/123,876  elapsed 31.3s]
    [46,592/123,876  elapsed 33.0s]
    [51,712/123,876  elapsed 38.2s]
    [56,832/123,876  elapsed 42.4s]
    [61,952/123,876  elapsed 46.1s]
    [67,072/123,876  elapsed 49.8s]
    [72,192/123,876  elapsed 53.9s]
    [77,312/123,876  elapsed 57.6s]
    [82,432/123,876  elapsed 61.4s]
    [87,552/123,876  elapsed 65.1s]
    [92,672/123,876  elapsed 68.8s]
    [97,792/123,876  elapsed 72.7s]
    [102,912/123,876  elapsed 76.8s]
    [108,032/123,876  elapsed 81.7s]
    [113,152/123,876  elapsed 86.3s]
    [118,272/123,876  elapsed 90.1s]
    [123,392/123,876  elapsed 94.0s]
  eval done in 94.3s
  by-popularity NDCG@10: tail=0.0069(n=18,342)  mid=0.0233(n=20,089)  head=0.0921(n=85,445)
  epoch   9  loss=8.9389  val_NDCG=0.0683  [test sequestered]  (44.2s)
  evaluating 123,876 users in batches of 512...
    [512/123,876  elapsed 0.3s]
    [5,632/123,876  elapsed 4.2s]
    [10,752/123,876  elapsed 7.8s]
    [15,872/123,876  elapsed 11.9s]
    [20,992/123,876  elapsed 17.2s]
    [26,112/123,876  elapsed 21.2s]
    [31,232/123,876  elapsed 25.0s]
    [36,352/123,876  elapsed 28.8s]
    [41,472/123,876  elapsed 32.6s]
    [46,592/123,876  elapsed 36.9s]
    [51,712/123,876  elapsed 40.6s]
    [56,832/123,876  elapsed 44.4s]
    [61,952/123,876  elapsed 48.2s]
    [67,072/123,876  elapsed 51.8s]
    [72,192/123,876  elapsed 55.4s]
    [77,312/123,876  elapsed 61.3s]
    [82,432/123,876  elapsed 65.2s]
    [87,552/123,876  elapsed 69.0s]
    [92,672/123,876  elapsed 72.9s]
    [97,792/123,876  elapsed 76.7s]
    [102,912/123,876  elapsed 80.5s]
    [108,032/123,876  elapsed 84.7s]
    [113,152/123,876  elapsed 88.3s]
    [118,272/123,876  elapsed 92.0s]
    [123,392/123,876  elapsed 95.8s]
  eval done in 96.2s
  by-popularity NDCG@10: tail=0.0080(n=18,342)  mid=0.0258(n=20,089)  head=0.0937(n=85,445)
  epoch  10  loss=8.8712  val_NDCG=0.0700  [test sequestered]  (51.9s)
  evaluating 123,876 users in batches of 512...
    [512/123,876  elapsed 0.4s]
    [5,632/123,876  elapsed 4.3s]
    [10,752/123,876  elapsed 8.1s]
    [15,872/123,876  elapsed 11.9s]
    [20,992/123,876  elapsed 15.6s]
    [26,112/123,876  elapsed 19.4s]
    [31,232/123,876  elapsed 23.2s]
    [36,352/123,876  elapsed 27.5s]
    [41,472/123,876  elapsed 32.7s]
    [46,592/123,876  elapsed 36.1s]
    [51,712/123,876  elapsed 39.8s]
    [56,832/123,876  elapsed 43.6s]
    [61,952/123,876  elapsed 47.4s]
    [67,072/123,876  elapsed 51.5s]
    [72,192/123,876  elapsed 55.2s]
    [77,312/123,876  elapsed 59.0s]
    [82,432/123,876  elapsed 62.8s]
    [87,552/123,876  elapsed 66.6s]
    [92,672/123,876  elapsed 70.5s]
    [97,792/123,876  elapsed 76.3s]
    [102,912/123,876  elapsed 80.0s]
    [108,032/123,876  elapsed 83.9s]
    [113,152/123,876  elapsed 87.6s]
    [118,272/123,876  elapsed 91.5s]
    [123,392/123,876  elapsed 95.4s]
  eval done in 95.7s
  by-popularity NDCG@10: tail=0.0091(n=18,342)  mid=0.0264(n=20,089)  head=0.0951(n=85,445)
  epoch  11  loss=8.8123  val_NDCG=0.0712  [test sequestered]  (61.4s)
  evaluating 123,876 users in batches of 512...
    [512/123,876  elapsed 0.6s]
    [5,632/123,876  elapsed 6.2s]
    [10,752/123,876  elapsed 9.9s]
    [15,872/123,876  elapsed 13.7s]
    [20,992/123,876  elapsed 17.4s]
    [26,112/123,876  elapsed 21.2s]
    [31,232/123,876  elapsed 25.3s]
    [36,352/123,876  elapsed 29.1s]
    [41,472/123,876  elapsed 32.8s]
    [46,592/123,876  elapsed 36.6s]
    [51,712/123,876  elapsed 40.3s]
    [56,832/123,876  elapsed 43.6s]
    [61,952/123,876  elapsed 49.4s]
    [67,072/123,876  elapsed 53.5s]
    [72,192/123,876  elapsed 57.4s]
    [77,312/123,876  elapsed 61.2s]
    [82,432/123,876  elapsed 65.1s]
    [87,552/123,876  elapsed 69.2s]
    [92,672/123,876  elapsed 73.0s]
    [97,792/123,876  elapsed 76.7s]
    [102,912/123,876  elapsed 80.5s]
    [108,032/123,876  elapsed 84.3s]
    [113,152/123,876  elapsed 87.9s]
    [118,272/123,876  elapsed 92.1s]
    [123,392/123,876  elapsed 94.9s]
  eval done in 95.0s
  by-popularity NDCG@10: tail=0.0095(n=18,342)  mid=0.0270(n=20,089)  head=0.0952(n=85,445)
  epoch  12  loss=8.7605  val_NDCG=0.0714  [test sequestered]  (58.3s)
  evaluating 123,876 users in batches of 512...
    [512/123,876  elapsed 0.2s]
    [5,632/123,876  elapsed 4.4s]
    [10,752/123,876  elapsed 7.2s]
    [15,872/123,876  elapsed 11.2s]
    [20,992/123,876  elapsed 13.9s]
    [26,112/123,876  elapsed 17.9s]
    [31,232/123,876  elapsed 20.7s]
    [36,352/123,876  elapsed 25.3s]
    [41,472/123,876  elapsed 29.4s]
    [46,592/123,876  elapsed 32.2s]
    [51,712/123,876  elapsed 36.2s]
    [56,832/123,876  elapsed 39.1s]
    [61,952/123,876  elapsed 43.1s]
    [67,072/123,876  elapsed 45.9s]
    [72,192/123,876  elapsed 49.9s]
    [77,312/123,876  elapsed 54.0s]
    [82,432/123,876  elapsed 56.7s]
    [87,552/123,876  elapsed 60.8s]
    [92,672/123,876  elapsed 63.6s]
    [97,792/123,876  elapsed 67.7s]
    [102,912/123,876  elapsed 71.7s]
    [108,032/123,876  elapsed 76.2s]
    [113,152/123,876  elapsed 79.1s]
    [118,272/123,876  elapsed 83.1s]
    [123,392/123,876  elapsed 85.8s]
  eval done in 86.0s
  by-popularity NDCG@10: tail=0.0098(n=18,342)  mid=0.0276(n=20,089)  head=0.0963(n=85,445)
  epoch  13  loss=8.7121  val_NDCG=0.0723  [test sequestered]  (93.2s)
  evaluating 123,876 users in batches of 512...
    [512/123,876  elapsed 1.4s]
    [5,632/123,876  elapsed 4.2s]
    [10,752/123,876  elapsed 8.1s]
    [15,872/123,876  elapsed 10.9s]
    [20,992/123,876  elapsed 14.8s]
    [26,112/123,876  elapsed 17.7s]
    [31,232/123,876  elapsed 21.7s]
    [36,352/123,876  elapsed 24.5s]
    [41,472/123,876  elapsed 28.4s]
    [46,592/123,876  elapsed 31.4s]
    [51,712/123,876  elapsed 35.4s]
    [56,832/123,876  elapsed 38.1s]
    [61,952/123,876  elapsed 42.1s]
    [67,072/123,876  elapsed 44.9s]
    [46,592/50,985  elapsed 32.0s]
  eval done in 34.5s
  by-popularity NDCG@10: tail=0.0023(n=9,330)  mid=0.0129(n=8,951)  head=0.0609(n=32,704)
  epoch  13  loss=8.2187  val_NDCG=0.0418  [test sequestered]  (12.9s)
  evaluating 50,985 users in batches of 512...
    [512/50,985  elapsed 1.5s]
    [5,632/50,985  elapsed 4.4s]
    [10,752/50,985  elapsed 8.6s]
    [15,872/50,985  elapsed 11.5s]
    [20,992/50,985  elapsed 15.5s]
    [26,112/50,985  elapsed 18.4s]
    [31,232/50,985  elapsed 22.6s]
    [36,352/50,985  elapsed 27.1s]
    [41,472/50,985  elapsed 31.2s]
    [46,592/50,985  elapsed 34.0s]
  eval done in 37.9s
  by-popularity NDCG@10: tail=0.0023(n=9,330)  mid=0.0134(n=8,951)  head=0.0604(n=32,704)
  epoch  14  loss=8.1860  val_NDCG=0.0415  [test sequestered]  (13.3s)
  evaluating 50,985 users in batches of 512...
    [512/50,985  elapsed 0.2s]
    [5,632/50,985  elapsed 3.0s]
    [10,752/50,985  elapsed 7.0s]
    [15,872/50,985  elapsed 10.0s]
    [20,992/50,985  elapsed 14.2s]
    [26,112/50,985  elapsed 16.9s]
    [31,232/50,985  elapsed 21.1s]
    [36,352/50,985  elapsed 23.8s]
    [41,472/50,985  elapsed 27.7s]
    [46,592/50,985  elapsed 30.5s]
  eval done in 34.3s
  by-popularity NDCG@10: tail=0.0026(n=9,330)  mid=0.0138(n=8,951)  head=0.0601(n=32,704)
  epoch  15  loss=8.1584  val_NDCG=0.0414  [test sequestered]  (13.5s)
  evaluating 50,985 users in batches of 512...
    [512/50,985  elapsed 0.2s]
    [5,632/50,985  elapsed 4.2s]
    [10,752/50,985  elapsed 7.0s]
    [15,872/50,985  elapsed 10.9s]
    [20,992/50,985  elapsed 13.7s]
    [26,112/50,985  elapsed 17.7s]
    [31,232/50,985  elapsed 20.4s]
    [36,352/50,985  elapsed 24.3s]
    [41,472/50,985  elapsed 26.5s]
    [46,592/50,985  elapsed 28.7s]
  eval done in 30.9s
  by-popularity NDCG@10: tail=0.0027(n=9,330)  mid=0.0138(n=8,951)  head=0.0598(n=32,704)
  epoch  16  loss=8.1315  val_NDCG=0.0413  [test sequestered]  (11.6s)
  evaluating 50,985 users in batches of 512...
    [512/50,985  elapsed 0.1s]
    [5,632/50,985  elapsed 2.3s]
    [10,752/50,985  elapsed 4.4s]
    [15,872/50,985  elapsed 6.6s]
    [20,992/50,985  elapsed 9.0s]
    [26,112/50,985  elapsed 11.3s]
    [31,232/50,985  elapsed 13.4s]
    [36,352/50,985  elapsed 15.5s]
    [41,472/50,985  elapsed 17.7s]
    [46,592/50,985  elapsed 20.2s]
  eval done in 22.2s
  by-popularity NDCG@10: tail=0.0026(n=9,330)  mid=0.0140(n=8,951)  head=0.0601(n=32,704)
  epoch  17  loss=8.1143  val_NDCG=0.0415  [test sequestered]  (11.0s)
  evaluating 50,985 users in batches of 512...
    [512/50,985  elapsed 0.1s]
    [5,632/50,985  elapsed 2.2s]
    [10,752/50,985  elapsed 7.4s]
    [15,872/50,985  elapsed 10.5s]
    [20,992/50,985  elapsed 13.1s]
    [26,112/50,985  elapsed 16.1s]
    [31,232/50,985  elapsed 19.6s]
    [36,352/50,985  elapsed 22.5s]
    [41,472/50,985  elapsed 25.6s]
    [46,592/50,985  elapsed 28.5s]
  eval done in 29.3s
  by-popularity NDCG@10: tail=0.0026(n=9,330)  mid=0.0140(n=8,951)  head=0.0600(n=32,704)
  epoch  18  loss=8.1008  val_NDCG=0.0414  [test sequestered]  (11.0s)
  evaluating 50,985 users in batches of 512...
    [512/50,985  elapsed 0.1s]
    [5,632/50,985  elapsed 2.2s]
    [10,752/50,985  elapsed 4.3s]
    [15,872/50,985  elapsed 6.4s]
    [20,992/50,985  elapsed 8.4s]
    [26,112/50,985  elapsed 10.5s]
    [31,232/50,985  elapsed 12.5s]
    [36,352/50,985  elapsed 14.6s]
    [41,472/50,985  elapsed 15.5s]
    [46,592/50,985  elapsed 17.5s]
  eval done in 19.6s
  by-popularity NDCG@10: tail=0.0026(n=9,330)  mid=0.0140(n=8,951)  head=0.0599(n=32,704)
  epoch  19  loss=8.0926  val_NDCG=0.0414  [test sequestered]  (11.6s)
  evaluating 50,985 users in batches of 512...
    [512/50,985  elapsed 0.1s]
    [5,632/50,985  elapsed 2.2s]
    [10,752/50,985  elapsed 4.4s]
    [15,872/50,985  elapsed 6.5s]
    [20,992/50,985  elapsed 8.6s]
    [26,112/50,985  elapsed 10.6s]
    [31,232/50,985  elapsed 11.5s]
    [36,352/50,985  elapsed 13.6s]
    [41,472/50,985  elapsed 15.8s]
    [46,592/50,985  elapsed 17.9s]
  eval done in 19.8s
  by-popularity NDCG@10: tail=0.0026(n=9,330)  mid=0.0140(n=8,951)  head=0.0599(n=32,704)
  epoch  20  loss=8.0910  val_NDCG=0.0413  [test sequestered]  (11.1s)

=== Best by val NDCG@10 ===
  val_NDCG=0.0419
  best_ckpt_sha256 = 6d0a6996fd456ff885bc2c63dda44a3b7555664fcddcd442339ca2ff9db516b0

wrote C:\Users\rayxc\Documents\R\_bestrec_run\results_IS_COLDFUSE2_base_seed20260743.json
=== fusion eval: Industrial_and_Scientific  ckpt=results_IS_COLDFUSE2_base_seed20260743.best.pt ===
  n_users=50,985 n_items=25,848
  ckpt from epoch 12 (val NDCG@10 0.04193)

--- EASE l2=50.0: fit + VAL sweep ---
  EASE l2=50.0: verified cache hit (d28f5247ad74bb2ca98101ea)
    [512/50,985 elapsed 0.5s]
    [10,752/50,985 elapsed 6.5s]
    [20,992/50,985 elapsed 12.6s]
    [31,232/50,985 elapsed 19.5s]
    [41,472/50,985 elapsed 25.5s]
  VAL seq NDCG@10=0.04193  ease=0.03204
    w=0.01: val fused NDCG@10=0.04304
    w=0.02: val fused NDCG@10=0.04381
    w=0.03: val fused NDCG@10=0.04407
    w=0.04: val fused NDCG@10=0.04430
    w=0.05: val fused NDCG@10=0.04423
    w=0.06: val fused NDCG@10=0.04407
    w=0.075: val fused NDCG@10=0.04373
    w=0.1: val fused NDCG@10=0.04320

--- EASE l2=100.0: fit + VAL sweep ---
  EASE l2=100.0: verified cache hit (86f11547255059bac929520a)
    [512/50,985 elapsed 0.3s]
    [10,752/50,985 elapsed 7.5s]
    [20,992/50,985 elapsed 13.5s]
    [31,232/50,985 elapsed 19.9s]
    [41,472/50,985 elapsed 26.6s]
  VAL seq NDCG@10=0.04193  ease=0.03244
    w=0.01: val fused NDCG@10=0.04302
    w=0.02: val fused NDCG@10=0.04390
    w=0.03: val fused NDCG@10=0.04421
    w=0.04: val fused NDCG@10=0.04436
    w=0.05: val fused NDCG@10=0.04437
    w=0.06: val fused NDCG@10=0.04422
    w=0.075: val fused NDCG@10=0.04406
    w=0.1: val fused NDCG@10=0.04338

--- EASE l2=200.0: fit + VAL sweep ---
  EASE l2=200.0: verified cache hit (1bfb20051d435aabf3466aaf)
    [512/50,985 elapsed 1.5s]
    [10,752/50,985 elapsed 25.9s]
    [20,992/50,985 elapsed 48.5s]
    [31,232/50,985 elapsed 55.1s]
    [41,472/50,985 elapsed 61.2s]
  VAL seq NDCG@10=0.04193  ease=0.03267
    w=0.01: val fused NDCG@10=0.04303
    w=0.02: val fused NDCG@10=0.04396
    w=0.03: val fused NDCG@10=0.04427
    w=0.04: val fused NDCG@10=0.04439
    w=0.05: val fused NDCG@10=0.04428
    w=0.06: val fused NDCG@10=0.04411
    w=0.075: val fused NDCG@10=0.04403
    w=0.1: val fused NDCG@10=0.04322

--- EASE l2=500.0: fit + VAL sweep ---
  EASE l2=500.0: verified cache hit (8c221fc270ad79e08936f981)
    [512/50,985 elapsed 0.5s]
    [10,752/50,985 elapsed 7.1s]
    [20,992/50,985 elapsed 13.0s]
    [31,232/50,985 elapsed 18.9s]
    [41,472/50,985 elapsed 24.8s]
  VAL seq NDCG@10=0.04193  ease=0.03235
    w=0.01: val fused NDCG@10=0.04313
    w=0.02: val fused NDCG@10=0.04379
    w=0.03: val fused NDCG@10=0.04406
    w=0.04: val fused NDCG@10=0.04432
    w=0.05: val fused NDCG@10=0.04417
    w=0.06: val fused NDCG@10=0.04401
    w=0.075: val fused NDCG@10=0.04370
    w=0.1: val fused NDCG@10=0.04280

=== selected on VAL: l2=200.0, w=0.04 (val fused NDCG@10=0.04439) ===
wrote C:\Users\rayxc\Documents\R\_bestrec_run\results_IS_COLDFUSE2_base_seed20260743.fusion.json (VAL-ONLY; test sequestered)
=== COLDFUSE2 confirm: Industrial_and_Scientific seed 20260743 (ease=yes; test sequestered) ===
  EASE l2=200.0: verified cache hit (1bfb20051d435aabf3466aaf)
  [val] streaming sweep: 85 systems ...
    [512/50,985 1s]
    [20,992/50,985 25s]
    [41,472/50,985 90s]
  VAL selected {'profile': 'exp0.9', 'wt_tail': 0.25, 'wt_mid': 0.05, 'wt_head': 0.05} (feasible 17/84; val f15 0.00667 vs ref 0.00339)
  [test] sequestered pass: ref + selected + 4 controls ...
  test pass complete (values sequestered to the artifact)
wrote C:\Users\rayxc\Documents\R\_bestrec_run\results_Industrial_and_Scientific_COLDFUSE2_confirm_seed20260743.json (metrics sequestered)

    [72,192/123,876  elapsed 48.9s]
    [77,312/123,876  elapsed 51.7s]
    [82,432/123,876  elapsed 53.9s]
    [87,552/123,876  elapsed 57.4s]
    [92,672/123,876  elapsed 60.0s]
    [97,792/123,876  elapsed 62.3s]
    [102,912/123,876  elapsed 64.4s]
    [108,032/123,876  elapsed 66.7s]
    [113,152/123,876  elapsed 69.1s]
    [118,272/123,876  elapsed 71.3s]
    [123,392/123,876  elapsed 73.5s]
  eval done in 73.6s
  by-popularity NDCG@10: tail=0.0103(n=18,342)  mid=0.0285(n=20,089)  head=0.0967(n=85,445)
  epoch  14  loss=8.6699  val_NDCG=0.0728  [test sequestered]  (91.6s)
  evaluating 123,876 users in batches of 512...
    [512/123,876  elapsed 0.1s]
    [5,632/123,876  elapsed 2.4s]
    [10,752/123,876  elapsed 4.5s]
    [15,872/123,876  elapsed 6.7s]
    [20,992/123,876  elapsed 7.9s]
    [26,112/123,876  elapsed 9.5s]
    [31,232/123,876  elapsed 10.8s]
    [36,352/123,876  elapsed 12.0s]
    [41,472/123,876  elapsed 14.6s]
    [46,592/123,876  elapsed 19.1s]
    [51,712/123,876  elapsed 23.5s]
    [56,832/123,876  elapsed 28.1s]
    [61,952/123,876  elapsed 32.6s]
    [67,072/123,876  elapsed 37.0s]
    [72,192/123,876  elapsed 41.6s]
    [77,312/123,876  elapsed 44.3s]
    [82,432/123,876  elapsed 45.5s]
    [87,552/123,876  elapsed 48.7s]
    [92,672/123,876  elapsed 53.2s]
    [97,792/123,876  elapsed 57.6s]
    [102,912/123,876  elapsed 61.9s]
    [108,032/123,876  elapsed 66.3s]
    [113,152/123,876  elapsed 70.9s]
    [118,272/123,876  elapsed 75.5s]
    [123,392/123,876  elapsed 79.3s]
  eval done in 79.4s
  by-popularity NDCG@10: tail=0.0106(n=18,342)  mid=0.0289(n=20,089)  head=0.0968(n=85,445)
  epoch  15  loss=8.6341  val_NDCG=0.0730  [test sequestered]  (113.5s)
  evaluating 123,876 users in batches of 512...
    [512/123,876  elapsed 0.4s]
    [5,632/123,876  elapsed 4.9s]
    [10,752/123,876  elapsed 9.3s]
    [15,872/123,876  elapsed 13.8s]
    [20,992/123,876  elapsed 18.2s]
    [26,112/123,876  elapsed 20.0s]
    [31,232/123,876  elapsed 21.4s]
    [36,352/123,876  elapsed 25.8s]
    [41,472/123,876  elapsed 30.2s]
    [46,592/123,876  elapsed 34.6s]
    [51,712/123,876  elapsed 39.0s]
    [56,832/123,876  elapsed 43.3s]
    [61,952/123,876  elapsed 47.6s]
    [67,072/123,876  elapsed 51.8s]
    [72,192/123,876  elapsed 52.9s]
    [77,312/123,876  elapsed 54.0s]
    [82,432/123,876  elapsed 55.6s]
    [87,552/123,876  elapsed 56.8s]
    [92,672/123,876  elapsed 57.9s]
    [97,792/123,876  elapsed 61.7s]
    [102,912/123,876  elapsed 66.2s]
    [108,032/123,876  elapsed 71.2s]
    [113,152/123,876  elapsed 75.9s]
    [118,272/123,876  elapsed 80.9s]
    [123,392/123,876  elapsed 85.6s]
  eval done in 86.0s
  by-popularity NDCG@10: tail=0.0105(n=18,342)  mid=0.0290(n=20,089)  head=0.0971(n=85,445)
  epoch  16  loss=8.6021  val_NDCG=0.0732  [test sequestered]  (49.1s)
  evaluating 123,876 users in batches of 512...
    [512/123,876  elapsed 0.5s]
    [5,632/123,876  elapsed 5.1s]
    [10,752/123,876  elapsed 9.7s]
    [15,872/123,876  elapsed 14.2s]
    [20,992/123,876  elapsed 18.0s]
    [26,112/123,876  elapsed 21.5s]
    [31,232/123,876  elapsed 25.0s]
    [36,352/123,876  elapsed 28.5s]
    [41,472/123,876  elapsed 32.0s]
    [46,592/123,876  elapsed 35.5s]
    [51,712/123,876  elapsed 39.0s]
    [56,832/123,876  elapsed 42.5s]
    [61,952/123,876  elapsed 46.0s]
    [67,072/123,876  elapsed 49.5s]
    [72,192/123,876  elapsed 53.1s]
    [77,312/123,876  elapsed 56.5s]
    [82,432/123,876  elapsed 60.1s]
    [87,552/123,876  elapsed 63.5s]
    [92,672/123,876  elapsed 67.0s]
    [97,792/123,876  elapsed 70.5s]
    [102,912/123,876  elapsed 74.1s]
    [108,032/123,876  elapsed 77.5s]
    [113,152/123,876  elapsed 79.4s]
    [118,272/123,876  elapsed 80.6s]
    [123,392/123,876  elapsed 82.1s]
  eval done in 82.2s
  by-popularity NDCG@10: tail=0.0106(n=18,342)  mid=0.0294(n=20,089)  head=0.0974(n=85,445)
  epoch  17  loss=8.5782  val_NDCG=0.0735  [test sequestered]  (57.3s)
  evaluating 123,876 users in batches of 512...
    [512/123,876  elapsed 0.1s]
    [5,632/123,876  elapsed 4.2s]
    [10,752/123,876  elapsed 6.7s]
    [15,872/123,876  elapsed 9.0s]
    [20,992/123,876  elapsed 11.8s]
    [26,112/123,876  elapsed 14.5s]
    [31,232/123,876  elapsed 17.1s]
    [36,352/123,876  elapsed 21.5s]
    [41,472/123,876  elapsed 24.3s]
    [46,592/123,876  elapsed 27.0s]
    [51,712/123,876  elapsed 29.6s]
    [56,832/123,876  elapsed 32.2s]
    [61,952/123,876  elapsed 36.3s]
    [67,072/123,876  elapsed 39.0s]
    [72,192/123,876  elapsed 41.5s]
    [77,312/123,876  elapsed 44.1s]
    [82,432/123,876  elapsed 46.8s]
    [87,552/123,876  elapsed 49.7s]
    [92,672/123,876  elapsed 52.2s]
    [97,792/123,876  elapsed 54.8s]
    [102,912/123,876  elapsed 59.0s]
    [108,032/123,876  elapsed 61.5s]
    [113,152/123,876  elapsed 64.1s]
    [118,272/123,876  elapsed 66.8s]
    [123,392/123,876  elapsed 69.8s]
  eval done in 69.9s
  by-popularity NDCG@10: tail=0.0106(n=18,342)  mid=0.0295(n=20,089)  head=0.0975(n=85,445)
  epoch  18  loss=8.5566  val_NDCG=0.0736  [test sequestered]  (84.5s)
  evaluating 123,876 users in batches of 512...
    [512/123,876  elapsed 0.1s]
    [5,632/123,876  elapsed 2.7s]
    [10,752/123,876  elapsed 7.2s]
    [15,872/123,876  elapsed 9.9s]
    [20,992/123,876  elapsed 12.5s]
    [26,112/123,876  elapsed 16.8s]
    [31,232/123,876  elapsed 19.4s]
    [36,352/123,876  elapsed 21.9s]
    [41,472/123,876  elapsed 24.5s]
    [46,592/123,876  elapsed 27.1s]
    [51,712/123,876  elapsed 29.5s]
    [56,832/123,876  elapsed 32.0s]
    [61,952/123,876  elapsed 34.8s]
    [67,072/123,876  elapsed 38.9s]
    [72,192/123,876  elapsed 39.8s]
    [77,312/123,876  elapsed 42.2s]
    [82,432/123,876  elapsed 46.2s]
    [87,552/123,876  elapsed 48.8s]
    [92,672/123,876  elapsed 51.3s]
    [97,792/123,876  elapsed 53.8s]
    [102,912/123,876  elapsed 56.4s]
    [108,032/123,876  elapsed 59.3s]
    [113,152/123,876  elapsed 61.9s]
    [118,272/123,876  elapsed 64.4s]
    [123,392/123,876  elapsed 67.1s]
  eval done in 67.3s
  by-popularity NDCG@10: tail=0.0107(n=18,342)  mid=0.0295(n=20,089)  head=0.0975(n=85,445)
  epoch  19  loss=8.5470  val_NDCG=0.0736  [test sequestered]  (94.8s)
  evaluating 123,876 users in batches of 512...
    [512/123,876  elapsed 0.1s]
    [5,632/123,876  elapsed 2.8s]
    [10,752/123,876  elapsed 5.7s]
    [15,872/123,876  elapsed 8.9s]
    [20,992/123,876  elapsed 13.5s]
    [26,112/123,876  elapsed 16.2s]
    [31,232/123,876  elapsed 18.9s]
    [36,352/123,876  elapsed 21.8s]
    [41,472/123,876  elapsed 24.5s]
    [46,592/123,876  elapsed 27.2s]
    [51,712/123,876  elapsed 31.7s]
    [56,832/123,876  elapsed 34.6s]
    [61,952/123,876  elapsed 37.4s]
    [67,072/123,876  elapsed 40.1s]
    [72,192/123,876  elapsed 42.7s]
    [77,312/123,876  elapsed 47.2s]
    [82,432/123,876  elapsed 50.0s]
    [87,552/123,876  elapsed 52.6s]
    [92,672/123,876  elapsed 55.5s]
    [97,792/123,876  elapsed 58.6s]
    [102,912/123,876  elapsed 61.1s]
    [108,032/123,876  elapsed 63.7s]
    [113,152/123,876  elapsed 66.2s]
    [118,272/123,876  elapsed 68.9s]
    [123,392/123,876  elapsed 71.6s]
  eval done in 71.6s
  by-popularity NDCG@10: tail=0.0107(n=18,342)  mid=0.0296(n=20,089)  head=0.0975(n=85,445)
  epoch  20  loss=8.5406  val_NDCG=0.0736  [test sequestered]  (96.1s)

=== Best by val NDCG@10 ===
  val_NDCG=0.0736
  best_ckpt_sha256 = 42c591cd16fca8631b8bae5a307fcda71840f3f2a1b16f1322c41ae7f1098877

wrote C:\Users\rayxc\Documents\R\_bestrec_run\results_CDS_COLDFUSE2_base_seed20260741.json
=== COLDFUSE2 confirm: CDs_and_Vinyl seed 20260741 (ease=no; test sequestered) ===
  [val] streaming sweep: 85 systems ...
    [512/123,876 1s]
  random seed set to 20260744
=== Musical_Instruments: load splits ===
  n_users=57,439  n_items=24,587  pad_id=24587
  built sequences for 57,439 users
  built timestamp sequences (12 time buckets)
  loading SBERT embeddings from C:\Users\rayxc\Documents\R\cache_5core\sbert_titles_Musical_Instruments.npy...
  TAPE: k-means 24,587 text embeddings into K=512 prototypes (tau=0.05)...
  TAPE: K=512 mean max-assignment weight = 0.524 (1.0 = hard clustering)

=== Build SASRec-SBERT (d=64, layers=4, heads=2) ===
  total params: 11,186,047  device=cuda
  57,439 training examples / 225 batches per epoch
  init_state_sha256 = d8a6a2052ea9e64bc0072f84b538393a7793bb9d44878dd11360556212e6ac46
  LR schedule: warmup_cosine (225 warmup + 4275 cosine steps)

=== Train for 20 epochs ===
  evaluating 57,439 users in batches of 512...
    [512/57,439  elapsed 0.1s]
    [5,632/57,439  elapsed 2.6s]
    [10,752/57,439  elapsed 4.9s]
    [15,872/57,439  elapsed 7.1s]
    [20,992/57,439  elapsed 9.5s]
    [26,112/57,439  elapsed 11.9s]
    [31,232/57,439  elapsed 15.7s]
    [36,352/57,439  elapsed 18.0s]
    [41,472/57,439  elapsed 20.2s]
    [46,592/57,439  elapsed 22.4s]
    [51,712/57,439  elapsed 24.8s]
    [56,832/57,439  elapsed 27.3s]
  eval done in 27.4s
  by-popularity NDCG@10: tail=0.0000(n=7,762)  mid=0.0004(n=8,169)  head=0.0362(n=41,508)
  epoch   1  loss=9.6220  val_NDCG=0.0262  [test sequestered]  (13.5s)
  evaluating 57,439 users in batches of 512...
    [512/57,439  elapsed 0.1s]
    [5,632/57,439  elapsed 2.5s]
    [10,752/57,439  elapsed 4.7s]
    [15,872/57,439  elapsed 7.2s]
    [20,992/57,439  elapsed 11.3s]
    [26,112/57,439  elapsed 13.8s]
    [31,232/57,439  elapsed 16.0s]
    [36,352/57,439  elapsed 18.3s]
    [41,472/57,439  elapsed 20.4s]
    [46,592/57,439  elapsed 21.3s]
    [51,712/57,439  elapsed 23.5s]
    [56,832/57,439  elapsed 25.8s]
  eval done in 26.0s
  by-popularity NDCG@10: tail=0.0000(n=7,762)  mid=0.0001(n=8,169)  head=0.0471(n=41,508)
  epoch   2  loss=9.0940  val_NDCG=0.0341  [test sequestered]  (13.4s)
  evaluating 57,439 users in batches of 512...
    [512/57,439  elapsed 0.1s]
    [5,632/57,439  elapsed 4.3s]
    [10,752/57,439  elapsed 5.2s]
    [15,872/57,439  elapsed 7.7s]
    [20,992/57,439  elapsed 12.0s]
    [26,112/57,439  elapsed 14.9s]
    [31,232/57,439  elapsed 17.6s]
    [36,352/57,439  elapsed 20.0s]
    [41,472/57,439  elapsed 22.5s]
    [46,592/57,439  elapsed 25.2s]
    [51,712/57,439  elapsed 27.8s]
    [56,832/57,439  elapsed 30.2s]
  eval done in 30.3s
  by-popularity NDCG@10: tail=0.0001(n=7,762)  mid=0.0008(n=8,169)  head=0.0533(n=41,508)
  epoch   3  loss=8.9338  val_NDCG=0.0386  [test sequestered]  (12.7s)
  evaluating 57,439 users in batches of 512...
    [512/57,439  elapsed 0.1s]
    [5,632/57,439  elapsed 4.3s]
    [10,752/57,439  elapsed 6.7s]
    [15,872/57,439  elapsed 9.3s]
    [20,992/57,439  elapsed 12.3s]
    [26,112/57,439  elapsed 14.9s]
    [31,232/57,439  elapsed 17.2s]
    [36,352/57,439  elapsed 20.0s]
    [41,472/57,439  elapsed 22.5s]
    [46,592/57,439  elapsed 24.9s]
    [51,712/57,439  elapsed 27.3s]
    [56,832/57,439  elapsed 31.5s]
  eval done in 31.6s
  by-popularity NDCG@10: tail=0.0000(n=7,762)  mid=0.0014(n=8,169)  head=0.0563(n=41,508)
  epoch   4  loss=8.8279  val_NDCG=0.0409  [test sequestered]  (13.2s)
  evaluating 57,439 users in batches of 512...
    [512/57,439  elapsed 0.1s]
    [5,632/57,439  elapsed 2.6s]
    [10,752/57,439  elapsed 5.1s]
    [15,872/57,439  elapsed 7.7s]
    [20,992/57,439  elapsed 10.5s]
    [26,112/57,439  elapsed 13.3s]
    [31,232/57,439  elapsed 17.5s]
    [36,352/57,439  elapsed 19.9s]
    [41,472/57,439  elapsed 20.9s]
    [46,592/57,439  elapsed 24.9s]
    [51,712/57,439  elapsed 27.3s]
    [56,832/57,439  elapsed 29.7s]
  eval done in 29.8s
  by-popularity NDCG@10: tail=0.0001(n=7,762)  mid=0.0024(n=8,169)  head=0.0578(n=41,508)
  epoch   5  loss=8.7473  val_NDCG=0.0421  [test sequestered]  (14.8s)
  evaluating 57,439 users in batches of 512...
    [512/57,439  elapsed 0.1s]
    [5,632/57,439  elapsed 2.9s]
    [10,752/57,439  elapsed 5.6s]
    [15,872/57,439  elapsed 8.2s]
    [20,992/57,439  elapsed 10.6s]
    [26,112/57,439  elapsed 13.1s]
    [31,232/57,439  elapsed 17.2s]
    [36,352/57,439  elapsed 18.2s]
    [41,472/57,439  elapsed 20.5s]
    [46,592/57,439  elapsed 24.9s]
    [51,712/57,439  elapsed 27.6s]
    [56,832/57,439  elapsed 30.0s]
  eval done in 30.1s
  by-popularity NDCG@10: tail=0.0006(n=7,762)  mid=0.0033(n=8,169)  head=0.0602(n=41,508)
  epoch   6  loss=8.6787  val_NDCG=0.0440  [test sequestered]  (14.8s)
  evaluating 57,439 users in batches of 512...
    [512/57,439  elapsed 0.1s]
    [5,632/57,439  elapsed 2.4s]
    [10,752/57,439  elapsed 4.8s]
    [15,872/57,439  elapsed 7.4s]
    [20,992/57,439  elapsed 11.6s]
    [26,112/57,439  elapsed 12.5s]
    [31,232/57,439  elapsed 14.9s]
    [36,352/57,439  elapsed 17.4s]
    [41,472/57,439  elapsed 19.8s]
    [46,592/57,439  elapsed 22.2s]
    [51,712/57,439  elapsed 24.6s]
    [56,832/57,439  elapsed 27.0s]
  eval done in 27.2s
  by-popularity NDCG@10: tail=0.0008(n=7,762)  mid=0.0037(n=8,169)  head=0.0607(n=41,508)
  epoch   7  loss=8.6201  val_NDCG=0.0445  [test sequestered]  (14.8s)
  evaluating 57,439 users in batches of 512...
    [512/57,439  elapsed 0.1s]
    [5,632/57,439  elapsed 4.5s]
    [10,752/57,439  elapsed 7.1s]
    [15,872/57,439  elapsed 9.4s]
    [20,992/57,439  elapsed 11.8s]
    [26,112/57,439  elapsed 14.4s]
    [31,232/57,439  elapsed 17.1s]
    [36,352/57,439  elapsed 19.6s]
    [41,472/57,439  elapsed 22.4s]
    [46,592/57,439  elapsed 26.9s]
    [51,712/57,439  elapsed 29.3s]
    [56,832/57,439  elapsed 31.7s]
  eval done in 31.9s
  by-popularity NDCG@10: tail=0.0011(n=7,762)  mid=0.0049(n=8,169)  head=0.0609(n=41,508)
  epoch   8  loss=8.5661  val_NDCG=0.0449  [test sequestered]  (14.9s)
  evaluating 57,439 users in batches of 512...
    [512/57,439  elapsed 0.1s]
    [5,632/57,439  elapsed 2.7s]
    [10,752/57,439  elapsed 5.6s]
    [15,872/57,439  elapsed 8.4s]
    [20,992/57,439  elapsed 11.2s]
    [26,112/57,439  elapsed 15.5s]
    [31,232/57,439  elapsed 16.4s]
    [36,352/57,439  elapsed 19.2s]
    [41,472/57,439  elapsed 23.4s]
    [46,592/57,439  elapsed 26.1s]
    [51,712/57,439  elapsed 28.8s]
    [56,832/57,439  elapsed 31.9s]
  eval done in 32.0s
  by-popularity NDCG@10: tail=0.0012(n=7,762)  mid=0.0049(n=8,169)  head=0.0614(n=41,508)
  epoch   9  loss=8.5188  val_NDCG=0.0452  [test sequestered]  (15.9s)
  evaluating 57,439 users in batches of 512...
    [512/57,439  elapsed 0.1s]
    [5,632/57,439  elapsed 2.7s]
    [10,752/57,439  elapsed 7.4s]
    [15,872/57,439  elapsed 10.4s]
    [20,992/57,439  elapsed 13.1s]
    [26,112/57,439  elapsed 15.8s]
    [31,232/57,439  elapsed 18.3s]
    [36,352/57,439  elapsed 21.1s]
    [41,472/57,439  elapsed 23.8s]
    [46,592/57,439  elapsed 26.3s]
    [51,712/57,439  elapsed 28.8s]
    [56,832/57,439  elapsed 31.6s]
  eval done in 31.7s
  by-popularity NDCG@10: tail=0.0015(n=7,762)  mid=0.0057(n=8,169)  head=0.0613(n=41,508)
  epoch  10  loss=8.4762  val_NDCG=0.0453  [test sequestered]  (15.9s)
  evaluating 57,439 users in batches of 512...
    [512/57,439  elapsed 1.7s]
    [5,632/57,439  elapsed 4.4s]
    [10,752/57,439  elapsed 5.3s]
    [15,872/57,439  elapsed 10.2s]
    [20,992/57,439  elapsed 12.9s]
    [26,112/57,439  elapsed 15.4s]
    [31,232/57,439  elapsed 17.9s]
    [36,352/57,439  elapsed 20.5s]
    [41,472/57,439  elapsed 23.0s]
    [46,592/57,439  elapsed 25.6s]
    [51,712/57,439  elapsed 26.6s]
    [56,832/57,439  elapsed 27.7s]
  eval done in 27.8s
  by-popularity NDCG@10: tail=0.0016(n=7,762)  mid=0.0057(n=8,169)  head=0.0618(n=41,508)
  epoch  11  loss=8.4362  val_NDCG=0.0457  [test sequestered]  (13.9s)
  evaluating 57,439 users in batches of 512...
    [512/57,439  elapsed 0.1s]
    [5,632/57,439  elapsed 4.7s]
    [10,752/57,439  elapsed 10.8s]
    [15,872/57,439  elapsed 17.6s]    [20,992/123,876 35s]
    [41,472/123,876 70s]
    [61,952/123,876 108s]
    [82,432/123,876 143s]
    [102,912/123,876 181s]
    [123,392/123,876 215s]
  VAL selected {'profile': 'exp0.9', 'wt_tail': 0.15, 'wt_mid': 0.0, 'wt_head': 0.0} (feasible 8/84; val f15 0.01413 vs ref 0.01028)
  [test] sequestered pass: ref + selected + 4 controls ...
  test pass complete (values sequestered to the artifact)
wrote C:\Users\rayxc\Documents\R\_bestrec_run\results_CDs_and_Vinyl_COLDFUSE2_confirm_seed20260741.json (metrics sequestered)

    [20,992/57,439  elapsed 24.1s]
    [26,112/57,439  elapsed 30.3s]
    [31,232/57,439  elapsed 36.7s]
    [36,352/57,439  elapsed 43.5s]
    [41,472/57,439  elapsed 49.6s]
    [46,592/57,439  elapsed 56.0s]
    [51,712/57,439  elapsed 62.5s]
    [56,832/57,439  elapsed 69.5s]
  eval done in 70.4s
  by-popularity NDCG@10: tail=0.0019(n=7,762)  mid=0.0064(n=8,169)  head=0.0617(n=41,508)
  epoch  12  loss=8.3987  val_NDCG=0.0457  [test sequestered]  (6.1s)
  evaluating 57,439 users in batches of 512...
    [512/57,439  elapsed 0.7s]
    [5,632/57,439  elapsed 7.4s]
    [10,752/57,439  elapsed 14.2s]
    [15,872/57,439  elapsed 20.6s]
    [20,992/57,439  elapsed 26.8s]
    [26,112/57,439  elapsed 33.3s]
    [31,232/57,439  elapsed 40.3s]
    [36,352/57,439  elapsed 46.8s]
    [41,472/57,439  elapsed 53.0s]
    [46,592/57,439  elapsed 59.4s]
    [51,712/57,439  elapsed 66.3s]
    [56,832/57,439  elapsed 72.8s]
  eval done in 73.6s
  by-popularity NDCG@10: tail=0.0019(n=7,762)  mid=0.0065(n=8,169)  head=0.0617(n=41,508)
  epoch  13  loss=8.3686  val_NDCG=0.0458  [test sequestered]  (9.5s)
  evaluating 57,439 users in batches of 512...
    [512/57,439  elapsed 0.4s]
    [5,632/57,439  elapsed 7.0s]
    [10,752/57,439  elapsed 13.8s]
    [15,872/57,439  elapsed 20.1s]
    [20,992/57,439  elapsed 26.3s]
    [26,112/57,439  elapsed 32.8s]
    [31,232/57,439  elapsed 39.3s]
    [36,352/57,439  elapsed 45.4s]
    [41,472/57,439  elapsed 51.9s]
    [46,592/57,439  elapsed 55.7s]
    [51,712/57,439  elapsed 59.5s]
    [56,832/57,439  elapsed 63.0s]
  eval done in 63.3s
  by-popularity NDCG@10: tail=0.0021(n=7,762)  mid=0.0066(n=8,169)  head=0.0618(n=41,508)
  epoch  14  loss=8.3428  val_NDCG=0.0459  [test sequestered]  (9.6s)
  evaluating 57,439 users in batches of 512...
    [512/57,439  elapsed 0.3s]
    [5,632/57,439  elapsed 3.6s]
    [10,752/57,439  elapsed 7.1s]
    [15,872/57,439  elapsed 10.5s]
    [20,992/57,439  elapsed 13.7s]
    [26,112/57,439  elapsed 17.5s]
    [31,232/57,439  elapsed 21.3s]
    [36,352/57,439  elapsed 24.5s]
    [41,472/57,439  elapsed 27.8s]
    [46,592/57,439  elapsed 31.3s]
    [51,712/57,439  elapsed 34.5s]
    [56,832/57,439  elapsed 37.9s]
  eval done in 38.3s
  by-popularity NDCG@10: tail=0.0022(n=7,762)  mid=0.0069(n=8,169)  head=0.0618(n=41,508)
  epoch  15  loss=8.3182  val_NDCG=0.0459  [test sequestered]  (7.0s)
  evaluating 57,439 users in batches of 512...
    [512/57,439  elapsed 0.3s]
    [5,632/57,439  elapsed 3.5s]
    [10,752/57,439  elapsed 7.0s]
    [15,872/57,439  elapsed 10.4s]
    [20,992/57,439  elapsed 13.7s]
    [26,112/57,439  elapsed 17.6s]
    [31,232/57,439  elapsed 21.2s]
    [36,352/57,439  elapsed 25.0s]
    [41,472/57,439  elapsed 28.1s]
    [46,592/57,439  elapsed 31.5s]
    [51,712/57,439  elapsed 35.0s]
    [56,832/57,439  elapsed 38.2s]
  eval done in 38.6s
  by-popularity NDCG@10: tail=0.0023(n=7,762)  mid=0.0067(n=8,169)  head=0.0625(n=41,508)
  epoch  16  loss=8.3012  val_NDCG=0.0464  [test sequestered]  (6.8s)
  evaluating 57,439 users in batches of 512...
    [512/57,439  elapsed 0.3s]
    [5,632/57,439  elapsed 3.5s]
    [10,752/57,439  elapsed 7.0s]
    [15,872/57,439  elapsed 10.3s]
    [20,992/57,439  elapsed 13.5s]
    [26,112/57,439  elapsed 17.3s]
    [31,232/57,439  elapsed 20.9s]
    [36,352/57,439  elapsed 23.9s]
    [41,472/57,439  elapsed 27.1s]
    [46,592/57,439  elapsed 30.3s]
    [51,712/57,439  elapsed 33.5s]
    [56,832/57,439  elapsed 36.6s]
  eval done in 37.0s
  by-popularity NDCG@10: tail=0.0023(n=7,762)  mid=0.0069(n=8,169)  head=0.0620(n=41,508)
  epoch  17  loss=8.2863  val_NDCG=0.0461  [test sequestered]  (7.0s)
  evaluating 57,439 users in batches of 512...
    [512/57,439  elapsed 0.3s]
    [5,632/57,439  elapsed 3.5s]
    [10,752/57,439  elapsed 6.6s]
    [15,872/57,439  elapsed 8.8s]
    [20,992/57,439  elapsed 9.8s]
    [26,112/57,439  elapsed 11.0s]
    [31,232/57,439  elapsed 12.6s]
    [36,352/57,439  elapsed 14.0s]
    [41,472/57,439  elapsed 15.8s]
    [46,592/57,439  elapsed 20.2s]
    [51,712/57,439  elapsed 24.6s]
    [56,832/57,439  elapsed 28.9s]
  eval done in 29.3s
  by-popularity NDCG@10: tail=0.0023(n=7,762)  mid=0.0070(n=8,169)  head=0.0621(n=41,508)
  epoch  18  loss=8.2745  val_NDCG=0.0462  [test sequestered]  (6.7s)
  evaluating 57,439 users in batches of 512...
    [512/57,439  elapsed 0.4s]
    [5,632/57,439  elapsed 5.3s]
    [10,752/57,439  elapsed 9.7s]
    [15,872/57,439  elapsed 14.8s]
    [20,992/57,439  elapsed 19.6s]
    [26,112/57,439  elapsed 24.1s]
    [31,232/57,439  elapsed 28.1s]
    [36,352/57,439  elapsed 32.5s]
    [41,472/57,439  elapsed 36.9s]
    [46,592/57,439  elapsed 41.4s]
    [51,712/57,439  elapsed 45.8s]
    [56,832/57,439  elapsed 50.3s]
  eval done in 50.9s
  by-popularity NDCG@10: tail=0.0023(n=7,762)  mid=0.0069(n=8,169)  head=0.0622(n=41,508)
  epoch  19  loss=8.2700  val_NDCG=0.0462  [test sequestered]  (10.5s)
  evaluating 57,439 users in batches of 512...
    [512/57,439  elapsed 0.4s]
    [5,632/57,439  elapsed 4.8s]
    [10,752/57,439  elapsed 9.2s]
    [15,872/57,439  elapsed 13.7s]
    [20,992/57,439  elapsed 18.1s]
    [26,112/57,439  elapsed 22.1s]
    [31,232/57,439  elapsed 26.5s]
    [36,352/57,439  elapsed 29.7s]
    [41,472/57,439  elapsed 32.7s]
    [46,592/57,439  elapsed 35.7s]
    [51,712/57,439  elapsed 38.5s]
    [56,832/57,439  elapsed 41.3s]
  eval done in 41.7s
  by-popularity NDCG@10: tail=0.0023(n=7,762)  mid=0.0068(n=8,169)  head=0.0621(n=41,508)
  epoch  20  loss=8.2669  val_NDCG=0.0462  [test sequestered]  (10.6s)

=== Best by val NDCG@10 ===
  val_NDCG=0.0464
  best_ckpt_sha256 = fa293cc844d0db0262e74d142e8b1e2e95d337e996154bdea28de7068cfc5627

wrote C:\Users\rayxc\Documents\R\_bestrec_run\results_MI_COLDFUSE2_base_seed20260744.json
=== fusion eval: Musical_Instruments  ckpt=results_MI_COLDFUSE2_base_seed20260744.best.pt ===
  n_users=57,439 n_items=24,587
  ckpt from epoch 16 (val NDCG@10 0.04641)

--- EASE l2=50.0: fit + VAL sweep ---
  EASE l2=50.0: verified cache hit (0d6aa731986eefd4228ee0f9)
    [512/57,439 elapsed 0.5s]
    [10,752/57,439 elapsed 6.4s]
    [20,992/57,439 elapsed 12.4s]
    [31,232/57,439 elapsed 18.9s]
    [41,472/57,439 elapsed 25.1s]
    [51,712/57,439 elapsed 31.4s]
  VAL seq NDCG@10=0.04641  ease=0.03472
    w=0.01: val fused NDCG@10=0.04766
    w=0.02: val fused NDCG@10=0.04818
    w=0.03: val fused NDCG@10=0.04841
    w=0.04: val fused NDCG@10=0.04850
    w=0.05: val fused NDCG@10=0.04828
    w=0.06: val fused NDCG@10=0.04797
    w=0.075: val fused NDCG@10=0.04752
    w=0.1: val fused NDCG@10=0.04671

--- EASE l2=100.0: fit + VAL sweep ---
  EASE l2=100.0: verified cache hit (e6853d0b0fa835018ed44c6c)
    [512/57,439 elapsed 0.8s]
    [10,752/57,439 elapsed 11.1s]
    [20,992/57,439 elapsed 21.8s]
    [31,232/57,439 elapsed 32.6s]
    [41,472/57,439 elapsed 42.8s]
    [51,712/57,439 elapsed 54.2s]
  VAL seq NDCG@10=0.04641  ease=0.03536
    w=0.01: val fused NDCG@10=0.04770
    w=0.02: val fused NDCG@10=0.04819
    w=0.03: val fused NDCG@10=0.04847
    w=0.04: val fused NDCG@10=0.04871
    w=0.05: val fused NDCG@10=0.04835
    w=0.06: val fused NDCG@10=0.04808
    w=0.075: val fused NDCG@10=0.04761
    w=0.1: val fused NDCG@10=0.04661

--- EASE l2=200.0: fit + VAL sweep ---
  EASE l2=200.0: verified cache hit (ebdd11e5519b1f4b59ea0424)
    [512/57,439 elapsed 0.5s]
    [10,752/57,439 elapsed 10.5s]
    [20,992/57,439 elapsed 20.3s]
    [31,232/57,439 elapsed 30.3s]
    [41,472/57,439 elapsed 40.0s]
    [51,712/57,439 elapsed 49.7s]
  VAL seq NDCG@10=0.04641  ease=0.03548
    w=0.01: val fused NDCG@10=0.04771
    w=0.02: val fused NDCG@10=0.04826
    w=0.03: val fused NDCG@10=0.04848
    w=0.04: val fused NDCG@10=0.04851
    w=0.05: val fused NDCG@10=0.04832
    w=0.06: val fused NDCG@10=0.04790
    w=0.075: val fused NDCG@10=0.04728
    w=0.1: val fused NDCG@10=0.04635

--- EASE l2=500.0: fit + VAL sweep ---
  EASE l2=500.0: verified cache hit (b30720d9178a2f9cb57fa1d1)
    [512/57,439 elapsed 0.3s]
    [10,752/57,439 elapsed 6.1s]
    [20,992/57,439 elapsed 11.8s]
    [31,232/57,439 elapsed 17.5s]
    [41,472/57,439 elapsed 23.2s]
    [51,712/57,439 elapsed 28.8s]
  VAL seq NDCG@10=0.04641  ease=0.03500
    w=0.01: val fused NDCG@10=0.04779
    w=0.02: val fused NDCG@10=0.04812
    w=0.03: val fused NDCG@10=0.04842
    w=0.04: val fused NDCG@10=0.04827
    w=0.05: val fused NDCG@10=0.04787
    w=0.06: val fused NDCG@10=0.04753
    w=0.075: val fused NDCG@10=0.04694
    w=0.1: val fused NDCG@10=0.04596

=== selected on VAL: l2=100.0, w=0.04 (val fused NDCG@10=0.04871) ===
wrote C:\Users\rayxc\Documents\R\_bestrec_run\results_MI_COLDFUSE2_base_seed20260744.fusion.json (VAL-ONLY; test sequestered)
=== COLDFUSE2 confirm: Musical_Instruments seed 20260744 (ease=yes; test sequestered) ===
  EASE l2=100.0: verified cache hit (e6853d0b0fa835018ed44c6c)
  [val] streaming sweep: 85 systems ...
    [512/57,439 1s]
    [20,992/57,439 35s]
    [41,472/57,439 76s]
  VAL selected {'profile': 'exp0.9', 'wt_tail': 0.4, 'wt_mid': 0.1, 'wt_head': 0.1} (feasible 31/84; val f15 0.00714 vs ref 0.00233)
  [test] sequestered pass: ref + selected + 4 controls ...
  test pass complete (values sequestered to the artifact)
wrote C:\Users\rayxc\Documents\R\_bestrec_run\results_Musical_Instruments_COLDFUSE2_confirm_seed20260744.json (metrics sequestered)
  random seed set to 20260742
=== Video_Games: load splits ===
  n_users=94,762  n_items=25,612  pad_id=25612
  built sequences for 94,762 users
  built timestamp sequences (12 time buckets)
  loading SBERT embeddings from C:\Users\rayxc\Documents\R\cache_5core\sbert_titles_Video_Games.npy...
  TAPE: k-means 25,612 text embeddings into K=512 prototypes (tau=0.05)...
  TAPE: K=512 mean max-assignment weight = 0.506 (1.0 = hard clustering)

=== Build SASRec-SBERT (d=64, layers=4, heads=2) ===
  total params: 11,644,735  device=cuda
  94,762 training examples / 371 batches per epoch
  init_state_sha256 = 215b95ce3aeb1e5dffdb6a98d17601bc8adcd1125943cbc1a67905d79d4988c9
  LR schedule: warmup_cosine (742 warmup + 14098 cosine steps)

=== Train for 40 epochs ===
  epoch   1  loss=9.5356  (11.1s)
  epoch   2  loss=8.7697  (14.7s)
  epoch   3  loss=8.5281  (10.7s)
  epoch   4  loss=8.4004  (10.8s)
  epoch   5  loss=8.3217  (10.6s)
  epoch   6  loss=8.2636  (10.5s)
  epoch   7  loss=8.2206  (12.2s)
  epoch   8  loss=8.1863  (12.9s)
  epoch   9  loss=8.1573  (10.5s)
  evaluating 94,762 users in batches of 512...
    [512/94,762  elapsed 0.3s]
    [5,632/94,762  elapsed 3.2s]
    [10,752/94,762  elapsed 6.2s]
    [15,872/94,762  elapsed 9.0s]
    [20,992/94,762  elapsed 11.9s]
    [26,112/94,762  elapsed 14.1s]
    [31,232/94,762  elapsed 15.0s]
    [36,352/94,762  elapsed 16.1s]
    [41,472/94,762  elapsed 17.4s]
    [46,592/94,762  elapsed 18.8s]
    [51,712/94,762  elapsed 20.1s]
    [56,832/94,762  elapsed 22.5s]
    [61,952/94,762  elapsed 26.7s]
    [67,072/94,762  elapsed 31.0s]
    [72,192/94,762  elapsed 35.3s]
    [77,312/94,762  elapsed 39.8s]
    [82,432/94,762  elapsed 44.0s]
    [87,552/94,762  elapsed 48.3s]
    [92,672/94,762  elapsed 52.6s]
  eval done in 54.4s
  by-popularity NDCG@10: tail=0.0027(n=8,646)  mid=0.0152(n=12,134)  head=0.0908(n=73,982)
  epoch  10  loss=8.1310  val_NDCG=0.0731  [test sequestered]  (10.6s)
  epoch  11  loss=8.1090  (11.3s)
  epoch  12  loss=8.0900  (11.9s)
  epoch  13  loss=8.0712  (11.9s)
  epoch  14  loss=8.0554  (11.8s)
  epoch  15  loss=8.0383  (11.6s)
  epoch  16  loss=8.0254  (11.0s)
  epoch  17  loss=8.0129  (11.5s)
  epoch  18  loss=8.0000  (11.5s)
  epoch  19  loss=7.9878  (11.5s)
  evaluating 94,762 users in batches of 512...
    [512/94,762  elapsed 0.4s]
    [5,632/94,762  elapsed 3.2s]
    [10,752/94,762  elapsed 4.1s]
    [15,872/94,762  elapsed 5.1s]
    [20,992/94,762  elapsed 9.3s]
    [26,112/94,762  elapsed 13.5s]
    [31,232/94,762  elapsed 17.7s]
    [36,352/94,762  elapsed 21.8s]
    [41,472/94,762  elapsed 26.0s]
    [46,592/94,762  elapsed 30.2s]
    [51,712/94,762  elapsed 34.4s]
    [56,832/94,762  elapsed 37.5s]
    [61,952/94,762  elapsed 38.4s]
    [67,072/94,762  elapsed 39.5s]
    [72,192/94,762  elapsed 40.9s]
    [77,312/94,762  elapsed 42.3s]
    [82,432/94,762  elapsed 43.6s]
    [87,552/94,762  elapsed 46.8s]
    [92,672/94,762  elapsed 51.4s]
  eval done in 53.2s
  by-popularity NDCG@10: tail=0.0051(n=8,646)  mid=0.0202(n=12,134)  head=0.0919(n=73,982)
  epoch  20  loss=7.9767  val_NDCG=0.0748  [test sequestered]  (11.5s)
  epoch  21  loss=7.9668  (12.4s)
  epoch  22  loss=7.9560  (12.5s)
  epoch  23  loss=7.9449  (12.4s)
  epoch  24  loss=7.9345  (12.3s)
  epoch  25  loss=7.9263  (12.5s)
  epoch  26  loss=7.9180  (12.6s)
  epoch  27  loss=7.9103  (12.1s)
  epoch  28  loss=7.9017  (12.0s)
  epoch  29  loss=7.8954  (10.8s)
  evaluating 94,762 users in batches of 512...
    [512/94,762  elapsed 0.4s]
    [5,632/94,762  elapsed 3.8s]
    [10,752/94,762  elapsed 7.6s]
    [15,872/94,762  elapsed 11.0s]
    [20,992/94,762  elapsed 14.6s]
    [26,112/94,762  elapsed 18.5s]
    [31,232/94,762  elapsed 22.4s]
    [36,352/94,762  elapsed 25.8s]
    [41,472/94,762  elapsed 29.5s]
    [46,592/94,762  elapsed 33.0s]
    [51,712/94,762  elapsed 36.5s]
    [56,832/94,762  elapsed 40.5s]
    [61,952/94,762  elapsed 44.2s]
    [67,072/94,762  elapsed 47.8s]
    [72,192/94,762  elapsed 51.3s]
    [77,312/94,762  elapsed 54.7s]
    [82,432/94,762  elapsed 58.1s]
    [87,552/94,762  elapsed 61.5s]
    [92,672/94,762  elapsed 62.5s]
  eval done in 63.0s
  by-popularity NDCG@10: tail=0.0060(n=8,646)  mid=0.0223(n=12,134)  head=0.0933(n=73,982)
  epoch  30  loss=7.8882  val_NDCG=0.0763  [test sequestered]  (11.1s)
  epoch  31  loss=7.8810  (13.7s)
  epoch  32  loss=7.8761  (11.0s)
  epoch  33  loss=7.8707  (10.8s)
  epoch  34  loss=7.8644  (10.8s)
  epoch  35  loss=7.8595  (10.8s)
  epoch  36  loss=7.8598  (13.6s)
  epoch  37  loss=7.8573  (10.8s)
  epoch  38  loss=7.8535  (10.9s)
  epoch  39  loss=7.8538  (10.5s)
  evaluating 94,762 users in batches of 512...
    [512/94,762  elapsed 0.6s]
    [5,632/94,762  elapsed 6.1s]
    [10,752/94,762  elapsed 9.8s]
    [15,872/94,762  elapsed 13.7s]
    [20,992/94,762  elapsed 17.5s]
    [26,112/94,762  elapsed 21.4s]
    [31,232/94,762  elapsed 25.7s]
    [36,352/94,762  elapsed 29.6s]
    [41,472/94,762  elapsed 33.3s]
    [46,592/94,762  elapsed 37.1s]
    [51,712/94,762  elapsed 40.8s]
    [56,832/94,762  elapsed 44.5s]
    [61,952/94,762  elapsed 49.7s]
    [67,072/94,762  elapsed 53.8s]
    [72,192/94,762  elapsed 57.5s]
    [77,312/94,762  elapsed 61.3s]
    [82,432/94,762  elapsed 65.1s]
    [87,552/94,762  elapsed 69.2s]
    [92,672/94,762  elapsed 73.5s]
  eval done in 75.0s
  by-popularity NDCG@10: tail=0.0060(n=8,646)  mid=0.0220(n=12,134)  head=0.0938(n=73,982)
  epoch  40  loss=7.8533  val_NDCG=0.0766  [test sequestered]  (10.8s)

=== Best by val NDCG@10 ===
  val_NDCG=0.0766
  best_ckpt_sha256 = 99e998fd0e49ec00996ebfdd7031733f2be46f3a81d56de3e6b16d07af0973e6

wrote C:\Users\rayxc\Documents\R\_bestrec_run\results_VG_COLDFUSE2_base_seed20260742.json
=== fusion eval: Video_Games  ckpt=results_VG_COLDFUSE2_base_seed20260742.best.pt ===
  n_users=94,762 n_items=25,612
  ckpt from epoch 40 (val NDCG@10 0.07660)

--- EASE l2=50.0: fit + VAL sweep ---
  EASE l2=50.0: verified cache hit (b47211e7dda0ca7c06151ef3)
    [512/94,762 elapsed 0.9s]
    [10,752/94,762 elapsed 11.0s]
    [20,992/94,762 elapsed 20.2s]
    [31,232/94,762 elapsed 28.6s]
    [41,472/94,762 elapsed 37.2s]
    [51,712/94,762 elapsed 46.2s]
    [61,952/94,762 elapsed 56.0s]
    [72,192/94,762 elapsed 65.5s]
    [82,432/94,762 elapsed 74.0s]
    [92,672/94,762 elapsed 83.4s]
  VAL seq NDCG@10=0.07660  ease=0.05496
    w=0.01: val fused NDCG@10=0.07843
    w=0.02: val fused NDCG@10=0.07916
    w=0.03: val fused NDCG@10=0.07942
    w=0.04: val fused NDCG@10=0.07904
    w=0.05: val fused NDCG@10=0.07888
    w=0.06: val fused NDCG@10=0.07823
    w=0.075: val fused NDCG@10=0.07715
    w=0.1: val fused NDCG@10=0.07513

--- EASE l2=100.0: fit + VAL sweep ---
  EASE l2=100.0: verified cache hit (661845d061af3aee435f6e80)
    [512/94,762 elapsed 0.5s]
    [10,752/94,762 elapsed 8.6s]
    [20,992/94,762 elapsed 19.2s]
    [31,232/94,762 elapsed 27.8s]
    [41,472/94,762 elapsed 36.5s]
    [51,712/94,762 elapsed 45.5s]
    [61,952/94,762 elapsed 53.6s]
    [72,192/94,762 elapsed 61.7s]
    [82,432/94,762 elapsed 72.0s]
    [92,672/94,762 elapsed 81.5s]
  VAL seq NDCG@10=0.07660  ease=0.05493
    w=0.01: val fused NDCG@10=0.07833
    w=0.02: val fused NDCG@10=0.07910
    w=0.03: val fused NDCG@10=0.07916
    w=0.04: val fused NDCG@10=0.07903
    w=0.05: val fused NDCG@10=0.07859
    w=0.06: val fused NDCG@10=0.07795
    w=0.075: val fused NDCG@10=0.07695
    w=0.1: val fused NDCG@10=0.07464

--- EASE l2=200.0: fit + VAL sweep ---
  EASE l2=200.0: verified cache hit (450602262fbe02a852fdf7d9)
    [512/94,762 elapsed 0.4s]
    [10,752/94,762 elapsed 8.9s]
    [20,992/94,762 elapsed 18.2s]
    [31,232/94,762 elapsed 26.5s]
    [41,472/94,762 elapsed 37.2s]
    [51,712/94,762 elapsed 45.8s]
    [61,952/94,762 elapsed 54.8s]
    [72,192/94,762 elapsed 63.6s]
    [82,432/94,762 elapsed 72.0s]
    [92,672/94,762 elapsed 81.4s]
  VAL seq NDCG@10=0.07660  ease=0.05414
    w=0.01: val fused NDCG@10=0.07834
    w=0.02: val fused NDCG@10=0.07876
    w=0.03: val fused NDCG@10=0.07885
    w=0.04: val fused NDCG@10=0.07867
    w=0.05: val fused NDCG@10=0.07799
    w=0.06: val fused NDCG@10=0.07732
    w=0.075: val fused NDCG@10=0.07615
    w=0.1: val fused NDCG@10=0.07401

--- EASE l2=500.0: fit + VAL sweep ---
  EASE l2=500.0: verified cache hit (6d38b7cc84815e40044b74e0)
    [512/94,762 elapsed 0.8s]
    [10,752/94,762 elapsed 10.6s]
    [20,992/94,762 elapsed 19.0s]
    [31,232/94,762 elapsed 28.5s]
    [41,472/94,762 elapsed 36.9s]
    [51,712/94,762 elapsed 45.1s]
    [61,952/94,762 elapsed 54.3s]
    [72,192/94,762 elapsed 64.2s]
    [82,432/94,762 elapsed 72.7s]
    [92,672/94,762 elapsed 82.1s]
  VAL seq NDCG@10=0.07660  ease=0.05247
    w=0.01: val fused NDCG@10=0.07803
    w=0.02: val fused NDCG@10=0.07836
    w=0.03: val fused NDCG@10=0.07838
    w=0.04: val fused NDCG@10=0.07789
    w=0.05: val fused NDCG@10=0.07713
    w=0.06: val fused NDCG@10=0.07623
    w=0.075: val fused NDCG@10=0.07492
    w=0.1: val fused NDCG@10=0.07252

=== selected on VAL: l2=50.0, w=0.03 (val fused NDCG@10=0.07942) ===
wrote C:\Users\rayxc\Documents\R\_bestrec_run\results_VG_COLDFUSE2_base_seed20260742.fusion.json (VAL-ONLY; test sequestered)
=== COLDFUSE2 confirm: Video_Games seed 20260742 (ease=yes; test sequestered) ===
  EASE l2=50.0: verified cache hit (b47211e7dda0ca7c06151ef3)
  [val] streaming sweep: 85 systems ...
    [512/94,762 1s]
    [20,992/94,762 32s]
    [41,472/94,762 62s]
    [61,952/94,762 93s]
  random seed set to 20260744
=== Industrial_and_Scientific: load splits ===
  n_users=50,985  n_items=25,848  pad_id=25848
  built sequences for 50,985 users
  built timestamp sequences (12 time buckets)
  loading SBERT embeddings from C:\Users\rayxc\Documents\R\cache_5core\sbert_titles_Industrial_and_Scientific.npy...
  TAPE: k-means 25,848 text embeddings into K=512 prototypes (tau=0.05)...
  TAPE: K=512 mean max-assignment weight = 0.597 (1.0 = hard clustering)

=== Build SASRec-SBERT (d=64, layers=4, heads=2) ===
  total params: 11,750,463  device=cuda
  50,985 training examples / 200 batches per epoch
  init_state_sha256 = 683099445f57e4060e861864775d2fee6b18eb030174573305d2141425e761b7
  LR schedule: warmup_cosine (200 warmup + 3800 cosine steps)

=== Train for 20 epochs ===
  evaluating 50,985 users in batches of 512...
    [512/50,985  elapsed 0.4s]
    [5,632/50,985  elapsed 4.7s]
    [10,752/50,985  elapsed 9.0s]
    [15,872/50,985  elapsed 14.3s]
    [20,992/50,985  elapsed 18.8s]
    [26,112/50,985  elapsed 23.3s]
    [31,232/50,985  elapsed 27.8s]
    [36,352/50,985  elapsed 32.7s]
    [41,472/50,985  elapsed 37.8s]
    [46,592/50,985  elapsed 42.3s]
  eval done in 46.0s
  by-popularity NDCG@10: tail=0.0000(n=9,330)  mid=0.0000(n=8,951)  head=0.0297(n=32,704)
  epoch   1  loss=9.7643  val_NDCG=0.0191  [test sequestered]  (9.2s)
  evaluating 50,985 users in batches of 512...
    [512/50,985  elapsed 0.4s]
    [5,632/50,985  elapsed 5.0s]
    [10,752/50,985  elapsed 9.6s]
    [15,872/50,985  elapsed 14.5s]
    [20,992/50,985  elapsed 19.8s]
    [26,112/50,985  elapsed 23.9s]
    [31,232/50,985  elapsed 28.2s]
    [36,352/50,985  elapsed 32.5s]
    [41,472/50,985  elapsed 37.0s]
    [46,592/50,985  elapsed 41.4s]
  eval done in 45.9s
  by-popularity NDCG@10: tail=0.0000(n=9,330)  mid=0.0003(n=8,951)  head=0.0424(n=32,704)
  epoch   2  loss=9.2272  val_NDCG=0.0272  [test sequestered]  (8.7s)
  evaluating 50,985 users in batches of 512...
    [512/50,985  elapsed 0.3s]
    [5,632/50,985  elapsed 4.0s]
    [10,752/50,985  elapsed 7.9s]
    [15,872/50,985  elapsed 11.7s]
    [20,992/50,985  elapsed 15.6s]
    [26,112/50,985  elapsed 19.9s]
    [31,232/50,985  elapsed 23.7s]
    [36,352/50,985  elapsed 27.5s]
    [41,472/50,985  elapsed 31.3s]
    [46,592/50,985  elapsed 35.0s]
  eval done in 38.3s
  by-popularity NDCG@10: tail=0.0001(n=9,330)  mid=0.0011(n=8,951)  head=0.0493(n=32,704)
  epoch   3  loss=9.0171  val_NDCG=0.0318  [test sequestered]  (6.3s)
  evaluating 50,985 users in batches of 512...
    [512/50,985  elapsed 0.4s]
    [5,632/50,985  elapsed 4.0s]
    [10,752/50,985  elapsed 7.8s]
    [15,872/50,985  elapsed 11.6s]
    [20,992/50,985  elapsed 15.3s]
    [26,112/50,985  elapsed 19.6s]
    [31,232/50,985  elapsed 23.7s]
    [36,352/50,985  elapsed 25.4s]
    [41,472/50,985  elapsed 27.1s]
    [46,592/50,985  elapsed 29.0s]
  eval done in 30.5s
  by-popularity NDCG@10: tail=0.0002(n=9,330)  mid=0.0026(n=8,951)  head=0.0539(n=32,704)
  epoch   4  loss=8.8684  val_NDCG=0.0351  [test sequestered]  (6.5s)
  evaluating 50,985 users in batches of 512...
    [512/50,985  elapsed 0.5s]
    [5,632/50,985  elapsed 5.2s]
    [10,752/50,985  elapsed 9.8s]
    [15,872/50,985  elapsed 14.8s]
    [20,992/50,985  elapsed 19.5s]
    [26,112/50,985  elapsed 24.1s]
    [31,232/50,985  elapsed 28.8s]
    [36,352/50,985  elapsed 33.4s]
    [41,472/50,985  elapsed 38.5s]
    [46,592/50,985  elapsed 43.1s]
  eval done in 47.2s
  by-popularity NDCG@10: tail=0.0004(n=9,330)  mid=0.0042(n=8,951)  head=0.0572(n=32,704)
  epoch   5  loss=8.7530  val_NDCG=0.0375  [test sequestered]  (7.5s)
  evaluating 50,985 users in batches of 512...
    [512/50,985  elapsed 0.5s]
    [5,632/50,985  elapsed 5.2s]
    [10,752/50,985  elapsed 9.9s]
    [15,872/50,985  elapsed 14.6s]
    [20,992/50,985  elapsed 19.6s]
    [26,112/50,985  elapsed 24.4s]
    [31,232/50,985  elapsed 27.1s]
    [36,352/50,985  elapsed 28.7s]
    [41,472/50,985  elapsed 32.8s]
    [46,592/50,985  elapsed 37.3s]
  eval done in 41.3s
  by-popularity NDCG@10: tail=0.0007(n=9,330)  mid=0.0050(n=8,951)  head=0.0578(n=32,704)
  epoch   6  loss=8.6541  val_NDCG=0.0381  [test sequestered]  (7.2s)
  evaluating 50,985 users in batches of 512...
    [512/50,985  elapsed 0.5s]
    [5,632/50,985  elapsed 5.2s]
    [10,752/50,985  elapsed 9.9s]
    [15,872/50,985  elapsed 14.6s]
    [20,992/50,985  elapsed 19.6s]
    [26,112/50,985  elapsed 24.3s]
    [31,232/50,985  elapsed 29.0s]
    [36,352/50,985  elapsed 33.6s]
    [41,472/50,985  elapsed 38.3s]
    [46,592/50,985  elapsed 42.8s]
  eval done in 46.8s
  by-popularity NDCG@10: tail=0.0011(n=9,330)  mid=0.0066(n=8,951)  head=0.0591(n=32,704)
  epoch   7  loss=8.5671  val_NDCG=0.0393  [test sequestered]  (7.0s)
  evaluating 50,985 users in batches of 512...
    [512/50,985  elapsed 0.5s]
    [5,632/50,985  elapsed 5.3s]
    [10,752/50,985  elapsed 9.6s]
    [15,872/50,985  elapsed 11.2s]
    [20,992/50,985  elapsed 14.0s]
    [26,112/50,985  elapsed 18.6s]
    [31,232/50,985  elapsed 23.5s]
    [36,352/50,985  elapsed 28.5s]
    [41,472/50,985  elapsed 33.1s]
    [46,592/50,985  elapsed 37.7s]
  eval done in 41.7s
  by-popularity NDCG@10: tail=0.0015(n=9,330)  mid=0.0084(n=8,951)  head=0.0600(n=32,704)
  epoch   8  loss=8.4937  val_NDCG=0.0402  [test sequestered]  (7.5s)
  evaluating 50,985 users in batches of 512...
    [512/50,985  elapsed 0.5s]
    [5,632/50,985  elapsed 5.1s]
    [10,752/50,985  elapsed 9.7s]
    [15,872/50,985  elapsed 14.4s]
    [20,992/50,985  elapsed 19.5s]
    [26,112/50,985  elapsed 24.2s]
    [31,232/50,985  elapsed 28.8s]
    [36,352/50,985  elapsed 33.5s]
    [41,472/50,985  elapsed 38.1s]
    [46,592/50,985  elapsed 43.2s]
  eval done in 46.8s
  by-popularity NDCG@10: tail=0.0021(n=9,330)  mid=0.0097(n=8,951)  head=0.0597(n=32,704)
  epoch   9  loss=8.4250  val_NDCG=0.0404  [test sequestered]  (7.1s)
  evaluating 50,985 users in batches of 512...
    [512/50,985  elapsed 0.5s]
    [5,632/50,985  elapsed 5.1s]
    [10,752/50,985  elapsed 9.7s]
    [15,872/50,985  elapsed 14.4s]
    [20,992/50,985  elapsed 19.5s]
    [26,112/50,985  elapsed 24.3s]
    [31,232/50,985  elapsed 28.9s]
    [36,352/50,985  elapsed 33.5s]
    [41,472/50,985  elapsed 38.1s]
    [46,592/50,985  elapsed 42.7s]
  eval done in 46.6s
  by-popularity NDCG@10: tail=0.0022(n=9,330)  mid=0.0112(n=8,951)  head=0.0596(n=32,704)
  epoch  10  loss=8.3634  val_NDCG=0.0406  [test sequestered]  (7.0s)
  evaluating 50,985 users in batches of 512...
    [512/50,985  elapsed 0.5s]
    [5,632/50,985  elapsed 5.2s]
    [10,752/50,985  elapsed 9.9s]
    [15,872/50,985  elapsed 14.5s]
    [20,992/50,985  elapsed 19.7s]
    [26,112/50,985  elapsed 24.5s]
    [31,232/50,985  elapsed 26.9s]
    [36,352/50,985  elapsed 28.6s]
    [41,472/50,985  elapsed 30.4s]
    [46,592/50,985  elapsed 32.3s]
  eval done in 33.9s
  by-popularity NDCG@10: tail=0.0022(n=9,330)  mid=0.0117(n=8,951)  head=0.0590(n=32,704)
  epoch  11  loss=8.3092  val_NDCG=0.0403  [test sequestered]  (6.9s)
  evaluating 50,985 users in batches of 512...
    [512/50,985  elapsed 0.5s]
    [5,632/50,985  elapsed 5.7s]
    [10,752/50,985  elapsed 11.0s]
    [15,872/50,985  elapsed 16.5s]
    [20,992/50,985  elapsed 21.7s]
    [26,112/50,985  elapsed 26.9s]
    [31,232/50,985  elapsed 32.2s]
    [36,352/50,985  elapsed 37.7s]
    [41,472/50,985  elapsed 42.9s]
    [46,592/50,985  elapsed 48.2s]
  eval done in 52.6s
  by-popularity NDCG@10: tail=0.0024(n=9,330)  mid=0.0127(n=8,951)  head=0.0598(n=32,704)
  epoch  12  loss=8.2647  val_NDCG=0.0410  [test sequestered]  (6.9s)
  evaluating 50,985 users in batches of 512...
    [512/50,985  elapsed 0.5s]
    [5,632/50,985  elapsed 5.8s]
    [10,752/50,985  elapsed 10.9s]
    [15,872/50,985  elapsed 16.3s]
    [20,992/50,985  elapsed 21.8s]
    [26,112/50,985  elapsed 27.0s]
    [31,232/50,985  elapsed 32.1s]
    [36,352/50,985  elapsed 37.5s]
    [41,472/50,985  elapsed 43.0s]    [82,432/94,762 124s]
  VAL selected {'profile': 'uniform', 'wt_tail': 0.3, 'wt_mid': 0.05, 'wt_head': 0.05} (feasible 32/84; val f15 0.01119 vs ref 0.00510)
  [test] sequestered pass: ref + selected + 4 controls ...
  test pass complete (values sequestered to the artifact)
wrote C:\Users\rayxc\Documents\R\_bestrec_run\results_Video_Games_COLDFUSE2_confirm_seed20260742.json (metrics sequestered)

    [46,592/50,985  elapsed 48.2s]
  eval done in 52.6s
  by-popularity NDCG@10: tail=0.0025(n=9,330)  mid=0.0133(n=8,951)  head=0.0595(n=32,704)
  epoch  13  loss=8.2224  val_NDCG=0.0409  [test sequestered]  (7.7s)
  evaluating 50,985 users in batches of 512...
    [512/50,985  elapsed 0.6s]
    [5,632/50,985  elapsed 6.2s]
    [10,752/50,985  elapsed 11.3s]
    [15,872/50,985  elapsed 16.5s]
    [20,992/50,985  elapsed 20.9s]
    [26,112/50,985  elapsed 25.6s]
    [31,232/50,985  elapsed 30.1s]
    [36,352/50,985  elapsed 34.5s]
    [41,472/50,985  elapsed 38.9s]
    [46,592/50,985  elapsed 43.2s]
  eval done in 47.3s
  by-popularity NDCG@10: tail=0.0025(n=9,330)  mid=0.0136(n=8,951)  head=0.0595(n=32,704)
  epoch  14  loss=8.1873  val_NDCG=0.0410  [test sequestered]  (7.5s)
  evaluating 50,985 users in batches of 512...
    [512/50,985  elapsed 0.4s]
    [5,632/50,985  elapsed 4.8s]
    [10,752/50,985  elapsed 9.2s]
    [15,872/50,985  elapsed 13.6s]
    [20,992/50,985  elapsed 18.5s]
    [26,112/50,985  elapsed 23.2s]
    [31,232/50,985  elapsed 27.5s]
    [36,352/50,985  elapsed 31.9s]
    [41,472/50,985  elapsed 36.2s]
    [46,592/50,985  elapsed 40.6s]
  eval done in 45.0s
  by-popularity NDCG@10: tail=0.0025(n=9,330)  mid=0.0136(n=8,951)  head=0.0596(n=32,704)
  epoch  15  loss=8.1567  val_NDCG=0.0411  [test sequestered]  (7.1s)
  evaluating 50,985 users in batches of 512...
    [512/50,985  elapsed 0.4s]
    [5,632/50,985  elapsed 4.8s]
    [10,752/50,985  elapsed 9.3s]
    [15,872/50,985  elapsed 13.5s]
    [20,992/50,985  elapsed 18.5s]
    [26,112/50,985  elapsed 22.5s]
    [31,232/50,985  elapsed 24.1s]
    [36,352/50,985  elapsed 26.0s]
    [41,472/50,985  elapsed 27.6s]
    [46,592/50,985  elapsed 29.1s]
  eval done in 30.5s
  by-popularity NDCG@10: tail=0.0026(n=9,330)  mid=0.0136(n=8,951)  head=0.0596(n=32,704)
  epoch  16  loss=8.1348  val_NDCG=0.0411  [test sequestered]  (7.5s)
  evaluating 50,985 users in batches of 512...
    [512/50,985  elapsed 0.8s]
    [5,632/50,985  elapsed 8.6s]
    [10,752/50,985  elapsed 16.2s]
    [15,872/50,985  elapsed 24.0s]
    [20,992/50,985  elapsed 31.7s]
    [26,112/50,985  elapsed 39.0s]
    [31,232/50,985  elapsed 46.5s]
    [36,352/50,985  elapsed 50.8s]
    [41,472/50,985  elapsed 54.4s]
    [46,592/50,985  elapsed 58.0s]
  eval done in 61.1s
  by-popularity NDCG@10: tail=0.0026(n=9,330)  mid=0.0138(n=8,951)  head=0.0594(n=32,704)
  epoch  17  loss=8.1134  val_NDCG=0.0410  [test sequestered]  (9.5s)
  evaluating 50,985 users in batches of 512...
    [512/50,985  elapsed 0.3s]
    [5,632/50,985  elapsed 4.0s]
    [10,752/50,985  elapsed 7.6s]
    [15,872/50,985  elapsed 11.3s]
    [20,992/50,985  elapsed 14.5s]
    [26,112/50,985  elapsed 18.2s]
    [31,232/50,985  elapsed 21.8s]
    [36,352/50,985  elapsed 25.5s]
    [41,472/50,985  elapsed 29.1s]
    [46,592/50,985  elapsed 32.7s]
  eval done in 35.9s
  by-popularity NDCG@10: tail=0.0027(n=9,330)  mid=0.0140(n=8,951)  head=0.0592(n=32,704)
  epoch  18  loss=8.1043  val_NDCG=0.0409  [test sequestered]  (7.4s)
  evaluating 50,985 users in batches of 512...
    [512/50,985  elapsed 0.3s]
    [5,632/50,985  elapsed 3.7s]
    [10,752/50,985  elapsed 7.4s]
    [15,872/50,985  elapsed 11.0s]
    [20,992/50,985  elapsed 14.7s]
    [26,112/50,985  elapsed 18.4s]
    [31,232/50,985  elapsed 22.1s]
    [36,352/50,985  elapsed 25.8s]
    [41,472/50,985  elapsed 29.5s]
    [46,592/50,985  elapsed 33.1s]
  eval done in 35.8s
  by-popularity NDCG@10: tail=0.0027(n=9,330)  mid=0.0138(n=8,951)  head=0.0593(n=32,704)
  epoch  19  loss=8.0966  val_NDCG=0.0410  [test sequestered]  (5.7s)
  evaluating 50,985 users in batches of 512...
    [512/50,985  elapsed 0.3s]
    [5,632/50,985  elapsed 3.5s]
    [10,752/50,985  elapsed 7.2s]
    [15,872/50,985  elapsed 10.9s]
    [20,992/50,985  elapsed 14.6s]
    [26,112/50,985  elapsed 18.2s]
    [31,232/50,985  elapsed 21.8s]
    [36,352/50,985  elapsed 25.5s]
    [41,472/50,985  elapsed 29.1s]
    [46,592/50,985  elapsed 32.7s]
  eval done in 35.8s
  by-popularity NDCG@10: tail=0.0027(n=9,330)  mid=0.0138(n=8,951)  head=0.0593(n=32,704)
  epoch  20  loss=8.0936  val_NDCG=0.0410  [test sequestered]  (5.7s)

=== Best by val NDCG@10 ===
  val_NDCG=0.0411
  best_ckpt_sha256 = 497f2babd7927d760570b38ce7b3c7868c9b089b0963de7b0f3fa85b83326379

wrote C:\Users\rayxc\Documents\R\_bestrec_run\results_IS_COLDFUSE2_base_seed20260744.json
=== fusion eval: Industrial_and_Scientific  ckpt=results_IS_COLDFUSE2_base_seed20260744.best.pt ===
  n_users=50,985 n_items=25,848
  ckpt from epoch 16 (val NDCG@10 0.04111)

--- EASE l2=50.0: fit + VAL sweep ---
  EASE l2=50.0: verified cache hit (d28f5247ad74bb2ca98101ea)
    [512/50,985 elapsed 0.5s]
    [10,752/50,985 elapsed 8.3s]
    [20,992/50,985 elapsed 20.3s]
    [31,232/50,985 elapsed 38.5s]
    [41,472/50,985 elapsed 57.8s]
  VAL seq NDCG@10=0.04111  ease=0.03204
    w=0.01: val fused NDCG@10=0.04248
    w=0.02: val fused NDCG@10=0.04315
    w=0.03: val fused NDCG@10=0.04343
    w=0.04: val fused NDCG@10=0.04360
    w=0.05: val fused NDCG@10=0.04364
    w=0.06: val fused NDCG@10=0.04348
    w=0.075: val fused NDCG@10=0.04322
    w=0.1: val fused NDCG@10=0.04264

--- EASE l2=100.0: fit + VAL sweep ---
  EASE l2=100.0: verified cache hit (86f11547255059bac929520a)
    [512/50,985 elapsed 0.5s]
    [10,752/50,985 elapsed 8.9s]
    [20,992/50,985 elapsed 17.0s]
    [31,232/50,985 elapsed 24.9s]
    [41,472/50,985 elapsed 32.5s]
  VAL seq NDCG@10=0.04111  ease=0.03244
    w=0.01: val fused NDCG@10=0.04252
    w=0.02: val fused NDCG@10=0.04343
    w=0.03: val fused NDCG@10=0.04371
    w=0.04: val fused NDCG@10=0.04376
    w=0.05: val fused NDCG@10=0.04377
    w=0.06: val fused NDCG@10=0.04363
    w=0.075: val fused NDCG@10=0.04342
    w=0.1: val fused NDCG@10=0.04278

--- EASE l2=200.0: fit + VAL sweep ---
  EASE l2=200.0: verified cache hit (1bfb20051d435aabf3466aaf)
    [512/50,985 elapsed 0.4s]
    [10,752/50,985 elapsed 8.2s]
    [20,992/50,985 elapsed 15.9s]
    [31,232/50,985 elapsed 23.8s]
    [41,472/50,985 elapsed 32.1s]
  VAL seq NDCG@10=0.04111  ease=0.03267
    w=0.01: val fused NDCG@10=0.04259
    w=0.02: val fused NDCG@10=0.04335
    w=0.03: val fused NDCG@10=0.04371
    w=0.04: val fused NDCG@10=0.04371
    w=0.05: val fused NDCG@10=0.04386
    w=0.06: val fused NDCG@10=0.04360
    w=0.075: val fused NDCG@10=0.04337
    w=0.1: val fused NDCG@10=0.04295

--- EASE l2=500.0: fit + VAL sweep ---
  EASE l2=500.0: verified cache hit (8c221fc270ad79e08936f981)
    [512/50,985 elapsed 0.6s]
    [10,752/50,985 elapsed 10.4s]
    [20,992/50,985 elapsed 19.8s]
    [31,232/50,985 elapsed 29.4s]
    [41,472/50,985 elapsed 38.9s]
  VAL seq NDCG@10=0.04111  ease=0.03235
    w=0.01: val fused NDCG@10=0.04257
    w=0.02: val fused NDCG@10=0.04336
    w=0.03: val fused NDCG@10=0.04368
    w=0.04: val fused NDCG@10=0.04378
    w=0.05: val fused NDCG@10=0.04366
    w=0.06: val fused NDCG@10=0.04349
    w=0.075: val fused NDCG@10=0.04297
    w=0.1: val fused NDCG@10=0.04255

=== selected on VAL: l2=200.0, w=0.05 (val fused NDCG@10=0.04386) ===
wrote C:\Users\rayxc\Documents\R\_bestrec_run\results_IS_COLDFUSE2_base_seed20260744.fusion.json (VAL-ONLY; test sequestered)
=== COLDFUSE2 confirm: Industrial_and_Scientific seed 20260744 (ease=yes; test sequestered) ===
  EASE l2=200.0: verified cache hit (1bfb20051d435aabf3466aaf)
  [val] streaming sweep: 85 systems ...
    [512/50,985 1s]
    [20,992/50,985 34s]
    [41,472/50,985 71s]
  VAL selected {'profile': 'exp0.9', 'wt_tail': 0.3, 'wt_mid': 0.1, 'wt_head': 0.1} (feasible 22/84; val f15 0.00690 vs ref 0.00355)
  [test] sequestered pass: ref + selected + 4 controls ...
  test pass complete (values sequestered to the artifact)
wrote C:\Users\rayxc\Documents\R\_bestrec_run\results_Industrial_and_Scientific_COLDFUSE2_confirm_seed20260744.json (metrics sequestered)
  random seed set to 20260742
=== Office_Products: load splits ===
  n_users=223,308  n_items=77,551  pad_id=77551
  built sequences for 223,308 users
  built timestamp sequences (12 time buckets)
  loading SBERT embeddings from C:\Users\rayxc\Documents\R\cache_5core\sbert_titles_Office_Products.npy...
  TAPE: k-means 77,551 text embeddings into K=512 prototypes (tau=0.05)...
  TAPE: K=512 mean max-assignment weight = 0.479 (1.0 = hard clustering)

=== Build SASRec-SBERT (d=64, layers=4, heads=2) ===
  total params: 34,913,919  device=cuda
  223,308 training examples / 873 batches per epoch
  init_state_sha256 = db56f2f0f5f3f08d24bfc4c1270ea79cf42479a80271129773c2a7c3114d1a0a
  LR schedule: warmup_cosine (873 warmup + 16587 cosine steps)

=== Train for 20 epochs ===
  evaluating 223,308 users in batches of 512...
    [512/223,308  elapsed 0.3s]
    [5,632/223,308  elapsed 3.9s]
    [10,752/223,308  elapsed 7.5s]
    [15,872/223,308  elapsed 11.1s]
    [20,992/223,308  elapsed 15.6s]
    [26,112/223,308  elapsed 20.5s]
    [31,232/223,308  elapsed 24.2s]
    [36,352/223,308  elapsed 27.9s]
    [41,472/223,308  elapsed 31.3s]
    [46,592/223,308  elapsed 34.7s]
    [51,712/223,308  elapsed 38.4s]
    [56,832/223,308  elapsed 42.1s]
    [61,952/223,308  elapsed 45.7s]
    [67,072/223,308  elapsed 49.3s]
    [72,192/223,308  elapsed 53.0s]
    [77,312/223,308  elapsed 56.9s]
    [82,432/223,308  elapsed 62.0s]
    [87,552/223,308  elapsed 65.6s]
    [92,672/223,308  elapsed 69.3s]
    [97,792/223,308  elapsed 72.9s]
    [102,912/223,308  elapsed 76.6s]
    [108,032/223,308  elapsed 80.3s]
    [113,152/223,308  elapsed 84.0s]
    [118,272/223,308  elapsed 87.7s]
    [123,392/223,308  elapsed 91.4s]
    [128,512/223,308  elapsed 95.0s]
    [133,632/223,308  elapsed 98.4s]
    [138,752/223,308  elapsed 103.5s]
    [143,872/223,308  elapsed 106.9s]
    [148,992/223,308  elapsed 110.6s]
    [154,112/223,308  elapsed 114.4s]
    [159,232/223,308  elapsed 118.1s]
    [164,352/223,308  elapsed 121.7s]
    [169,472/223,308  elapsed 125.3s]
    [174,592/223,308  elapsed 128.9s]
    [179,712/223,308  elapsed 132.6s]
    [184,832/223,308  elapsed 136.2s]
    [189,952/223,308  elapsed 139.3s]
    [195,072/223,308  elapsed 140.9s]
    [200,192/223,308  elapsed 142.7s]
    [205,312/223,308  elapsed 144.3s]
    [210,432/223,308  elapsed 145.8s]
    [215,552/223,308  elapsed 149.5s]
    [220,672/223,308  elapsed 154.2s]
  eval done in 156.7s
  by-popularity NDCG@10: tail=0.0000(n=29,887)  mid=0.0001(n=33,352)  head=0.0268(n=160,069)
  epoch   1  loss=10.5755  val_NDCG=0.0192  [test sequestered]  (54.7s)
  evaluating 223,308 users in batches of 512...
    [512/223,308  elapsed 0.5s]
    [5,632/223,308  elapsed 5.0s]
    [10,752/223,308  elapsed 6.7s]
    [15,872/223,308  elapsed 11.3s]
    [20,992/223,308  elapsed 16.1s]
    [26,112/223,308  elapsed 20.9s]
    [31,232/223,308  elapsed 25.8s]
    [36,352/223,308  elapsed 30.6s]
    [41,472/223,308  elapsed 35.7s]
    [46,592/223,308  elapsed 40.5s]
    [51,712/223,308  elapsed 45.2s]
    [56,832/223,308  elapsed 47.9s]
    [61,952/223,308  elapsed 49.4s]
    [67,072/223,308  elapsed 54.0s]
    [72,192/223,308  elapsed 58.7s]
    [77,312/223,308  elapsed 63.5s]
    [82,432/223,308  elapsed 68.3s]
    [87,552/223,308  elapsed 73.1s]
    [92,672/223,308  elapsed 77.9s]
    [97,792/223,308  elapsed 82.9s]
    [102,912/223,308  elapsed 88.6s]
    [108,032/223,308  elapsed 92.2s]
    [113,152/223,308  elapsed 95.6s]
    [118,272/223,308  elapsed 101.4s]
    [123,392/223,308  elapsed 107.0s]
    [128,512/223,308  elapsed 112.6s]
    [133,632/223,308  elapsed 118.1s]
    [138,752/223,308  elapsed 123.9s]
    [143,872/223,308  elapsed 129.5s]
    [148,992/223,308  elapsed 135.0s]
    [154,112/223,308  elapsed 140.6s]
    [159,232/223,308  elapsed 143.3s]
    [164,352/223,308  elapsed 145.6s]
    [169,472/223,308  elapsed 147.7s]
    [174,592/223,308  elapsed 150.4s]
    [179,712/223,308  elapsed 156.9s]
    [184,832/223,308  elapsed 163.5s]
    [189,952/223,308  elapsed 169.6s]
    [195,072/223,308  elapsed 176.3s]
    [200,192/223,308  elapsed 182.7s]
    [205,312/223,308  elapsed 188.9s]
    [210,432/223,308  elapsed 195.0s]
    [215,552/223,308  elapsed 201.5s]
    [220,672/223,308  elapsed 208.0s]
  eval done in 211.3s
  by-popularity NDCG@10: tail=0.0000(n=29,887)  mid=0.0007(n=33,352)  head=0.0379(n=160,069)
  epoch   2  loss=10.0593  val_NDCG=0.0273  [test sequestered]  (56.1s)
  evaluating 223,308 users in batches of 512...
    [512/223,308  elapsed 0.5s]
    [5,632/223,308  elapsed 5.5s]
    [10,752/223,308  elapsed 10.7s]
    [15,872/223,308  elapsed 15.9s]
    [20,992/223,308  elapsed 21.2s]
    [26,112/223,308  elapsed 26.4s]
    [31,232/223,308  elapsed 31.5s]
    [36,352/223,308  elapsed 36.6s]
    [41,472/223,308  elapsed 41.7s]
    [46,592/223,308  elapsed 46.6s]
    [51,712/223,308  elapsed 51.5s]
    [56,832/223,308  elapsed 56.9s]
    [61,952/223,308  elapsed 62.3s]
    [67,072/223,308  elapsed 67.6s]
    [72,192/223,308  elapsed 72.9s]
    [77,312/223,308  elapsed 77.9s]
    [82,432/223,308  elapsed 83.2s]
    [87,552/223,308  elapsed 88.6s]
    [92,672/223,308  elapsed 90.6s]
    [97,792/223,308  elapsed 92.8s]
    [102,912/223,308  elapsed 94.9s]
    [108,032/223,308  elapsed 101.1s]
    [113,152/223,308  elapsed 106.0s]
    [118,272/223,308  elapsed 109.8s]
    [123,392/223,308  elapsed 114.1s]
    [128,512/223,308  elapsed 118.1s]
    [133,632/223,308  elapsed 122.4s]
    [138,752/223,308  elapsed 126.6s]
    [143,872/223,308  elapsed 130.7s]
    [148,992/223,308  elapsed 134.8s]
    [154,112/223,308  elapsed 138.7s]
    [159,232/223,308  elapsed 142.5s]
    [164,352/223,308  elapsed 146.8s]
    [169,472/223,308  elapsed 152.6s]
    [174,592/223,308  elapsed 158.4s]
    [179,712/223,308  elapsed 162.2s]
    [184,832/223,308  elapsed 166.1s]
    [189,952/223,308  elapsed 170.0s]
    [195,072/223,308  elapsed 174.0s]
    [200,192/223,308  elapsed 178.3s]
    [205,312/223,308  elapsed 182.4s]
    [210,432/223,308  elapsed 186.7s]
    [215,552/223,308  elapsed 190.9s]
    [220,672/223,308  elapsed 195.0s]
  eval done in 197.1s
  by-popularity NDCG@10: tail=0.0001(n=29,887)  mid=0.0017(n=33,352)  head=0.0430(n=160,069)
  epoch   3  loss=9.8650  val_NDCG=0.0311  [test sequestered]  (62.9s)
  evaluating 223,308 users in batches of 512...
    [512/223,308  elapsed 0.4s]
    [5,632/223,308  elapsed 4.7s]
    [10,752/223,308  elapsed 9.0s]
    [15,872/223,308  elapsed 13.2s]
    [20,992/223,308  elapsed 17.3s]
    [26,112/223,308  elapsed 21.6s]
    [31,232/223,308  elapsed 25.9s]
    [36,352/223,308  elapsed 30.6s]
    [41,472/223,308  elapsed 37.4s]
    [46,592/223,308  elapsed 41.7s]
    [51,712/223,308  elapsed 45.9s]
    [56,832/223,308  elapsed 49.9s]
    [61,952/223,308  elapsed 53.7s]
    [67,072/223,308  elapsed 58.0s]
    [72,192/223,308  elapsed 61.8s]
    [77,312/223,308  elapsed 66.0s]
    [82,432/223,308  elapsed 70.4s]
    [87,552/223,308  elapsed 74.5s]
    [92,672/223,308  elapsed 78.4s]
    [97,792/223,308  elapsed 83.0s]
    [102,912/223,308  elapsed 90.3s]
    [108,032/223,308  elapsed 94.6s]
    [113,152/223,308  elapsed 98.8s]
    [118,272/223,308  elapsed 102.7s]
    [123,392/223,308  elapsed 106.5s]
    [128,512/223,308  elapsed 111.0s]
    [133,632/223,308  elapsed 114.9s]
    [138,752/223,308  elapsed 118.9s]
    [143,872/223,308  elapsed 122.7s]
    [148,992/223,308  elapsed 126.9s]
    [154,112/223,308  elapsed 131.1s]
    [159,232/223,308  elapsed 135.1s]
    [164,352/223,308  elapsed 142.7s]
    [169,472/223,308  elapsed 146.9s]
    [174,592/223,308  elapsed 151.2s]
    [179,712/223,308  elapsed 155.2s]
    [184,832/223,308  elapsed 159.1s]
    [189,952/223,308  elapsed 162.9s]
    [195,072/223,308  elapsed 166.9s]
    [200,192/223,308  elapsed 171.0s]
    [205,312/223,308  elapsed 175.0s]
    [210,432/223,308  elapsed 179.1s]
    [215,552/223,308  elapsed 183.4s]
    [220,672/223,308  elapsed 187.4s]  random seed set to 20260745
=== Musical_Instruments: load splits ===
  n_users=57,439  n_items=24,587  pad_id=24587
  built sequences for 57,439 users
  built timestamp sequences (12 time buckets)
  loading SBERT embeddings from C:\Users\rayxc\Documents\R\cache_5core\sbert_titles_Musical_Instruments.npy...
  TAPE: k-means 24,587 text embeddings into K=512 prototypes (tau=0.05)...
  TAPE: K=512 mean max-assignment weight = 0.529 (1.0 = hard clustering)

=== Build SASRec-SBERT (d=64, layers=4, heads=2) ===
  total params: 11,186,047  device=cuda
  57,439 training examples / 225 batches per epoch
  init_state_sha256 = b0f026fd2d7278c260f01d7006e6bc7329f4688db5a8372415676a953ec0f9e4
  LR schedule: warmup_cosine (225 warmup + 4275 cosine steps)

=== Train for 20 epochs ===
  evaluating 57,439 users in batches of 512...
    [512/57,439  elapsed 0.4s]
    [5,632/57,439  elapsed 4.2s]
    [10,752/57,439  elapsed 8.0s]
    [15,872/57,439  elapsed 12.0s]
    [20,992/57,439  elapsed 15.8s]
    [26,112/57,439  elapsed 20.1s]
    [31,232/57,439  elapsed 24.2s]
    [36,352/57,439  elapsed 28.4s]
    [41,472/57,439  elapsed 32.4s]
    [46,592/57,439  elapsed 36.2s]
    [51,712/57,439  elapsed 39.8s]
    [56,832/57,439  elapsed 44.0s]
  eval done in 44.5s
  by-popularity NDCG@10: tail=0.0001(n=7,762)  mid=0.0002(n=8,169)  head=0.0371(n=41,508)
  epoch   1  loss=9.6178  val_NDCG=0.0269  [test sequestered]  (8.3s)
  evaluating 57,439 users in batches of 512...
    [512/57,439  elapsed 0.3s]
    [5,632/57,439  elapsed 4.2s]
    [10,752/57,439  elapsed 8.0s]
    [15,872/57,439  elapsed 11.9s]
    [20,992/57,439  elapsed 15.8s]
    [26,112/57,439  elapsed 19.8s]
    [31,232/57,439  elapsed 23.7s]
    [36,352/57,439  elapsed 27.7s]
    [41,472/57,439  elapsed 31.9s]
    [46,592/57,439  elapsed 36.1s]
    [51,712/57,439  elapsed 40.2s]
    [56,832/57,439  elapsed 44.6s]
  eval done in 45.8s
  by-popularity NDCG@10: tail=0.0000(n=7,762)  mid=0.0002(n=8,169)  head=0.0462(n=41,508)
  epoch   2  loss=9.0960  val_NDCG=0.0334  [test sequestered]  (8.1s)
  evaluating 57,439 users in batches of 512...
    [512/57,439  elapsed 0.9s]
    [5,632/57,439  elapsed 10.9s]
    [10,752/57,439  elapsed 21.6s]
    [15,872/57,439  elapsed 31.9s]
    [20,992/57,439  elapsed 42.5s]
    [26,112/57,439  elapsed 48.5s]
    [31,232/57,439  elapsed 52.7s]
    [36,352/57,439  elapsed 57.1s]
    [41,472/57,439  elapsed 61.2s]
    [46,592/57,439  elapsed 65.3s]
    [51,712/57,439  elapsed 69.6s]
    [56,832/57,439  elapsed 73.8s]
  eval done in 74.3s
  by-popularity NDCG@10: tail=0.0001(n=7,762)  mid=0.0008(n=8,169)  head=0.0517(n=41,508)
  epoch   3  loss=8.9338  val_NDCG=0.0375  [test sequestered]  (12.8s)
  evaluating 57,439 users in batches of 512...
    [512/57,439  elapsed 0.3s]
    [5,632/57,439  elapsed 4.6s]
    [10,752/57,439  elapsed 8.4s]
    [15,872/57,439  elapsed 12.4s]
    [20,992/57,439  elapsed 16.0s]
    [26,112/57,439  elapsed 20.1s]
    [31,232/57,439  elapsed 23.9s]
    [36,352/57,439  elapsed 27.7s]
    [41,472/57,439  elapsed 32.0s]
    [46,592/57,439  elapsed 36.2s]
    [51,712/57,439  elapsed 40.1s]
    [56,832/57,439  elapsed 44.2s]
  eval done in 44.7s
  by-popularity NDCG@10: tail=0.0001(n=7,762)  mid=0.0011(n=8,169)  head=0.0553(n=41,508)
  epoch   4  loss=8.8261  val_NDCG=0.0401  [test sequestered]  (8.0s)
  evaluating 57,439 users in batches of 512...
    [512/57,439  elapsed 0.4s]
    [5,632/57,439  elapsed 4.5s]
    [10,752/57,439  elapsed 8.8s]
    [15,872/57,439  elapsed 12.7s]
    [20,992/57,439  elapsed 16.3s]
    [26,112/57,439  elapsed 20.6s]
    [31,232/57,439  elapsed 24.4s]
    [36,352/57,439  elapsed 28.1s]
    [41,472/57,439  elapsed 31.6s]
    [46,592/57,439  elapsed 35.6s]
    [51,712/57,439  elapsed 39.9s]
    [56,832/57,439  elapsed 44.0s]
  eval done in 44.5s
  by-popularity NDCG@10: tail=0.0003(n=7,762)  mid=0.0021(n=8,169)  head=0.0587(n=41,508)
  epoch   5  loss=8.7471  val_NDCG=0.0427  [test sequestered]  (8.3s)
  evaluating 57,439 users in batches of 512...
    [512/57,439  elapsed 0.4s]
    [5,632/57,439  elapsed 4.3s]
    [10,752/57,439  elapsed 8.3s]
    [15,872/57,439  elapsed 12.3s]
    [20,992/57,439  elapsed 16.1s]
    [26,112/57,439  elapsed 19.6s]
    [31,232/57,439  elapsed 23.6s]
    [36,352/57,439  elapsed 27.6s]
    [41,472/57,439  elapsed 31.0s]
    [46,592/57,439  elapsed 35.0s]
    [51,712/57,439  elapsed 39.2s]
    [56,832/57,439  elapsed 43.4s]
  eval done in 43.9s
  by-popularity NDCG@10: tail=0.0005(n=7,762)  mid=0.0033(n=8,169)  head=0.0589(n=41,508)
  epoch   6  loss=8.6791  val_NDCG=0.0431  [test sequestered]  (8.1s)
  evaluating 57,439 users in batches of 512...
    [512/57,439  elapsed 1.0s]
    [5,632/57,439  elapsed 11.3s]
    [10,752/57,439  elapsed 21.2s]
    [15,872/57,439  elapsed 31.4s]
    [20,992/57,439  elapsed 41.3s]
    [26,112/57,439  elapsed 51.3s]
    [31,232/57,439  elapsed 57.2s]
    [36,352/57,439  elapsed 61.6s]
    [41,472/57,439  elapsed 65.6s]
    [46,592/57,439  elapsed 69.8s]
    [51,712/57,439  elapsed 73.9s]
    [56,832/57,439  elapsed 77.5s]
  eval done in 78.1s
  by-popularity NDCG@10: tail=0.0010(n=7,762)  mid=0.0040(n=8,169)  head=0.0602(n=41,508)
  epoch   7  loss=8.6202  val_NDCG=0.0442  [test sequestered]  (9.9s)
  evaluating 57,439 users in batches of 512...
    [512/57,439  elapsed 0.4s]
    [5,632/57,439  elapsed 4.6s]
    [10,752/57,439  elapsed 8.3s]
    [15,872/57,439  elapsed 12.4s]
    [20,992/57,439  elapsed 15.9s]
    [26,112/57,439  elapsed 19.9s]
    [31,232/57,439  elapsed 23.6s]
    [36,352/57,439  elapsed 27.6s]
    [41,472/57,439  elapsed 31.9s]
    [46,592/57,439  elapsed 35.8s]
    [51,712/57,439  elapsed 39.6s]
    [56,832/57,439  elapsed 43.1s]
  eval done in 43.6s
  by-popularity NDCG@10: tail=0.0013(n=7,762)  mid=0.0044(n=8,169)  head=0.0599(n=41,508)
  epoch   8  loss=8.5675  val_NDCG=0.0441  [test sequestered]  (8.2s)
  evaluating 57,439 users in batches of 512...
    [512/57,439  elapsed 0.5s]
    [5,632/57,439  elapsed 4.5s]
    [10,752/57,439  elapsed 8.7s]
    [15,872/57,439  elapsed 12.5s]
    [20,992/57,439  elapsed 15.9s]
    [26,112/57,439  elapsed 20.1s]
    [31,232/57,439  elapsed 23.9s]
    [36,352/57,439  elapsed 27.8s]
    [41,472/57,439  elapsed 32.1s]
    [46,592/57,439  elapsed 36.2s]
    [51,712/57,439  elapsed 40.4s]
    [56,832/57,439  elapsed 44.2s]
  eval done in 44.7s
  by-popularity NDCG@10: tail=0.0013(n=7,762)  mid=0.0049(n=8,169)  head=0.0611(n=41,508)
  epoch   9  loss=8.5189  val_NDCG=0.0450  [test sequestered]  (8.4s)
  evaluating 57,439 users in batches of 512...
    [512/57,439  elapsed 0.3s]
    [5,632/57,439  elapsed 4.5s]
    [10,752/57,439  elapsed 8.7s]
    [15,872/57,439  elapsed 12.7s]
    [20,992/57,439  elapsed 16.2s]
    [26,112/57,439  elapsed 20.2s]
    [31,232/57,439  elapsed 24.5s]
    [36,352/57,439  elapsed 28.4s]
    [41,472/57,439  elapsed 32.5s]
    [46,592/57,439  elapsed 36.7s]
    [51,712/57,439  elapsed 40.6s]
    [56,832/57,439  elapsed 44.5s]
  eval done in 44.9s
  by-popularity NDCG@10: tail=0.0014(n=7,762)  mid=0.0058(n=8,169)  head=0.0610(n=41,508)
  epoch  10  loss=8.4774  val_NDCG=0.0451  [test sequestered]  (8.2s)
  evaluating 57,439 users in batches of 512...
    [512/57,439  elapsed 0.4s]
    [5,632/57,439  elapsed 3.1s]
    [10,752/57,439  elapsed 12.9s]
    [15,872/57,439  elapsed 22.7s]
    [20,992/57,439  elapsed 32.9s]
    [26,112/57,439  elapsed 43.2s]
    [31,232/57,439  elapsed 53.3s]
    [36,352/57,439  elapsed 62.1s]
    [41,472/57,439  elapsed 66.3s]
    [46,592/57,439  elapsed 70.5s]
    [51,712/57,439  elapsed 74.7s]
    [56,832/57,439  elapsed 79.3s]
  eval done in 79.7s
  by-popularity NDCG@10: tail=0.0018(n=7,762)  mid=0.0062(n=8,169)  head=0.0618(n=41,508)
  epoch  11  loss=8.4363  val_NDCG=0.0458  [test sequestered]  (8.0s)
  evaluating 57,439 users in batches of 512...
    [512/57,439  elapsed 0.3s]
    [5,632/57,439  elapsed 3.0s]
    [10,752/57,439  elapsed 6.0s]
    [15,872/57,439  elapsed 9.3s]
    [20,992/57,439  elapsed 12.5s]
    [26,112/57,439  elapsed 16.1s]
    [31,232/57,439  elapsed 19.6s]
    [36,352/57,439  elapsed 23.1s]
    [41,472/57,439  elapsed 26.3s]
    [46,592/57,439  elapsed 30.0s]
    [51,712/57,439  elapsed 33.5s]
    [56,832/57,439  elapsed 36.7s]
  eval done in 37.1s
  by-popularity NDCG@10: tail=0.0018(n=7,762)  mid=0.0066(n=8,169)  head=0.0618(n=41,508)
  epoch  12  loss=8.4019  val_NDCG=0.0458  [test sequestered]  (7.1s)
  evaluating 57,439 users in batches of 512...
    [512/57,439  elapsed 0.3s]
    [5,632/57,439  elapsed 3.7s]
    [10,752/57,439  elapsed 6.8s]
    [15,872/57,439  elapsed 10.5s]
    [20,992/57,439  elapsed 14.1s]
    [26,112/57,439  elapsed 17.2s]
    [31,232/57,439  elapsed 21.0s]
    [36,352/57,439  elapsed 24.7s]
    [41,472/57,439  elapsed 28.1s]
    [46,592/57,439  elapsed 31.8s]
    [51,712/57,439  elapsed 35.4s]
    [56,832/57,439  elapsed 38.7s]
  eval done in 39.1s
  by-popularity NDCG@10: tail=0.0020(n=7,762)  mid=0.0066(n=8,169)  head=0.0616(n=41,508)
  epoch  13  loss=8.3708  val_NDCG=0.0457  [test sequestered]  (8.2s)
  evaluating 57,439 users in batches of 512...
    [512/57,439  elapsed 0.4s]
    [5,632/57,439  elapsed 4.1s]
    [10,752/57,439  elapsed 7.3s]
    [15,872/57,439  elapsed 10.7s]
    [20,992/57,439  elapsed 13.9s]
    [26,112/57,439  elapsed 17.6s]
    [31,232/57,439  elapsed 21.1s]
    [36,352/57,439  elapsed 24.8s]
    [41,472/57,439  elapsed 29.5s]
    [46,592/57,439  elapsed 34.5s]
    [51,712/57,439  elapsed 39.2s]
    [56,832/57,439  elapsed 43.7s]
  eval done in 44.2s
  by-popularity NDCG@10: tail=0.0021(n=7,762)  mid=0.0073(n=8,169)  head=0.0615(n=41,508)
  epoch  14  loss=8.3436  val_NDCG=0.0458  [test sequestered]  (7.9s)
  evaluating 57,439 users in batches of 512...
    [512/57,439  elapsed 0.4s]
    [5,632/57,439  elapsed 4.8s]
    [10,752/57,439  elapsed 7.8s]
    [15,872/57,439  elapsed 18.1s]
    [20,992/57,439  elapsed 28.9s]
    [26,112/57,439  elapsed 39.6s]
    [31,232/57,439  elapsed 50.3s]
    [36,352/57,439  elapsed 60.4s]
    [41,472/57,439  elapsed 68.6s]
    [46,592/57,439  elapsed 73.0s]
    [51,712/57,439  elapsed 77.2s]
    [56,832/57,439  elapsed 81.4s]
  eval done in 81.9s
  by-popularity NDCG@10: tail=0.0022(n=7,762)  mid=0.0076(n=8,169)  head=0.0617(n=41,508)
  epoch  15  loss=8.3212  val_NDCG=0.0460  [test sequestered]  (8.5s)
  evaluating 57,439 users in batches of 512...
    [512/57,439  elapsed 0.4s]
    [5,632/57,439  elapsed 4.7s]
    [10,752/57,439  elapsed 8.7s]
    [15,872/57,439  elapsed 12.8s]
    [20,992/57,439  elapsed 16.9s]
    [26,112/57,439  elapsed 21.0s]
    [31,232/57,439  elapsed 25.5s]
    [36,352/57,439  elapsed 29.6s]
    [41,472/57,439  elapsed 33.7s]
    [46,592/57,439  elapsed 37.8s]
    [51,712/57,439  elapsed 41.9s]
    [56,832/57,439  elapsed 45.6s]
  eval done in 46.1s
  by-popularity NDCG@10: tail=0.0022(n=7,762)  mid=0.0076(n=8,169)  head=0.0615(n=41,508)
  epoch  16  loss=8.3027  val_NDCG=0.0458  [test sequestered]  (8.1s)
  evaluating 57,439 users in batches of 512...
    [512/57,439  elapsed 0.3s]
    [5,632/57,439  elapsed 4.5s]
    [10,752/57,439  elapsed 8.8s]
    [15,872/57,439  elapsed 12.8s]
    [20,992/57,439  elapsed 16.9s]
    [26,112/57,439  elapsed 20.8s]
    [31,232/57,439  elapsed 24.5s]
    [36,352/57,439  elapsed 28.8s]
    [41,472/57,439  elapsed 32.9s]
    [46,592/57,439  elapsed 37.1s]
    [51,712/57,439  elapsed 41.4s]
    [56,832/57,439  elapsed 45.9s]
  eval done in 46.4s
  by-popularity NDCG@10: tail=0.0023(n=7,762)  mid=0.0076(n=8,169)  head=0.0616(n=41,508)
  epoch  17  loss=8.2868  val_NDCG=0.0459  [test sequestered]  (8.5s)
  evaluating 57,439 users in batches of 512...
    [512/57,439  elapsed 0.3s]
    [5,632/57,439  elapsed 4.5s]
    [10,752/57,439  elapsed 8.8s]
    [15,872/57,439  elapsed 12.9s]
    [20,992/57,439  elapsed 17.3s]
    [26,112/57,439  elapsed 21.4s]
    [31,232/57,439  elapsed 25.7s]
    [36,352/57,439  elapsed 29.4s]
    [41,472/57,439  elapsed 33.3s]
    [46,592/57,439  elapsed 37.5s]
    [51,712/57,439  elapsed 41.0s]
    [56,832/57,439  elapsed 45.2s]
  eval done in 45.6s
  by-popularity NDCG@10: tail=0.0023(n=7,762)  mid=0.0075(n=8,169)  head=0.0615(n=41,508)
  epoch  18  loss=8.2783  val_NDCG=0.0458  [test sequestered]  (8.3s)
  evaluating 57,439 users in batches of 512...
    [512/57,439  elapsed 0.3s]
    [5,632/57,439  elapsed 4.2s]
    [10,752/57,439  elapsed 8.4s]
    [15,872/57,439  elapsed 11.5s]
    [20,992/57,439  elapsed 21.7s]
    [26,112/57,439  elapsed 32.3s]
    [31,232/57,439  elapsed 42.6s]
    [36,352/57,439  elapsed 53.5s]
    [41,472/57,439  elapsed 64.4s]
    [46,592/57,439  elapsed 72.6s]
    [51,712/57,439  elapsed 76.9s]
    [56,832/57,439  elapsed 80.9s]
  eval done in 81.4s
  by-popularity NDCG@10: tail=0.0023(n=7,762)  mid=0.0075(n=8,169)  head=0.0615(n=41,508)
  epoch  19  loss=8.2733  val_NDCG=0.0458  [test sequestered]  (8.3s)
  evaluating 57,439 users in batches of 512...
    [512/57,439  elapsed 0.4s]
    [5,632/57,439  elapsed 4.7s]
    [10,752/57,439  elapsed 9.0s]
    [15,872/57,439  elapsed 13.1s]
    [20,992/57,439  elapsed 17.2s]
    [26,112/57,439  elapsed 21.2s]
    [31,232/57,439  elapsed 25.3s]
    [36,352/57,439  elapsed 29.2s]
    [41,472/57,439  elapsed 33.5s]
    [46,592/57,439  elapsed 37.6s]
    [51,712/57,439  elapsed 41.9s]
    [56,832/57,439  elapsed 46.0s]
  eval done in 46.5s
  by-popularity NDCG@10: tail=0.0023(n=7,762)  mid=0.0076(n=8,169)  head=0.0615(n=41,508)
  epoch  20  loss=8.2685  val_NDCG=0.0458  [test sequestered]  (8.2s)

=== Best by val NDCG@10 ===
  val_NDCG=0.0460
  best_ckpt_sha256 = f7ea36673e5a753cfc2f51aa3bf054644074e17c6cf18684102c6000eca06fa9

wrote C:\Users\rayxc\Documents\R\_bestrec_run\results_MI_COLDFUSE2_base_seed20260745.json

  eval done in 191.1s
  by-popularity NDCG@10: tail=0.0004(n=29,887)  mid=0.0029(n=33,352)  head=0.0460(n=160,069)
  epoch   4  loss=9.7500  val_NDCG=0.0334  [test sequestered]  (63.1s)
  evaluating 223,308 users in batches of 512...
    [512/223,308  elapsed 0.4s]
    [5,632/223,308  elapsed 4.8s]
    [10,752/223,308  elapsed 9.0s]
    [15,872/223,308  elapsed 13.1s]
    [20,992/223,308  elapsed 17.3s]
    [26,112/223,308  elapsed 21.1s]
    [31,232/223,308  elapsed 26.2s]
    [36,352/223,308  elapsed 33.1s]
    [41,472/223,308  elapsed 37.3s]
    [46,592/223,308  elapsed 41.5s]
    [51,712/223,308  elapsed 45.5s]
    [56,832/223,308  elapsed 49.5s]
    [61,952/223,308  elapsed 53.5s]
    [67,072/223,308  elapsed 57.6s]
    [72,192/223,308  elapsed 61.7s]
    [77,312/223,308  elapsed 65.9s]
    [82,432/223,308  elapsed 69.6s]
    [87,552/223,308  elapsed 73.5s]
    [92,672/223,308  elapsed 78.5s]
    [97,792/223,308  elapsed 85.5s]
    [102,912/223,308  elapsed 89.6s]
    [108,032/223,308  elapsed 93.8s]
    [113,152/223,308  elapsed 97.5s]
    [118,272/223,308  elapsed 101.2s]
    [123,392/223,308  elapsed 105.5s]
    [128,512/223,308  elapsed 109.4s]
    [133,632/223,308  elapsed 113.7s]
    [138,752/223,308  elapsed 117.9s]
    [143,872/223,308  elapsed 122.1s]
    [148,992/223,308  elapsed 126.2s]
    [154,112/223,308  elapsed 130.9s]
    [159,232/223,308  elapsed 138.1s]
    [164,352/223,308  elapsed 142.4s]
    [169,472/223,308  elapsed 146.6s]
    [174,592/223,308  elapsed 150.6s]
    [179,712/223,308  elapsed 154.2s]
    [184,832/223,308  elapsed 158.6s]
    [189,952/223,308  elapsed 162.8s]
    [195,072/223,308  elapsed 166.8s]
    [200,192/223,308  elapsed 171.2s]
    [205,312/223,308  elapsed 175.3s]
    [210,432/223,308  elapsed 179.4s]
    [215,552/223,308  elapsed 183.3s]
    [220,672/223,308  elapsed 190.6s]
  eval done in 192.8s
  by-popularity NDCG@10: tail=0.0005(n=29,887)  mid=0.0040(n=33,352)  head=0.0477(n=160,069)
  epoch   5  loss=9.6672  val_NDCG=0.0348  [test sequestered]  (59.5s)
  evaluating 223,308 users in batches of 512...
    [512/223,308  elapsed 0.4s]
    [5,632/223,308  elapsed 4.7s]
    [10,752/223,308  elapsed 9.0s]
    [15,872/223,308  elapsed 13.1s]
    [20,992/223,308  elapsed 17.8s]
    [26,112/223,308  elapsed 21.9s]
    [31,232/223,308  elapsed 26.8s]
    [36,352/223,308  elapsed 29.9s]
    [41,472/223,308  elapsed 33.3s]
    [46,592/223,308  elapsed 36.6s]
    [51,712/223,308  elapsed 40.2s]
    [56,832/223,308  elapsed 43.8s]
    [61,952/223,308  elapsed 47.7s]
    [67,072/223,308  elapsed 51.1s]
    [72,192/223,308  elapsed 54.9s]
    [77,312/223,308  elapsed 58.4s]
    [82,432/223,308  elapsed 61.7s]
    [87,552/223,308  elapsed 66.0s]
    [92,672/223,308  elapsed 71.9s]
    [97,792/223,308  elapsed 75.4s]
    [102,912/223,308  elapsed 78.6s]
    [108,032/223,308  elapsed 82.5s]
    [113,152/223,308  elapsed 86.1s]
    [118,272/223,308  elapsed 89.5s]
    [123,392/223,308  elapsed 93.3s]
    [128,512/223,308  elapsed 97.0s]
    [133,632/223,308  elapsed 100.7s]
    [138,752/223,308  elapsed 104.5s]
    [143,872/223,308  elapsed 108.1s]
    [148,992/223,308  elapsed 111.7s]
    [154,112/223,308  elapsed 117.8s]
    [159,232/223,308  elapsed 121.9s]
    [164,352/223,308  elapsed 125.5s]
    [169,472/223,308  elapsed 129.1s]
    [174,592/223,308  elapsed 132.6s]
    [179,712/223,308  elapsed 136.2s]
    [184,832/223,308  elapsed 140.0s]
    [189,952/223,308  elapsed 144.0s]
    [195,072/223,308  elapsed 148.9s]
    [200,192/223,308  elapsed 154.2s]
    [205,312/223,308  elapsed 158.7s]
    [210,432/223,308  elapsed 163.1s]
    [215,552/223,308  elapsed 171.1s]
    [220,672/223,308  elapsed 175.8s]
  eval done in 178.1s
  by-popularity NDCG@10: tail=0.0007(n=29,887)  mid=0.0052(n=33,352)  head=0.0484(n=160,069)
  epoch   6  loss=9.5979  val_NDCG=0.0356  [test sequestered]  (58.1s)
  evaluating 223,308 users in batches of 512...
    [512/223,308  elapsed 0.4s]
    [5,632/223,308  elapsed 4.8s]
    [10,752/223,308  elapsed 9.1s]
    [15,872/223,308  elapsed 13.3s]
    [20,992/223,308  elapsed 19.4s]
    [26,112/223,308  elapsed 25.0s]
    [31,232/223,308  elapsed 29.4s]
    [36,352/223,308  elapsed 33.3s]
    [41,472/223,308  elapsed 37.5s]
    [46,592/223,308  elapsed 41.7s]
    [51,712/223,308  elapsed 46.3s]
    [56,832/223,308  elapsed 50.7s]
    [61,952/223,308  elapsed 54.7s]
    [67,072/223,308  elapsed 58.8s]
    [72,192/223,308  elapsed 62.8s]
    [77,312/223,308  elapsed 66.9s]
    [82,432/223,308  elapsed 72.5s]
    [87,552/223,308  elapsed 78.9s]
    [92,672/223,308  elapsed 83.0s]
    [97,792/223,308  elapsed 87.3s]
    [102,912/223,308  elapsed 91.2s]
    [108,032/223,308  elapsed 95.4s]
    [113,152/223,308  elapsed 99.2s]
    [118,272/223,308  elapsed 103.5s]
    [123,392/223,308  elapsed 107.7s]
    [128,512/223,308  elapsed 111.8s]
    [133,632/223,308  elapsed 116.1s]
    [138,752/223,308  elapsed 120.4s]
    [143,872/223,308  elapsed 125.7s]
    [148,992/223,308  elapsed 132.5s]
    [154,112/223,308  elapsed 136.9s]
    [159,232/223,308  elapsed 141.1s]
    [164,352/223,308  elapsed 145.2s]
    [169,472/223,308  elapsed 149.6s]
    [174,592/223,308  elapsed 153.7s]
    [179,712/223,308  elapsed 158.0s]
    [184,832/223,308  elapsed 161.8s]
    [189,952/223,308  elapsed 166.1s]
    [195,072/223,308  elapsed 170.2s]
    [200,192/223,308  elapsed 174.1s]
    [205,312/223,308  elapsed 178.7s]
    [210,432/223,308  elapsed 186.0s]
    [215,552/223,308  elapsed 190.2s]
    [220,672/223,308  elapsed 194.3s]
  eval done in 196.5s
  by-popularity NDCG@10: tail=0.0010(n=29,887)  mid=0.0057(n=33,352)  head=0.0492(n=160,069)
  epoch   7  loss=9.5399  val_NDCG=0.0362  [test sequestered]  (59.8s)
  evaluating 223,308 users in batches of 512...
    [512/223,308  elapsed 0.4s]
    [5,632/223,308  elapsed 4.8s]
    [10,752/223,308  elapsed 8.8s]
    [15,872/223,308  elapsed 15.1s]
    [20,992/223,308  elapsed 20.9s]
    [26,112/223,308  elapsed 25.3s]
    [31,232/223,308  elapsed 29.3s]
    [36,352/223,308  elapsed 33.5s]
    [41,472/223,308  elapsed 37.6s]
    [46,592/223,308  elapsed 41.7s]
    [51,712/223,308  elapsed 45.7s]
    [56,832/223,308  elapsed 50.1s]
    [61,952/223,308  elapsed 54.3s]
    [67,072/223,308  elapsed 58.5s]
    [72,192/223,308  elapsed 62.7s]
    [77,312/223,308  elapsed 65.8s]
    [82,432/223,308  elapsed 67.8s]
    [87,552/223,308  elapsed 69.9s]
    [92,672/223,308  elapsed 71.8s]
    [97,792/223,308  elapsed 75.1s]
    [102,912/223,308  elapsed 80.6s]
    [108,032/223,308  elapsed 86.2s]
    [113,152/223,308  elapsed 91.6s]
    [118,272/223,308  elapsed 97.2s]
    [123,392/223,308  elapsed 102.7s]
    [128,512/223,308  elapsed 108.3s]
    [133,632/223,308  elapsed 113.7s]
    [138,752/223,308  elapsed 119.1s]
    [143,872/223,308  elapsed 124.5s]
    [148,992/223,308  elapsed 127.6s]
    [154,112/223,308  elapsed 131.2s]
    [159,232/223,308  elapsed 136.7s]
    [164,352/223,308  elapsed 142.2s]
    [169,472/223,308  elapsed 147.9s]
    [174,592/223,308  elapsed 153.5s]
    [179,712/223,308  elapsed 159.2s]
    [184,832/223,308  elapsed 164.9s]
    [189,952/223,308  elapsed 170.4s]
    [195,072/223,308  elapsed 176.0s]
    [200,192/223,308  elapsed 181.6s]
    [205,312/223,308  elapsed 184.4s]
    [210,432/223,308  elapsed 188.1s]
    [215,552/223,308  elapsed 193.8s]
    [220,672/223,308  elapsed 199.4s]
  eval done in 202.3s
  by-popularity NDCG@10: tail=0.0010(n=29,887)  mid=0.0063(n=33,352)  head=0.0496(n=160,069)
  epoch   8  loss=9.4870  val_NDCG=0.0366  [test sequestered]  (59.6s)
  evaluating 223,308 users in batches of 512...
    [512/223,308  elapsed 0.6s]
    [5,632/223,308  elapsed 6.1s]
    [10,752/223,308  elapsed 11.3s]
    [15,872/223,308  elapsed 13.2s]
    [20,992/223,308  elapsed 18.2s]
    [26,112/223,308  elapsed 23.7s]
    [31,232/223,308  elapsed 29.1s]
    [36,352/223,308  elapsed 34.8s]
    [41,472/223,308  elapsed 40.5s]
    [46,592/223,308  elapsed 46.0s]=== fusion eval: Musical_Instruments  ckpt=results_MI_COLDFUSE2_base_seed20260745.best.pt ===
  n_users=57,439 n_items=24,587
  ckpt from epoch 15 (val NDCG@10 0.04596)

--- EASE l2=50.0: fit + VAL sweep ---
  EASE l2=50.0: verified cache hit (0d6aa731986eefd4228ee0f9)
    [512/57,439 elapsed 0.6s]
    [10,752/57,439 elapsed 10.1s]
    [20,992/57,439 elapsed 19.8s]
    [31,232/57,439 elapsed 29.3s]
    [41,472/57,439 elapsed 38.8s]
    [51,712/57,439 elapsed 48.4s]
  VAL seq NDCG@10=0.04596  ease=0.03472
    w=0.01: val fused NDCG@10=0.04751
    w=0.02: val fused NDCG@10=0.04822
    w=0.03: val fused NDCG@10=0.04853
    w=0.04: val fused NDCG@10=0.04856
    w=0.05: val fused NDCG@10=0.04840
    w=0.06: val fused NDCG@10=0.04801
    w=0.075: val fused NDCG@10=0.04764
    w=0.1: val fused NDCG@10=0.04680

--- EASE l2=100.0: fit + VAL sweep ---
  EASE l2=100.0: verified cache hit (e6853d0b0fa835018ed44c6c)
    [512/57,439 elapsed 0.5s]
    [10,752/57,439 elapsed 10.0s]
    [20,992/57,439 elapsed 19.8s]
    [31,232/57,439 elapsed 29.6s]
    [41,472/57,439 elapsed 39.3s]
    [51,712/57,439 elapsed 48.7s]
  VAL seq NDCG@10=0.04596  ease=0.03536
    w=0.01: val fused NDCG@10=0.04757
    w=0.02: val fused NDCG@10=0.04818
    w=0.03: val fused NDCG@10=0.04856
    w=0.04: val fused NDCG@10=0.04860
    w=0.05: val fused NDCG@10=0.04855
    w=0.06: val fused NDCG@10=0.04827
    w=0.075: val fused NDCG@10=0.04788
    w=0.1: val fused NDCG@10=0.04688

--- EASE l2=200.0: fit + VAL sweep ---
  EASE l2=200.0: verified cache hit (ebdd11e5519b1f4b59ea0424)
    [512/57,439 elapsed 0.5s]
    [10,752/57,439 elapsed 10.1s]
    [20,992/57,439 elapsed 19.2s]
    [31,232/57,439 elapsed 44.4s]
    [41,472/57,439 elapsed 69.9s]
    [51,712/57,439 elapsed 85.2s]
  VAL seq NDCG@10=0.04596  ease=0.03548
    w=0.01: val fused NDCG@10=0.04756
    w=0.02: val fused NDCG@10=0.04807
    w=0.03: val fused NDCG@10=0.04842
    w=0.04: val fused NDCG@10=0.04846
    w=0.05: val fused NDCG@10=0.04850
    w=0.06: val fused NDCG@10=0.04816
    w=0.075: val fused NDCG@10=0.04767
    w=0.1: val fused NDCG@10=0.04687

--- EASE l2=500.0: fit + VAL sweep ---
  EASE l2=500.0: verified cache hit (b30720d9178a2f9cb57fa1d1)
    [512/57,439 elapsed 0.5s]
    [10,752/57,439 elapsed 10.3s]
    [20,992/57,439 elapsed 19.7s]
    [31,232/57,439 elapsed 29.6s]
    [41,472/57,439 elapsed 39.2s]
    [51,712/57,439 elapsed 48.8s]
  VAL seq NDCG@10=0.04596  ease=0.03500
    w=0.01: val fused NDCG@10=0.04766
    w=0.02: val fused NDCG@10=0.04813
    w=0.03: val fused NDCG@10=0.04835
    w=0.04: val fused NDCG@10=0.04826
    w=0.05: val fused NDCG@10=0.04801
    w=0.06: val fused NDCG@10=0.04786
    w=0.075: val fused NDCG@10=0.04719
    w=0.1: val fused NDCG@10=0.04623

=== selected on VAL: l2=100.0, w=0.04 (val fused NDCG@10=0.04860) ===
wrote C:\Users\rayxc\Documents\R\_bestrec_run\results_MI_COLDFUSE2_base_seed20260745.fusion.json (VAL-ONLY; test sequestered)
=== COLDFUSE2 confirm: Musical_Instruments seed 20260745 (ease=yes; test sequestered) ===
  EASE l2=100.0: verified cache hit (e6853d0b0fa835018ed44c6c)
  [val] streaming sweep: 85 systems ...
    [512/57,439 1s]
    [20,992/57,439 34s]
    [41,472/57,439 66s]
  VAL selected {'profile': 'exp0.9', 'wt_tail': 0.4, 'wt_mid': 0.1, 'wt_head': 0.1} (feasible 31/84; val f15 0.00728 vs ref 0.00234)
  [test] sequestered pass: ref + selected + 4 controls ...
  test pass complete (values sequestered to the artifact)
wrote C:\Users\rayxc\Documents\R\_bestrec_run\results_Musical_Instruments_COLDFUSE2_confirm_seed20260745.json (metrics sequestered)
  random seed set to 20260745
=== Industrial_and_Scientific: load splits ===
  n_users=50,985  n_items=25,848  pad_id=25848
  built sequences for 50,985 users
  built timestamp sequences (12 time buckets)
  loading SBERT embeddings from C:\Users\rayxc\Documents\R\cache_5core\sbert_titles_Industrial_and_Scientific.npy...
  TAPE: k-means 25,848 text embeddings into K=512 prototypes (tau=0.05)...
  TAPE: K=512 mean max-assignment weight = 0.597 (1.0 = hard clustering)

=== Build SASRec-SBERT (d=64, layers=4, heads=2) ===
  total params: 11,750,463  device=cuda
  50,985 training examples / 200 batches per epoch
  init_state_sha256 = 544930af0d09c115864d875fcaaa4c32360f18431640718f4011270055976bbb
  LR schedule: warmup_cosine (200 warmup + 3800 cosine steps)

=== Train for 20 epochs ===
  evaluating 50,985 users in batches of 512...
    [512/50,985  elapsed 0.4s]
    [5,632/50,985  elapsed 4.6s]
    [10,752/50,985  elapsed 8.6s]
    [15,872/50,985  elapsed 12.4s]
    [20,992/50,985  elapsed 16.3s]
    [26,112/50,985  elapsed 20.5s]
    [31,232/50,985  elapsed 24.2s]
    [36,352/50,985  elapsed 27.9s]
    [41,472/50,985  elapsed 32.1s]
    [46,592/50,985  elapsed 36.3s]
  eval done in 39.5s
  by-popularity NDCG@10: tail=0.0000(n=9,330)  mid=0.0003(n=8,951)  head=0.0292(n=32,704)
  epoch   1  loss=9.7689  val_NDCG=0.0188  [test sequestered]  (7.1s)
  evaluating 50,985 users in batches of 512...
    [512/50,985  elapsed 0.4s]
    [5,632/50,985  elapsed 4.2s]
    [10,752/50,985  elapsed 7.9s]
    [15,872/50,985  elapsed 12.2s]
    [20,992/50,985  elapsed 15.9s]
    [26,112/50,985  elapsed 20.2s]
    [31,232/50,985  elapsed 24.5s]
    [36,352/50,985  elapsed 28.7s]
    [41,472/50,985  elapsed 32.9s]
    [46,592/50,985  elapsed 37.1s]
  eval done in 40.8s
  by-popularity NDCG@10: tail=0.0000(n=9,330)  mid=0.0003(n=8,951)  head=0.0419(n=32,704)
  epoch   2  loss=9.2312  val_NDCG=0.0269  [test sequestered]  (7.1s)
  evaluating 50,985 users in batches of 512...
    [512/50,985  elapsed 0.3s]
    [5,632/50,985  elapsed 4.4s]
    [10,752/50,985  elapsed 8.4s]
    [15,872/50,985  elapsed 12.3s]
    [20,992/50,985  elapsed 16.3s]
    [26,112/50,985  elapsed 20.1s]
    [31,232/50,985  elapsed 24.4s]
    [36,352/50,985  elapsed 28.6s]
    [41,472/50,985  elapsed 32.8s]
    [46,592/50,985  elapsed 36.8s]
  eval done in 40.2s
  by-popularity NDCG@10: tail=0.0001(n=9,330)  mid=0.0012(n=8,951)  head=0.0490(n=32,704)
  epoch   3  loss=9.0202  val_NDCG=0.0317  [test sequestered]  (7.1s)
  evaluating 50,985 users in batches of 512...
    [512/50,985  elapsed 0.3s]
    [5,632/50,985  elapsed 4.5s]
    [10,752/50,985  elapsed 8.5s]
    [15,872/50,985  elapsed 12.1s]
    [20,992/50,985  elapsed 15.2s]
    [26,112/50,985  elapsed 24.8s]
    [31,232/50,985  elapsed 34.8s]
    [36,352/50,985  elapsed 43.8s]
    [41,472/50,985  elapsed 52.0s]
    [46,592/50,985  elapsed 59.8s]
  eval done in 66.4s
  by-popularity NDCG@10: tail=0.0001(n=9,330)  mid=0.0027(n=8,951)  head=0.0543(n=32,704)
  epoch   4  loss=8.8735  val_NDCG=0.0353  [test sequestered]  (7.0s)
  evaluating 50,985 users in batches of 512...
    [512/50,985  elapsed 0.2s]
    [5,632/50,985  elapsed 3.4s]
    [10,752/50,985  elapsed 6.5s]
    [15,872/50,985  elapsed 9.2s]
    [20,992/50,985  elapsed 11.9s]
    [26,112/50,985  elapsed 15.4s]
    [31,232/50,985  elapsed 18.0s]
    [36,352/50,985  elapsed 21.4s]
    [41,472/50,985  elapsed 24.8s]
    [46,592/50,985  elapsed 28.1s]
  eval done in 30.7s
  by-popularity NDCG@10: tail=0.0004(n=9,330)  mid=0.0039(n=8,951)  head=0.0569(n=32,704)
  epoch   5  loss=8.7568  val_NDCG=0.0372  [test sequestered]  (8.7s)
  evaluating 50,985 users in batches of 512...
    [512/50,985  elapsed 0.3s]
    [5,632/50,985  elapsed 3.5s]
    [10,752/50,985  elapsed 7.0s]
    [15,872/50,985  elapsed 10.2s]
    [20,992/50,985  elapsed 13.3s]
    [26,112/50,985  elapsed 16.4s]
    [31,232/50,985  elapsed 20.1s]
    [36,352/50,985  elapsed 23.4s]
    [41,472/50,985  elapsed 26.5s]
    [46,592/50,985  elapsed 29.2s]
  eval done in 32.1s
  by-popularity NDCG@10: tail=0.0008(n=9,330)  mid=0.0063(n=8,951)  head=0.0588(n=32,704)
  epoch   6  loss=8.6564  val_NDCG=0.0390  [test sequestered]  (6.4s)
  evaluating 50,985 users in batches of 512...
    [512/50,985  elapsed 0.3s]
    [5,632/50,985  elapsed 3.2s]
    [10,752/50,985  elapsed 6.5s]
    [15,872/50,985  elapsed 9.5s]
    [20,992/50,985  elapsed 12.7s]
    [26,112/50,985  elapsed 15.8s]
    [31,232/50,985  elapsed 19.4s]
    [36,352/50,985  elapsed 23.2s]
    [41,472/50,985  elapsed 26.4s]
    [46,592/50,985  elapsed 30.1s]
  eval done in 32.9s
  by-popularity NDCG@10: tail=0.0012(n=9,330)  mid=0.0079(n=8,951)  head=0.0599(n=32,704)
  epoch   7  loss=8.5701  val_NDCG=0.0400  [test sequestered]  (6.3s)
  evaluating 50,985 users in batches of 512...
    [512/50,985  elapsed 0.3s]
    [5,632/50,985  elapsed 3.4s]
    [10,752/50,985  elapsed 6.8s]
    [15,872/50,985  elapsed 10.0s]
    [20,992/50,985  elapsed 13.2s]
    [26,112/50,985  elapsed 16.4s]
    [31,232/50,985  elapsed 19.9s]
    [36,352/50,985  elapsed 23.1s]
    [41,472/50,985  elapsed 26.4s]
    [46,592/50,985  elapsed 29.7s]
  eval done in 32.3s
  by-popularity NDCG@10: tail=0.0016(n=9,330)  mid=0.0098(n=8,951)  head=0.0606(n=32,704)
  epoch   8  loss=8.4903  val_NDCG=0.0409  [test sequestered]  (6.3s)
  evaluating 50,985 users in batches of 512...
    [512/50,985  elapsed 0.2s]
    [5,632/50,985  elapsed 4.2s]
    [10,752/50,985  elapsed 11.8s]
    [15,872/50,985  elapsed 19.6s]
    [20,992/50,985  elapsed 28.0s]
    [26,112/50,985  elapsed 36.0s]
    [31,232/50,985  elapsed 43.6s]
    [36,352/50,985  elapsed 50.8s]
    [41,472/50,985  elapsed 55.0s]
    [46,592/50,985  elapsed 57.9s]
  eval done in 59.9s
  by-popularity NDCG@10: tail=0.0018(n=9,330)  mid=0.0108(n=8,951)  head=0.0604(n=32,704)
  epoch   9  loss=8.4251  val_NDCG=0.0409  [test sequestered]  (6.3s)
  evaluating 50,985 users in batches of 512...
    [512/50,985  elapsed 0.2s]
    [5,632/50,985  elapsed 2.6s]
    [10,752/50,985  elapsed 5.2s]
    [15,872/50,985  elapsed 8.0s]
    [20,992/50,985  elapsed 10.6s]
    [26,112/50,985  elapsed 13.4s]
    [31,232/50,985  elapsed 16.0s]
    [36,352/50,985  elapsed 19.0s]
    [41,472/50,985  elapsed 22.2s]
    [46,592/50,985  elapsed 25.1s]
  eval done in 27.8s
  by-popularity NDCG@10: tail=0.0021(n=9,330)  mid=0.0116(n=8,951)  head=0.0605(n=32,704)
  epoch  10  loss=8.3645  val_NDCG=0.0412  [test sequestered]  (5.7s)
  evaluating 50,985 users in batches of 512...
    [512/50,985  elapsed 0.3s]
    [5,632/50,985  elapsed 3.4s]
    [10,752/50,985  elapsed 6.2s]
    [15,872/50,985  elapsed 9.2s]
    [20,992/50,985  elapsed 12.0s]
    [26,112/50,985  elapsed 14.6s]
    [31,232/50,985  elapsed 17.6s]
    [36,352/50,985  elapsed 21.1s]
    [41,472/50,985  elapsed 24.5s]
    [46,592/50,985  elapsed 28.1s]
  eval done in 30.5s
  by-popularity NDCG@10: tail=0.0023(n=9,330)  mid=0.0122(n=8,951)  head=0.0603(n=32,704)
  epoch  11  loss=8.3098  val_NDCG=0.0412  [test sequestered]  (6.0s)
  evaluating 50,985 users in batches of 512...
    [512/50,985  elapsed 0.4s]
    [5,632/50,985  elapsed 3.2s]
    [10,752/50,985  elapsed 6.2s]
    [15,872/50,985  elapsed 9.2s]
    [20,992/50,985  elapsed 12.1s]
    [26,112/50,985  elapsed 15.3s]
    [31,232/50,985  elapsed 18.6s]
    [36,352/50,985  elapsed 21.3s]
    [41,472/50,985  elapsed 24.7s]
    [46,592/50,985  elapsed 27.8s]
  eval done in 30.4s
  by-popularity NDCG@10: tail=0.0025(n=9,330)  mid=0.0128(n=8,951)  head=0.0601(n=32,704)
  epoch  12  loss=8.2630  val_NDCG=0.0413  [test sequestered]  (6.0s)
  evaluating 50,985 users in batches of 512...
    [512/50,985  elapsed 0.2s]
    [5,632/50,985  elapsed 3.2s]
    [10,752/50,985  elapsed 6.3s]
    [15,872/50,985  elapsed 9.5s]
    [20,992/50,985  elapsed 12.5s]
    [26,112/50,985  elapsed 15.5s]
    [31,232/50,985  elapsed 19.3s]
    [36,352/50,985  elapsed 22.5s]
    [41,472/50,985  elapsed 25.8s]
    [46,592/50,985  elapsed 27.8s]
    [51,712/223,308  elapsed 51.6s]
    [56,832/223,308  elapsed 57.3s]
    [61,952/223,308  elapsed 62.8s]
    [67,072/223,308  elapsed 67.7s]
    [72,192/223,308  elapsed 69.7s]
    [77,312/223,308  elapsed 71.8s]
    [82,432/223,308  elapsed 73.7s]
    [87,552/223,308  elapsed 77.0s]
    [92,672/223,308  elapsed 83.5s]
    [97,792/223,308  elapsed 90.1s]
    [102,912/223,308  elapsed 96.3s]
    [108,032/223,308  elapsed 102.7s]
    [113,152/223,308  elapsed 109.2s]
    [118,272/223,308  elapsed 115.3s]
    [123,392/223,308  elapsed 121.5s]
    [128,512/223,308  elapsed 127.7s]
    [133,632/223,308  elapsed 134.0s]
    [138,752/223,308  elapsed 140.1s]
    [143,872/223,308  elapsed 146.5s]
    [148,992/223,308  elapsed 152.7s]
    [154,112/223,308  elapsed 159.1s]
    [159,232/223,308  elapsed 165.4s]
    [164,352/223,308  elapsed 170.7s]
    [169,472/223,308  elapsed 175.8s]
    [174,592/223,308  elapsed 181.0s]
    [179,712/223,308  elapsed 186.1s]
    [184,832/223,308  elapsed 191.4s]
    [189,952/223,308  elapsed 196.7s]
    [195,072/223,308  elapsed 202.1s]
    [200,192/223,308  elapsed 207.5s]
    [205,312/223,308  elapsed 212.7s]
    [210,432/223,308  elapsed 217.8s]
    [215,552/223,308  elapsed 223.0s]
    [220,672/223,308  elapsed 228.2s]
  eval done in 230.9s
  by-popularity NDCG@10: tail=0.0013(n=29,887)  mid=0.0067(n=33,352)  head=0.0501(n=160,069)
  epoch   9  loss=9.4395  val_NDCG=0.0371  [test sequestered]  (61.3s)
  evaluating 223,308 users in batches of 512...
    [512/223,308  elapsed 0.5s]
    [5,632/223,308  elapsed 5.7s]
    [10,752/223,308  elapsed 10.9s]
    [15,872/223,308  elapsed 16.2s]
    [20,992/223,308  elapsed 21.2s]
    [26,112/223,308  elapsed 23.3s]
    [31,232/223,308  elapsed 25.6s]
    [36,352/223,308  elapsed 29.6s]
    [41,472/223,308  elapsed 35.4s]
    [46,592/223,308  elapsed 39.6s]
    [51,712/223,308  elapsed 43.7s]
    [56,832/223,308  elapsed 47.5s]
    [61,952/223,308  elapsed 51.9s]
    [67,072/223,308  elapsed 55.9s]
    [72,192/223,308  elapsed 59.6s]
    [77,312/223,308  elapsed 63.9s]
    [82,432/223,308  elapsed 68.1s]
    [87,552/223,308  elapsed 72.2s]
    [92,672/223,308  elapsed 77.8s]
    [97,792/223,308  elapsed 83.1s]
    [102,912/223,308  elapsed 86.9s]
    [108,032/223,308  elapsed 91.3s]
    [113,152/223,308  elapsed 95.4s]
    [118,272/223,308  elapsed 99.8s]
    [123,392/223,308  elapsed 103.9s]
    [128,512/223,308  elapsed 108.2s]
    [133,632/223,308  elapsed 112.4s]
    [138,752/223,308  elapsed 116.6s]
    [143,872/223,308  elapsed 120.9s]
    [148,992/223,308  elapsed 127.0s]
    [154,112/223,308  elapsed 132.1s]
    [159,232/223,308  elapsed 136.1s]
    [164,352/223,308  elapsed 140.1s]
    [169,472/223,308  elapsed 144.1s]
    [174,592/223,308  elapsed 148.0s]
    [179,712/223,308  elapsed 152.5s]
    [184,832/223,308  elapsed 156.6s]
    [189,952/223,308  elapsed 160.8s]
    [195,072/223,308  elapsed 164.9s]
    [200,192/223,308  elapsed 168.9s]
    [205,312/223,308  elapsed 175.4s]
    [210,432/223,308  elapsed 180.1s]
    [215,552/223,308  elapsed 184.1s]
    [220,672/223,308  elapsed 188.0s]
  eval done in 190.3s
  by-popularity NDCG@10: tail=0.0014(n=29,887)  mid=0.0072(n=33,352)  head=0.0501(n=160,069)
  epoch  10  loss=9.3956  val_NDCG=0.0372  [test sequestered]  (59.9s)
  evaluating 223,308 users in batches of 512...
    [512/223,308  elapsed 0.5s]
    [5,632/223,308  elapsed 4.4s]
    [10,752/223,308  elapsed 7.8s]
    [15,872/223,308  elapsed 10.5s]
    [20,992/223,308  elapsed 13.6s]
    [26,112/223,308  elapsed 17.1s]
    [31,232/223,308  elapsed 20.0s]
    [36,352/223,308  elapsed 23.5s]
    [41,472/223,308  elapsed 26.8s]
    [46,592/223,308  elapsed 30.2s]
    [51,712/223,308  elapsed 33.5s]
    [56,832/223,308  elapsed 39.1s]
    [61,952/223,308  elapsed 42.5s]
    [67,072/223,308  elapsed 46.0s]
    [72,192/223,308  elapsed 49.4s]
    [77,312/223,308  elapsed 52.7s]
    [82,432/223,308  elapsed 56.1s]
    [87,552/223,308  elapsed 59.8s]
    [92,672/223,308  elapsed 63.1s]
    [97,792/223,308  elapsed 66.2s]
    [102,912/223,308  elapsed 69.2s]
    [108,032/223,308  elapsed 72.8s]
    [113,152/223,308  elapsed 78.2s]
    [118,272/223,308  elapsed 81.4s]
    [123,392/223,308  elapsed 84.7s]
    [128,512/223,308  elapsed 87.8s]
    [133,632/223,308  elapsed 91.2s]
    [138,752/223,308  elapsed 94.9s]
    [143,872/223,308  elapsed 98.4s]
    [148,992/223,308  elapsed 101.8s]
    [154,112/223,308  elapsed 105.5s]
    [159,232/223,308  elapsed 109.0s]
    [164,352/223,308  elapsed 112.9s]
    [169,472/223,308  elapsed 118.2s]
    [174,592/223,308  elapsed 121.6s]
    [179,712/223,308  elapsed 125.1s]
    [184,832/223,308  elapsed 128.4s]
    [189,952/223,308  elapsed 131.8s]
    [195,072/223,308  elapsed 135.2s]
    [200,192/223,308  elapsed 138.8s]
    [205,312/223,308  elapsed 142.1s]
    [210,432/223,308  elapsed 145.6s]
    [215,552/223,308  elapsed 148.9s]
    [220,672/223,308  elapsed 153.4s]
  eval done in 156.1s
  by-popularity NDCG@10: tail=0.0015(n=29,887)  mid=0.0074(n=33,352)  head=0.0503(n=160,069)
  epoch  11  loss=9.3543  val_NDCG=0.0374  [test sequestered]  (57.9s)
  evaluating 223,308 users in batches of 512...
    [512/223,308  elapsed 0.3s]
    [5,632/223,308  elapsed 3.3s]
    [10,752/223,308  elapsed 6.2s]
    [15,872/223,308  elapsed 9.8s]
    [20,992/223,308  elapsed 14.2s]
    [26,112/223,308  elapsed 16.8s]
    [31,232/223,308  elapsed 19.6s]
    [36,352/223,308  elapsed 22.7s]
    [41,472/223,308  elapsed 25.4s]
    [46,592/223,308  elapsed 28.2s]
    [51,712/223,308  elapsed 31.5s]
    [56,832/223,308  elapsed 35.0s]
    [61,952/223,308  elapsed 38.0s]
    [67,072/223,308  elapsed 40.9s]
    [72,192/223,308  elapsed 46.1s]
    [77,312/223,308  elapsed 49.4s]
    [82,432/223,308  elapsed 52.5s]
    [87,552/223,308  elapsed 55.7s]
    [92,672/223,308  elapsed 58.6s]
    [97,792/223,308  elapsed 61.6s]
    [102,912/223,308  elapsed 65.0s]
    [108,032/223,308  elapsed 68.5s]
    [113,152/223,308  elapsed 72.2s]
    [118,272/223,308  elapsed 75.8s]
    [123,392/223,308  elapsed 79.1s]
    [128,512/223,308  elapsed 84.1s]
    [133,632/223,308  elapsed 87.3s]
    [138,752/223,308  elapsed 90.4s]
    [143,872/223,308  elapsed 93.7s]
    [148,992/223,308  elapsed 96.9s]
    [154,112/223,308  elapsed 100.4s]
    [159,232/223,308  elapsed 103.6s]
    [164,352/223,308  elapsed 106.8s]
    [169,472/223,308  elapsed 110.1s]
    [174,592/223,308  elapsed 113.2s]
    [179,712/223,308  elapsed 117.4s]
    [184,832/223,308  elapsed 121.9s]
    [189,952/223,308  elapsed 125.2s]
    [195,072/223,308  elapsed 128.7s]
    [200,192/223,308  elapsed 131.8s]
    [205,312/223,308  elapsed 135.0s]
    [210,432/223,308  elapsed 138.9s]
    [215,552/223,308  elapsed 142.3s]
    [220,672/223,308  elapsed 145.8s]
  eval done in 147.5s
  by-popularity NDCG@10: tail=0.0016(n=29,887)  mid=0.0080(n=33,352)  head=0.0502(n=160,069)
  epoch  12  loss=9.3139  val_NDCG=0.0374  [test sequestered]  (51.8s)
  evaluating 223,308 users in batches of 512...
    [512/223,308  elapsed 0.2s]
    [5,632/223,308  elapsed 3.7s]
    [10,752/223,308  elapsed 6.9s]
    [15,872/223,308  elapsed 10.2s]
    [20,992/223,308  elapsed 13.4s]
    [26,112/223,308  elapsed 17.2s]
    [31,232/223,308  elapsed 22.8s]
    [36,352/223,308  elapsed 25.9s]
    [41,472/223,308  elapsed 29.4s]
    [46,592/223,308  elapsed 32.8s]
    [51,712/223,308  elapsed 36.2s]
    [56,832/223,308  elapsed 39.8s]
    [61,952/223,308  elapsed 43.2s]
    [67,072/223,308  elapsed 46.8s]
    [72,192/223,308  elapsed 50.4s]
    [77,312/223,308  elapsed 53.7s]
    [82,432/223,308  elapsed 57.9s]
    [87,552/223,308  elapsed 62.4s]
    [92,672/223,308  elapsed 65.9s]
    [97,792/223,308  elapsed 69.6s]
    [102,912/223,308  elapsed 73.1s]
    [108,032/223,308  elapsed 76.4s]
    [113,152/223,308  elapsed 79.4s]
    [118,272/223,308  elapsed 82.3s]
    [123,392/223,308  elapsed 85.4s]
    [128,512/223,308  elapsed 88.0s]
  eval done in 34.3s
  by-popularity NDCG@10: tail=0.0028(n=9,330)  mid=0.0134(n=8,951)  head=0.0600(n=32,704)
  epoch  13  loss=8.2206  val_NDCG=0.0413  [test sequestered]  (6.2s)
  evaluating 50,985 users in batches of 512...
    [512/50,985  elapsed 0.8s]
    [5,632/50,985  elapsed 8.4s]
    [10,752/50,985  elapsed 15.5s]
    [15,872/50,985  elapsed 23.5s]
    [20,992/50,985  elapsed 31.3s]
    [26,112/50,985  elapsed 38.8s]
    [31,232/50,985  elapsed 42.0s]
    [36,352/50,985  elapsed 45.3s]
    [41,472/50,985  elapsed 48.5s]
    [46,592/50,985  elapsed 51.4s]
  eval done in 54.6s
  by-popularity NDCG@10: tail=0.0029(n=9,330)  mid=0.0137(n=8,951)  head=0.0606(n=32,704)
  epoch  14  loss=8.1838  val_NDCG=0.0418  [test sequestered]  (10.1s)
  evaluating 50,985 users in batches of 512...
    [512/50,985  elapsed 0.3s]
    [5,632/50,985  elapsed 3.2s]
    [10,752/50,985  elapsed 6.5s]
    [15,872/50,985  elapsed 9.9s]
    [20,992/50,985  elapsed 13.3s]
    [26,112/50,985  elapsed 16.9s]
    [31,232/50,985  elapsed 20.3s]
    [36,352/50,985  elapsed 23.6s]
    [41,472/50,985  elapsed 27.2s]
    [46,592/50,985  elapsed 30.1s]
  eval done in 32.7s
  by-popularity NDCG@10: tail=0.0030(n=9,330)  mid=0.0140(n=8,951)  head=0.0599(n=32,704)
  epoch  15  loss=8.1531  val_NDCG=0.0415  [test sequestered]  (6.3s)
  evaluating 50,985 users in batches of 512...
    [512/50,985  elapsed 0.3s]
    [5,632/50,985  elapsed 3.8s]
    [10,752/50,985  elapsed 7.4s]
    [15,872/50,985  elapsed 10.9s]
    [20,992/50,985  elapsed 14.0s]
    [26,112/50,985  elapsed 17.1s]
    [31,232/50,985  elapsed 19.6s]
    [36,352/50,985  elapsed 22.4s]
    [41,472/50,985  elapsed 25.3s]
    [46,592/50,985  elapsed 27.8s]
  eval done in 30.3s
  by-popularity NDCG@10: tail=0.0030(n=9,330)  mid=0.0142(n=8,951)  head=0.0600(n=32,704)
  epoch  16  loss=8.1309  val_NDCG=0.0415  [test sequestered]  (6.1s)
  evaluating 50,985 users in batches of 512...
    [512/50,985  elapsed 0.2s]
    [5,632/50,985  elapsed 3.2s]
    [10,752/50,985  elapsed 5.7s]
    [15,872/50,985  elapsed 8.6s]
    [20,992/50,985  elapsed 11.6s]
    [26,112/50,985  elapsed 14.0s]
    [31,232/50,985  elapsed 17.1s]
    [36,352/50,985  elapsed 19.4s]
    [41,472/50,985  elapsed 22.4s]
    [46,592/50,985  elapsed 25.1s]
  eval done in 27.8s
  by-popularity NDCG@10: tail=0.0031(n=9,330)  mid=0.0142(n=8,951)  head=0.0600(n=32,704)
  epoch  17  loss=8.1094  val_NDCG=0.0416  [test sequestered]  (5.7s)
  evaluating 50,985 users in batches of 512...
    [512/50,985  elapsed 0.2s]
    [5,632/50,985  elapsed 3.5s]
    [10,752/50,985  elapsed 6.4s]
    [15,872/50,985  elapsed 9.3s]
    [20,992/50,985  elapsed 12.5s]
    [26,112/50,985  elapsed 15.6s]
    [31,232/50,985  elapsed 17.1s]
    [36,352/50,985  elapsed 22.9s]
    [41,472/50,985  elapsed 30.3s]
    [46,592/50,985  elapsed 37.5s]
  eval done in 43.7s
  by-popularity NDCG@10: tail=0.0031(n=9,330)  mid=0.0144(n=8,951)  head=0.0599(n=32,704)
  epoch  18  loss=8.1006  val_NDCG=0.0415  [test sequestered]  (6.0s)
  evaluating 50,985 users in batches of 512...
    [512/50,985  elapsed 0.7s]
    [5,632/50,985  elapsed 8.1s]
    [10,752/50,985  elapsed 15.4s]
    [15,872/50,985  elapsed 19.8s]
    [20,992/50,985  elapsed 22.9s]
    [26,112/50,985  elapsed 25.6s]
    [31,232/50,985  elapsed 28.5s]
    [36,352/50,985  elapsed 31.8s]
    [41,472/50,985  elapsed 34.9s]
    [46,592/50,985  elapsed 37.8s]
  eval done in 40.8s
  by-popularity NDCG@10: tail=0.0031(n=9,330)  mid=0.0143(n=8,951)  head=0.0599(n=32,704)
  epoch  19  loss=8.0918  val_NDCG=0.0415  [test sequestered]  (9.6s)
  evaluating 50,985 users in batches of 512...
    [512/50,985  elapsed 0.2s]
    [5,632/50,985  elapsed 3.4s]
    [10,752/50,985  elapsed 6.5s]
    [15,872/50,985  elapsed 9.5s]
    [20,992/50,985  elapsed 12.2s]
    [26,112/50,985  elapsed 15.7s]
    [31,232/50,985  elapsed 19.1s]
    [36,352/50,985  elapsed 22.3s]
    [41,472/50,985  elapsed 25.2s]
    [46,592/50,985  elapsed 27.9s]
  eval done in 30.6s
  by-popularity NDCG@10: tail=0.0031(n=9,330)  mid=0.0142(n=8,951)  head=0.0599(n=32,704)
  epoch  20  loss=8.0888  val_NDCG=0.0415  [test sequestered]  (6.0s)

=== Best by val NDCG@10 ===
  val_NDCG=0.0418
  best_ckpt_sha256 = 9a2628bcf59195837ae82b2f4eab7a18c1aeeaa850d124480985d2295b45f4ab

wrote C:\Users\rayxc\Documents\R\_bestrec_run\results_IS_COLDFUSE2_base_seed20260745.json
=== fusion eval: Industrial_and_Scientific  ckpt=results_IS_COLDFUSE2_base_seed20260745.best.pt ===
  n_users=50,985 n_items=25,848
  ckpt from epoch 14 (val NDCG@10 0.04183)

--- EASE l2=50.0: fit + VAL sweep ---
  EASE l2=50.0: verified cache hit (d28f5247ad74bb2ca98101ea)
    [512/50,985 elapsed 0.6s]
    [10,752/50,985 elapsed 6.8s]
    [20,992/50,985 elapsed 13.6s]
    [31,232/50,985 elapsed 19.7s]
    [41,472/50,985 elapsed 26.2s]
  VAL seq NDCG@10=0.04183  ease=0.03204
    w=0.01: val fused NDCG@10=0.04301
    w=0.02: val fused NDCG@10=0.04381
    w=0.03: val fused NDCG@10=0.04407
    w=0.04: val fused NDCG@10=0.04422
    w=0.05: val fused NDCG@10=0.04412
    w=0.06: val fused NDCG@10=0.04402
    w=0.075: val fused NDCG@10=0.04374
    w=0.1: val fused NDCG@10=0.04313

--- EASE l2=100.0: fit + VAL sweep ---
  EASE l2=100.0: verified cache hit (86f11547255059bac929520a)
    [512/50,985 elapsed 0.3s]
    [10,752/50,985 elapsed 6.3s]
    [20,992/50,985 elapsed 12.5s]
    [31,232/50,985 elapsed 19.0s]
    [41,472/50,985 elapsed 24.8s]
  VAL seq NDCG@10=0.04183  ease=0.03244
    w=0.01: val fused NDCG@10=0.04300
    w=0.02: val fused NDCG@10=0.04376
    w=0.03: val fused NDCG@10=0.04407
    w=0.04: val fused NDCG@10=0.04425
    w=0.05: val fused NDCG@10=0.04426
    w=0.06: val fused NDCG@10=0.04407
    w=0.075: val fused NDCG@10=0.04395
    w=0.1: val fused NDCG@10=0.04337

--- EASE l2=200.0: fit + VAL sweep ---
  EASE l2=200.0: verified cache hit (1bfb20051d435aabf3466aaf)
    [512/50,985 elapsed 0.3s]
    [10,752/50,985 elapsed 7.6s]
    [20,992/50,985 elapsed 16.5s]
    [31,232/50,985 elapsed 32.7s]
    [41,472/50,985 elapsed 49.2s]
  VAL seq NDCG@10=0.04183  ease=0.03267
    w=0.01: val fused NDCG@10=0.04290
    w=0.02: val fused NDCG@10=0.04391
    w=0.03: val fused NDCG@10=0.04403
    w=0.04: val fused NDCG@10=0.04423
    w=0.05: val fused NDCG@10=0.04428
    w=0.06: val fused NDCG@10=0.04413
    w=0.075: val fused NDCG@10=0.04394
    w=0.1: val fused NDCG@10=0.04340

--- EASE l2=500.0: fit + VAL sweep ---
  EASE l2=500.0: verified cache hit (8c221fc270ad79e08936f981)
    [512/50,985 elapsed 0.3s]
    [10,752/50,985 elapsed 7.8s]
    [20,992/50,985 elapsed 15.7s]
    [31,232/50,985 elapsed 23.8s]
    [41,472/50,985 elapsed 32.2s]
  VAL seq NDCG@10=0.04183  ease=0.03235
    w=0.01: val fused NDCG@10=0.04297
    w=0.02: val fused NDCG@10=0.04388
    w=0.03: val fused NDCG@10=0.04422
    w=0.04: val fused NDCG@10=0.04434
    w=0.05: val fused NDCG@10=0.04436
    w=0.06: val fused NDCG@10=0.04411
    w=0.075: val fused NDCG@10=0.04379
    w=0.1: val fused NDCG@10=0.04317

=== selected on VAL: l2=500.0, w=0.05 (val fused NDCG@10=0.04436) ===
wrote C:\Users\rayxc\Documents\R\_bestrec_run\results_IS_COLDFUSE2_base_seed20260745.fusion.json (VAL-ONLY; test sequestered)
=== COLDFUSE2 confirm: Industrial_and_Scientific seed 20260745 (ease=yes; test sequestered) ===
  EASE l2=500.0: verified cache hit (8c221fc270ad79e08936f981)
  [val] streaming sweep: 85 systems ...
    [512/50,985 1s]
    [20,992/50,985 28s]
    [41,472/50,985 54s]
  VAL selected {'profile': 'exp0.9', 'wt_tail': 0.3, 'wt_mid': 0.05, 'wt_head': 0.05} (feasible 26/84; val f15 0.00834 vs ref 0.00376)
  [test] sequestered pass: ref + selected + 4 controls ...
  test pass complete (values sequestered to the artifact)
wrote C:\Users\rayxc\Documents\R\_bestrec_run\results_Industrial_and_Scientific_COLDFUSE2_confirm_seed20260745.json (metrics sequestered)
  random seed set to 20260746
=== Musical_Instruments: load splits ===
  n_users=57,439  n_items=24,587  pad_id=24587
  built sequences for 57,439 users
  built timestamp sequences (12 time buckets)
  loading SBERT embeddings from C:\Users\rayxc\Documents\R\cache_5core\sbert_titles_Musical_Instruments.npy...
  TAPE: k-means 24,587 text embeddings into K=512 prototypes (tau=0.05)...
  TAPE: K=512 mean max-assignment weight = 0.527 (1.0 = hard clustering)

=== Build SASRec-SBERT (d=64, layers=4, heads=2) ===
  total params: 11,186,047  device=cuda
  57,439 training examples / 225 batches per epoch
  init_state_sha256 = aaa3f62418812fddc0e94e4bca1f398f38e22357462c616cbeb7c68acca40c6e
  LR schedule: warmup_cosine (225 warmup + 4275 cosine steps)

=== Train for 20 epochs ===
  evaluating 57,439 users in batches of 512...
    [512/57,439  elapsed 0.5s]
    [5,632/57,439  elapsed 6.0s]
    [10,752/57,439  elapsed 11.4s]
    [15,872/57,439  elapsed 16.7s]
    [20,992/57,439  elapsed 21.8s]
    [26,112/57,439  elapsed 24.9s]
    [31,232/57,439  elapsed 27.7s]
    [36,352/57,439  elapsed 30.1s]
    [41,472/57,439  elapsed 32.5s]
    [46,592/57,439  elapsed 35.4s]
    [51,712/57,439  elapsed 37.8s]
    [56,832/57,439  elapsed 40.2s]
  eval done in 40.5s
  by-popularity NDCG@10: tail=0.0001(n=7,762)  mid=0.0002(n=8,169)  head=0.0364(n=41,508)
  epoch   1  loss=9.6306  val_NDCG=0.0263  [test sequestered]  (11.4s)
  evaluating 57,439 users in batches of 512...
    [512/57,439  elapsed 0.2s]
    [5,632/57,439  elapsed 2.4s]
    [10,752/57,439  elapsed 4.7s]
    [15,872/57,439  elapsed 6.9s]
    [20,992/57,439  elapsed 9.1s]
    [26,112/57,439  elapsed 11.7s]
    [31,232/57,439  elapsed 14.1s]
    [36,352/57,439  elapsed 16.5s]
    [41,472/57,439  elapsed 19.1s]
    [46,592/57,439  elapsed 21.9s]
    [51,712/57,439  elapsed 24.2s]
    [56,832/57,439  elapsed 26.6s]
  eval done in 26.8s
  by-popularity NDCG@10: tail=0.0000(n=7,762)  mid=0.0007(n=8,169)  head=0.0459(n=41,508)
  epoch   2  loss=9.0960  val_NDCG=0.0332  [test sequestered]  (7.1s)
  evaluating 57,439 users in batches of 512...
    [512/57,439  elapsed 0.2s]
    [5,632/57,439  elapsed 2.6s]
    [10,752/57,439  elapsed 5.0s]
    [15,872/57,439  elapsed 7.3s]
    [20,992/57,439  elapsed 9.7s]
    [26,112/57,439  elapsed 12.0s]
    [31,232/57,439  elapsed 14.2s]
    [36,352/57,439  elapsed 16.5s]
    [41,472/57,439  elapsed 18.8s]
    [46,592/57,439  elapsed 20.9s]
    [51,712/57,439  elapsed 23.1s]
    [56,832/57,439  elapsed 25.3s]
  eval done in 25.6s
  by-popularity NDCG@10: tail=0.0000(n=7,762)  mid=0.0009(n=8,169)  head=0.0527(n=41,508)
  epoch   3  loss=8.9323  val_NDCG=0.0382  [test sequestered]  (7.0s)
  evaluating 57,439 users in batches of 512...
    [512/57,439  elapsed 0.2s]
    [5,632/57,439  elapsed 2.6s]
    [10,752/57,439  elapsed 5.1s]
    [15,872/57,439  elapsed 7.7s]
    [20,992/57,439  elapsed 10.4s]
    [26,112/57,439  elapsed 12.8s]
    [31,232/57,439  elapsed 15.0s]
    [36,352/57,439  elapsed 17.2s]
    [41,472/57,439  elapsed 19.5s]
    [46,592/57,439  elapsed 21.7s]
    [51,712/57,439  elapsed 24.0s]
    [56,832/57,439  elapsed 26.2s]
  eval done in 26.5s
  by-popularity NDCG@10: tail=0.0001(n=7,762)  mid=0.0017(n=8,169)  head=0.0565(n=41,508)
  epoch   4  loss=8.8279  val_NDCG=0.0411  [test sequestered]  (7.0s)
  evaluating 57,439 users in batches of 512...
    [512/57,439  elapsed 0.2s]
    [5,632/57,439  elapsed 2.6s]
    [10,752/57,439  elapsed 5.0s]
    [15,872/57,439  elapsed 7.6s]
    [20,992/57,439  elapsed 10.3s]
    [26,112/57,439  elapsed 12.7s]
    [31,232/57,439  elapsed 15.0s]
    [36,352/57,439  elapsed 17.3s]
    [41,472/57,439  elapsed 19.6s]
    [46,592/57,439  elapsed 21.9s]
    [51,712/57,439  elapsed 24.3s]
    [56,832/57,439  elapsed 26.4s]
  eval done in 26.7s
  by-popularity NDCG@10: tail=0.0004(n=7,762)  mid=0.0026(n=8,169)  head=0.0579(n=41,508)
  epoch   5  loss=8.7475  val_NDCG=0.0423  [test sequestered]  (7.0s)
  evaluating 57,439 users in batches of 512...
    [512/57,439  elapsed 0.2s]
    [5,632/57,439  elapsed 2.6s]
    [10,752/57,439  elapsed 5.0s]
    [15,872/57,439  elapsed 7.8s]
    [20,992/57,439  elapsed 10.4s]
    [26,112/57,439  elapsed 12.8s]
    [31,232/57,439  elapsed 15.1s]
    [36,352/57,439  elapsed 16.2s]
    [41,472/57,439  elapsed 20.6s]
    [46,592/57,439  elapsed 25.7s]
    [51,712/57,439  elapsed 30.8s]
    [56,832/57,439  elapsed 36.7s]
  eval done in 37.4s
  by-popularity NDCG@10: tail=0.0004(n=7,762)  mid=0.0035(n=8,169)  head=0.0598(n=41,508)
  epoch   6  loss=8.6815  val_NDCG=0.0438  [test sequestered]  (7.0s)
  evaluating 57,439 users in batches of 512...
    [512/57,439  elapsed 0.6s]
    [5,632/57,439  elapsed 5.7s]
    [10,752/57,439  elapsed 10.8s]
    [15,872/57,439  elapsed 16.2s]
    [20,992/57,439  elapsed 22.0s]
    [26,112/57,439  elapsed 26.5s]
    [31,232/57,439  elapsed 28.9s]
    [36,352/57,439  elapsed 31.2s]
    [41,472/57,439  elapsed 33.3s]
    [46,592/57,439  elapsed 35.5s]
    [51,712/57,439  elapsed 37.9s]
    [56,832/57,439  elapsed 40.3s]
  eval done in 40.6s
  by-popularity NDCG@10: tail=0.0009(n=7,762)  mid=0.0040(n=8,169)  head=0.0608(n=41,508)
  epoch   7  loss=8.6229  val_NDCG=0.0447  [test sequestered]  (11.0s)
  evaluating 57,439 users in batches of 512...
    [512/57,439  elapsed 0.3s]
    [5,632/57,439  elapsed 2.7s]
    [10,752/57,439  elapsed 5.0s]
    [15,872/57,439  elapsed 7.4s]
    [20,992/57,439  elapsed 9.7s]
    [26,112/57,439  elapsed 12.0s]
    [31,232/57,439  elapsed 14.2s]
    [36,352/57,439  elapsed 16.5s]
    [41,472/57,439  elapsed 18.6s]
    [46,592/57,439  elapsed 21.5s]
    [51,712/57,439  elapsed 23.9s]
    [56,832/57,439  elapsed 26.2s]
  eval done in 26.4s
  by-popularity NDCG@10: tail=0.0009(n=7,762)  mid=0.0049(n=8,169)  head=0.0611(n=41,508)
  epoch   8  loss=8.5685  val_NDCG=0.0450  [test sequestered]  (7.0s)
  evaluating 57,439 users in batches of 512...
    [512/57,439  elapsed 0.2s]
    [5,632/57,439  elapsed 2.6s]
    [10,752/57,439  elapsed 5.1s]
    [15,872/57,439  elapsed 7.4s]
    [20,992/57,439  elapsed 9.6s]
    [26,112/57,439  elapsed 11.9s]
    [31,232/57,439  elapsed 14.1s]
    [36,352/57,439  elapsed 16.4s]
    [41,472/57,439  elapsed 18.9s]
    [46,592/57,439  elapsed 21.4s]
    [51,712/57,439  elapsed 23.7s]
    [56,832/57,439  elapsed 26.2s]
  eval done in 26.6s
  by-popularity NDCG@10: tail=0.0013(n=7,762)  mid=0.0054(n=8,169)  head=0.0617(n=41,508)
  epoch   9  loss=8.5202  val_NDCG=0.0455  [test sequestered]  (7.0s)
  evaluating 57,439 users in batches of 512...
    [512/57,439  elapsed 0.2s]
    [5,632/57,439  elapsed 2.6s]
    [10,752/57,439  elapsed 4.9s]
    [15,872/57,439  elapsed 7.1s]
    [20,992/57,439  elapsed 9.3s]
    [26,112/57,439  elapsed 11.4s]
    [31,232/57,439  elapsed 13.7s]
    [36,352/57,439  elapsed 15.8s]
    [41,472/57,439  elapsed 18.5s]
    [46,592/57,439  elapsed 20.9s]
    [51,712/57,439  elapsed 23.3s]
    [56,832/57,439  elapsed 25.7s]
  eval done in 25.9s
  by-popularity NDCG@10: tail=0.0015(n=7,762)  mid=0.0060(n=8,169)  head=0.0617(n=41,508)
  epoch  10  loss=8.4775  val_NDCG=0.0457  [test sequestered]  (7.0s)
  evaluating 57,439 users in batches of 512...
    [512/57,439  elapsed 0.2s]
    [5,632/57,439  elapsed 2.6s]
    [10,752/57,439  elapsed 4.8s]
    [15,872/57,439  elapsed 7.1s]
    [20,992/57,439  elapsed 9.5s]
    [26,112/57,439  elapsed 12.1s]
    [31,232/57,439  elapsed 14.5s]
    [36,352/57,439  elapsed 16.8s]
    [41,472/57,439  elapsed 19.6s]
    [46,592/57,439  elapsed 22.0s]
    [51,712/57,439  elapsed 24.4s]
    [56,832/57,439  elapsed 26.7s]
  eval done in 27.0s
  by-popularity NDCG@10: tail=0.0015(n=7,762)  mid=0.0064(n=8,169)  head=0.0620(n=41,508)
  epoch  11  loss=8.4394  val_NDCG=0.0459  [test sequestered]  (6.9s)
  evaluating 57,439 users in batches of 512...
    [512/57,439  elapsed 0.2s]
    [5,632/57,439  elapsed 2.6s]
    [10,752/57,439  elapsed 5.0s]
    [15,872/57,439  elapsed 7.6s]
    [133,632/223,308  elapsed 91.0s]
    [138,752/223,308  elapsed 94.9s]
    [143,872/223,308  elapsed 98.4s]
    [148,992/223,308  elapsed 101.5s]
    [154,112/223,308  elapsed 104.4s]
    [159,232/223,308  elapsed 107.5s]
    [164,352/223,308  elapsed 110.3s]
    [169,472/223,308  elapsed 113.4s]
    [174,592/223,308  elapsed 116.1s]
    [179,712/223,308  elapsed 118.9s]
    [184,832/223,308  elapsed 121.9s]
    [189,952/223,308  elapsed 125.1s]
    [195,072/223,308  elapsed 129.8s]
    [200,192/223,308  elapsed 133.8s]
    [205,312/223,308  elapsed 137.0s]
    [210,432/223,308  elapsed 140.1s]
    [215,552/223,308  elapsed 143.1s]
    [220,672/223,308  elapsed 146.5s]
  eval done in 147.8s
  by-popularity NDCG@10: tail=0.0017(n=29,887)  mid=0.0083(n=33,352)  head=0.0505(n=160,069)
  epoch  13  loss=9.2786  val_NDCG=0.0376  [test sequestered]  (55.5s)
  evaluating 223,308 users in batches of 512...
    [512/223,308  elapsed 0.3s]
    [5,632/223,308  elapsed 3.7s]
    [10,752/223,308  elapsed 6.7s]
    [15,872/223,308  elapsed 10.0s]
    [20,992/223,308  elapsed 13.3s]
    [26,112/223,308  elapsed 16.5s]
    [31,232/223,308  elapsed 19.6s]
    [36,352/223,308  elapsed 23.0s]
    [41,472/223,308  elapsed 28.0s]
    [46,592/223,308  elapsed 31.8s]
    [51,712/223,308  elapsed 35.1s]
    [56,832/223,308  elapsed 38.4s]
    [61,952/223,308  elapsed 41.2s]
    [67,072/223,308  elapsed 44.8s]
    [72,192/223,308  elapsed 48.5s]
    [77,312/223,308  elapsed 51.7s]
    [82,432/223,308  elapsed 54.8s]
    [87,552/223,308  elapsed 57.7s]
    [92,672/223,308  elapsed 60.4s]
    [97,792/223,308  elapsed 61.9s]
    [102,912/223,308  elapsed 63.2s]
    [108,032/223,308  elapsed 64.7s]
    [113,152/223,308  elapsed 66.1s]
    [118,272/223,308  elapsed 67.3s]
    [123,392/223,308  elapsed 71.0s]
    [128,512/223,308  elapsed 75.5s]
    [133,632/223,308  elapsed 80.0s]
    [138,752/223,308  elapsed 84.6s]
    [143,872/223,308  elapsed 89.1s]
    [148,992/223,308  elapsed 93.6s]
    [154,112/223,308  elapsed 98.1s]
    [159,232/223,308  elapsed 100.7s]
    [164,352/223,308  elapsed 101.8s]
    [169,472/223,308  elapsed 105.4s]
    [174,592/223,308  elapsed 109.9s]
    [179,712/223,308  elapsed 114.3s]
    [184,832/223,308  elapsed 118.9s]
    [189,952/223,308  elapsed 123.4s]
    [195,072/223,308  elapsed 128.0s]
    [200,192/223,308  elapsed 132.3s]
    [205,312/223,308  elapsed 133.8s]
    [210,432/223,308  elapsed 134.9s]
    [215,552/223,308  elapsed 138.9s]
    [220,672/223,308  elapsed 143.5s]
  eval done in 145.8s
  by-popularity NDCG@10: tail=0.0018(n=29,887)  mid=0.0086(n=33,352)  head=0.0504(n=160,069)
  epoch  14  loss=9.2444  val_NDCG=0.0376  [test sequestered]  (53.5s)
  evaluating 223,308 users in batches of 512...
    [512/223,308  elapsed 0.2s]
    [5,632/223,308  elapsed 1.5s]
    [10,752/223,308  elapsed 3.4s]
    [15,872/223,308  elapsed 8.1s]
    [20,992/223,308  elapsed 12.9s]
    [26,112/223,308  elapsed 17.7s]
    [31,232/223,308  elapsed 22.3s]
    [36,352/223,308  elapsed 27.2s]
    [41,472/223,308  elapsed 32.0s]
    [46,592/223,308  elapsed 36.7s]
    [51,712/223,308  elapsed 41.4s]
    [56,832/223,308  elapsed 43.3s]
    [61,952/223,308  elapsed 44.7s]
    [67,072/223,308  elapsed 46.2s]
    [72,192/223,308  elapsed 47.8s]
    [77,312/223,308  elapsed 50.2s]
    [82,432/223,308  elapsed 55.6s]
    [87,552/223,308  elapsed 60.8s]
    [92,672/223,308  elapsed 66.1s]
    [97,792/223,308  elapsed 71.5s]
    [102,912/223,308  elapsed 76.9s]
    [108,032/223,308  elapsed 82.1s]
    [113,152/223,308  elapsed 87.6s]
    [118,272/223,308  elapsed 92.7s]
    [123,392/223,308  elapsed 98.1s]
    [128,512/223,308  elapsed 103.6s]
    [133,632/223,308  elapsed 109.0s]
    [138,752/223,308  elapsed 114.3s]
    [143,872/223,308  elapsed 119.0s]
    [148,992/223,308  elapsed 123.2s]
    [154,112/223,308  elapsed 127.5s]
    [159,232/223,308  elapsed 132.0s]
    [164,352/223,308  elapsed 136.3s]
    [169,472/223,308  elapsed 140.6s]
    [174,592/223,308  elapsed 144.9s]
    [179,712/223,308  elapsed 149.4s]
    [184,832/223,308  elapsed 153.9s]
    [189,952/223,308  elapsed 158.3s]
    [195,072/223,308  elapsed 162.6s]
    [200,192/223,308  elapsed 166.9s]
    [205,312/223,308  elapsed 171.2s]
    [210,432/223,308  elapsed 175.6s]
    [215,552/223,308  elapsed 180.0s]
    [220,672/223,308  elapsed 184.4s]
  eval done in 186.7s
  by-popularity NDCG@10: tail=0.0018(n=29,887)  mid=0.0086(n=33,352)  head=0.0504(n=160,069)
  epoch  15  loss=9.2141  val_NDCG=0.0377  [test sequestered]  (51.8s)
  evaluating 223,308 users in batches of 512...
    [512/223,308  elapsed 0.4s]
    [5,632/223,308  elapsed 4.1s]
    [10,752/223,308  elapsed 7.6s]
    [15,872/223,308  elapsed 11.1s]
    [20,992/223,308  elapsed 14.6s]
    [26,112/223,308  elapsed 18.0s]
    [31,232/223,308  elapsed 24.0s]
    [36,352/223,308  elapsed 28.2s]
    [41,472/223,308  elapsed 32.3s]
    [46,592/223,308  elapsed 36.0s]
    [51,712/223,308  elapsed 39.4s]
    [56,832/223,308  elapsed 43.0s]
    [61,952/223,308  elapsed 46.5s]
    [67,072/223,308  elapsed 49.9s]
    [72,192/223,308  elapsed 54.9s]
    [77,312/223,308  elapsed 59.9s]
    [82,432/223,308  elapsed 63.5s]
    [87,552/223,308  elapsed 67.2s]
    [92,672/223,308  elapsed 71.3s]
    [97,792/223,308  elapsed 75.3s]
    [102,912/223,308  elapsed 79.2s]
    [108,032/223,308  elapsed 83.2s]
    [113,152/223,308  elapsed 88.5s]
    [118,272/223,308  elapsed 93.2s]
    [123,392/223,308  elapsed 96.7s]
    [128,512/223,308  elapsed 100.3s]
    [133,632/223,308  elapsed 103.8s]
    [138,752/223,308  elapsed 107.8s]
    [143,872/223,308  elapsed 111.8s]
    [148,992/223,308  elapsed 115.9s]
    [154,112/223,308  elapsed 120.5s]
    [159,232/223,308  elapsed 126.0s]
    [164,352/223,308  elapsed 129.4s]
    [169,472/223,308  elapsed 132.9s]
    [174,592/223,308  elapsed 136.4s]
    [179,712/223,308  elapsed 140.1s]
    [184,832/223,308  elapsed 144.2s]
    [189,952/223,308  elapsed 148.1s]
    [195,072/223,308  elapsed 151.9s]
    [200,192/223,308  elapsed 157.6s]
    [205,312/223,308  elapsed 161.6s]
    [210,432/223,308  elapsed 165.3s]
    [215,552/223,308  elapsed 168.9s]
    [220,672/223,308  elapsed 172.4s]
  eval done in 174.3s
  by-popularity NDCG@10: tail=0.0018(n=29,887)  mid=0.0088(n=33,352)  head=0.0505(n=160,069)
  epoch  16  loss=9.1878  val_NDCG=0.0378  [test sequestered]  (57.1s)
  evaluating 223,308 users in batches of 512...
    [512/223,308  elapsed 0.3s]
    [5,632/223,308  elapsed 3.8s]
    [10,752/223,308  elapsed 7.6s]
    [15,872/223,308  elapsed 11.6s]
    [20,992/223,308  elapsed 15.0s]
    [26,112/223,308  elapsed 20.2s]
    [31,232/223,308  elapsed 24.6s]
    [36,352/223,308  elapsed 28.3s]
    [41,472/223,308  elapsed 32.2s]
    [46,592/223,308  elapsed 36.4s]
    [51,712/223,308  elapsed 40.4s]
    [56,832/223,308  elapsed 44.1s]
    [61,952/223,308  elapsed 47.5s]
    [67,072/223,308  elapsed 51.6s]
    [72,192/223,308  elapsed 57.2s]
    [77,312/223,308  elapsed 60.7s]
    [82,432/223,308  elapsed 64.7s]
    [87,552/223,308  elapsed 68.8s]
    [92,672/223,308  elapsed 72.8s]
    [97,792/223,308  elapsed 76.4s]
    [102,912/223,308  elapsed 80.0s]
    [108,032/223,308  elapsed 83.2s]
    [113,152/223,308  elapsed 89.5s]
    [118,272/223,308  elapsed 93.4s]
    [123,392/223,308  elapsed 97.6s]
    [128,512/223,308  elapsed 101.8s]
    [133,632/223,308  elapsed 106.1s]
    [138,752/223,308  elapsed 109.6s]
    [143,872/223,308  elapsed 113.2s]
    [148,992/223,308  elapsed 116.8s]
    [154,112/223,308  elapsed 122.7s]
    [159,232/223,308  elapsed 126.8s]
    [164,352/223,308  elapsed 130.8s]
    [169,472/223,308  elapsed 134.4s]
    [174,592/223,308  elapsed 137.8s]
    [179,712/223,308  elapsed 141.4s]
    [184,832/223,308  elapsed 145.0s]
    [189,952/223,308  elapsed 148.5s]
    [195,072/223,308  elapsed 152.9s]
    [200,192/223,308  elapsed 158.5s]
    [205,312/223,308  elapsed 162.0s]
    [210,432/223,308  elapsed 165.6s]
    [20,992/57,439  elapsed 10.2s]
    [26,112/57,439  elapsed 12.5s]
    [31,232/57,439  elapsed 14.8s]
    [36,352/57,439  elapsed 16.9s]
    [41,472/57,439  elapsed 18.0s]
    [46,592/57,439  elapsed 22.4s]
    [51,712/57,439  elapsed 27.7s]
    [56,832/57,439  elapsed 33.4s]
  eval done in 34.1s
  by-popularity NDCG@10: tail=0.0016(n=7,762)  mid=0.0068(n=8,169)  head=0.0622(n=41,508)
  epoch  12  loss=8.4023  val_NDCG=0.0462  [test sequestered]  (7.0s)
  evaluating 57,439 users in batches of 512...
    [512/57,439  elapsed 0.6s]
    [5,632/57,439  elapsed 5.7s]
    [10,752/57,439  elapsed 10.9s]
    [15,872/57,439  elapsed 16.7s]
    [20,992/57,439  elapsed 22.4s]
    [26,112/57,439  elapsed 28.4s]
    [31,232/57,439  elapsed 31.4s]
    [36,352/57,439  elapsed 33.5s]
    [41,472/57,439  elapsed 35.9s]
    [46,592/57,439  elapsed 38.4s]
    [51,712/57,439  elapsed 40.7s]
    [56,832/57,439  elapsed 42.9s]
  eval done in 43.1s
  by-popularity NDCG@10: tail=0.0018(n=7,762)  mid=0.0068(n=8,169)  head=0.0620(n=41,508)
  epoch  13  loss=8.3713  val_NDCG=0.0460  [test sequestered]  (11.2s)
  evaluating 57,439 users in batches of 512...
    [512/57,439  elapsed 0.3s]
    [5,632/57,439  elapsed 2.7s]
    [10,752/57,439  elapsed 5.1s]
    [15,872/57,439  elapsed 7.5s]
    [20,992/57,439  elapsed 10.0s]
    [26,112/57,439  elapsed 12.5s]
    [31,232/57,439  elapsed 14.9s]
    [36,352/57,439  elapsed 17.2s]
    [41,472/57,439  elapsed 19.7s]
    [46,592/57,439  elapsed 22.1s]
    [51,712/57,439  elapsed 24.5s]
    [56,832/57,439  elapsed 27.0s]
  eval done in 27.3s
  by-popularity NDCG@10: tail=0.0019(n=7,762)  mid=0.0070(n=8,169)  head=0.0619(n=41,508)
  epoch  14  loss=8.3450  val_NDCG=0.0460  [test sequestered]  (7.3s)
  evaluating 57,439 users in batches of 512...
    [512/57,439  elapsed 0.3s]
    [5,632/57,439  elapsed 2.7s]
    [10,752/57,439  elapsed 5.2s]
    [15,872/57,439  elapsed 7.6s]
    [20,992/57,439  elapsed 9.9s]
    [26,112/57,439  elapsed 12.3s]
    [31,232/57,439  elapsed 14.7s]
    [36,352/57,439  elapsed 17.2s]
    [41,472/57,439  elapsed 19.6s]
    [46,592/57,439  elapsed 22.0s]
    [51,712/57,439  elapsed 24.4s]
    [56,832/57,439  elapsed 26.7s]
  eval done in 27.0s
  by-popularity NDCG@10: tail=0.0022(n=7,762)  mid=0.0076(n=8,169)  head=0.0620(n=41,508)
  epoch  15  loss=8.3237  val_NDCG=0.0461  [test sequestered]  (6.9s)
  evaluating 57,439 users in batches of 512...
    [512/57,439  elapsed 0.3s]
    [5,632/57,439  elapsed 2.7s]
    [10,752/57,439  elapsed 5.1s]
    [15,872/57,439  elapsed 7.5s]
    [20,992/57,439  elapsed 9.9s]
    [26,112/57,439  elapsed 12.4s]
    [31,232/57,439  elapsed 14.8s]
    [36,352/57,439  elapsed 17.3s]
    [41,472/57,439  elapsed 19.7s]
    [46,592/57,439  elapsed 22.1s]
    [51,712/57,439  elapsed 24.4s]
    [56,832/57,439  elapsed 26.9s]
  eval done in 27.2s
  by-popularity NDCG@10: tail=0.0022(n=7,762)  mid=0.0076(n=8,169)  head=0.0623(n=41,508)
  epoch  16  loss=8.3037  val_NDCG=0.0464  [test sequestered]  (6.9s)
  evaluating 57,439 users in batches of 512...
    [512/57,439  elapsed 0.3s]
    [5,632/57,439  elapsed 2.8s]
    [10,752/57,439  elapsed 5.2s]
    [15,872/57,439  elapsed 7.6s]
    [20,992/57,439  elapsed 10.2s]
    [26,112/57,439  elapsed 12.6s]
    [31,232/57,439  elapsed 15.1s]
    [36,352/57,439  elapsed 17.6s]
    [41,472/57,439  elapsed 19.9s]
    [46,592/57,439  elapsed 22.3s]
    [51,712/57,439  elapsed 24.6s]
    [56,832/57,439  elapsed 26.9s]
  eval done in 27.2s
  by-popularity NDCG@10: tail=0.0023(n=7,762)  mid=0.0075(n=8,169)  head=0.0621(n=41,508)
  epoch  17  loss=8.2878  val_NDCG=0.0462  [test sequestered]  (6.9s)
  evaluating 57,439 users in batches of 512...
    [512/57,439  elapsed 0.5s]
    [5,632/57,439  elapsed 6.4s]
    [10,752/57,439  elapsed 12.4s]
    [15,872/57,439  elapsed 18.5s]
    [20,992/57,439  elapsed 24.3s]
    [26,112/57,439  elapsed 28.7s]
    [31,232/57,439  elapsed 33.6s]
    [36,352/57,439  elapsed 38.5s]
    [41,472/57,439  elapsed 44.1s]
    [46,592/57,439  elapsed 49.8s]
    [51,712/57,439  elapsed 53.4s]
    [56,832/57,439  elapsed 55.8s]
  eval done in 56.1s
  by-popularity NDCG@10: tail=0.0023(n=7,762)  mid=0.0077(n=8,169)  head=0.0620(n=41,508)
  epoch  18  loss=8.2797  val_NDCG=0.0462  [test sequestered]  (6.9s)
  evaluating 57,439 users in batches of 512...
    [512/57,439  elapsed 0.2s]
    [5,632/57,439  elapsed 2.7s]
    [10,752/57,439  elapsed 5.1s]
    [15,872/57,439  elapsed 7.4s]
    [20,992/57,439  elapsed 9.8s]
    [26,112/57,439  elapsed 12.1s]
    [31,232/57,439  elapsed 14.6s]
    [36,352/57,439  elapsed 17.1s]
    [41,472/57,439  elapsed 19.5s]
    [46,592/57,439  elapsed 21.9s]
    [51,712/57,439  elapsed 24.3s]
    [56,832/57,439  elapsed 26.6s]
  eval done in 26.9s
  by-popularity NDCG@10: tail=0.0023(n=7,762)  mid=0.0077(n=8,169)  head=0.0620(n=41,508)
  epoch  19  loss=8.2711  val_NDCG=0.0462  [test sequestered]  (6.8s)
  evaluating 57,439 users in batches of 512...
    [512/57,439  elapsed 0.2s]
    [5,632/57,439  elapsed 2.5s]
    [10,752/57,439  elapsed 4.9s]
    [15,872/57,439  elapsed 7.4s]
    [20,992/57,439  elapsed 9.8s]
    [26,112/57,439  elapsed 12.3s]
    [31,232/57,439  elapsed 14.8s]
    [36,352/57,439  elapsed 17.2s]
    [41,472/57,439  elapsed 19.6s]
    [46,592/57,439  elapsed 22.1s]
    [51,712/57,439  elapsed 24.5s]
    [56,832/57,439  elapsed 27.0s]
  eval done in 27.3s
  by-popularity NDCG@10: tail=0.0023(n=7,762)  mid=0.0076(n=8,169)  head=0.0620(n=41,508)
  epoch  20  loss=8.2680  val_NDCG=0.0462  [test sequestered]  (6.9s)

=== Best by val NDCG@10 ===
  val_NDCG=0.0464
  best_ckpt_sha256 = 7bcf01085906ce10d11e44774f84fec624ad89efc6d5b247f353afc68a1233d1

wrote C:\Users\rayxc\Documents\R\_bestrec_run\results_MI_COLDFUSE2_base_seed20260746.json
=== fusion eval: Musical_Instruments  ckpt=results_MI_COLDFUSE2_base_seed20260746.best.pt ===
  n_users=57,439 n_items=24,587
  ckpt from epoch 16 (val NDCG@10 0.04636)

--- EASE l2=50.0: fit + VAL sweep ---
  EASE l2=50.0: verified cache hit (0d6aa731986eefd4228ee0f9)
    [512/57,439 elapsed 0.5s]
    [10,752/57,439 elapsed 6.9s]
    [20,992/57,439 elapsed 13.3s]
    [31,232/57,439 elapsed 20.0s]
    [41,472/57,439 elapsed 26.9s]
    [51,712/57,439 elapsed 34.1s]
  VAL seq NDCG@10=0.04636  ease=0.03472
    w=0.01: val fused NDCG@10=0.04760
    w=0.02: val fused NDCG@10=0.04823
    w=0.03: val fused NDCG@10=0.04826
    w=0.04: val fused NDCG@10=0.04828
    w=0.05: val fused NDCG@10=0.04819
    w=0.06: val fused NDCG@10=0.04796
    w=0.075: val fused NDCG@10=0.04739
    w=0.1: val fused NDCG@10=0.04641

--- EASE l2=100.0: fit + VAL sweep ---
  EASE l2=100.0: verified cache hit (e6853d0b0fa835018ed44c6c)
    [512/57,439 elapsed 0.4s]
    [10,752/57,439 elapsed 7.3s]
    [20,992/57,439 elapsed 14.4s]
    [31,232/57,439 elapsed 21.5s]
    [41,472/57,439 elapsed 28.5s]
    [51,712/57,439 elapsed 38.0s]
  VAL seq NDCG@10=0.04636  ease=0.03536
    w=0.01: val fused NDCG@10=0.04767
    w=0.02: val fused NDCG@10=0.04829
    w=0.03: val fused NDCG@10=0.04840
    w=0.04: val fused NDCG@10=0.04845
    w=0.05: val fused NDCG@10=0.04822
    w=0.06: val fused NDCG@10=0.04804
    w=0.075: val fused NDCG@10=0.04757
    w=0.1: val fused NDCG@10=0.04657

--- EASE l2=200.0: fit + VAL sweep ---
  EASE l2=200.0: verified cache hit (ebdd11e5519b1f4b59ea0424)
    [512/57,439 elapsed 0.8s]
    [10,752/57,439 elapsed 17.0s]
    [20,992/57,439 elapsed 34.1s]
    [31,232/57,439 elapsed 41.1s]
    [41,472/57,439 elapsed 47.2s]
    [51,712/57,439 elapsed 53.3s]
  VAL seq NDCG@10=0.04636  ease=0.03548
    w=0.01: val fused NDCG@10=0.04766
    w=0.02: val fused NDCG@10=0.04825
    w=0.03: val fused NDCG@10=0.04840
    w=0.04: val fused NDCG@10=0.04834
    w=0.05: val fused NDCG@10=0.04819
    w=0.06: val fused NDCG@10=0.04811
    w=0.075: val fused NDCG@10=0.04743
    w=0.1: val fused NDCG@10=0.04639

--- EASE l2=500.0: fit + VAL sweep ---
  EASE l2=500.0: verified cache hit (b30720d9178a2f9cb57fa1d1)
    [512/57,439 elapsed 0.3s]
    [10,752/57,439 elapsed 6.6s]
    [20,992/57,439 elapsed 12.7s]
    [31,232/57,439 elapsed 19.4s]
    [41,472/57,439 elapsed 25.4s]
    [51,712/57,439 elapsed 31.2s]
  VAL seq NDCG@10=0.04636  ease=0.03500
    w=0.01: val fused NDCG@10=0.04768
    w=0.02: val fused NDCG@10=0.04814
    w=0.03: val fused NDCG@10=0.04840
    w=0.04: val fused NDCG@10=0.04816
    w=0.05: val fused NDCG@10=0.04791
    w=0.06: val fused NDCG@10=0.04752
    w=0.075: val fused NDCG@10=0.04693
    w=0.1: val fused NDCG@10=0.04561

=== selected on VAL: l2=100.0, w=0.04 (val fused NDCG@10=0.04845) ===
wrote C:\Users\rayxc\Documents\R\_bestrec_run\results_MI_COLDFUSE2_base_seed20260746.fusion.json (VAL-ONLY; test sequestered)
=== COLDFUSE2 confirm: Musical_Instruments seed 20260746 (ease=yes; test sequestered) ===
  EASE l2=100.0: verified cache hit (e6853d0b0fa835018ed44c6c)
  [val] streaming sweep: 85 systems ...
    [512/57,439 1s]
    [20,992/57,439 23s]
    [41,472/57,439 45s]
  VAL selected {'profile': 'exp0.9', 'wt_tail': 0.4, 'wt_mid': 0.1, 'wt_head': 0.1} (feasible 41/84; val f15 0.00730 vs ref 0.00233)
  [test] sequestered pass: ref + selected + 4 controls ...

    [215,552/223,308  elapsed 168.9s]
    [220,672/223,308  elapsed 172.4s]
  eval done in 174.7s
  by-popularity NDCG@10: tail=0.0018(n=29,887)  mid=0.0089(n=33,352)  head=0.0506(n=160,069)
  epoch  17  loss=9.1654  val_NDCG=0.0378  [test sequestered]  (57.5s)
  evaluating 223,308 users in batches of 512...
    [512/223,308  elapsed 0.4s]
    [5,632/223,308  elapsed 4.5s]
    [10,752/223,308  elapsed 8.0s]
    [15,872/223,308  elapsed 12.1s]
    [20,992/223,308  elapsed 17.6s]
    [26,112/223,308  elapsed 22.5s]
    [31,232/223,308  elapsed 25.7s]
    [36,352/223,308  elapsed 28.8s]
    [41,472/223,308  elapsed 32.0s]
    [46,592/223,308  elapsed 35.2s]
    [51,712/223,308  elapsed 38.4s]
    [56,832/223,308  elapsed 41.8s]
    [61,952/223,308  elapsed 45.1s]
    [67,072/223,308  elapsed 48.4s]
    [72,192/223,308  elapsed 53.9s]
    [77,312/223,308  elapsed 57.4s]
    [82,432/223,308  elapsed 60.5s]
    [87,552/223,308  elapsed 63.8s]
    [92,672/223,308  elapsed 67.2s]
    [97,792/223,308  elapsed 70.5s]
    [102,912/223,308  elapsed 73.6s]
    [108,032/223,308  elapsed 76.7s]
    [113,152/223,308  elapsed 80.1s]
    [118,272/223,308  elapsed 84.3s]
    [123,392/223,308  elapsed 89.2s]
    [128,512/223,308  elapsed 92.4s]
    [133,632/223,308  elapsed 95.7s]
    [138,752/223,308  elapsed 98.7s]
    [143,872/223,308  elapsed 102.0s]
    [148,992/223,308  elapsed 105.3s]
    [154,112/223,308  elapsed 108.4s]
    [159,232/223,308  elapsed 111.6s]
    [164,352/223,308  elapsed 114.6s]
    [169,472/223,308  elapsed 118.8s]
    [174,592/223,308  elapsed 123.6s]
    [179,712/223,308  elapsed 126.7s]
    [184,832/223,308  elapsed 129.9s]
    [189,952/223,308  elapsed 133.2s]
    [195,072/223,308  elapsed 136.2s]
    [200,192/223,308  elapsed 139.4s]
    [205,312/223,308  elapsed 142.5s]
    [210,432/223,308  elapsed 145.7s]
    [215,552/223,308  elapsed 149.1s]
    [220,672/223,308  elapsed 153.5s]
  eval done in 156.3s
  by-popularity NDCG@10: tail=0.0019(n=29,887)  mid=0.0089(n=33,352)  head=0.0505(n=160,069)
  epoch  18  loss=9.1493  val_NDCG=0.0378  [test sequestered]  (57.3s)
  evaluating 223,308 users in batches of 512...
    [512/223,308  elapsed 0.4s]
    [5,632/223,308  elapsed 3.4s]
    [10,752/223,308  elapsed 7.8s]
    [15,872/223,308  elapsed 12.5s]
    [20,992/223,308  elapsed 15.8s]
    [26,112/223,308  elapsed 19.3s]
    [31,232/223,308  elapsed 22.6s]
    [36,352/223,308  elapsed 25.7s]
    [41,472/223,308  elapsed 28.8s]
    [46,592/223,308  elapsed 32.0s]
    [51,712/223,308  elapsed 35.1s]
    [56,832/223,308  elapsed 38.2s]
    [61,952/223,308  elapsed 43.5s]
    [67,072/223,308  elapsed 47.4s]
    [72,192/223,308  elapsed 50.7s]
    [77,312/223,308  elapsed 53.7s]
    [82,432/223,308  elapsed 57.0s]
    [87,552/223,308  elapsed 60.1s]
    [92,672/223,308  elapsed 63.1s]
    [97,792/223,308  elapsed 66.3s]
    [102,912/223,308  elapsed 69.4s]
    [108,032/223,308  elapsed 72.5s]
    [113,152/223,308  elapsed 73.8s]
    [118,272/223,308  elapsed 75.4s]
    [123,392/223,308  elapsed 76.9s]
    [128,512/223,308  elapsed 78.3s]
    [133,632/223,308  elapsed 79.8s]
    [138,752/223,308  elapsed 83.5s]
    [143,872/223,308  elapsed 88.2s]
    [148,992/223,308  elapsed 92.9s]
    [154,112/223,308  elapsed 97.4s]
    [159,232/223,308  elapsed 102.1s]
    [164,352/223,308  elapsed 106.6s]
    [169,472/223,308  elapsed 111.2s]
    [174,592/223,308  elapsed 115.8s]
    [179,712/223,308  elapsed 118.7s]
    [184,832/223,308  elapsed 120.1s]
    [189,952/223,308  elapsed 123.1s]
    [195,072/223,308  elapsed 127.7s]
    [200,192/223,308  elapsed 132.3s]
    [205,312/223,308  elapsed 136.9s]
    [210,432/223,308  elapsed 141.7s]
    [215,552/223,308  elapsed 146.3s]
    [220,672/223,308  elapsed 151.0s]
  eval done in 153.4s
  by-popularity NDCG@10: tail=0.0019(n=29,887)  mid=0.0090(n=33,352)  head=0.0505(n=160,069)
  epoch  19  loss=9.1392  val_NDCG=0.0378  [test sequestered]  (52.0s)
  evaluating 223,308 users in batches of 512...
    [512/223,308  elapsed 0.4s]
    [5,632/223,308  elapsed 4.8s]
    [10,752/223,308  elapsed 9.1s]
    [15,872/223,308  elapsed 13.3s]
    [20,992/223,308  elapsed 17.8s]
    [26,112/223,308  elapsed 21.6s]
    [31,232/223,308  elapsed 22.6s]
    [36,352/223,308  elapsed 23.7s]
    [41,472/223,308  elapsed 27.3s]
    [46,592/223,308  elapsed 31.7s]
    [51,712/223,308  elapsed 36.0s]
    [56,832/223,308  elapsed 40.5s]
    [61,952/223,308  elapsed 45.0s]
    [67,072/223,308  elapsed 49.4s]
    [72,192/223,308  elapsed 53.6s]
    [77,312/223,308  elapsed 58.0s]
    [82,432/223,308  elapsed 59.5s]
    [87,552/223,308  elapsed 60.5s]
    [92,672/223,308  elapsed 61.7s]
    [97,792/223,308  elapsed 62.8s]
    [102,912/223,308  elapsed 63.7s]
    [108,032/223,308  elapsed 64.7s]
    [113,152/223,308  elapsed 67.5s]
    [118,272/223,308  elapsed 72.2s]
    [123,392/223,308  elapsed 76.7s]
    [128,512/223,308  elapsed 81.4s]
    [133,632/223,308  elapsed 85.9s]
    [138,752/223,308  elapsed 90.4s]
    [143,872/223,308  elapsed 95.0s]
    [148,992/223,308  elapsed 99.5s]
    [154,112/223,308  elapsed 104.1s]
    [159,232/223,308  elapsed 108.7s]
    [164,352/223,308  elapsed 113.3s]
    [169,472/223,308  elapsed 117.8s]
    [174,592/223,308  elapsed 122.4s]
    [179,712/223,308  elapsed 126.9s]
    [184,832/223,308  elapsed 130.5s]
    [189,952/223,308  elapsed 133.9s]
    [195,072/223,308  elapsed 137.4s]
    [200,192/223,308  elapsed 140.9s]
    [205,312/223,308  elapsed 144.3s]
    [210,432/223,308  elapsed 147.8s]
    [215,552/223,308  elapsed 151.4s]
    [220,672/223,308  elapsed 155.0s]
  eval done in 156.8s
  by-popularity NDCG@10: tail=0.0019(n=29,887)  mid=0.0090(n=33,352)  head=0.0505(n=160,069)
  epoch  20  loss=9.1328  val_NDCG=0.0378  [test sequestered]  (52.2s)

=== Best by val NDCG@10 ===
  val_NDCG=0.0378
  best_ckpt_sha256 = 84c984f40de92dae371d9b73f28fab5b2111abb04f36d595083ea3d3d4606598

wrote C:\Users\rayxc\Documents\R\_bestrec_run\results_OFFICE_COLDFUSE2_base_seed20260742.json
=== COLDFUSE2 confirm: Office_Products seed 20260742 (ease=no; test sequestered) ===
  [val] streaming sweep: 85 systems ...
    [512/223,308 1s]
    [20,992/223,308 37s]
  test pass complete (values sequestered to the artifact)
wrote C:\Users\rayxc\Documents\R\_bestrec_run\results_Musical_Instruments_COLDFUSE2_confirm_seed20260746.json (metrics sequestered)
    [41,472/223,308 74s]
    [61,952/223,308 108s]
    [82,432/223,308 145s]
    [102,912/223,308 179s]
    [123,392/223,308 215s]
    [143,872/223,308 250s]
    [164,352/223,308 283s]
    [184,832/223,308 320s]
    [205,312/223,308 352s]
  VAL selected {'profile': 'exp0.9', 'wt_tail': 0.4, 'wt_mid': 0.05, 'wt_head': 0.05} (feasible 42/84; val f15 0.00575 vs ref 0.00180)
  [test] sequestered pass: ref + selected + 4 controls ...
  test pass complete (values sequestered to the artifact)
wrote C:\Users\rayxc\Documents\R\_bestrec_run\results_Office_Products_COLDFUSE2_confirm_seed20260742.json (metrics sequestered)
  random seed set to 20260746
=== Industrial_and_Scientific: load splits ===
  n_users=50,985  n_items=25,848  pad_id=25848
  built sequences for 50,985 users
  built timestamp sequences (12 time buckets)
  loading SBERT embeddings from C:\Users\rayxc\Documents\R\cache_5core\sbert_titles_Industrial_and_Scientific.npy...
  TAPE: k-means 25,848 text embeddings into K=512 prototypes (tau=0.05)...
  TAPE: K=512 mean max-assignment weight = 0.594 (1.0 = hard clustering)

=== Build SASRec-SBERT (d=64, layers=4, heads=2) ===
  total params: 11,750,463  device=cuda
  50,985 training examples / 200 batches per epoch
  init_state_sha256 = aacc2d8e7a1e362bccfc0867a1ca103f2102ce2d1699bf51ea0bd8366a56c3f9
  LR schedule: warmup_cosine (200 warmup + 3800 cosine steps)

=== Train for 20 epochs ===
  evaluating 50,985 users in batches of 512...
    [512/50,985  elapsed 0.8s]
    [5,632/50,985  elapsed 7.5s]
    [10,752/50,985  elapsed 14.0s]
    [15,872/50,985  elapsed 21.0s]
    [20,992/50,985  elapsed 27.8s]
    [26,112/50,985  elapsed 34.6s]
    [31,232/50,985  elapsed 41.4s]
    [36,352/50,985  elapsed 48.2s]
    [41,472/50,985  elapsed 55.1s]
    [46,592/50,985  elapsed 62.3s]
  eval done in 67.6s
  by-popularity NDCG@10: tail=0.0000(n=9,330)  mid=0.0002(n=8,951)  head=0.0300(n=32,704)
  epoch   1  loss=9.7642  val_NDCG=0.0192  [test sequestered]  (8.9s)
  evaluating 50,985 users in batches of 512...
    [512/50,985  elapsed 0.6s]
    [5,632/50,985  elapsed 7.6s]
    [10,752/50,985  elapsed 14.4s]
    [15,872/50,985  elapsed 21.2s]
    [20,992/50,985  elapsed 28.0s]
    [26,112/50,985  elapsed 34.8s]
    [31,232/50,985  elapsed 41.8s]
    [36,352/50,985  elapsed 48.3s]
    [41,472/50,985  elapsed 55.5s]
    [46,592/50,985  elapsed 62.2s]
  eval done in 68.1s
  by-popularity NDCG@10: tail=0.0000(n=9,330)  mid=0.0003(n=8,951)  head=0.0422(n=32,704)
  epoch   2  loss=9.2259  val_NDCG=0.0271  [test sequestered]  (8.7s)
  evaluating 50,985 users in batches of 512...
    [512/50,985  elapsed 0.7s]
    [5,632/50,985  elapsed 7.5s]
    [10,752/50,985  elapsed 14.3s]
    [15,872/50,985  elapsed 21.1s]
    [20,992/50,985  elapsed 28.3s]
    [26,112/50,985  elapsed 35.4s]
    [31,232/50,985  elapsed 42.2s]
    [36,352/50,985  elapsed 48.9s]
    [41,472/50,985  elapsed 55.6s]
    [46,592/50,985  elapsed 63.0s]
  eval done in 68.4s
  by-popularity NDCG@10: tail=0.0001(n=9,330)  mid=0.0009(n=8,951)  head=0.0495(n=32,704)
  epoch   3  loss=9.0153  val_NDCG=0.0319  [test sequestered]  (8.3s)
  evaluating 50,985 users in batches of 512...
    [512/50,985  elapsed 0.6s]
    [5,632/50,985  elapsed 7.8s]
    [10,752/50,985  elapsed 14.2s]
    [15,872/50,985  elapsed 21.1s]
    [20,992/50,985  elapsed 28.2s]
    [26,112/50,985  elapsed 34.9s]
    [31,232/50,985  elapsed 41.6s]
    [36,352/50,985  elapsed 48.1s]
    [41,472/50,985  elapsed 54.6s]
    [46,592/50,985  elapsed 60.9s]
  eval done in 65.9s
  by-popularity NDCG@10: tail=0.0002(n=9,330)  mid=0.0025(n=8,951)  head=0.0533(n=32,704)
  epoch   4  loss=8.8723  val_NDCG=0.0347  [test sequestered]  (8.4s)
  evaluating 50,985 users in batches of 512...
    [512/50,985  elapsed 0.7s]
    [5,632/50,985  elapsed 7.3s]
    [10,752/50,985  elapsed 13.9s]
    [15,872/50,985  elapsed 18.4s]
    [20,992/50,985  elapsed 22.0s]
    [26,112/50,985  elapsed 25.8s]
    [31,232/50,985  elapsed 29.4s]
    [36,352/50,985  elapsed 33.0s]
    [41,472/50,985  elapsed 36.6s]
    [46,592/50,985  elapsed 40.5s]
  eval done in 43.6s
  by-popularity NDCG@10: tail=0.0002(n=9,330)  mid=0.0037(n=8,951)  head=0.0573(n=32,704)
  epoch   5  loss=8.7562  val_NDCG=0.0374  [test sequestered]  (8.0s)
  evaluating 50,985 users in batches of 512...
    [512/50,985  elapsed 0.4s]
    [5,632/50,985  elapsed 4.4s]
    [10,752/50,985  elapsed 8.1s]
    [15,872/50,985  elapsed 11.7s]
    [20,992/50,985  elapsed 15.3s]
    [26,112/50,985  elapsed 18.9s]
    [31,232/50,985  elapsed 22.6s]
    [36,352/50,985  elapsed 26.3s]
    [41,472/50,985  elapsed 30.1s]
    [46,592/50,985  elapsed 33.9s]
  eval done in 37.1s
  by-popularity NDCG@10: tail=0.0004(n=9,330)  mid=0.0049(n=8,951)  head=0.0588(n=32,704)
  epoch   6  loss=8.6552  val_NDCG=0.0387  [test sequestered]  (6.3s)
  evaluating 50,985 users in batches of 512...
    [512/50,985  elapsed 0.3s]
    [5,632/50,985  elapsed 3.8s]
    [10,752/50,985  elapsed 7.2s]
    [15,872/50,985  elapsed 10.8s]
    [20,992/50,985  elapsed 14.3s]
    [26,112/50,985  elapsed 17.8s]
    [31,232/50,985  elapsed 21.6s]
    [36,352/50,985  elapsed 25.3s]
    [41,472/50,985  elapsed 28.9s]
    [46,592/50,985  elapsed 32.4s]
  eval done in 35.5s
  by-popularity NDCG@10: tail=0.0006(n=9,330)  mid=0.0069(n=8,951)  head=0.0600(n=32,704)
  epoch   7  loss=8.5695  val_NDCG=0.0398  [test sequestered]  (6.2s)
  evaluating 50,985 users in batches of 512...
    [512/50,985  elapsed 0.3s]
    [5,632/50,985  elapsed 4.0s]
    [10,752/50,985  elapsed 7.8s]
    [15,872/50,985  elapsed 11.4s]
    [20,992/50,985  elapsed 15.1s]
    [26,112/50,985  elapsed 19.0s]
    [31,232/50,985  elapsed 22.9s]
    [36,352/50,985  elapsed 26.7s]
    [41,472/50,985  elapsed 30.5s]
    [46,592/50,985  elapsed 34.3s]
  eval done in 37.5s
  by-popularity NDCG@10: tail=0.0009(n=9,330)  mid=0.0088(n=8,951)  head=0.0611(n=32,704)
  epoch   8  loss=8.4940  val_NDCG=0.0409  [test sequestered]  (6.2s)
  evaluating 50,985 users in batches of 512...
    [512/50,985  elapsed 0.3s]
    [5,632/50,985  elapsed 4.0s]
    [10,752/50,985  elapsed 7.8s]
    [15,872/50,985  elapsed 11.5s]
    [20,992/50,985  elapsed 15.1s]
    [26,112/50,985  elapsed 18.9s]
    [31,232/50,985  elapsed 22.5s]
    [36,352/50,985  elapsed 26.3s]
    [41,472/50,985  elapsed 30.0s]
    [46,592/50,985  elapsed 33.7s]
  eval done in 36.9s
  by-popularity NDCG@10: tail=0.0012(n=9,330)  mid=0.0097(n=8,951)  head=0.0612(n=32,704)
  epoch   9  loss=8.4239  val_NDCG=0.0412  [test sequestered]  (6.3s)
  evaluating 50,985 users in batches of 512...
    [512/50,985  elapsed 0.3s]
    [5,632/50,985  elapsed 4.1s]
    [10,752/50,985  elapsed 7.8s]
    [15,872/50,985  elapsed 11.5s]
    [20,992/50,985  elapsed 15.2s]
    [26,112/50,985  elapsed 18.8s]
    [31,232/50,985  elapsed 22.4s]
    [36,352/50,985  elapsed 25.9s]
    [41,472/50,985  elapsed 29.5s]
    [46,592/50,985  elapsed 33.1s]
  eval done in 36.1s
  by-popularity NDCG@10: tail=0.0014(n=9,330)  mid=0.0111(n=8,951)  head=0.0604(n=32,704)
  epoch  10  loss=8.3613  val_NDCG=0.0410  [test sequestered]  (6.3s)
  evaluating 50,985 users in batches of 512...
    [512/50,985  elapsed 0.3s]
    [5,632/50,985  elapsed 3.8s]
    [10,752/50,985  elapsed 7.2s]
    [15,872/50,985  elapsed 10.8s]
    [20,992/50,985  elapsed 14.3s]
    [26,112/50,985  elapsed 17.7s]
    [31,232/50,985  elapsed 21.1s]
    [36,352/50,985  elapsed 24.7s]
    [41,472/50,985  elapsed 28.7s]
    [46,592/50,985  elapsed 32.8s]
  eval done in 36.2s
  by-popularity NDCG@10: tail=0.0020(n=9,330)  mid=0.0115(n=8,951)  head=0.0606(n=32,704)
  epoch  11  loss=8.3091  val_NDCG=0.0413  [test sequestered]  (6.3s)
  evaluating 50,985 users in batches of 512...
    [512/50,985  elapsed 0.1s]
    [5,632/50,985  elapsed 1.6s]
    [10,752/50,985  elapsed 2.7s]
    [15,872/50,985  elapsed 3.8s]
    [20,992/50,985  elapsed 4.9s]
    [26,112/50,985  elapsed 6.0s]
    [31,232/50,985  elapsed 10.5s]
    [36,352/50,985  elapsed 19.0s]
    [41,472/50,985  elapsed 27.7s]
    [46,592/50,985  elapsed 36.6s]
  eval done in 44.0s
  by-popularity NDCG@10: tail=0.0020(n=9,330)  mid=0.0125(n=8,951)  head=0.0603(n=32,704)
  epoch  12  loss=8.2602  val_NDCG=0.0413  [test sequestered]  (5.9s)
  evaluating 50,985 users in batches of 512...
    [512/50,985  elapsed 0.2s]
    [5,632/50,985  elapsed 2.7s]
    [10,752/50,985  elapsed 5.5s]
    [15,872/50,985  elapsed 8.1s]
    [20,992/50,985  elapsed 10.8s]
    [26,112/50,985  elapsed 13.2s]
    [31,232/50,985  elapsed 16.2s]
    [36,352/50,985  elapsed 18.5s]
    [41,472/50,985  elapsed 21.4s]
    [46,592/50,985  elapsed 23.8s]
  eval done in 26.2s
  by-popularity NDCG@10: tail=0.0023(n=9,330)  mid=0.0132(n=8,951)  head=0.0605(n=32,704)
  epoch  13  loss=8.2189  val_NDCG=0.0416  [test sequestered]  (7.4s)
  evaluating 50,985 users in batches of 512...
    [512/50,985  elapsed 0.2s]
    [5,632/50,985  elapsed 2.9s]
    [10,752/50,985  elapsed 5.3s]
    [15,872/50,985  elapsed 8.1s]
    [20,992/50,985  elapsed 10.5s]
    [26,112/50,985  elapsed 13.6s]
    [31,232/50,985  elapsed 16.1s]
    [36,352/50,985  elapsed 18.9s]
    [41,472/50,985  elapsed 22.1s]
    [46,592/50,985  elapsed 24.7s]
  eval done in 26.9s
  by-popularity NDCG@10: tail=0.0023(n=9,330)  mid=0.0130(n=8,951)  head=0.0608(n=32,704)
  epoch  14  loss=8.1852  val_NDCG=0.0417  [test sequestered]  (5.7s)
  evaluating 50,985 users in batches of 512...
    [512/50,985  elapsed 0.3s]
    [5,632/50,985  elapsed 2.6s]
    [10,752/50,985  elapsed 4.8s]
    [15,872/50,985  elapsed 9.4s]
    [20,992/50,985  elapsed 18.3s]
    [26,112/50,985  elapsed 27.0s]
    [31,232/50,985  elapsed 35.7s]
    [36,352/50,985  elapsed 44.3s]
    [41,472/50,985  elapsed 47.6s]
    [46,592/50,985  elapsed 50.2s]
  eval done in 52.4s
  by-popularity NDCG@10: tail=0.0024(n=9,330)  mid=0.0135(n=8,951)  head=0.0606(n=32,704)
  epoch  15  loss=8.1566  val_NDCG=0.0417  [test sequestered]  (5.8s)
  evaluating 50,985 users in batches of 512...
    [512/50,985  elapsed 0.3s]
    [5,632/50,985  elapsed 3.1s]
    [10,752/50,985  elapsed 5.8s]
    [15,872/50,985  elapsed 8.4s]
    [20,992/50,985  elapsed 11.1s]
    [26,112/50,985  elapsed 14.0s]
    [31,232/50,985  elapsed 16.7s]
    [36,352/50,985  elapsed 19.6s]
    [41,472/50,985  elapsed 22.3s]
    [46,592/50,985  elapsed 24.9s]
  eval done in 27.1s
  by-popularity NDCG@10: tail=0.0024(n=9,330)  mid=0.0136(n=8,951)  head=0.0607(n=32,704)
  epoch  16  loss=8.1306  val_NDCG=0.0418  [test sequestered]  (5.7s)
  evaluating 50,985 users in batches of 512...
    [512/50,985  elapsed 0.2s]
    [5,632/50,985  elapsed 2.9s]
    [10,752/50,985  elapsed 5.5s]
    [15,872/50,985  elapsed 8.0s]
    [20,992/50,985  elapsed 10.5s]
    [26,112/50,985  elapsed 13.2s]
    [31,232/50,985  elapsed 16.1s]
    [36,352/50,985  elapsed 18.4s]
    [41,472/50,985  elapsed 21.0s]
    [46,592/50,985  elapsed 23.9s]
  eval done in 26.0s
  by-popularity NDCG@10: tail=0.0026(n=9,330)  mid=0.0139(n=8,951)  head=0.0605(n=32,704)
  epoch  17  loss=8.1151  val_NDCG=0.0417  [test sequestered]  (5.9s)
  evaluating 50,985 users in batches of 512...
    [512/50,985  elapsed 0.9s]
    [5,632/50,985  elapsed 9.6s]
    [10,752/50,985  elapsed 18.4s]
    [15,872/50,985  elapsed 27.3s]
    [20,992/50,985  elapsed 35.0s]
    [26,112/50,985  elapsed 37.9s]
    [31,232/50,985  elapsed 40.2s]
    [36,352/50,985  elapsed 43.2s]
    [41,472/50,985  elapsed 45.7s]
    [46,592/50,985  elapsed 48.2s]
  eval done in 50.6s
  by-popularity NDCG@10: tail=0.0025(n=9,330)  mid=0.0138(n=8,951)  head=0.0604(n=32,704)
  epoch  18  loss=8.0992  val_NDCG=0.0416  [test sequestered]  (9.1s)
  evaluating 50,985 users in batches of 512...
    [512/50,985  elapsed 0.3s]
    [5,632/50,985  elapsed 2.9s]
    [10,752/50,985  elapsed 5.9s]
    [15,872/50,985  elapsed 8.3s]
    [20,992/50,985  elapsed 10.8s]
    [26,112/50,985  elapsed 13.7s]
    [31,232/50,985  elapsed 16.5s]
    [36,352/50,985  elapsed 19.0s]
    [41,472/50,985  elapsed 21.6s]
    [46,592/50,985  elapsed 24.2s]
  eval done in 26.3s
  by-popularity NDCG@10: tail=0.0026(n=9,330)  mid=0.0139(n=8,951)  head=0.0604(n=32,704)
  epoch  19  loss=8.0937  val_NDCG=0.0417  [test sequestered]  (5.5s)
  evaluating 50,985 users in batches of 512...
    [512/50,985  elapsed 0.3s]
    [5,632/50,985  elapsed 2.8s]
    [10,752/50,985  elapsed 5.8s]
    [15,872/50,985  elapsed 8.2s]
    [20,992/50,985  elapsed 10.9s]
    [26,112/50,985  elapsed 13.4s]
    [31,232/50,985  elapsed 16.3s]
    [36,352/50,985  elapsed 18.9s]
    [41,472/50,985  elapsed 24.3s]
    [46,592/50,985  elapsed 32.9s]
  eval done in 40.5s
  by-popularity NDCG@10: tail=0.0026(n=9,330)  mid=0.0138(n=8,951)  head=0.0604(n=32,704)
  epoch  20  loss=8.0885  val_NDCG=0.0416  [test sequestered]  (5.6s)

=== Best by val NDCG@10 ===
  val_NDCG=0.0418
  best_ckpt_sha256 = 147103b47122974af6d90b01265deef15004057e2507365842950a9cc07136bd

wrote C:\Users\rayxc\Documents\R\_bestrec_run\results_IS_COLDFUSE2_base_seed20260746.json
=== fusion eval: Industrial_and_Scientific  ckpt=results_IS_COLDFUSE2_base_seed20260746.best.pt ===
  n_users=50,985 n_items=25,848
  ckpt from epoch 16 (val NDCG@10 0.04180)

--- EASE l2=50.0: fit + VAL sweep ---
  EASE l2=50.0: verified cache hit (d28f5247ad74bb2ca98101ea)
    [512/50,985 elapsed 1.2s]
    [10,752/50,985 elapsed 15.7s]
    [20,992/50,985 elapsed 22.5s]
    [31,232/50,985 elapsed 29.1s]
    [41,472/50,985 elapsed 35.1s]
  VAL seq NDCG@10=0.04180  ease=0.03204
    w=0.01: val fused NDCG@10=0.04316
    w=0.02: val fused NDCG@10=0.04368
    w=0.03: val fused NDCG@10=0.04404
    w=0.04: val fused NDCG@10=0.04430
    w=0.05: val fused NDCG@10=0.04409
    w=0.06: val fused NDCG@10=0.04406
    w=0.075: val fused NDCG@10=0.04373
    w=0.1: val fused NDCG@10=0.04297

--- EASE l2=100.0: fit + VAL sweep ---
  EASE l2=100.0: verified cache hit (86f11547255059bac929520a)
    [512/50,985 elapsed 0.3s]
    [10,752/50,985 elapsed 6.3s]
    [20,992/50,985 elapsed 12.2s]
    [31,232/50,985 elapsed 18.1s]
    [41,472/50,985 elapsed 24.0s]
  VAL seq NDCG@10=0.04180  ease=0.03244
    w=0.01: val fused NDCG@10=0.04312
    w=0.02: val fused NDCG@10=0.04384
    w=0.03: val fused NDCG@10=0.04417
    w=0.04: val fused NDCG@10=0.04438
    w=0.05: val fused NDCG@10=0.04419
    w=0.06: val fused NDCG@10=0.04421
    w=0.075: val fused NDCG@10=0.04375
    w=0.1: val fused NDCG@10=0.04341

--- EASE l2=200.0: fit + VAL sweep ---
  EASE l2=200.0: verified cache hit (1bfb20051d435aabf3466aaf)
    [512/50,985 elapsed 0.3s]
    [10,752/50,985 elapsed 6.3s]
    [20,992/50,985 elapsed 13.0s]
    [31,232/50,985 elapsed 19.9s]
    [41,472/50,985 elapsed 25.6s]
  VAL seq NDCG@10=0.04180  ease=0.03267
    w=0.01: val fused NDCG@10=0.04318
    w=0.02: val fused NDCG@10=0.04384
    w=0.03: val fused NDCG@10=0.04430
    w=0.04: val fused NDCG@10=0.04444
    w=0.05: val fused NDCG@10=0.04433
    w=0.06: val fused NDCG@10=0.04413
    w=0.075: val fused NDCG@10=0.04383
    w=0.1: val fused NDCG@10=0.04318

--- EASE l2=500.0: fit + VAL sweep ---
  EASE l2=500.0: verified cache hit (8c221fc270ad79e08936f981)
    [512/50,985 elapsed 1.1s]
    [10,752/50,985 elapsed 22.2s]
    [20,992/50,985 elapsed 28.5s]
    [31,232/50,985 elapsed 34.8s]
    [41,472/50,985 elapsed 40.9s]
  VAL seq NDCG@10=0.04180  ease=0.03235
    w=0.01: val fused NDCG@10=0.04330
    w=0.02: val fused NDCG@10=0.04392
    w=0.03: val fused NDCG@10=0.04432
    w=0.04: val fused NDCG@10=0.04440
    w=0.05: val fused NDCG@10=0.04438
    w=0.06: val fused NDCG@10=0.04412
    w=0.075: val fused NDCG@10=0.04366
    w=0.1: val fused NDCG@10=0.04315

=== selected on VAL: l2=200.0, w=0.04 (val fused NDCG@10=0.04444) ===
wrote C:\Users\rayxc\Documents\R\_bestrec_run\results_IS_COLDFUSE2_base_seed20260746.fusion.json (VAL-ONLY; test sequestered)
=== COLDFUSE2 confirm: Industrial_and_Scientific seed 20260746 (ease=yes; test sequestered) ===
  EASE l2=200.0: verified cache hit (1bfb20051d435aabf3466aaf)
  [val] streaming sweep: 85 systems ...
    [512/50,985 1s]
    [20,992/50,985 25s]
    [41,472/50,985 50s]
  VAL selected {'profile': 'exp0.9', 'wt_tail': 0.25, 'wt_mid': 0.05, 'wt_head': 0.05} (feasible 20/84; val f15 0.00697 vs ref 0.00352)
  [test] sequestered pass: ref + selected + 4 controls ...
  test pass complete (values sequestered to the artifact)
wrote C:\Users\rayxc\Documents\R\_bestrec_run\results_Industrial_and_Scientific_COLDFUSE2_confirm_seed20260746.json (metrics sequestered)
  random seed set to 20260742
=== CDs_and_Vinyl: load splits ===
  n_users=123,876  n_items=89,370  pad_id=89370
  built sequences for 123,876 users
  built timestamp sequences (12 time buckets)
  loading SBERT embeddings from C:\Users\rayxc\Documents\R\cache_5core\sbert_titles_CDs_and_Vinyl.npy...
  TAPE: k-means 89,370 text embeddings into K=512 prototypes (tau=0.05)...
  TAPE: K=512 mean max-assignment weight = 0.494 (1.0 = hard clustering)

=== Build SASRec-SBERT (d=64, layers=4, heads=2) ===
  total params: 40,208,319  device=cuda
  123,876 training examples / 484 batches per epoch
  init_state_sha256 = 56b894569a888a06179c5f9305c2972a7659ff596b3330648dc15677fb6710ea
  LR schedule: warmup_cosine (484 warmup + 9196 cosine steps)

=== Train for 20 epochs ===
  evaluating 123,876 users in batches of 512...
    [512/123,876  elapsed 0.4s]
    [5,632/123,876  elapsed 4.4s]
    [10,752/123,876  elapsed 7.1s]
    [15,872/123,876  elapsed 10.0s]
    [20,992/123,876  elapsed 13.0s]
    [26,112/123,876  elapsed 15.6s]
    [31,232/123,876  elapsed 18.4s]
    [36,352/123,876  elapsed 21.2s]
    [41,472/123,876  elapsed 23.9s]
    [46,592/123,876  elapsed 26.7s]
    [51,712/123,876  elapsed 29.3s]
    [56,832/123,876  elapsed 33.1s]
    [61,952/123,876  elapsed 37.1s]
    [67,072/123,876  elapsed 39.7s]
    [72,192/123,876  elapsed 42.5s]
    [77,312/123,876  elapsed 45.2s]
    [82,432/123,876  elapsed 48.3s]
    [87,552/123,876  elapsed 51.0s]
    [92,672/123,876  elapsed 54.0s]
    [97,792/123,876  elapsed 57.4s]
    [102,912/123,876  elapsed 60.2s]
    [108,032/123,876  elapsed 62.8s]
    [113,152/123,876  elapsed 67.4s]
    [118,272/123,876  elapsed 70.5s]
    [123,392/123,876  elapsed 72.9s]
  eval done in 73.2s
  by-popularity NDCG@10: tail=0.0000(n=18,342)  mid=0.0001(n=20,089)  head=0.0137(n=85,445)
  epoch   1  loss=11.0058  val_NDCG=0.0095  [test sequestered]  (41.3s)
  evaluating 123,876 users in batches of 512...
    [512/123,876  elapsed 0.2s]
    [5,632/123,876  elapsed 3.1s]
    [10,752/123,876  elapsed 5.7s]
    [15,872/123,876  elapsed 9.2s]
    [20,992/123,876  elapsed 13.2s]
    [26,112/123,876  elapsed 16.3s]
    [31,232/123,876  elapsed 19.2s]
    [36,352/123,876  elapsed 22.1s]
    [41,472/123,876  elapsed 24.9s]
    [46,592/123,876  elapsed 28.1s]
    [51,712/123,876  elapsed 31.0s]
    [56,832/123,876  elapsed 33.9s]
    [61,952/123,876  elapsed 36.7s]
    [67,072/123,876  elapsed 39.6s]
    [72,192/123,876  elapsed 44.0s]
    [77,312/123,876  elapsed 47.3s]
    [82,432/123,876  elapsed 50.2s]
    [87,552/123,876  elapsed 53.0s]
    [92,672/123,876  elapsed 55.8s]
    [97,792/123,876  elapsed 58.4s]
    [102,912/123,876  elapsed 61.5s]
    [108,032/123,876  elapsed 63.9s]
    [113,152/123,876  elapsed 66.5s]
    [118,272/123,876  elapsed 69.5s]
    [123,392/123,876  elapsed 72.4s]
  eval done in 72.8s
  by-popularity NDCG@10: tail=0.0002(n=18,342)  mid=0.0011(n=20,089)  head=0.0376(n=85,445)
  epoch   2  loss=10.2768  val_NDCG=0.0262  [test sequestered]  (40.0s)
  evaluating 123,876 users in batches of 512...
    [512/123,876  elapsed 0.2s]
    [5,632/123,876  elapsed 3.2s]
    [10,752/123,876  elapsed 5.7s]
    [15,872/123,876  elapsed 8.8s]
    [20,992/123,876  elapsed 11.5s]
    [26,112/123,876  elapsed 14.3s]
    [31,232/123,876  elapsed 17.7s]
    [36,352/123,876  elapsed 21.9s]
    [41,472/123,876  elapsed 24.7s]
    [46,592/123,876  elapsed 27.7s]
    [51,712/123,876  elapsed 30.4s]
    [56,832/123,876  elapsed 33.0s]
    [61,952/123,876  elapsed 36.1s]
    [67,072/123,876  elapsed 38.8s]
    [72,192/123,876  elapsed 41.7s]
    [77,312/123,876  elapsed 44.3s]
    [82,432/123,876  elapsed 46.8s]
    [87,552/123,876  elapsed 50.6s]
    [92,672/123,876  elapsed 54.6s]
    [97,792/123,876  elapsed 57.4s]
    [102,912/123,876  elapsed 60.3s]
    [108,032/123,876  elapsed 63.2s]
    [113,152/123,876  elapsed 66.0s]
    [118,272/123,876  elapsed 68.8s]
    [123,392/123,876  elapsed 71.8s]
  eval done in 72.1s
  by-popularity NDCG@10: tail=0.0006(n=18,342)  mid=0.0031(n=20,089)  head=0.0581(n=85,445)
  epoch   3  loss=9.8303  val_NDCG=0.0407  [test sequestered]  (42.2s)
  evaluating 123,876 users in batches of 512...
    [512/123,876  elapsed 0.4s]
    [5,632/123,876  elapsed 4.7s]
    [10,752/123,876  elapsed 8.9s]
    [15,872/123,876  elapsed 13.0s]
    [20,992/123,876  elapsed 17.1s]
    [26,112/123,876  elapsed 21.4s]
    [31,232/123,876  elapsed 25.6s]
    [36,352/123,876  elapsed 28.6s]
    [41,472/123,876  elapsed 29.6s]
    [46,592/123,876  elapsed 30.9s]
    [51,712/123,876  elapsed 35.0s]
    [56,832/123,876  elapsed 39.3s]
    [61,952/123,876  elapsed 43.5s]
    [67,072/123,876  elapsed 47.8s]
    [72,192/123,876  elapsed 52.2s]
    [77,312/123,876  elapsed 56.4s]
    [82,432/123,876  elapsed 60.4s]
    [87,552/123,876  elapsed 61.5s]
    [92,672/123,876  elapsed 62.5s]
    [97,792/123,876  elapsed 65.5s]
    [102,912/123,876  elapsed 69.8s]
    [108,032/123,876  elapsed 74.4s]
    [113,152/123,876  elapsed 79.1s]
    [118,272/123,876  elapsed 83.5s]
    [123,392/123,876  elapsed 87.9s]
  eval done in 88.3s
  by-popularity NDCG@10: tail=0.0014(n=18,342)  mid=0.0064(n=20,089)  head=0.0709(n=85,445)
  epoch   4  loss=9.5605  val_NDCG=0.0502  [test sequestered]  (40.4s)
  evaluating 123,876 users in batches of 512...
    [512/123,876  elapsed 0.4s]
    [5,632/123,876  elapsed 4.8s]
    [10,752/123,876  elapsed 9.2s]
    [15,872/123,876  elapsed 13.7s]
    [20,992/123,876  elapsed 18.1s]
    [26,112/123,876  elapsed 22.4s]
    [31,232/123,876  elapsed 24.7s]
    [36,352/123,876  elapsed 25.7s]
    [41,472/123,876  elapsed 26.8s]
    [46,592/123,876  elapsed 28.1s]
    [51,712/123,876  elapsed 29.1s]
    [56,832/123,876  elapsed 30.1s]
    [61,952/123,876  elapsed 33.5s]
    [67,072/123,876  elapsed 38.2s]
    [72,192/123,876  elapsed 43.1s]
    [77,312/123,876  elapsed 48.2s]
    [82,432/123,876  elapsed 53.3s]
    [87,552/123,876  elapsed 58.3s]
    [92,672/123,876  elapsed 63.4s]
    [97,792/123,876  elapsed 68.6s]
    [102,912/123,876  elapsed 73.8s]
    [108,032/123,876  elapsed 78.9s]
    [113,152/123,876  elapsed 84.1s]
    [118,272/123,876  elapsed 89.2s]
    [123,392/123,876  elapsed 94.0s]
  eval done in 94.3s
  by-popularity NDCG@10: tail=0.0023(n=18,342)  mid=0.0111(n=20,089)  head=0.0797(n=85,445)
  epoch   5  loss=9.3716  val_NDCG=0.0571  [test sequestered]  (42.2s)
  evaluating 123,876 users in batches of 512...
    [512/123,876  elapsed 0.4s]
    [5,632/123,876  elapsed 4.0s]
    [10,752/123,876  elapsed 7.4s]
    [15,872/123,876  elapsed 11.0s]
    [20,992/123,876  elapsed 14.4s]
    [26,112/123,876  elapsed 18.1s]
    [31,232/123,876  elapsed 21.6s]
    [36,352/123,876  elapsed 25.1s]
    [41,472/123,876  elapsed 28.6s]
    [46,592/123,876  elapsed 32.1s]
    [51,712/123,876  elapsed 35.6s]
    [56,832/123,876  elapsed 39.1s]
    [61,952/123,876  elapsed 42.7s]
    [67,072/123,876  elapsed 46.2s]
    [72,192/123,876  elapsed 49.7s]
    [77,312/123,876  elapsed 51.1s]
    [82,432/123,876  elapsed 52.4s]
    [87,552/123,876  elapsed 54.0s]
    [92,672/123,876  elapsed 55.4s]
    [97,792/123,876  elapsed 60.3s]
    [102,912/123,876  elapsed 63.7s]
    [108,032/123,876  elapsed 66.8s]
    [113,152/123,876  elapsed 69.6s]
    [118,272/123,876  elapsed 72.3s]
    [123,392/123,876  elapsed 75.4s]
  eval done in 75.7s
  by-popularity NDCG@10: tail=0.0039(n=18,342)  mid=0.0152(n=20,089)  head=0.0846(n=85,445)
  epoch   6  loss=9.2264  val_NDCG=0.0614  [test sequestered]  (42.0s)
  evaluating 123,876 users in batches of 512...
    [512/123,876  elapsed 0.2s]
    [5,632/123,876  elapsed 2.6s]
    [10,752/123,876  elapsed 7.5s]
    [15,872/123,876  elapsed 11.1s]
    [20,992/123,876  elapsed 13.8s]
    [26,112/123,876  elapsed 16.6s]
    [31,232/123,876  elapsed 19.4s]
    [36,352/123,876  elapsed 22.1s]
    [41,472/123,876  elapsed 24.8s]
    [46,592/123,876  elapsed 27.6s]
    [51,712/123,876  elapsed 30.4s]
    [56,832/123,876  elapsed 33.1s]  random seed set to 20260747
=== Musical_Instruments: load splits ===
  n_users=57,439  n_items=24,587  pad_id=24587
  built sequences for 57,439 users
  built timestamp sequences (12 time buckets)
  loading SBERT embeddings from C:\Users\rayxc\Documents\R\cache_5core\sbert_titles_Musical_Instruments.npy...
  TAPE: k-means 24,587 text embeddings into K=512 prototypes (tau=0.05)...
  TAPE: K=512 mean max-assignment weight = 0.523 (1.0 = hard clustering)

=== Build SASRec-SBERT (d=64, layers=4, heads=2) ===
  total params: 11,186,047  device=cuda
  57,439 training examples / 225 batches per epoch
  init_state_sha256 = 304c7571ac86e5b02979a47d5a4a8257e2fa2c6b280f9d9ad97f6c55aedd79b7
  LR schedule: warmup_cosine (225 warmup + 4275 cosine steps)

=== Train for 20 epochs ===
  evaluating 57,439 users in batches of 512...
    [512/57,439  elapsed 0.2s]
    [5,632/57,439  elapsed 3.1s]
    [10,752/57,439  elapsed 5.6s]
    [15,872/57,439  elapsed 8.4s]
    [20,992/57,439  elapsed 11.1s]
    [26,112/57,439  elapsed 13.6s]
    [31,232/57,439  elapsed 18.6s]
    [36,352/57,439  elapsed 27.1s]
    [41,472/57,439  elapsed 35.9s]
    [46,592/57,439  elapsed 44.3s]
    [51,712/57,439  elapsed 53.0s]
    [56,832/57,439  elapsed 56.4s]
  eval done in 56.7s
  by-popularity NDCG@10: tail=0.0000(n=7,762)  mid=0.0002(n=8,169)  head=0.0363(n=41,508)
  epoch   1  loss=9.6216  val_NDCG=0.0263  [test sequestered]  (7.0s)
  evaluating 57,439 users in batches of 512...
    [512/57,439  elapsed 0.3s]
    [5,632/57,439  elapsed 2.9s]
    [10,752/57,439  elapsed 5.4s]
    [15,872/57,439  elapsed 7.9s]
    [20,992/57,439  elapsed 10.6s]
    [26,112/57,439  elapsed 13.1s]
    [31,232/57,439  elapsed 15.6s]
    [36,352/57,439  elapsed 18.2s]
    [41,472/57,439  elapsed 20.8s]
    [46,592/57,439  elapsed 23.2s]
    [51,712/57,439  elapsed 25.7s]
    [56,832/57,439  elapsed 28.8s]
  eval done in 29.1s
  by-popularity NDCG@10: tail=0.0000(n=7,762)  mid=0.0002(n=8,169)  head=0.0456(n=41,508)
  epoch   2  loss=9.0963  val_NDCG=0.0330  [test sequestered]  (6.9s)
  evaluating 57,439 users in batches of 512...
    [512/57,439  elapsed 0.3s]
    [5,632/57,439  elapsed 3.0s]
    [10,752/57,439  elapsed 6.0s]
    [15,872/57,439  elapsed 8.7s]
    [20,992/57,439  elapsed 11.4s]
    [26,112/57,439  elapsed 14.2s]
    [31,232/57,439  elapsed 17.0s]
    [36,352/57,439  elapsed 19.8s]
    [41,472/57,439  elapsed 22.7s]
    [46,592/57,439  elapsed 25.4s]
    [51,712/57,439  elapsed 28.2s]
    [56,832/57,439  elapsed 30.1s]
  eval done in 31.3s
  by-popularity NDCG@10: tail=0.0000(n=7,762)  mid=0.0008(n=8,169)  head=0.0525(n=41,508)
  epoch   3  loss=8.9338  val_NDCG=0.0380  [test sequestered]  (7.1s)
  evaluating 57,439 users in batches of 512...
    [512/57,439  elapsed 1.0s]
    [5,632/57,439  elapsed 9.0s]
    [10,752/57,439  elapsed 18.3s]
    [15,872/57,439  elapsed 27.5s]
    [20,992/57,439  elapsed 32.3s]
    [26,112/57,439  elapsed 35.2s]
    [31,232/57,439  elapsed 37.9s]
    [36,352/57,439  elapsed 40.6s]
    [41,472/57,439  elapsed 43.1s]
    [46,592/57,439  elapsed 45.9s]
    [51,712/57,439  elapsed 48.7s]
    [56,832/57,439  elapsed 52.0s]
  eval done in 52.3s
  by-popularity NDCG@10: tail=0.0002(n=7,762)  mid=0.0013(n=8,169)  head=0.0557(n=41,508)
  epoch   4  loss=8.8271  val_NDCG=0.0405  [test sequestered]  (12.9s)
  evaluating 57,439 users in batches of 512...
    [512/57,439  elapsed 0.2s]
    [5,632/57,439  elapsed 3.4s]
    [10,752/57,439  elapsed 6.1s]
    [15,872/57,439  elapsed 8.7s]
    [20,992/57,439  elapsed 11.4s]
    [26,112/57,439  elapsed 14.4s]
    [31,232/57,439  elapsed 17.2s]
    [36,352/57,439  elapsed 19.9s]
    [41,472/57,439  elapsed 22.3s]
    [46,592/57,439  elapsed 25.2s]
    [51,712/57,439  elapsed 27.9s]
    [56,832/57,439  elapsed 30.7s]
  eval done in 31.0s
  by-popularity NDCG@10: tail=0.0003(n=7,762)  mid=0.0021(n=8,169)  head=0.0584(n=41,508)
  epoch   5  loss=8.7469  val_NDCG=0.0425  [test sequestered]  (7.0s)
  evaluating 57,439 users in batches of 512...
    [512/57,439  elapsed 0.1s]
    [5,632/57,439  elapsed 2.4s]
    [10,752/57,439  elapsed 4.6s]
    [15,872/57,439  elapsed 7.0s]
    [20,992/57,439  elapsed 10.6s]
    [26,112/57,439  elapsed 12.8s]
    [31,232/57,439  elapsed 15.2s]
    [36,352/57,439  elapsed 17.4s]
    [41,472/57,439  elapsed 19.6s]
    [46,592/57,439  elapsed 21.8s]
    [51,712/57,439  elapsed 25.2s]
    [56,832/57,439  elapsed 27.4s]
  eval done in 27.5s
  by-popularity NDCG@10: tail=0.0006(n=7,762)  mid=0.0030(n=8,169)  head=0.0599(n=41,508)
  epoch   6  loss=8.6795  val_NDCG=0.0438  [test sequestered]  (10.4s)
  evaluating 57,439 users in batches of 512...
    [512/57,439  elapsed 0.1s]
    [5,632/57,439  elapsed 2.3s]
    [10,752/57,439  elapsed 4.5s]
    [15,872/57,439  elapsed 6.6s]
    [20,992/57,439  elapsed 8.8s]
    [26,112/57,439  elapsed 10.9s]
    [31,232/57,439  elapsed 13.1s]
    [36,352/57,439  elapsed 15.3s]
    [41,472/57,439  elapsed 18.7s]
    [46,592/57,439  elapsed 20.9s]
    [51,712/57,439  elapsed 23.2s]
    [56,832/57,439  elapsed 25.4s]
  eval done in 25.5s
  by-popularity NDCG@10: tail=0.0007(n=7,762)  mid=0.0041(n=8,169)  head=0.0606(n=41,508)
  epoch   7  loss=8.6224  val_NDCG=0.0445  [test sequestered]  (12.8s)
  evaluating 57,439 users in batches of 512...
    [512/57,439  elapsed 1.2s]
    [5,632/57,439  elapsed 3.4s]
    [10,752/57,439  elapsed 5.7s]
    [15,872/57,439  elapsed 7.9s]
    [20,992/57,439  elapsed 10.2s]
    [26,112/57,439  elapsed 12.5s]
    [31,232/57,439  elapsed 14.7s]
    [36,352/57,439  elapsed 16.9s]
    [41,472/57,439  elapsed 19.2s]
    [46,592/57,439  elapsed 21.3s]
    [51,712/57,439  elapsed 24.7s]
    [56,832/57,439  elapsed 26.9s]
  eval done in 27.0s
  by-popularity NDCG@10: tail=0.0008(n=7,762)  mid=0.0048(n=8,169)  head=0.0614(n=41,508)
  epoch   8  loss=8.5687  val_NDCG=0.0451  [test sequestered]  (12.9s)
  evaluating 57,439 users in batches of 512...
    [512/57,439  elapsed 0.1s]
    [5,632/57,439  elapsed 2.3s]
    [10,752/57,439  elapsed 4.5s]
    [15,872/57,439  elapsed 6.7s]
    [20,992/57,439  elapsed 10.1s]
    [26,112/57,439  elapsed 12.4s]
    [31,232/57,439  elapsed 14.6s]
    [36,352/57,439  elapsed 16.9s]
    [41,472/57,439  elapsed 19.0s]
    [46,592/57,439  elapsed 21.3s]
    [51,712/57,439  elapsed 23.7s]
    [56,832/57,439  elapsed 25.8s]
  eval done in 25.9s
  by-popularity NDCG@10: tail=0.0010(n=7,762)  mid=0.0054(n=8,169)  head=0.0612(n=41,508)
  epoch   9  loss=8.5220  val_NDCG=0.0451  [test sequestered]  (13.0s)
  evaluating 57,439 users in batches of 512...
    [512/57,439  elapsed 0.1s]
    [5,632/57,439  elapsed 2.3s]
    [10,752/57,439  elapsed 4.5s]
    [15,872/57,439  elapsed 6.7s]
    [20,992/57,439  elapsed 8.9s]
    [26,112/57,439  elapsed 11.1s]
    [31,232/57,439  elapsed 14.5s]
    [36,352/57,439  elapsed 16.6s]
    [41,472/57,439  elapsed 18.8s]
    [46,592/57,439  elapsed 21.0s]
    [51,712/57,439  elapsed 23.3s]
    [56,832/57,439  elapsed 25.6s]
  eval done in 25.7s
  by-popularity NDCG@10: tail=0.0011(n=7,762)  mid=0.0058(n=8,169)  head=0.0614(n=41,508)
  epoch  10  loss=8.4760  val_NDCG=0.0454  [test sequestered]  (14.4s)
  evaluating 57,439 users in batches of 512...
    [512/57,439  elapsed 0.1s]
    [5,632/57,439  elapsed 2.3s]
    [10,752/57,439  elapsed 4.5s]
    [15,872/57,439  elapsed 6.7s]
    [20,992/57,439  elapsed 9.0s]
    [26,112/57,439  elapsed 11.2s]
    [31,232/57,439  elapsed 13.3s]
    [36,352/57,439  elapsed 15.5s]
    [41,472/57,439  elapsed 17.8s]
    [46,592/57,439  elapsed 20.0s]
    [51,712/57,439  elapsed 22.2s]
    [56,832/57,439  elapsed 24.3s]
  eval done in 25.5s
  by-popularity NDCG@10: tail=0.0013(n=7,762)  mid=0.0066(n=8,169)  head=0.0620(n=41,508)
  epoch  11  loss=8.4362  val_NDCG=0.0459  [test sequestered]  (14.1s)
  evaluating 57,439 users in batches of 512...
    [512/57,439  elapsed 0.1s]
    [5,632/57,439  elapsed 2.4s]
    [10,752/57,439  elapsed 4.5s]
    [15,872/57,439  elapsed 6.8s]
    [20,992/57,439  elapsed 9.0s]
    [26,112/57,439  elapsed 11.2s]
    [31,232/57,439  elapsed 13.4s]
    [36,352/57,439  elapsed 16.8s]
    [41,472/57,439  elapsed 17.8s]
    [46,592/57,439  elapsed 21.1s]
    [51,712/57,439  elapsed 23.3s]
    [56,832/57,439  elapsed 25.6s]
  eval done in 25.8s
  by-popularity NDCG@10: tail=0.0015(n=7,762)  mid=0.0068(n=8,169)  head=0.0621(n=41,508)
  epoch  12  loss=8.4018  val_NDCG=0.0461  [test sequestered]  (12.8s)
  evaluating 57,439 users in batches of 512...
    [512/57,439  elapsed 0.1s]
    [5,632/57,439  elapsed 2.3s]
    [10,752/57,439  elapsed 4.4s]
    [15,872/57,439  elapsed 6.5s]
    [20,992/57,439  elapsed 8.6s]
    [26,112/57,439  elapsed 10.7s]
    [31,232/57,439  elapsed 13.1s]
    [36,352/57,439  elapsed 15.3s]
    [41,472/57,439  elapsed 17.4s]
    [46,592/57,439  elapsed 19.5s]
    [51,712/57,439  elapsed 21.6s]
    [56,832/57,439  elapsed 25.2s]
  eval done in 25.4s
  by-popularity NDCG@10: tail=0.0016(n=7,762)  mid=0.0072(n=8,169)  head=0.0621(n=41,508)
  epoch  13  loss=8.3705  val_NDCG=0.0461  [test sequestered]  (12.8s)
  evaluating 57,439 users in batches of 512...
    [512/57,439  elapsed 0.1s]
    [5,632/57,439  elapsed 2.3s]
    [10,752/57,439  elapsed 4.6s]
    [15,872/57,439  elapsed 6.9s]
    [20,992/57,439  elapsed 9.1s]
    [26,112/57,439  elapsed 11.2s]
    [31,232/57,439  elapsed 13.5s]
    [36,352/57,439  elapsed 16.9s]
    [41,472/57,439  elapsed 19.1s]
    [46,592/57,439  elapsed 21.5s]
    [51,712/57,439  elapsed 23.8s]
    [56,832/57,439  elapsed 26.0s]
  eval done in 26.2s
  by-popularity NDCG@10: tail=0.0017(n=7,762)  mid=0.0070(n=8,169)  head=0.0626(n=41,508)
  epoch  14  loss=8.3440  val_NDCG=0.0464  [test sequestered]  (14.5s)
  evaluating 57,439 users in batches of 512...
    [512/57,439  elapsed 0.1s]
    [5,632/57,439  elapsed 2.3s]
    [10,752/57,439  elapsed 4.5s]
    [15,872/57,439  elapsed 6.7s]
    [20,992/57,439  elapsed 9.0s]
    [26,112/57,439  elapsed 11.2s]
    [31,232/57,439  elapsed 13.4s]
    [36,352/57,439  elapsed 15.6s]
    [41,472/57,439  elapsed 17.8s]
    [46,592/57,439  elapsed 19.9s]
    [51,712/57,439  elapsed 22.1s]
    [56,832/57,439  elapsed 24.2s]
  eval done in 25.4s
  by-popularity NDCG@10: tail=0.0017(n=7,762)  mid=0.0075(n=8,169)  head=0.0622(n=41,508)
  epoch  15  loss=8.3191  val_NDCG=0.0462  [test sequestered]  (14.0s)
  evaluating 57,439 users in batches of 512...
    [512/57,439  elapsed 0.1s]
    [5,632/57,439  elapsed 2.3s]
    [10,752/57,439  elapsed 4.4s]
    [15,872/57,439  elapsed 6.6s]
    [20,992/57,439  elapsed 8.8s]
    [26,112/57,439  elapsed 11.0s]
    [31,232/57,439  elapsed 13.2s]
    [36,352/57,439  elapsed 15.4s]
    [41,472/57,439  elapsed 17.5s]
    [46,592/57,439  elapsed 19.7s]
    [51,712/57,439  elapsed 21.8s]
    [56,832/57,439  elapsed 24.0s]
  eval done in 24.1s
  by-popularity NDCG@10: tail=0.0019(n=7,762)  mid=0.0075(n=8,169)  head=0.0620(n=41,508)
  epoch  16  loss=8.3021  val_NDCG=0.0462  [test sequestered]  (12.8s)
  evaluating 57,439 users in batches of 512...
    [512/57,439  elapsed 1.2s]
    [5,632/57,439  elapsed 3.3s]
    [10,752/57,439  elapsed 5.5s]
    [15,872/57,439  elapsed 7.7s]
    [20,992/57,439  elapsed 9.9s]
    [26,112/57,439  elapsed 12.0s]
    [31,232/57,439  elapsed 14.2s]
    [36,352/57,439  elapsed 16.4s]
    [41,472/57,439  elapsed 18.6s]
    [46,592/57,439  elapsed 20.8s]
    [51,712/57,439  elapsed 23.0s]
    [56,832/57,439  elapsed 25.2s]
  eval done in 25.3s
  by-popularity NDCG@10: tail=0.0018(n=7,762)  mid=0.0074(n=8,169)  head=0.0622(n=41,508)
  epoch  17  loss=8.2882  val_NDCG=0.0462  [test sequestered]  (13.0s)
  evaluating 57,439 users in batches of 512...
    [512/57,439  elapsed 1.2s]
    [5,632/57,439  elapsed 3.4s]
    [10,752/57,439  elapsed 5.6s]
    [15,872/57,439  elapsed 7.8s]
    [20,992/57,439  elapsed 9.9s]
    [26,112/57,439  elapsed 12.2s]
    [31,232/57,439  elapsed 14.3s]
    [36,352/57,439  elapsed 16.5s]
    [41,472/57,439  elapsed 18.7s]
    [46,592/57,439  elapsed 20.9s]
    [51,712/57,439  elapsed 23.0s]
    [56,832/57,439  elapsed 25.1s]
  eval done in 25.3s
  by-popularity NDCG@10: tail=0.0019(n=7,762)  mid=0.0076(n=8,169)  head=0.0621(n=41,508)
  epoch  18  loss=8.2792  val_NDCG=0.0462  [test sequestered]  (13.0s)
  evaluating 57,439 users in batches of 512...
    [512/57,439  elapsed 1.2s]
    [5,632/57,439  elapsed 3.5s]
    [10,752/57,439  elapsed 5.6s]
    [15,872/57,439  elapsed 8.1s]
    [20,992/57,439  elapsed 10.3s]
    [26,112/57,439  elapsed 12.5s]
    [31,232/57,439  elapsed 14.7s]
    [36,352/57,439  elapsed 16.9s]
    [41,472/57,439  elapsed 19.0s]
    [46,592/57,439  elapsed 21.1s]
    [51,712/57,439  elapsed 23.4s]
    [56,832/57,439  elapsed 25.5s]
  eval done in 25.6s
  by-popularity NDCG@10: tail=0.0019(n=7,762)  mid=0.0076(n=8,169)  head=0.0622(n=41,508)
  epoch  19  loss=8.2712  val_NDCG=0.0463  [test sequestered]  (12.8s)
  evaluating 57,439 users in batches of 512...
    [512/57,439  elapsed 0.1s]
    [5,632/57,439  elapsed 2.3s]
    [10,752/57,439  elapsed 4.6s]
    [15,872/57,439  elapsed 6.8s]
    [20,992/57,439  elapsed 9.0s]
    [26,112/57,439  elapsed 11.1s]
    [31,232/57,439  elapsed 13.5s]
    [36,352/57,439  elapsed 15.7s]
    [41,472/57,439  elapsed 19.2s]
    [46,592/57,439  elapsed 21.6s]
    [51,712/57,439  elapsed 24.2s]
    [56,832/57,439  elapsed 26.4s]
  eval done in 27.7s
  by-popularity NDCG@10: tail=0.0019(n=7,762)  mid=0.0076(n=8,169)  head=0.0621(n=41,508)
  epoch  20  loss=8.2676  val_NDCG=0.0462  [test sequestered]  (14.1s)

=== Best by val NDCG@10 ===
  val_NDCG=0.0464
  best_ckpt_sha256 = 30efc3d5c92156286f09022fe90aa2a03a3e45977d4db319e09c86566da04984

wrote C:\Users\rayxc\Documents\R\_bestrec_run\results_MI_COLDFUSE2_base_seed20260747.json
=== fusion eval: Musical_Instruments  ckpt=results_MI_COLDFUSE2_base_seed20260747.best.pt ===
  n_users=57,439 n_items=24,587
  ckpt from epoch 14 (val NDCG@10 0.04644)

--- EASE l2=50.0: fit + VAL sweep ---
  EASE l2=50.0: verified cache hit (0d6aa731986eefd4228ee0f9)
    [512/57,439 elapsed 1.3s]
    [10,752/57,439 elapsed 22.5s]
    [20,992/57,439 elapsed 35.5s]
    [31,232/57,439 elapsed 41.4s]
    [41,472/57,439 elapsed 47.9s]
    [51,712/57,439 elapsed 53.9s]
  VAL seq NDCG@10=0.04644  ease=0.03472
    w=0.01: val fused NDCG@10=0.04792
    w=0.02: val fused NDCG@10=0.04839
    w=0.03: val fused NDCG@10=0.04856
    w=0.04: val fused NDCG@10=0.04868
    w=0.05: val fused NDCG@10=0.04842
    w=0.06: val fused NDCG@10=0.04796
    w=0.075: val fused NDCG@10=0.04740
    w=0.1: val fused NDCG@10=0.04652

--- EASE l2=100.0: fit + VAL sweep ---
  EASE l2=100.0: verified cache hit (e6853d0b0fa835018ed44c6c)
    [512/57,439 elapsed 0.3s]
    [10,752/57,439 elapsed 6.0s]
    [20,992/57,439 elapsed 12.1s]
    [31,232/57,439 elapsed 18.4s]
    [41,472/57,439 elapsed 24.8s]
    [51,712/57,439 elapsed 31.2s]
  VAL seq NDCG@10=0.04644  ease=0.03536
    w=0.01: val fused NDCG@10=0.04788
    w=0.02: val fused NDCG@10=0.04854
    w=0.03: val fused NDCG@10=0.04870
    w=0.04: val fused NDCG@10=0.04876
    w=0.05: val fused NDCG@10=0.04843
    w=0.06: val fused NDCG@10=0.04803
    w=0.075: val fused NDCG@10=0.04764
    w=0.1: val fused NDCG@10=0.04665

--- EASE l2=200.0: fit + VAL sweep ---
  EASE l2=200.0: verified cache hit (ebdd11e5519b1f4b59ea0424)
    [512/57,439 elapsed 0.4s]
    [10,752/57,439 elapsed 7.2s]
    [20,992/57,439 elapsed 14.1s]
    [31,232/57,439 elapsed 21.7s]
    [41,472/57,439 elapsed 29.6s]
    [51,712/57,439 elapsed 48.3s]
  VAL seq NDCG@10=0.04644  ease=0.03548
    w=0.01: val fused NDCG@10=0.04792
    w=0.02: val fused NDCG@10=0.04876
    w=0.03: val fused NDCG@10=0.04874
    w=0.04: val fused NDCG@10=0.04877
    w=0.05: val fused NDCG@10=0.04848
    w=0.06: val fused NDCG@10=0.04799
    w=0.075: val fused NDCG@10=0.04752
    w=0.1: val fused NDCG@10=0.04669

--- EASE l2=500.0: fit + VAL sweep ---
  EASE l2=500.0: verified cache hit (b30720d9178a2f9cb57fa1d1)
    [512/57,439 elapsed 1.0s]
    [10,752/57,439 elapsed 13.1s]
    [20,992/57,439 elapsed 19.1s]
    [31,232/57,439 elapsed 25.0s]
    [41,472/57,439 elapsed 30.9s]
    [51,712/57,439 elapsed 36.7s]
  VAL seq NDCG@10=0.04644  ease=0.03500
    w=0.01: val fused NDCG@10=0.04792
    w=0.02: val fused NDCG@10=0.04853
    w=0.03: val fused NDCG@10=0.04880
    w=0.04: val fused NDCG@10=0.04855
    w=0.05: val fused NDCG@10=0.04811
    w=0.06: val fused NDCG@10=0.04774
    w=0.075: val fused NDCG@10=0.04701
    w=0.1: val fused NDCG@10=0.04601

=== selected on VAL: l2=500.0, w=0.03 (val fused NDCG@10=0.04880) ===
wrote C:\Users\rayxc\Documents\R\_bestrec_run\results_MI_COLDFUSE2_base_seed20260747.fusion.json (VAL-ONLY; test sequestered)
=== COLDFUSE2 confirm: Musical_Instruments seed 20260747 (ease=yes; test sequestered) ===
  EASE l2=500.0: verified cache hit (b30720d9178a2f9cb57fa1d1)
  [val] streaming sweep: 85 systems ...
    [512/57,439 1s]

    [61,952/123,876  elapsed 35.8s]
    [67,072/123,876  elapsed 38.8s]
    [72,192/123,876  elapsed 43.7s]
    [77,312/123,876  elapsed 47.6s]
    [82,432/123,876  elapsed 50.6s]
    [87,552/123,876  elapsed 53.6s]
    [92,672/123,876  elapsed 56.8s]
    [97,792/123,876  elapsed 59.7s]
    [102,912/123,876  elapsed 62.6s]
    [108,032/123,876  elapsed 65.8s]
    [113,152/123,876  elapsed 68.8s]
    [118,272/123,876  elapsed 71.8s]
    [123,392/123,876  elapsed 74.9s]
  eval done in 75.1s
  by-popularity NDCG@10: tail=0.0050(n=18,342)  mid=0.0179(n=20,089)  head=0.0883(n=85,445)
  epoch   7  loss=9.1126  val_NDCG=0.0645  [test sequestered]  (40.1s)
  evaluating 123,876 users in batches of 512...
    [512/123,876  elapsed 0.3s]
    [5,632/123,876  elapsed 3.0s]
    [10,752/123,876  elapsed 6.1s]
    [15,872/123,876  elapsed 9.0s]
    [20,992/123,876  elapsed 12.1s]
    [26,112/123,876  elapsed 15.0s]
    [31,232/123,876  elapsed 18.0s]
    [36,352/123,876  elapsed 21.4s]
    [41,472/123,876  elapsed 25.6s]
    [46,592/123,876  elapsed 30.1s]
    [51,712/123,876  elapsed 33.2s]
    [56,832/123,876  elapsed 36.2s]
    [61,952/123,876  elapsed 39.3s]
    [67,072/123,876  elapsed 42.3s]
    [72,192/123,876  elapsed 45.3s]
    [77,312/123,876  elapsed 48.2s]
    [82,432/123,876  elapsed 51.0s]
    [87,552/123,876  elapsed 54.0s]
    [92,672/123,876  elapsed 57.0s]
    [97,792/123,876  elapsed 60.0s]
    [102,912/123,876  elapsed 65.0s]
    [108,032/123,876  elapsed 67.4s]
    [113,152/123,876  elapsed 69.8s]
    [118,272/123,876  elapsed 72.2s]
    [123,392/123,876  elapsed 75.8s]
  eval done in 75.9s
  by-popularity NDCG@10: tail=0.0061(n=18,342)  mid=0.0206(n=20,089)  head=0.0901(n=85,445)
  epoch   8  loss=9.0194  val_NDCG=0.0664  [test sequestered]  (45.3s)
  evaluating 123,876 users in batches of 512...
    [512/123,876  elapsed 0.1s]
    [5,632/123,876  elapsed 3.6s]
    [10,752/123,876  elapsed 5.9s]
    [15,872/123,876  elapsed 8.2s]
    [20,992/123,876  elapsed 10.5s]
    [26,112/123,876  elapsed 12.9s]
    [31,232/123,876  elapsed 16.3s]
    [36,352/123,876  elapsed 18.6s]
    [41,472/123,876  elapsed 20.9s]
    [46,592/123,876  elapsed 23.6s]
    [51,712/123,876  elapsed 27.1s]
    [56,832/123,876  elapsed 29.4s]
    [61,952/123,876  elapsed 31.7s]
    [67,072/123,876  elapsed 33.9s]
    [72,192/123,876  elapsed 36.3s]
    [77,312/123,876  elapsed 38.7s]
    [82,432/123,876  elapsed 42.1s]
    [87,552/123,876  elapsed 44.3s]
    [92,672/123,876  elapsed 46.6s]
    [97,792/123,876  elapsed 48.8s]
    [102,912/123,876  elapsed 51.1s]
    [108,032/123,876  elapsed 53.3s]
    [113,152/123,876  elapsed 55.5s]
    [118,272/123,876  elapsed 57.8s]
    [123,392/123,876  elapsed 60.1s]
  eval done in 61.3s
  by-popularity NDCG@10: tail=0.0076(n=18,342)  mid=0.0234(n=20,089)  head=0.0912(n=85,445)
  epoch   9  loss=8.9397  val_NDCG=0.0678  [test sequestered]  (80.6s)
  evaluating 123,876 users in batches of 512...
    [512/123,876  elapsed 0.2s]
    [5,632/123,876  elapsed 2.7s]
    [10,752/123,876  elapsed 4.9s]
    [15,872/123,876  elapsed 7.2s]
    [20,992/123,876  elapsed 10.6s]
    [26,112/123,876  elapsed 12.9s]
    [31,232/123,876  elapsed 15.1s]
    [36,352/123,876  elapsed 17.4s]
    [41,472/123,876  elapsed 19.6s]
    [46,592/123,876  elapsed 21.9s]
    [51,712/123,876  elapsed 24.1s]
    [56,832/123,876  elapsed 26.4s]
    [61,952/123,876  elapsed 28.7s]
    [67,072/123,876  elapsed 32.0s]
    [72,192/123,876  elapsed 34.4s]
    [77,312/123,876  elapsed 36.7s]
    [82,432/123,876  elapsed 39.3s]
    [87,552/123,876  elapsed 42.6s]
    [92,672/123,876  elapsed 44.8s]
    [97,792/123,876  elapsed 47.0s]
    [102,912/123,876  elapsed 49.2s]
    [108,032/123,876  elapsed 51.4s]
    [113,152/123,876  elapsed 53.5s]
    [118,272/123,876  elapsed 55.7s]
    [123,392/123,876  elapsed 57.9s]
  eval done in 58.0s
  by-popularity NDCG@10: tail=0.0080(n=18,342)  mid=0.0237(n=20,089)  head=0.0935(n=85,445)
  epoch  10  loss=8.8739  val_NDCG=0.0695  [test sequestered]  (80.1s)
  evaluating 123,876 users in batches of 512...
    [512/123,876  elapsed 0.1s]
    [5,632/123,876  elapsed 2.4s]
    [10,752/123,876  elapsed 4.7s]
    [15,872/123,876  elapsed 6.9s]
    [20,992/123,876  elapsed 10.3s]
    [26,112/123,876  elapsed 12.5s]
    [31,232/123,876  elapsed 14.8s]
    [36,352/123,876  elapsed 17.1s]
    [41,472/123,876  elapsed 19.3s]
    [46,592/123,876  elapsed 21.6s]
    [51,712/123,876  elapsed 23.8s]
    [56,832/123,876  elapsed 26.1s]
    [61,952/123,876  elapsed 29.5s]
    [67,072/123,876  elapsed 31.8s]
    [72,192/123,876  elapsed 34.0s]
    [77,312/123,876  elapsed 36.2s]
    [82,432/123,876  elapsed 38.5s]
    [87,552/123,876  elapsed 40.7s]
    [92,672/123,876  elapsed 42.9s]
    [97,792/123,876  elapsed 45.2s]
    [102,912/123,876  elapsed 47.5s]
    [108,032/123,876  elapsed 50.9s]
    [113,152/123,876  elapsed 53.1s]
    [118,272/123,876  elapsed 55.5s]
    [123,392/123,876  elapsed 57.7s]
  eval done in 57.9s
  by-popularity NDCG@10: tail=0.0089(n=18,342)  mid=0.0247(n=20,089)  head=0.0935(n=85,445)
  epoch  11  loss=8.8141  val_NDCG=0.0698  [test sequestered]  (82.3s)
  evaluating 123,876 users in batches of 512...
    [512/123,876  elapsed 0.1s]
    [5,632/123,876  elapsed 2.4s]
    [10,752/123,876  elapsed 5.9s]
    [15,872/123,876  elapsed 8.3s]
    [20,992/123,876  elapsed 10.6s]
    [26,112/123,876  elapsed 12.8s]
    [31,232/123,876  elapsed 15.0s]
    [36,352/123,876  elapsed 17.3s]
    [41,472/123,876  elapsed 19.5s]
    [46,592/123,876  elapsed 21.8s]
    [51,712/123,876  elapsed 25.2s]
    [56,832/123,876  elapsed 27.4s]
    [61,952/123,876  elapsed 29.9s]
    [67,072/123,876  elapsed 32.3s]
    [72,192/123,876  elapsed 34.7s]
    [77,312/123,876  elapsed 38.0s]
    [82,432/123,876  elapsed 40.3s]
    [87,552/123,876  elapsed 42.5s]
    [92,672/123,876  elapsed 44.8s]
    [97,792/123,876  elapsed 47.0s]
    [102,912/123,876  elapsed 49.3s]
    [108,032/123,876  elapsed 51.6s]
    [113,152/123,876  elapsed 53.9s]
    [118,272/123,876  elapsed 57.3s]
    [123,392/123,876  elapsed 59.8s]
  eval done in 59.9s
  by-popularity NDCG@10: tail=0.0094(n=18,342)  mid=0.0261(n=20,089)  head=0.0944(n=85,445)
  epoch  12  loss=8.7615  val_NDCG=0.0708  [test sequestered]  (80.9s)
  evaluating 123,876 users in batches of 512...
    [512/123,876  elapsed 0.4s]
    [5,632/123,876  elapsed 4.7s]
    [10,752/123,876  elapsed 9.1s]
    [15,872/123,876  elapsed 13.5s]
    [20,992/123,876  elapsed 18.1s]
    [26,112/123,876  elapsed 22.4s]
    [31,232/123,876  elapsed 25.4s]
    [36,352/123,876  elapsed 26.5s]
    [41,472/123,876  elapsed 27.8s]
    [46,592/123,876  elapsed 32.1s]
    [51,712/123,876  elapsed 36.5s]
    [56,832/123,876  elapsed 41.1s]
    [61,952/123,876  elapsed 45.7s]
    [67,072/123,876  elapsed 50.2s]
    [72,192/123,876  elapsed 54.6s]
    [77,312/123,876  elapsed 59.1s]
    [82,432/123,876  elapsed 62.8s]
    [87,552/123,876  elapsed 64.1s]
    [92,672/123,876  elapsed 66.9s]
    [97,792/123,876  elapsed 71.6s]
    [102,912/123,876  elapsed 76.0s]
    [108,032/123,876  elapsed 80.6s]
    [113,152/123,876  elapsed 85.3s]
    [118,272/123,876  elapsed 90.0s]
    [123,392/123,876  elapsed 94.7s]
  eval done in 95.1s
  by-popularity NDCG@10: tail=0.0093(n=18,342)  mid=0.0265(n=20,089)  head=0.0948(n=85,445)
  epoch  13  loss=8.7139  val_NDCG=0.0711  [test sequestered]  (45.4s)
  evaluating 123,876 users in batches of 512...
    [512/123,876  elapsed 0.5s]
    [5,632/123,876  elapsed 4.8s]
    [10,752/123,876  elapsed 9.0s]
    [15,872/123,876  elapsed 13.3s]
    [20,992/123,876  elapsed 17.6s]
    [26,112/123,876  elapsed 22.0s]
    [31,232/123,876  elapsed 26.3s]
    [36,352/123,876  elapsed 30.7s]
    [41,472/123,876  elapsed 31.7s]
    [46,592/123,876  elapsed 33.1s]
    [51,712/123,876  elapsed 34.4s]
    [56,832/123,876  elapsed 36.2s]
    [61,952/123,876  elapsed 38.1s]
    [67,072/123,876  elapsed 42.6s]
    [72,192/123,876  elapsed 47.1s]    [20,992/57,439 23s]
    [41,472/57,439 47s]
  VAL selected {'profile': 'exp0.9', 'wt_tail': 0.4, 'wt_mid': 0.1, 'wt_head': 0.1} (feasible 31/84; val f15 0.00650 vs ref 0.00179)
  [test] sequestered pass: ref + selected + 4 controls ...
  test pass complete (values sequestered to the artifact)
wrote C:\Users\rayxc\Documents\R\_bestrec_run\results_Musical_Instruments_COLDFUSE2_confirm_seed20260747.json (metrics sequestered)
  random seed set to 20260747
=== Industrial_and_Scientific: load splits ===
  n_users=50,985  n_items=25,848  pad_id=25848
  built sequences for 50,985 users
  built timestamp sequences (12 time buckets)
  loading SBERT embeddings from C:\Users\rayxc\Documents\R\cache_5core\sbert_titles_Industrial_and_Scientific.npy...
  TAPE: k-means 25,848 text embeddings into K=512 prototypes (tau=0.05)...
  TAPE: K=512 mean max-assignment weight = 0.591 (1.0 = hard clustering)

=== Build SASRec-SBERT (d=64, layers=4, heads=2) ===
  total params: 11,750,463  device=cuda
  50,985 training examples / 200 batches per epoch
  init_state_sha256 = 5681aa140dbabff323fbb39d333b5959b3026a7de0ef890aa88aba0e989894d3
  LR schedule: warmup_cosine (200 warmup + 3800 cosine steps)

=== Train for 20 epochs ===
  evaluating 50,985 users in batches of 512...
    [512/50,985  elapsed 0.3s]
    [5,632/50,985  elapsed 2.9s]
    [10,752/50,985  elapsed 5.0s]
    [15,872/50,985  elapsed 14.6s]
    [20,992/50,985  elapsed 23.8s]
    [26,112/50,985  elapsed 33.1s]
    [31,232/50,985  elapsed 41.8s]
    [36,352/50,985  elapsed 47.1s]
    [41,472/50,985  elapsed 50.2s]
    [46,592/50,985  elapsed 52.9s]
  eval done in 55.2s
  by-popularity NDCG@10: tail=0.0000(n=9,330)  mid=0.0002(n=8,951)  head=0.0292(n=32,704)
  epoch   1  loss=9.7662  val_NDCG=0.0188  [test sequestered]  (6.0s)
  evaluating 50,985 users in batches of 512...
    [512/50,985  elapsed 0.2s]
    [5,632/50,985  elapsed 3.2s]
    [10,752/50,985  elapsed 5.7s]
    [15,872/50,985  elapsed 8.3s]
    [20,992/50,985  elapsed 10.8s]
    [26,112/50,985  elapsed 13.6s]
    [31,232/50,985  elapsed 16.0s]
    [36,352/50,985  elapsed 19.0s]
    [41,472/50,985  elapsed 21.6s]
    [46,592/50,985  elapsed 24.1s]
  eval done in 26.4s
  by-popularity NDCG@10: tail=0.0001(n=9,330)  mid=0.0003(n=8,951)  head=0.0420(n=32,704)
  epoch   2  loss=9.2283  val_NDCG=0.0270  [test sequestered]  (5.9s)
  evaluating 50,985 users in batches of 512...
    [512/50,985  elapsed 0.3s]
    [5,632/50,985  elapsed 2.9s]
    [10,752/50,985  elapsed 5.4s]
    [15,872/50,985  elapsed 7.9s]
    [20,992/50,985  elapsed 10.7s]
    [26,112/50,985  elapsed 13.3s]
    [31,232/50,985  elapsed 16.0s]
    [36,352/50,985  elapsed 18.5s]
    [41,472/50,985  elapsed 21.3s]
    [46,592/50,985  elapsed 23.9s]
  eval done in 25.4s
  by-popularity NDCG@10: tail=0.0001(n=9,330)  mid=0.0011(n=8,951)  head=0.0499(n=32,704)
  epoch   3  loss=9.0185  val_NDCG=0.0322  [test sequestered]  (6.0s)
  evaluating 50,985 users in batches of 512...
    [512/50,985  elapsed 0.9s]
    [5,632/50,985  elapsed 9.8s]
    [10,752/50,985  elapsed 18.6s]
    [15,872/50,985  elapsed 27.0s]
    [20,992/50,985  elapsed 33.5s]
    [26,112/50,985  elapsed 36.5s]
    [31,232/50,985  elapsed 39.0s]
    [36,352/50,985  elapsed 41.8s]
    [41,472/50,985  elapsed 44.8s]
    [46,592/50,985  elapsed 47.6s]
  eval done in 49.7s
  by-popularity NDCG@10: tail=0.0003(n=9,330)  mid=0.0025(n=8,951)  head=0.0545(n=32,704)
  epoch   4  loss=8.8698  val_NDCG=0.0355  [test sequestered]  (10.8s)
  evaluating 50,985 users in batches of 512...
    [512/50,985  elapsed 0.3s]
    [5,632/50,985  elapsed 3.1s]
    [10,752/50,985  elapsed 5.6s]
    [15,872/50,985  elapsed 8.0s]
    [20,992/50,985  elapsed 10.7s]
    [26,112/50,985  elapsed 13.4s]
    [31,232/50,985  elapsed 16.1s]
    [36,352/50,985  elapsed 18.9s]
    [41,472/50,985  elapsed 21.5s]
    [46,592/50,985  elapsed 24.3s]
  eval done in 26.4s
  by-popularity NDCG@10: tail=0.0004(n=9,330)  mid=0.0041(n=8,951)  head=0.0563(n=32,704)
  epoch   5  loss=8.7514  val_NDCG=0.0369  [test sequestered]  (5.9s)
  evaluating 50,985 users in batches of 512...
    [512/50,985  elapsed 0.2s]
    [5,632/50,985  elapsed 2.9s]
    [10,752/50,985  elapsed 5.4s]
    [15,872/50,985  elapsed 8.1s]
    [20,992/50,985  elapsed 10.5s]
    [26,112/50,985  elapsed 13.6s]
    [31,232/50,985  elapsed 16.2s]
    [36,352/50,985  elapsed 19.8s]
    [41,472/50,985  elapsed 28.5s]
    [46,592/50,985  elapsed 37.2s]
  eval done in 44.8s
  by-popularity NDCG@10: tail=0.0006(n=9,330)  mid=0.0060(n=8,951)  head=0.0590(n=32,704)
  epoch   6  loss=8.6553  val_NDCG=0.0390  [test sequestered]  (5.9s)
  evaluating 50,985 users in batches of 512...
    [512/50,985  elapsed 0.8s]
    [5,632/50,985  elapsed 7.0s]
    [10,752/50,985  elapsed 9.8s]
    [15,872/50,985  elapsed 12.4s]
    [20,992/50,985  elapsed 15.2s]
    [26,112/50,985  elapsed 17.8s]
    [31,232/50,985  elapsed 20.3s]
    [36,352/50,985  elapsed 23.1s]
    [41,472/50,985  elapsed 25.7s]
    [46,592/50,985  elapsed 28.7s]
  eval done in 30.9s
  by-popularity NDCG@10: tail=0.0011(n=9,330)  mid=0.0076(n=8,951)  head=0.0598(n=32,704)
  epoch   7  loss=8.5667  val_NDCG=0.0399  [test sequestered]  (10.9s)
  evaluating 50,985 users in batches of 512...
    [512/50,985  elapsed 0.1s]
    [5,632/50,985  elapsed 2.5s]
    [10,752/50,985  elapsed 6.1s]
    [15,872/50,985  elapsed 8.2s]
    [20,992/50,985  elapsed 10.3s]
    [26,112/50,985  elapsed 12.5s]
    [31,232/50,985  elapsed 14.6s]
    [36,352/50,985  elapsed 16.7s]
    [41,472/50,985  elapsed 18.8s]
    [46,592/50,985  elapsed 20.9s]
  eval done in 22.8s
  by-popularity NDCG@10: tail=0.0013(n=9,330)  mid=0.0089(n=8,951)  head=0.0600(n=32,704)
  epoch   8  loss=8.4897  val_NDCG=0.0403  [test sequestered]  (9.8s)
  evaluating 50,985 users in batches of 512...
    [512/50,985  elapsed 0.1s]
    [5,632/50,985  elapsed 3.7s]
    [10,752/50,985  elapsed 5.9s]
    [15,872/50,985  elapsed 8.1s]
    [20,992/50,985  elapsed 10.2s]
    [26,112/50,985  elapsed 12.4s]
    [31,232/50,985  elapsed 14.6s]
    [36,352/50,985  elapsed 16.8s]
    [41,472/50,985  elapsed 20.5s]
    [46,592/50,985  elapsed 23.1s]
  eval done in 25.5s
  by-popularity NDCG@10: tail=0.0015(n=9,330)  mid=0.0102(n=8,951)  head=0.0600(n=32,704)
  epoch   9  loss=8.4214  val_NDCG=0.0406  [test sequestered]  (10.7s)
  evaluating 50,985 users in batches of 512...
    [512/50,985  elapsed 0.1s]
    [5,632/50,985  elapsed 3.8s]
    [10,752/50,985  elapsed 5.9s]
    [15,872/50,985  elapsed 8.2s]
    [20,992/50,985  elapsed 10.4s]
    [26,112/50,985  elapsed 12.4s]
    [31,232/50,985  elapsed 14.6s]
    [36,352/50,985  elapsed 18.0s]
    [41,472/50,985  elapsed 20.1s]
    [46,592/50,985  elapsed 22.7s]
  eval done in 25.1s
  by-popularity NDCG@10: tail=0.0016(n=9,330)  mid=0.0111(n=8,951)  head=0.0601(n=32,704)
  epoch  10  loss=8.3622  val_NDCG=0.0408  [test sequestered]  (11.3s)
  evaluating 50,985 users in batches of 512...
    [512/50,985  elapsed 0.1s]
    [5,632/50,985  elapsed 2.3s]
    [10,752/50,985  elapsed 4.5s]
    [15,872/50,985  elapsed 7.9s]
    [20,992/50,985  elapsed 10.2s]
    [26,112/50,985  elapsed 12.4s]
    [31,232/50,985  elapsed 14.8s]
    [36,352/50,985  elapsed 18.5s]
    [41,472/50,985  elapsed 21.1s]
    [46,592/50,985  elapsed 24.8s]
  eval done in 27.2s
  by-popularity NDCG@10: tail=0.0018(n=9,330)  mid=0.0116(n=8,951)  head=0.0602(n=32,704)
  epoch  11  loss=8.3088  val_NDCG=0.0410  [test sequestered]  (11.0s)
  evaluating 50,985 users in batches of 512...
    [512/50,985  elapsed 0.1s]
    [5,632/50,985  elapsed 2.4s]
    [10,752/50,985  elapsed 6.2s]
    [15,872/50,985  elapsed 8.5s]
    [20,992/50,985  elapsed 10.7s]
    [26,112/50,985  elapsed 12.9s]
    [31,232/50,985  elapsed 15.1s]
    [36,352/50,985  elapsed 18.7s]
    [41,472/50,985  elapsed 21.0s]
    [46,592/50,985  elapsed 23.2s]
  eval done in 25.4s
  by-popularity NDCG@10: tail=0.0020(n=9,330)  mid=0.0118(n=8,951)  head=0.0601(n=32,704)
  epoch  12  loss=8.2589  val_NDCG=0.0410  [test sequestered]  (12.2s)
  evaluating 50,985 users in batches of 512...
    [512/50,985  elapsed 0.1s]
    [5,632/50,985  elapsed 2.3s]
    [10,752/50,985  elapsed 4.6s]
    [15,872/50,985  elapsed 8.0s]
    [20,992/50,985  elapsed 10.2s]
    [26,112/50,985  elapsed 12.9s]
    [31,232/50,985  elapsed 16.2s]
    [36,352/50,985  elapsed 18.4s]
    [41,472/50,985  elapsed 20.7s]
    [46,592/50,985  elapsed 22.8s]
    [77,312/123,876  elapsed 51.7s]
    [82,432/123,876  elapsed 56.2s]
    [87,552/123,876  elapsed 60.8s]
    [92,672/123,876  elapsed 65.4s]
    [97,792/123,876  elapsed 70.0s]
    [102,912/123,876  elapsed 75.0s]
    [108,032/123,876  elapsed 80.2s]
    [113,152/123,876  elapsed 85.5s]
    [118,272/123,876  elapsed 90.6s]
    [123,392/123,876  elapsed 95.9s]
  eval done in 96.3s
  by-popularity NDCG@10: tail=0.0102(n=18,342)  mid=0.0277(n=20,089)  head=0.0953(n=85,445)
  epoch  14  loss=8.6716  val_NDCG=0.0717  [test sequestered]  (42.8s)
  evaluating 123,876 users in batches of 512...
    [512/123,876  elapsed 0.4s]
    [5,632/123,876  elapsed 4.5s]
    [10,752/123,876  elapsed 8.8s]
    [15,872/123,876  elapsed 12.8s]
    [20,992/123,876  elapsed 16.7s]
    [26,112/123,876  elapsed 20.5s]
    [31,232/123,876  elapsed 24.4s]
    [36,352/123,876  elapsed 28.3s]
    [41,472/123,876  elapsed 32.3s]
    [46,592/123,876  elapsed 36.3s]
    [51,712/123,876  elapsed 40.4s]
    [56,832/123,876  elapsed 44.5s]
    [61,952/123,876  elapsed 48.3s]
    [67,072/123,876  elapsed 52.1s]
    [72,192/123,876  elapsed 56.1s]
    [77,312/123,876  elapsed 59.8s]
    [82,432/123,876  elapsed 63.6s]
    [87,552/123,876  elapsed 67.4s]
    [92,672/123,876  elapsed 71.3s]
    [97,792/123,876  elapsed 72.9s]
    [102,912/123,876  elapsed 74.5s]
    [108,032/123,876  elapsed 76.4s]
    [113,152/123,876  elapsed 79.5s]
    [118,272/123,876  elapsed 83.8s]
    [123,392/123,876  elapsed 86.7s]
  eval done in 87.0s
  by-popularity NDCG@10: tail=0.0104(n=18,342)  mid=0.0276(n=20,089)  head=0.0957(n=85,445)
  epoch  15  loss=8.6345  val_NDCG=0.0721  [test sequestered]  (45.3s)
  evaluating 123,876 users in batches of 512...
    [512/123,876  elapsed 0.3s]
    [5,632/123,876  elapsed 3.3s]
    [10,752/123,876  elapsed 6.3s]
    [15,872/123,876  elapsed 9.0s]
    [20,992/123,876  elapsed 12.8s]
    [26,112/123,876  elapsed 16.9s]
    [31,232/123,876  elapsed 19.9s]
    [36,352/123,876  elapsed 22.8s]
    [41,472/123,876  elapsed 25.5s]
    [46,592/123,876  elapsed 28.4s]
    [51,712/123,876  elapsed 31.0s]
    [56,832/123,876  elapsed 34.2s]
    [61,952/123,876  elapsed 36.9s]
    [67,072/123,876  elapsed 39.6s]
    [72,192/123,876  elapsed 42.2s]
    [77,312/123,876  elapsed 46.8s]
    [82,432/123,876  elapsed 50.3s]
    [87,552/123,876  elapsed 53.1s]
    [92,672/123,876  elapsed 55.9s]
    [97,792/123,876  elapsed 58.8s]
    [102,912/123,876  elapsed 61.6s]
    [108,032/123,876  elapsed 64.5s]
    [113,152/123,876  elapsed 67.3s]
    [118,272/123,876  elapsed 70.2s]
    [123,392/123,876  elapsed 73.1s]
  eval done in 73.3s
  by-popularity NDCG@10: tail=0.0106(n=18,342)  mid=0.0279(n=20,089)  head=0.0964(n=85,445)
  epoch  16  loss=8.6045  val_NDCG=0.0726  [test sequestered]  (40.9s)
  evaluating 123,876 users in batches of 512...
    [512/123,876  elapsed 0.2s]
    [5,632/123,876  elapsed 3.3s]
    [10,752/123,876  elapsed 6.0s]
    [15,872/123,876  elapsed 8.9s]
    [20,992/123,876  elapsed 12.0s]
    [26,112/123,876  elapsed 14.9s]
    [31,232/123,876  elapsed 17.3s]
    [36,352/123,876  elapsed 22.3s]
    [41,472/123,876  elapsed 25.8s]
    [46,592/123,876  elapsed 28.5s]
    [51,712/123,876  elapsed 31.0s]
    [56,832/123,876  elapsed 33.9s]
    [61,952/123,876  elapsed 36.7s]
    [67,072/123,876  elapsed 39.6s]
    [72,192/123,876  elapsed 42.5s]
    [77,312/123,876  elapsed 45.3s]
    [82,432/123,876  elapsed 48.3s]
    [87,552/123,876  elapsed 51.3s]
    [92,672/123,876  elapsed 56.0s]
    [97,792/123,876  elapsed 58.7s]
    [102,912/123,876  elapsed 61.4s]
    [108,032/123,876  elapsed 64.2s]
    [113,152/123,876  elapsed 67.1s]
    [118,272/123,876  elapsed 70.2s]
    [123,392/123,876  elapsed 73.0s]
  eval done in 73.3s
  by-popularity NDCG@10: tail=0.0107(n=18,342)  mid=0.0284(n=20,089)  head=0.0962(n=85,445)
  epoch  17  loss=8.5791  val_NDCG=0.0725  [test sequestered]  (43.5s)
  evaluating 123,876 users in batches of 512...
    [512/123,876  elapsed 0.3s]
    [5,632/123,876  elapsed 3.6s]
    [10,752/123,876  elapsed 6.1s]
    [15,872/123,876  elapsed 9.3s]
    [20,992/123,876  elapsed 12.1s]
    [26,112/123,876  elapsed 14.8s]
    [31,232/123,876  elapsed 17.4s]
    [36,352/123,876  elapsed 20.2s]
    [41,472/123,876  elapsed 23.4s]
    [46,592/123,876  elapsed 26.4s]
    [51,712/123,876  elapsed 30.2s]
    [56,832/123,876  elapsed 32.4s]
    [61,952/123,876  elapsed 34.5s]
    [67,072/123,876  elapsed 36.8s]
    [72,192/123,876  elapsed 40.6s]
    [77,312/123,876  elapsed 42.9s]
    [82,432/123,876  elapsed 45.3s]
    [87,552/123,876  elapsed 48.5s]
    [92,672/123,876  elapsed 50.8s]
    [97,792/123,876  elapsed 53.0s]
    [102,912/123,876  elapsed 55.2s]
    [108,032/123,876  elapsed 57.4s]
    [113,152/123,876  elapsed 59.8s]
    [118,272/123,876  elapsed 63.4s]
    [123,392/123,876  elapsed 65.6s]
  eval done in 65.7s
  by-popularity NDCG@10: tail=0.0107(n=18,342)  mid=0.0283(n=20,089)  head=0.0964(n=85,445)
  epoch  18  loss=8.5600  val_NDCG=0.0727  [test sequestered]  (43.6s)
  evaluating 123,876 users in batches of 512...
    [512/123,876  elapsed 1.2s]
    [5,632/123,876  elapsed 3.4s]
    [10,752/123,876  elapsed 5.7s]
    [15,872/123,876  elapsed 8.1s]
    [20,992/123,876  elapsed 10.4s]
    [26,112/123,876  elapsed 13.9s]
    [31,232/123,876  elapsed 16.5s]
    [36,352/123,876  elapsed 20.1s]
    [41,472/123,876  elapsed 22.8s]
    [46,592/123,876  elapsed 26.5s]
    [51,712/123,876  elapsed 29.3s]
    [56,832/123,876  elapsed 33.0s]
    [61,952/123,876  elapsed 35.6s]
    [67,072/123,876  elapsed 39.0s]
    [72,192/123,876  elapsed 41.5s]
    [77,312/123,876  elapsed 44.1s]
    [82,432/123,876  elapsed 47.4s]
    [87,552/123,876  elapsed 49.7s]
    [92,672/123,876  elapsed 52.1s]
    [97,792/123,876  elapsed 55.6s]
    [102,912/123,876  elapsed 58.2s]
    [108,032/123,876  elapsed 60.5s]
    [113,152/123,876  elapsed 64.0s]
    [118,272/123,876  elapsed 66.6s]
    [123,392/123,876  elapsed 68.9s]
  eval done in 69.0s
  by-popularity NDCG@10: tail=0.0108(n=18,342)  mid=0.0283(n=20,089)  head=0.0964(n=85,445)
  epoch  19  loss=8.5483  val_NDCG=0.0727  [test sequestered]  (79.3s)
  evaluating 123,876 users in batches of 512...
    [512/123,876  elapsed 0.1s]
    [5,632/123,876  elapsed 2.3s]
    [10,752/123,876  elapsed 4.6s]
    [15,872/123,876  elapsed 8.0s]
    [20,992/123,876  elapsed 10.3s]
    [26,112/123,876  elapsed 12.6s]
    [31,232/123,876  elapsed 14.8s]
    [36,352/123,876  elapsed 17.1s]
    [41,472/123,876  elapsed 20.5s]
    [46,592/123,876  elapsed 22.7s]
    [51,712/123,876  elapsed 25.0s]
    [56,832/123,876  elapsed 27.5s]
    [61,952/123,876  elapsed 31.3s]
    [67,072/123,876  elapsed 33.9s]
    [72,192/123,876  elapsed 37.7s]
    [77,312/123,876  elapsed 41.4s]
    [82,432/123,876  elapsed 44.1s]
    [87,552/123,876  elapsed 47.6s]
    [92,672/123,876  elapsed 50.3s]
    [97,792/123,876  elapsed 52.7s]
    [102,912/123,876  elapsed 55.9s]
    [108,032/123,876  elapsed 58.2s]
    [113,152/123,876  elapsed 60.5s]
    [118,272/123,876  elapsed 62.8s]
    [123,392/123,876  elapsed 65.2s]
  eval done in 66.4s
  by-popularity NDCG@10: tail=0.0108(n=18,342)  mid=0.0283(n=20,089)  head=0.0964(n=85,445)
  epoch  20  loss=8.5423  val_NDCG=0.0727  [test sequestered]  (77.3s)

=== Best by val NDCG@10 ===
  val_NDCG=0.0727
  best_ckpt_sha256 = 13d6118ee6733f88e689c76da6d558cdccae5c940154a563b5c01836df78e1e4

wrote C:\Users\rayxc\Documents\R\_bestrec_run\results_CDS_COLDFUSE2_base_seed20260742.json
=== COLDFUSE2 confirm: CDs_and_Vinyl seed 20260742 (ease=no; test sequestered) ===
  [val] streaming sweep: 85 systems ...
    [512/123,876 1s]
    [20,992/123,876 36s]
    [41,472/123,876 73s]
    [61,952/123,876 108s]
    [82,432/123,876 145s]
    [102,912/123,876 179s]
    [123,392/123,876 216s]
  VAL selected {'profile': 'exp0.9', 'wt_tail': 0.2, 'wt_mid': 0.05, 'wt_head': 0.05} (feasible 8/84; val f15 0.01475 vs ref 0.01024)
  [test] sequestered pass: ref + selected + 4 controls ...

  eval done in 24.9s
  by-popularity NDCG@10: tail=0.0023(n=9,330)  mid=0.0122(n=8,951)  head=0.0601(n=32,704)
  epoch  13  loss=8.2196  val_NDCG=0.0411  [test sequestered]  (12.0s)
  evaluating 50,985 users in batches of 512...
    [512/50,985  elapsed 0.1s]
    [5,632/50,985  elapsed 2.6s]
    [10,752/50,985  elapsed 4.8s]
    [15,872/50,985  elapsed 7.1s]
    [20,992/50,985  elapsed 10.3s]
    [26,112/50,985  elapsed 12.6s]
    [31,232/50,985  elapsed 14.9s]
    [36,352/50,985  elapsed 17.2s]
    [41,472/50,985  elapsed 19.4s]
    [46,592/50,985  elapsed 21.8s]
  eval done in 23.8s
  by-popularity NDCG@10: tail=0.0024(n=9,330)  mid=0.0126(n=8,951)  head=0.0599(n=32,704)
  epoch  14  loss=8.1825  val_NDCG=0.0410  [test sequestered]  (11.8s)
  evaluating 50,985 users in batches of 512...
    [512/50,985  elapsed 0.1s]
    [5,632/50,985  elapsed 2.3s]
    [10,752/50,985  elapsed 4.7s]
    [15,872/50,985  elapsed 7.0s]
    [20,992/50,985  elapsed 9.2s]
    [26,112/50,985  elapsed 12.6s]
    [31,232/50,985  elapsed 14.8s]
    [36,352/50,985  elapsed 17.1s]
    [41,472/50,985  elapsed 19.4s]
    [46,592/50,985  elapsed 21.6s]
  eval done in 23.7s
  by-popularity NDCG@10: tail=0.0024(n=9,330)  mid=0.0128(n=8,951)  head=0.0599(n=32,704)
  epoch  15  loss=8.1544  val_NDCG=0.0411  [test sequestered]  (11.5s)
  evaluating 50,985 users in batches of 512...
    [512/50,985  elapsed 0.1s]
    [5,632/50,985  elapsed 3.8s]
    [10,752/50,985  elapsed 7.6s]
    [15,872/50,985  elapsed 10.0s]
    [20,992/50,985  elapsed 12.7s]
    [26,112/50,985  elapsed 16.2s]
    [31,232/50,985  elapsed 18.4s]
    [36,352/50,985  elapsed 20.6s]
    [41,472/50,985  elapsed 22.9s]
    [46,592/50,985  elapsed 25.1s]
  eval done in 27.1s
  by-popularity NDCG@10: tail=0.0025(n=9,330)  mid=0.0127(n=8,951)  head=0.0595(n=32,704)
  epoch  16  loss=8.1323  val_NDCG=0.0409  [test sequestered]  (12.4s)
  evaluating 50,985 users in batches of 512...
    [512/50,985  elapsed 0.1s]
    [5,632/50,985  elapsed 1.5s]
    [10,752/50,985  elapsed 3.2s]
    [15,872/50,985  elapsed 4.7s]
    [20,992/50,985  elapsed 8.2s]
    [26,112/50,985  elapsed 14.9s]
    [31,232/50,985  elapsed 21.3s]
    [36,352/50,985  elapsed 28.4s]
    [41,472/50,985  elapsed 35.2s]
    [46,592/50,985  elapsed 41.7s]
  eval done in 47.4s
  by-popularity NDCG@10: tail=0.0026(n=9,330)  mid=0.0129(n=8,951)  head=0.0598(n=32,704)
  epoch  17  loss=8.1120  val_NDCG=0.0411  [test sequestered]  (7.8s)
  evaluating 50,985 users in batches of 512...
    [512/50,985  elapsed 0.8s]
    [5,632/50,985  elapsed 7.9s]
    [10,752/50,985  elapsed 14.1s]
    [15,872/50,985  elapsed 20.8s]
    [20,992/50,985  elapsed 27.5s]
    [26,112/50,985  elapsed 34.1s]
    [31,232/50,985  elapsed 40.6s]
    [36,352/50,985  elapsed 47.3s]
    [41,472/50,985  elapsed 54.2s]
    [46,592/50,985  elapsed 61.0s]
  eval done in 66.8s
  by-popularity NDCG@10: tail=0.0026(n=9,330)  mid=0.0128(n=8,951)  head=0.0596(n=32,704)
  epoch  18  loss=8.0992  val_NDCG=0.0410  [test sequestered]  (8.1s)
  evaluating 50,985 users in batches of 512...
    [512/50,985  elapsed 0.7s]
    [5,632/50,985  elapsed 7.2s]
    [10,752/50,985  elapsed 13.7s]
    [15,872/50,985  elapsed 20.4s]
    [20,992/50,985  elapsed 27.1s]
    [26,112/50,985  elapsed 33.8s]
    [31,232/50,985  elapsed 40.1s]
    [36,352/50,985  elapsed 46.9s]
    [41,472/50,985  elapsed 53.7s]
    [46,592/50,985  elapsed 60.3s]
  eval done in 66.3s
  by-popularity NDCG@10: tail=0.0026(n=9,330)  mid=0.0129(n=8,951)  head=0.0597(n=32,704)
  epoch  19  loss=8.0919  val_NDCG=0.0410  [test sequestered]  (8.2s)
  evaluating 50,985 users in batches of 512...
    [512/50,985  elapsed 0.7s]
    [5,632/50,985  elapsed 7.1s]
    [10,752/50,985  elapsed 13.9s]
    [15,872/50,985  elapsed 19.2s]
    [20,992/50,985  elapsed 22.9s]
    [26,112/50,985  elapsed 26.5s]
    [31,232/50,985  elapsed 30.1s]
    [36,352/50,985  elapsed 33.7s]
    [41,472/50,985  elapsed 37.1s]
    [46,592/50,985  elapsed 40.6s]
  eval done in 43.5s
  by-popularity NDCG@10: tail=0.0026(n=9,330)  mid=0.0129(n=8,951)  head=0.0597(n=32,704)
  epoch  20  loss=8.0884  val_NDCG=0.0410  [test sequestered]  (8.2s)

=== Best by val NDCG@10 ===
  val_NDCG=0.0411
  best_ckpt_sha256 = 5f630c90b6c8db8eae2b29d29f58bacb89c84b2a1304190f13f1c5c7581fcb9f

wrote C:\Users\rayxc\Documents\R\_bestrec_run\results_IS_COLDFUSE2_base_seed20260747.json
  test pass complete (values sequestered to the artifact)
wrote C:\Users\rayxc\Documents\R\_bestrec_run\results_CDs_and_Vinyl_COLDFUSE2_confirm_seed20260742.json (metrics sequestered)
=== fusion eval: Industrial_and_Scientific  ckpt=results_IS_COLDFUSE2_base_seed20260747.best.pt ===
  n_users=50,985 n_items=25,848
  ckpt from epoch 13 (val NDCG@10 0.04111)

--- EASE l2=50.0: fit + VAL sweep ---
  EASE l2=50.0: verified cache hit (d28f5247ad74bb2ca98101ea)
    [512/50,985 elapsed 0.7s]
    [10,752/50,985 elapsed 9.5s]
    [20,992/50,985 elapsed 18.5s]
    [31,232/50,985 elapsed 27.6s]
    [41,472/50,985 elapsed 37.6s]
  VAL seq NDCG@10=0.04111  ease=0.03204
    w=0.01: val fused NDCG@10=0.04254
    w=0.02: val fused NDCG@10=0.04335
    w=0.03: val fused NDCG@10=0.04412
    w=0.04: val fused NDCG@10=0.04417
    w=0.05: val fused NDCG@10=0.04426
    w=0.06: val fused NDCG@10=0.04420
    w=0.075: val fused NDCG@10=0.04393
    w=0.1: val fused NDCG@10=0.04304

--- EASE l2=100.0: fit + VAL sweep ---
  EASE l2=100.0: verified cache hit (86f11547255059bac929520a)
    [512/50,985 elapsed 0.5s]
    [10,752/50,985 elapsed 9.7s]
    [20,992/50,985 elapsed 19.1s]
    [31,232/50,985 elapsed 29.5s]
    [41,472/50,985 elapsed 39.1s]
  VAL seq NDCG@10=0.04111  ease=0.03244
    w=0.01: val fused NDCG@10=0.04267
    w=0.02: val fused NDCG@10=0.04352
    w=0.03: val fused NDCG@10=0.04417
    w=0.04: val fused NDCG@10=0.04439
    w=0.05: val fused NDCG@10=0.04441
    w=0.06: val fused NDCG@10=0.04438
    w=0.075: val fused NDCG@10=0.04396
    w=0.1: val fused NDCG@10=0.04323

--- EASE l2=200.0: fit + VAL sweep ---
  EASE l2=200.0: verified cache hit (1bfb20051d435aabf3466aaf)
    [512/50,985 elapsed 0.4s]
    [10,752/50,985 elapsed 9.6s]
    [20,992/50,985 elapsed 18.5s]
    [31,232/50,985 elapsed 27.6s]
    [41,472/50,985 elapsed 34.0s]
  VAL seq NDCG@10=0.04111  ease=0.03267
    w=0.01: val fused NDCG@10=0.04279
    w=0.02: val fused NDCG@10=0.04355
    w=0.03: val fused NDCG@10=0.04430
    w=0.04: val fused NDCG@10=0.04443
    w=0.05: val fused NDCG@10=0.04424
    w=0.06: val fused NDCG@10=0.04421
    w=0.075: val fused NDCG@10=0.04392
    w=0.1: val fused NDCG@10=0.04322

--- EASE l2=500.0: fit + VAL sweep ---
  EASE l2=500.0: verified cache hit (8c221fc270ad79e08936f981)
    [512/50,985 elapsed 0.6s]
    [10,752/50,985 elapsed 11.1s]
    [20,992/50,985 elapsed 23.1s]
    [31,232/50,985 elapsed 34.0s]
    [41,472/50,985 elapsed 44.7s]
  VAL seq NDCG@10=0.04111  ease=0.03235
    w=0.01: val fused NDCG@10=0.04273
    w=0.02: val fused NDCG@10=0.04353
    w=0.03: val fused NDCG@10=0.04407
    w=0.04: val fused NDCG@10=0.04432
    w=0.05: val fused NDCG@10=0.04419
    w=0.06: val fused NDCG@10=0.04394
    w=0.075: val fused NDCG@10=0.04360
    w=0.1: val fused NDCG@10=0.04304

=== selected on VAL: l2=200.0, w=0.04 (val fused NDCG@10=0.04443) ===
wrote C:\Users\rayxc\Documents\R\_bestrec_run\results_IS_COLDFUSE2_base_seed20260747.fusion.json (VAL-ONLY; test sequestered)
=== COLDFUSE2 confirm: Industrial_and_Scientific seed 20260747 (ease=yes; test sequestered) ===
  EASE l2=200.0: verified cache hit (1bfb20051d435aabf3466aaf)
  [val] streaming sweep: 85 systems ...
    [512/50,985 1s]
    [20,992/50,985 45s]
    [41,472/50,985 77s]
  VAL selected {'profile': 'exp0.9', 'wt_tail': 0.25, 'wt_mid': 0.1, 'wt_head': 0.1} (feasible 16/84; val f15 0.00620 vs ref 0.00342)
  [test] sequestered pass: ref + selected + 4 controls ...
  test pass complete (values sequestered to the artifact)
wrote C:\Users\rayxc\Documents\R\_bestrec_run\results_Industrial_and_Scientific_COLDFUSE2_confirm_seed20260747.json (metrics sequestered)
  random seed set to 20260743
=== Video_Games: load splits ===
  n_users=94,762  n_items=25,612  pad_id=25612
  built sequences for 94,762 users
  built timestamp sequences (12 time buckets)
  loading SBERT embeddings from C:\Users\rayxc\Documents\R\cache_5core\sbert_titles_Video_Games.npy...
  TAPE: k-means 25,612 text embeddings into K=512 prototypes (tau=0.05)...
  TAPE: K=512 mean max-assignment weight = 0.502 (1.0 = hard clustering)

=== Build SASRec-SBERT (d=64, layers=4, heads=2) ===
  total params: 11,644,735  device=cuda
  94,762 training examples / 371 batches per epoch
  init_state_sha256 = ff61dd29a9ff5b011184f7402e0697dedd8a93859621bc6290d3b8015d682158
  LR schedule: warmup_cosine (742 warmup + 14098 cosine steps)

=== Train for 40 epochs ===
  epoch   1  loss=9.5349  (12.8s)
  epoch   2  loss=8.7715  (12.4s)
  epoch   3  loss=8.5277  (12.0s)
  epoch   4  loss=8.4005  (12.0s)
  epoch   5  loss=8.3210  (11.7s)
  epoch   6  loss=8.2650  (13.0s)
  epoch   7  loss=8.2209  (12.7s)
  epoch   8  loss=8.1861  (12.8s)
  epoch   9  loss=8.1571  (12.7s)
  evaluating 94,762 users in batches of 512...
    [512/94,762  elapsed 0.5s]
    [5,632/94,762  elapsed 5.7s]
    [10,752/94,762  elapsed 10.4s]
    [15,872/94,762  elapsed 15.2s]
    [20,992/94,762  elapsed 20.3s]
    [26,112/94,762  elapsed 25.2s]
    [31,232/94,762  elapsed 29.0s]
    [36,352/94,762  elapsed 32.6s]
    [41,472/94,762  elapsed 36.3s]
    [46,592/94,762  elapsed 40.1s]
    [51,712/94,762  elapsed 43.7s]
    [56,832/94,762  elapsed 47.6s]
    [61,952/94,762  elapsed 51.5s]
    [67,072/94,762  elapsed 55.5s]
    [72,192/94,762  elapsed 59.1s]
    [77,312/94,762  elapsed 62.8s]
    [82,432/94,762  elapsed 66.5s]
    [87,552/94,762  elapsed 70.2s]
    [92,672/94,762  elapsed 73.9s]
  eval done in 75.4s
  by-popularity NDCG@10: tail=0.0029(n=8,646)  mid=0.0159(n=12,134)  head=0.0912(n=73,982)
  epoch  10  loss=8.1319  val_NDCG=0.0735  [test sequestered]  (13.1s)
  epoch  11  loss=8.1102  (11.7s)
  epoch  12  loss=8.0906  (11.4s)
  epoch  13  loss=8.0705  (11.3s)
  epoch  14  loss=8.0546  (14.7s)
  epoch  15  loss=8.0396  (11.0s)
  epoch  16  loss=8.0257  (11.2s)
  epoch  17  loss=8.0139  (10.9s)
  epoch  18  loss=7.9986  (11.0s)
  epoch  19  loss=7.9886  (15.0s)
  evaluating 94,762 users in batches of 512...
    [512/94,762  elapsed 0.3s]
    [5,632/94,762  elapsed 3.5s]
    [10,752/94,762  elapsed 6.3s]
    [15,872/94,762  elapsed 9.6s]
    [20,992/94,762  elapsed 13.1s]
    [26,112/94,762  elapsed 16.5s]
    [31,232/94,762  elapsed 19.4s]
    [36,352/94,762  elapsed 22.5s]
    [41,472/94,762  elapsed 25.6s]
    [46,592/94,762  elapsed 28.7s]
    [51,712/94,762  elapsed 34.3s]
    [56,832/94,762  elapsed 38.0s]
    [61,952/94,762  elapsed 41.3s]
    [67,072/94,762  elapsed 44.3s]
    [72,192/94,762  elapsed 47.1s]
    [77,312/94,762  elapsed 50.1s]
    [82,432/94,762  elapsed 53.1s]
    [87,552/94,762  elapsed 55.8s]
    [92,672/94,762  elapsed 58.8s]
  eval done in 60.2s
  by-popularity NDCG@10: tail=0.0055(n=8,646)  mid=0.0205(n=12,134)  head=0.0933(n=73,982)
  epoch  20  loss=7.9759  val_NDCG=0.0760  [test sequestered]  (12.2s)
  epoch  21  loss=7.9661  (11.5s)
  epoch  22  loss=7.9547  (14.7s)
  epoch  23  loss=7.9471  (11.0s)
  epoch  24  loss=7.9376  (10.9s)
  epoch  25  loss=7.9250  (11.0s)
  epoch  26  loss=7.9171  (11.1s)
  epoch  27  loss=7.9091  (14.7s)
  epoch  28  loss=7.9014  (10.9s)
  epoch  29  loss=7.8947  (10.9s)
  evaluating 94,762 users in batches of 512...
    [512/94,762  elapsed 0.3s]
    [5,632/94,762  elapsed 2.8s]
    [10,752/94,762  elapsed 5.9s]
    [15,872/94,762  elapsed 9.3s]
    [20,992/94,762  elapsed 14.3s]
    [26,112/94,762  elapsed 17.1s]
    [31,232/94,762  elapsed 20.1s]
    [36,352/94,762  elapsed 22.8s]
    [41,472/94,762  elapsed 25.7s]
    [46,592/94,762  elapsed 28.3s]
    [51,712/94,762  elapsed 31.1s]
    [56,832/94,762  elapsed 34.1s]
    [61,952/94,762  elapsed 37.0s]
    [67,072/94,762  elapsed 40.0s]
    [72,192/94,762  elapsed 42.9s]
    [77,312/94,762  elapsed 45.2s]
    [82,432/94,762  elapsed 50.3s]
    [87,552/94,762  elapsed 53.6s]
    [92,672/94,762  elapsed 56.5s]
  eval done in 57.8s
  by-popularity NDCG@10: tail=0.0064(n=8,646)  mid=0.0220(n=12,134)  head=0.0938(n=73,982)
  epoch  30  loss=7.8865  val_NDCG=0.0767  [test sequestered]  (11.0s)
  epoch  31  loss=7.8818  (11.4s)
  epoch  32  loss=7.8766  (11.1s)
  epoch  33  loss=7.8705  (11.4s)
  epoch  34  loss=7.8674  (14.5s)
  epoch  35  loss=7.8624  (11.0s)
  epoch  36  loss=7.8592  (10.9s)
  epoch  37  loss=7.8555  (10.9s)
  epoch  38  loss=7.8542  (11.3s)
  epoch  39  loss=7.8532  (14.7s)
  evaluating 94,762 users in batches of 512...
    [512/94,762  elapsed 0.3s]
    [5,632/94,762  elapsed 3.0s]
    [10,752/94,762  elapsed 6.1s]
    [15,872/94,762  elapsed 8.8s]
    [20,992/94,762  elapsed 11.3s]
    [26,112/94,762  elapsed 14.2s]
    [31,232/94,762  elapsed 17.0s]
    [36,352/94,762  elapsed 19.7s]
    [41,472/94,762  elapsed 22.1s]
    [46,592/94,762  elapsed 26.9s]
    [51,712/94,762  elapsed 30.5s]
    [56,832/94,762  elapsed 33.3s]
    [61,952/94,762  elapsed 36.0s]
    [67,072/94,762  elapsed 38.7s]
    [72,192/94,762  elapsed 41.9s]
    [77,312/94,762  elapsed 44.9s]
    [82,432/94,762  elapsed 47.7s]
    [87,552/94,762  elapsed 50.7s]
    [92,672/94,762  elapsed 53.6s]
  eval done in 54.9s
  by-popularity NDCG@10: tail=0.0065(n=8,646)  mid=0.0222(n=12,134)  head=0.0939(n=73,982)
  epoch  40  loss=7.8517  val_NDCG=0.0767  [test sequestered]  (11.1s)

=== Best by val NDCG@10 ===
  val_NDCG=0.0767
  best_ckpt_sha256 = ea891384b7f6fec04c3bd16a8ea486f7847c5fee6967e208e0013fb97178e7bc

wrote C:\Users\rayxc\Documents\R\_bestrec_run\results_VG_COLDFUSE2_base_seed20260743.json
  random seed set to 20260748
=== Musical_Instruments: load splits ===
  n_users=57,439  n_items=24,587  pad_id=24587
  built sequences for 57,439 users
  built timestamp sequences (12 time buckets)
  loading SBERT embeddings from C:\Users\rayxc\Documents\R\cache_5core\sbert_titles_Musical_Instruments.npy...
  TAPE: k-means 24,587 text embeddings into K=512 prototypes (tau=0.05)...
  TAPE: K=512 mean max-assignment weight = 0.524 (1.0 = hard clustering)

=== Build SASRec-SBERT (d=64, layers=4, heads=2) ===
  total params: 11,186,047  device=cuda
  57,439 training examples / 225 batches per epoch
  init_state_sha256 = 8648aef8a0245a2b2e6a72b6b883c081176631393208ac017b96f7d5d47976d7
  LR schedule: warmup_cosine (225 warmup + 4275 cosine steps)

=== Train for 20 epochs ===
  evaluating 57,439 users in batches of 512...
    [512/57,439  elapsed 0.5s]
    [5,632/57,439  elapsed 5.0s]
    [10,752/57,439  elapsed 9.4s]
    [15,872/57,439  elapsed 13.5s]
    [20,992/57,439  elapsed 18.0s]
    [26,112/57,439  elapsed 22.2s]
    [31,232/57,439  elapsed 26.8s]
    [36,352/57,439  elapsed 31.4s]
    [41,472/57,439  elapsed 35.9s]
    [46,592/57,439  elapsed 40.2s]
    [51,712/57,439  elapsed 44.8s]
    [56,832/57,439  elapsed 49.1s]
  eval done in 49.7s
  by-popularity NDCG@10: tail=0.0001(n=7,762)  mid=0.0002(n=8,169)  head=0.0374(n=41,508)
  epoch   1  loss=9.6253  val_NDCG=0.0270  [test sequestered]  (10.6s)
  evaluating 57,439 users in batches of 512...
    [512/57,439  elapsed 0.5s]
    [5,632/57,439  elapsed 5.0s]
    [10,752/57,439  elapsed 10.0s]
    [15,872/57,439  elapsed 13.1s]
    [20,992/57,439  elapsed 15.6s]
    [26,112/57,439  elapsed 18.9s]
    [31,232/57,439  elapsed 22.3s]
    [36,352/57,439  elapsed 25.7s]
    [41,472/57,439  elapsed 28.7s]
    [46,592/57,439  elapsed 31.6s]
    [51,712/57,439  elapsed 34.2s]
    [56,832/57,439  elapsed 37.6s]
  eval done in 38.0s
  by-popularity NDCG@10: tail=0.0000(n=7,762)  mid=0.0003(n=8,169)  head=0.0462(n=41,508)
  epoch   2  loss=9.0947  val_NDCG=0.0334  [test sequestered]  (11.4s)
  evaluating 57,439 users in batches of 512...
    [512/57,439  elapsed 0.2s]
    [5,632/57,439  elapsed 3.3s]
    [10,752/57,439  elapsed 6.5s]
    [15,872/57,439  elapsed 9.2s]
    [20,992/57,439  elapsed 11.8s]
    [26,112/57,439  elapsed 14.7s]
    [31,232/57,439  elapsed 17.7s]
    [36,352/57,439  elapsed 20.1s]
    [41,472/57,439  elapsed 23.2s]
    [46,592/57,439  elapsed 25.7s]
    [51,712/57,439  elapsed 30.8s]
    [56,832/57,439  elapsed 35.1s]
  eval done in 35.6s
  by-popularity NDCG@10: tail=0.0000(n=7,762)  mid=0.0006(n=8,169)  head=0.0521(n=41,508)
  epoch   3  loss=8.9325  val_NDCG=0.0378  [test sequestered]  (7.4s)
  evaluating 57,439 users in batches of 512...
    [512/57,439  elapsed 0.5s]
    [5,632/57,439  elapsed 5.3s]
    [10,752/57,439  elapsed 9.5s]
    [15,872/57,439  elapsed 13.8s]
    [20,992/57,439  elapsed 18.1s]
    [26,112/57,439  elapsed 22.6s]
    [31,232/57,439  elapsed 27.1s]
    [36,352/57,439  elapsed 31.6s]
    [41,472/57,439  elapsed 36.0s]
    [46,592/57,439  elapsed 40.4s]
    [51,712/57,439  elapsed 44.5s]
    [56,832/57,439  elapsed 48.7s]
  eval done in 49.2s
  by-popularity NDCG@10: tail=0.0002(n=7,762)  mid=0.0013(n=8,169)  head=0.0554(n=41,508)
  epoch   4  loss=8.8270  val_NDCG=0.0402  [test sequestered]  (10.3s)
  evaluating 57,439 users in batches of 512...
    [512/57,439  elapsed 0.4s]
    [5,632/57,439  elapsed 4.8s]
    [10,752/57,439  elapsed 9.0s]
    [15,872/57,439  elapsed 13.2s]
    [20,992/57,439  elapsed 17.5s]
    [26,112/57,439  elapsed 21.7s]
    [31,232/57,439  elapsed 26.0s]
    [36,352/57,439  elapsed 30.2s]
    [41,472/57,439  elapsed 34.5s]
    [46,592/57,439  elapsed 37.8s]
    [51,712/57,439  elapsed 40.4s]
    [56,832/57,439  elapsed 43.4s]
  eval done in 43.7s
  by-popularity NDCG@10: tail=0.0005(n=7,762)  mid=0.0026(n=8,169)  head=0.0578(n=41,508)
  epoch   5  loss=8.7464  val_NDCG=0.0422  [test sequestered]  (10.4s)
  evaluating 57,439 users in batches of 512...
    [512/57,439  elapsed 0.3s]
    [5,632/57,439  elapsed 2.7s]
    [10,752/57,439  elapsed 5.7s]
    [15,872/57,439  elapsed 8.3s]
    [20,992/57,439  elapsed 10.7s]
    [26,112/57,439  elapsed 13.4s]
    [31,232/57,439  elapsed 16.2s]
    [36,352/57,439  elapsed 19.1s]
    [41,472/57,439  elapsed 21.8s]
    [46,592/57,439  elapsed 24.8s]
    [51,712/57,439  elapsed 27.3s]
    [56,832/57,439  elapsed 29.7s]
  eval done in 30.1s
  by-popularity NDCG@10: tail=0.0008(n=7,762)  mid=0.0037(n=8,169)  head=0.0585(n=41,508)
  epoch   6  loss=8.6786  val_NDCG=0.0429  [test sequestered]  (7.1s)
  evaluating 57,439 users in batches of 512...
    [512/57,439  elapsed 0.2s]
    [5,632/57,439  elapsed 2.9s]
    [10,752/57,439  elapsed 5.6s]
    [15,872/57,439  elapsed 8.9s]
    [20,992/57,439  elapsed 13.7s]
    [26,112/57,439  elapsed 17.7s]
    [31,232/57,439  elapsed 21.5s]
    [36,352/57,439  elapsed 25.8s]
    [41,472/57,439  elapsed 30.0s]
    [46,592/57,439  elapsed 34.9s]
    [51,712/57,439  elapsed 39.4s]
    [56,832/57,439  elapsed 43.7s]
  eval done in 44.2s
  by-popularity NDCG@10: tail=0.0009(n=7,762)  mid=0.0044(n=8,169)  head=0.0596(n=41,508)
  epoch   7  loss=8.6228  val_NDCG=0.0438  [test sequestered]  (7.1s)
  evaluating 57,439 users in batches of 512...
    [512/57,439  elapsed 0.4s]
    [5,632/57,439  elapsed 4.5s]
    [10,752/57,439  elapsed 8.8s]
    [15,872/57,439  elapsed 13.3s]
    [20,992/57,439  elapsed 17.7s]
    [26,112/57,439  elapsed 22.2s]
    [31,232/57,439  elapsed 26.7s]
    [36,352/57,439  elapsed 31.0s]
    [41,472/57,439  elapsed 35.1s]
    [46,592/57,439  elapsed 39.3s]
    [51,712/57,439  elapsed 42.8s]
    [56,832/57,439  elapsed 47.1s]
  eval done in 47.6s
  by-popularity NDCG@10: tail=0.0014(n=7,762)  mid=0.0054(n=8,169)  head=0.0608(n=41,508)
  epoch   8  loss=8.5700  val_NDCG=0.0449  [test sequestered]  (10.2s)
  evaluating 57,439 users in batches of 512...
    [512/57,439  elapsed 0.4s]
    [5,632/57,439  elapsed 4.5s]
    [10,752/57,439  elapsed 9.0s]
    [15,872/57,439  elapsed 12.5s]
    [20,992/57,439  elapsed 15.4s]
    [26,112/57,439  elapsed 18.2s]
    [31,232/57,439  elapsed 20.6s]
    [36,352/57,439  elapsed 23.1s]
    [41,472/57,439  elapsed 25.6s]
    [46,592/57,439  elapsed 28.4s]
    [51,712/57,439  elapsed 30.8s]
    [56,832/57,439  elapsed 33.3s]
  eval done in 33.6s
  by-popularity NDCG@10: tail=0.0016(n=7,762)  mid=0.0057(n=8,169)  head=0.0610(n=41,508)
  epoch   9  loss=8.5225  val_NDCG=0.0451  [test sequestered]  (10.5s)
  evaluating 57,439 users in batches of 512...
    [512/57,439  elapsed 0.2s]
    [5,632/57,439  elapsed 2.7s]
    [10,752/57,439  elapsed 5.4s]
    [15,872/57,439  elapsed 7.8s]
    [20,992/57,439  elapsed 10.7s]
    [26,112/57,439  elapsed 13.5s]
    [31,232/57,439  elapsed 16.6s]
    [36,352/57,439  elapsed 19.1s]
    [41,472/57,439  elapsed 21.7s]
    [46,592/57,439  elapsed 24.4s]
    [51,712/57,439  elapsed 26.4s]
    [56,832/57,439  elapsed 27.5s]
  eval done in 27.7s
  by-popularity NDCG@10: tail=0.0018(n=7,762)  mid=0.0061(n=8,169)  head=0.0608(n=41,508)
  epoch  10  loss=8.4785  val_NDCG=0.0450  [test sequestered]  (7.1s)
  evaluating 57,439 users in batches of 512...
    [512/57,439  elapsed 0.4s]
    [5,632/57,439  elapsed 4.5s]
    [10,752/57,439  elapsed 8.4s]
    [15,872/57,439  elapsed 12.4s]
    [20,992/57,439  elapsed 16.3s]
    [26,112/57,439  elapsed 20.2s]
    [31,232/57,439  elapsed 24.0s]
    [36,352/57,439  elapsed 28.0s]
    [41,472/57,439  elapsed 31.9s]
    [46,592/57,439  elapsed 35.8s]
    [51,712/57,439  elapsed 39.8s]
    [56,832/57,439  elapsed 43.8s]
  eval done in 44.3s
  by-popularity NDCG@10: tail=0.0018(n=7,762)  mid=0.0064(n=8,169)  head=0.0606(n=41,508)
  epoch  11  loss=8.4408  val_NDCG=0.0450  [test sequestered]  (7.2s)
  evaluating 57,439 users in batches of 512...
    [512/57,439  elapsed 0.4s]
    [5,632/57,439  elapsed 4.3s]
    [10,752/57,439  elapsed 8.3s]
    [15,872/57,439  elapsed 10.6s]=== fusion eval: Video_Games  ckpt=results_VG_COLDFUSE2_base_seed20260743.best.pt ===
  n_users=94,762 n_items=25,612
  ckpt from epoch 40 (val NDCG@10 0.07674)

--- EASE l2=50.0: fit + VAL sweep ---
  EASE l2=50.0: verified cache hit (b47211e7dda0ca7c06151ef3)
    [512/94,762 elapsed 0.6s]
    [10,752/94,762 elapsed 6.8s]
    [20,992/94,762 elapsed 13.2s]
    [31,232/94,762 elapsed 19.7s]
    [41,472/94,762 elapsed 26.3s]
    [51,712/94,762 elapsed 32.8s]
    [61,952/94,762 elapsed 39.2s]
    [72,192/94,762 elapsed 45.6s]
    [82,432/94,762 elapsed 54.4s]
    [92,672/94,762 elapsed 60.8s]
  VAL seq NDCG@10=0.07674  ease=0.05496
    w=0.01: val fused NDCG@10=0.07873
    w=0.02: val fused NDCG@10=0.07954
    w=0.03: val fused NDCG@10=0.07977
    w=0.04: val fused NDCG@10=0.07943
    w=0.05: val fused NDCG@10=0.07885
    w=0.06: val fused NDCG@10=0.07831
    w=0.075: val fused NDCG@10=0.07740
    w=0.1: val fused NDCG@10=0.07540

--- EASE l2=100.0: fit + VAL sweep ---
  EASE l2=100.0: verified cache hit (661845d061af3aee435f6e80)
    [512/94,762 elapsed 0.3s]
    [10,752/94,762 elapsed 6.9s]
    [20,992/94,762 elapsed 13.4s]
    [31,232/94,762 elapsed 20.0s]
    [41,472/94,762 elapsed 27.4s]
    [51,712/94,762 elapsed 35.7s]
    [61,952/94,762 elapsed 42.1s]
    [72,192/94,762 elapsed 48.7s]
    [82,432/94,762 elapsed 55.2s]
    [92,672/94,762 elapsed 62.8s]
  VAL seq NDCG@10=0.07674  ease=0.05493
    w=0.01: val fused NDCG@10=0.07871
    w=0.02: val fused NDCG@10=0.07960
    w=0.03: val fused NDCG@10=0.07967
    w=0.04: val fused NDCG@10=0.07924
    w=0.05: val fused NDCG@10=0.07865
    w=0.06: val fused NDCG@10=0.07797
    w=0.075: val fused NDCG@10=0.07688
    w=0.1: val fused NDCG@10=0.07482

--- EASE l2=200.0: fit + VAL sweep ---
  EASE l2=200.0: verified cache hit (450602262fbe02a852fdf7d9)
    [512/94,762 elapsed 0.3s]
    [10,752/94,762 elapsed 9.1s]
    [20,992/94,762 elapsed 16.2s]
    [31,232/94,762 elapsed 22.6s]
    [41,472/94,762 elapsed 28.9s]
    [51,712/94,762 elapsed 35.3s]
    [61,952/94,762 elapsed 41.6s]
    [72,192/94,762 elapsed 48.1s]
    [82,432/94,762 elapsed 54.5s]
    [92,672/94,762 elapsed 64.3s]
  VAL seq NDCG@10=0.07674  ease=0.05414
    w=0.01: val fused NDCG@10=0.07859
    w=0.02: val fused NDCG@10=0.07930
    w=0.03: val fused NDCG@10=0.07936
    w=0.04: val fused NDCG@10=0.07882
    w=0.05: val fused NDCG@10=0.07828
    w=0.06: val fused NDCG@10=0.07751
    w=0.075: val fused NDCG@10=0.07633
    w=0.1: val fused NDCG@10=0.07411

--- EASE l2=500.0: fit + VAL sweep ---
  EASE l2=500.0: verified cache hit (6d38b7cc84815e40044b74e0)
    [512/94,762 elapsed 0.3s]
    [10,752/94,762 elapsed 6.9s]
    [20,992/94,762 elapsed 13.3s]
    [31,232/94,762 elapsed 20.1s]
    [41,472/94,762 elapsed 26.6s]
    [51,712/94,762 elapsed 32.7s]
    [61,952/94,762 elapsed 42.0s]
    [72,192/94,762 elapsed 48.4s]
    [82,432/94,762 elapsed 54.8s]
    [92,672/94,762 elapsed 61.2s]
  VAL seq NDCG@10=0.07674  ease=0.05247
    w=0.01: val fused NDCG@10=0.07837
    w=0.02: val fused NDCG@10=0.07886
    w=0.03: val fused NDCG@10=0.07862
    w=0.04: val fused NDCG@10=0.07804
    w=0.05: val fused NDCG@10=0.07751
    w=0.06: val fused NDCG@10=0.07660
    w=0.075: val fused NDCG@10=0.07500
    w=0.1: val fused NDCG@10=0.07265

=== selected on VAL: l2=50.0, w=0.03 (val fused NDCG@10=0.07977) ===
wrote C:\Users\rayxc\Documents\R\_bestrec_run\results_VG_COLDFUSE2_base_seed20260743.fusion.json (VAL-ONLY; test sequestered)
=== COLDFUSE2 confirm: Video_Games seed 20260743 (ease=yes; test sequestered) ===
  EASE l2=50.0: verified cache hit (b47211e7dda0ca7c06151ef3)
  [val] streaming sweep: 85 systems ...
    [512/94,762 1s]
    [20,992/94,762 28s]
    [41,472/94,762 51s]
    [61,952/94,762 78s]
    [82,432/94,762 101s]
  VAL selected {'profile': 'exp0.9', 'wt_tail': 0.3, 'wt_mid': 0.1, 'wt_head': 0.1} (feasible 33/84; val f15 0.01077 vs ref 0.00567)
  [test] sequestered pass: ref + selected + 4 controls ...

    [20,992/57,439  elapsed 11.7s]
    [26,112/57,439  elapsed 13.1s]
    [31,232/57,439  elapsed 17.1s]
    [36,352/57,439  elapsed 21.1s]
    [41,472/57,439  elapsed 24.9s]
    [46,592/57,439  elapsed 28.9s]
    [51,712/57,439  elapsed 32.8s]
    [56,832/57,439  elapsed 36.7s]
  eval done in 37.2s
  by-popularity NDCG@10: tail=0.0019(n=7,762)  mid=0.0064(n=8,169)  head=0.0607(n=41,508)
  epoch  12  loss=8.4040  val_NDCG=0.0450  [test sequestered]  (7.3s)
  evaluating 57,439 users in batches of 512...
    [512/57,439  elapsed 0.4s]
    [5,632/57,439  elapsed 4.4s]
    [10,752/57,439  elapsed 8.3s]
    [15,872/57,439  elapsed 12.3s]
    [20,992/57,439  elapsed 16.1s]
    [26,112/57,439  elapsed 20.1s]
    [31,232/57,439  elapsed 24.2s]
    [36,352/57,439  elapsed 28.5s]
    [41,472/57,439  elapsed 32.5s]
    [46,592/57,439  elapsed 33.6s]
    [51,712/57,439  elapsed 34.6s]
    [56,832/57,439  elapsed 37.7s]
  eval done in 38.1s
  by-popularity NDCG@10: tail=0.0021(n=7,762)  mid=0.0073(n=8,169)  head=0.0610(n=41,508)
  epoch  13  loss=8.3729  val_NDCG=0.0454  [test sequestered]  (7.2s)
  evaluating 57,439 users in batches of 512...
    [512/57,439  elapsed 0.4s]
    [5,632/57,439  elapsed 4.5s]
    [10,752/57,439  elapsed 8.5s]
    [15,872/57,439  elapsed 12.3s]
    [20,992/57,439  elapsed 16.3s]
    [26,112/57,439  elapsed 20.3s]
    [31,232/57,439  elapsed 24.2s]
    [36,352/57,439  elapsed 28.2s]
    [41,472/57,439  elapsed 32.2s]
    [46,592/57,439  elapsed 36.1s]
    [51,712/57,439  elapsed 39.9s]
    [56,832/57,439  elapsed 44.0s]
  eval done in 44.4s
  by-popularity NDCG@10: tail=0.0021(n=7,762)  mid=0.0074(n=8,169)  head=0.0613(n=41,508)
  epoch  14  loss=8.3448  val_NDCG=0.0456  [test sequestered]  (7.8s)
  evaluating 57,439 users in batches of 512...
    [512/57,439  elapsed 0.4s]
    [5,632/57,439  elapsed 2.8s]
    [10,752/57,439  elapsed 3.9s]
    [15,872/57,439  elapsed 5.3s]
    [20,992/57,439  elapsed 9.2s]
    [26,112/57,439  elapsed 13.3s]
    [31,232/57,439  elapsed 17.5s]
    [36,352/57,439  elapsed 21.4s]
    [41,472/57,439  elapsed 25.3s]
    [46,592/57,439  elapsed 29.3s]
    [51,712/57,439  elapsed 33.2s]
    [56,832/57,439  elapsed 37.2s]
  eval done in 37.6s
  by-popularity NDCG@10: tail=0.0023(n=7,762)  mid=0.0075(n=8,169)  head=0.0608(n=41,508)
  epoch  15  loss=8.3231  val_NDCG=0.0453  [test sequestered]  (7.7s)
  evaluating 57,439 users in batches of 512...
    [512/57,439  elapsed 0.4s]
    [5,632/57,439  elapsed 4.3s]
    [10,752/57,439  elapsed 8.3s]
    [15,872/57,439  elapsed 12.3s]
    [20,992/57,439  elapsed 16.2s]
    [26,112/57,439  elapsed 20.3s]
    [31,232/57,439  elapsed 23.1s]
    [36,352/57,439  elapsed 24.2s]
    [41,472/57,439  elapsed 25.6s]
    [46,592/57,439  elapsed 27.2s]
    [51,712/57,439  elapsed 28.6s]
    [56,832/57,439  elapsed 30.0s]
  eval done in 30.3s
  by-popularity NDCG@10: tail=0.0023(n=7,762)  mid=0.0075(n=8,169)  head=0.0606(n=41,508)
  epoch  16  loss=8.3053  val_NDCG=0.0451  [test sequestered]  (7.3s)
  evaluating 57,439 users in batches of 512...
    [512/57,439  elapsed 0.3s]
    [5,632/57,439  elapsed 4.8s]
    [10,752/57,439  elapsed 9.1s]
    [15,872/57,439  elapsed 13.2s]
    [20,992/57,439  elapsed 17.4s]
    [26,112/57,439  elapsed 21.8s]
    [31,232/57,439  elapsed 26.1s]
    [36,352/57,439  elapsed 30.6s]
    [41,472/57,439  elapsed 34.8s]
    [46,592/57,439  elapsed 39.0s]
    [51,712/57,439  elapsed 43.3s]
    [56,832/57,439  elapsed 47.6s]
  eval done in 48.1s
  by-popularity NDCG@10: tail=0.0022(n=7,762)  mid=0.0075(n=8,169)  head=0.0609(n=41,508)
  epoch  17  loss=8.2912  val_NDCG=0.0454  [test sequestered]  (8.2s)
  evaluating 57,439 users in batches of 512...
    [512/57,439  elapsed 0.4s]
    [5,632/57,439  elapsed 4.8s]
    [10,752/57,439  elapsed 9.1s]
    [15,872/57,439  elapsed 13.5s]
    [20,992/57,439  elapsed 17.8s]
    [26,112/57,439  elapsed 22.0s]
    [31,232/57,439  elapsed 26.2s]
    [36,352/57,439  elapsed 30.6s]
    [41,472/57,439  elapsed 34.8s]
    [46,592/57,439  elapsed 39.1s]
    [51,712/57,439  elapsed 43.3s]
    [56,832/57,439  elapsed 47.9s]
  eval done in 48.4s
  by-popularity NDCG@10: tail=0.0023(n=7,762)  mid=0.0076(n=8,169)  head=0.0608(n=41,508)
  epoch  18  loss=8.2818  val_NDCG=0.0454  [test sequestered]  (7.9s)
  evaluating 57,439 users in batches of 512...
    [512/57,439  elapsed 0.3s]
    [5,632/57,439  elapsed 3.6s]
    [10,752/57,439  elapsed 6.9s]
    [15,872/57,439  elapsed 10.1s]
    [20,992/57,439  elapsed 13.3s]
    [26,112/57,439  elapsed 16.5s]
    [31,232/57,439  elapsed 19.8s]
    [36,352/57,439  elapsed 23.0s]
    [41,472/57,439  elapsed 26.1s]
    [46,592/57,439  elapsed 29.4s]
    [51,712/57,439  elapsed 32.6s]
    [56,832/57,439  elapsed 35.9s]
  eval done in 36.3s
  by-popularity NDCG@10: tail=0.0023(n=7,762)  mid=0.0076(n=8,169)  head=0.0608(n=41,508)
  epoch  19  loss=8.2750  val_NDCG=0.0453  [test sequestered]  (7.5s)
  evaluating 57,439 users in batches of 512...
    [512/57,439  elapsed 0.3s]
    [5,632/57,439  elapsed 3.6s]
    [10,752/57,439  elapsed 7.1s]
    [15,872/57,439  elapsed 10.4s]
    [20,992/57,439  elapsed 13.6s]
    [26,112/57,439  elapsed 16.8s]
    [31,232/57,439  elapsed 20.0s]
    [36,352/57,439  elapsed 23.2s]
    [41,472/57,439  elapsed 26.7s]
    [46,592/57,439  elapsed 30.0s]
    [51,712/57,439  elapsed 33.1s]
    [56,832/57,439  elapsed 36.5s]
  eval done in 36.9s
  by-popularity NDCG@10: tail=0.0023(n=7,762)  mid=0.0076(n=8,169)  head=0.0608(n=41,508)
  epoch  20  loss=8.2700  val_NDCG=0.0453  [test sequestered]  (6.9s)

=== Best by val NDCG@10 ===
  val_NDCG=0.0456
  best_ckpt_sha256 = 1da788606892c72380b089371f49e9c0a027b87bdeb2b7c40fd513ce81252909

wrote C:\Users\rayxc\Documents\R\_bestrec_run\results_MI_COLDFUSE2_base_seed20260748.json
  test pass complete (values sequestered to the artifact)
wrote C:\Users\rayxc\Documents\R\_bestrec_run\results_Video_Games_COLDFUSE2_confirm_seed20260743.json (metrics sequestered)
=== fusion eval: Musical_Instruments  ckpt=results_MI_COLDFUSE2_base_seed20260748.best.pt ===
  n_users=57,439 n_items=24,587
  ckpt from epoch 14 (val NDCG@10 0.04560)

--- EASE l2=50.0: fit + VAL sweep ---
  EASE l2=50.0: verified cache hit (0d6aa731986eefd4228ee0f9)
    [512/57,439 elapsed 0.7s]
    [10,752/57,439 elapsed 9.3s]
    [20,992/57,439 elapsed 17.9s]
    [31,232/57,439 elapsed 26.3s]
    [41,472/57,439 elapsed 34.5s]
    [51,712/57,439 elapsed 42.1s]
  VAL seq NDCG@10=0.04560  ease=0.03472
    w=0.01: val fused NDCG@10=0.04708
    w=0.02: val fused NDCG@10=0.04772
    w=0.03: val fused NDCG@10=0.04801
    w=0.04: val fused NDCG@10=0.04792
    w=0.05: val fused NDCG@10=0.04783
    w=0.06: val fused NDCG@10=0.04763
    w=0.075: val fused NDCG@10=0.04693
    w=0.1: val fused NDCG@10=0.04615

--- EASE l2=100.0: fit + VAL sweep ---
  EASE l2=100.0: verified cache hit (e6853d0b0fa835018ed44c6c)
    [512/57,439 elapsed 0.2s]
    [10,752/57,439 elapsed 4.1s]
    [20,992/57,439 elapsed 11.4s]
    [31,232/57,439 elapsed 26.3s]
    [41,472/57,439 elapsed 41.2s]
    [51,712/57,439 elapsed 56.2s]
  VAL seq NDCG@10=0.04560  ease=0.03536
    w=0.01: val fused NDCG@10=0.04713
    w=0.02: val fused NDCG@10=0.04795
    w=0.03: val fused NDCG@10=0.04820
    w=0.04: val fused NDCG@10=0.04802
    w=0.05: val fused NDCG@10=0.04786
    w=0.06: val fused NDCG@10=0.04766
    w=0.075: val fused NDCG@10=0.04723
    w=0.1: val fused NDCG@10=0.04638

--- EASE l2=200.0: fit + VAL sweep ---
  EASE l2=200.0: verified cache hit (ebdd11e5519b1f4b59ea0424)
    [512/57,439 elapsed 0.3s]
    [10,752/57,439 elapsed 6.5s]
    [20,992/57,439 elapsed 12.5s]
    [31,232/57,439 elapsed 18.7s]
    [41,472/57,439 elapsed 25.3s]
    [51,712/57,439 elapsed 31.7s]
  VAL seq NDCG@10=0.04560  ease=0.03548
    w=0.01: val fused NDCG@10=0.04721
    w=0.02: val fused NDCG@10=0.04801
    w=0.03: val fused NDCG@10=0.04817
    w=0.04: val fused NDCG@10=0.04810
    w=0.05: val fused NDCG@10=0.04784
    w=0.06: val fused NDCG@10=0.04763
    w=0.075: val fused NDCG@10=0.04698
    w=0.1: val fused NDCG@10=0.04613

--- EASE l2=500.0: fit + VAL sweep ---
  EASE l2=500.0: verified cache hit (b30720d9178a2f9cb57fa1d1)
    [512/57,439 elapsed 0.3s]
    [10,752/57,439 elapsed 6.5s]
    [20,992/57,439 elapsed 12.9s]
    [31,232/57,439 elapsed 19.1s]
    [41,472/57,439 elapsed 25.4s]
    [51,712/57,439 elapsed 31.6s]
  VAL seq NDCG@10=0.04560  ease=0.03500
    w=0.01: val fused NDCG@10=0.04724
    w=0.02: val fused NDCG@10=0.04785
    w=0.03: val fused NDCG@10=0.04812
    w=0.04: val fused NDCG@10=0.04805
    w=0.05: val fused NDCG@10=0.04768
    w=0.06: val fused NDCG@10=0.04732
    w=0.075: val fused NDCG@10=0.04667
    w=0.1: val fused NDCG@10=0.04546

=== selected on VAL: l2=100.0, w=0.03 (val fused NDCG@10=0.04820) ===
wrote C:\Users\rayxc\Documents\R\_bestrec_run\results_MI_COLDFUSE2_base_seed20260748.fusion.json (VAL-ONLY; test sequestered)
=== COLDFUSE2 confirm: Musical_Instruments seed 20260748 (ease=yes; test sequestered) ===
  EASE l2=100.0: verified cache hit (e6853d0b0fa835018ed44c6c)
  [val] streaming sweep: 85 systems ...
    [512/57,439 1s]
    [20,992/57,439 25s]
    [41,472/57,439 48s]
  VAL selected {'profile': 'exp0.9', 'wt_tail': 0.3, 'wt_mid': 0.05, 'wt_head': 0.05} (feasible 31/84; val f15 0.00599 vs ref 0.00239)
  [test] sequestered pass: ref + selected + 4 controls ...
  test pass complete (values sequestered to the artifact)
wrote C:\Users\rayxc\Documents\R\_bestrec_run\results_Musical_Instruments_COLDFUSE2_confirm_seed20260748.json (metrics sequestered)
  random seed set to 20260743
=== Office_Products: load splits ===
  n_users=223,308  n_items=77,551  pad_id=77551
  built sequences for 223,308 users
  built timestamp sequences (12 time buckets)
  loading SBERT embeddings from C:\Users\rayxc\Documents\R\cache_5core\sbert_titles_Office_Products.npy...
  TAPE: k-means 77,551 text embeddings into K=512 prototypes (tau=0.05)...
  TAPE: K=512 mean max-assignment weight = 0.471 (1.0 = hard clustering)

=== Build SASRec-SBERT (d=64, layers=4, heads=2) ===
  total params: 34,913,919  device=cuda
  223,308 training examples / 873 batches per epoch
  init_state_sha256 = 0445e8806da4ed8d2efc83b94ebf5378924e5296c82b8fc3c39ecdb863b69801
  LR schedule: warmup_cosine (873 warmup + 16587 cosine steps)

=== Train for 20 epochs ===
  evaluating 223,308 users in batches of 512...
    [512/223,308  elapsed 0.4s]
    [5,632/223,308  elapsed 3.1s]
    [10,752/223,308  elapsed 4.3s]
    [15,872/223,308  elapsed 7.2s]
    [20,992/223,308  elapsed 11.5s]
    [26,112/223,308  elapsed 15.9s]
    [31,232/223,308  elapsed 20.2s]
    [36,352/223,308  elapsed 24.5s]
    [41,472/223,308  elapsed 28.9s]
    [46,592/223,308  elapsed 33.3s]
    [51,712/223,308  elapsed 37.6s]
    [56,832/223,308  elapsed 40.6s]
    [61,952/223,308  elapsed 41.6s]
    [67,072/223,308  elapsed 43.8s]
    [72,192/223,308  elapsed 48.1s]
    [77,312/223,308  elapsed 52.4s]
    [82,432/223,308  elapsed 56.8s]
    [87,552/223,308  elapsed 61.1s]
    [92,672/223,308  elapsed 65.5s]
    [97,792/223,308  elapsed 69.8s]
    [102,912/223,308  elapsed 74.1s]
    [108,032/223,308  elapsed 77.8s]
    [113,152/223,308  elapsed 79.0s]
    [118,272/223,308  elapsed 80.5s]
    [123,392/223,308  elapsed 81.9s]
    [128,512/223,308  elapsed 83.4s]
    [133,632/223,308  elapsed 87.0s]
    [138,752/223,308  elapsed 92.1s]
    [143,872/223,308  elapsed 96.9s]
    [148,992/223,308  elapsed 101.6s]
    [154,112/223,308  elapsed 106.1s]
    [159,232/223,308  elapsed 110.8s]
    [164,352/223,308  elapsed 115.3s]
    [169,472/223,308  elapsed 120.0s]
    [174,592/223,308  elapsed 124.7s]
    [179,712/223,308  elapsed 129.1s]
    [184,832/223,308  elapsed 133.8s]
    [189,952/223,308  elapsed 138.4s]
    [195,072/223,308  elapsed 143.3s]
    [200,192/223,308  elapsed 148.2s]
    [205,312/223,308  elapsed 152.2s]
    [210,432/223,308  elapsed 156.0s]
    [215,552/223,308  elapsed 159.8s]
    [220,672/223,308  elapsed 163.5s]
  eval done in 165.3s
  by-popularity NDCG@10: tail=0.0000(n=29,887)  mid=0.0001(n=33,352)  head=0.0267(n=160,069)
  epoch   1  loss=10.5772  val_NDCG=0.0192  [test sequestered]  (52.2s)
  evaluating 223,308 users in batches of 512...
    [512/223,308  elapsed 0.4s]
    [5,632/223,308  elapsed 4.7s]
    [10,752/223,308  elapsed 9.0s]
    [15,872/223,308  elapsed 13.3s]
    [20,992/223,308  elapsed 17.7s]
    [26,112/223,308  elapsed 22.1s]
    [31,232/223,308  elapsed 26.3s]
    [36,352/223,308  elapsed 30.7s]
    [41,472/223,308  elapsed 35.2s]
    [46,592/223,308  elapsed 39.5s]
    [51,712/223,308  elapsed 43.9s]
    [56,832/223,308  elapsed 46.8s]
    [61,952/223,308  elapsed 48.5s]
    [67,072/223,308  elapsed 50.3s]
    [72,192/223,308  elapsed 52.6s]
    [77,312/223,308  elapsed 58.6s]
    [82,432/223,308  elapsed 62.2s]
    [87,552/223,308  elapsed 65.7s]
    [92,672/223,308  elapsed 69.2s]
    [97,792/223,308  elapsed 72.6s]
    [102,912/223,308  elapsed 75.9s]
    [108,032/223,308  elapsed 79.3s]
    [113,152/223,308  elapsed 82.2s]
    [118,272/223,308  elapsed 85.6s]
    [123,392/223,308  elapsed 89.0s]
    [128,512/223,308  elapsed 92.5s]
    [133,632/223,308  elapsed 98.3s]
    [138,752/223,308  elapsed 101.7s]
    [143,872/223,308  elapsed 105.1s]
    [148,992/223,308  elapsed 108.5s]
    [154,112/223,308  elapsed 111.9s]
    [159,232/223,308  elapsed 115.4s]
    [164,352/223,308  elapsed 118.6s]
    [169,472/223,308  elapsed 122.1s]
    [174,592/223,308  elapsed 125.5s]
    [179,712/223,308  elapsed 128.7s]
    [184,832/223,308  elapsed 133.0s]
    [189,952/223,308  elapsed 138.2s]
    [195,072/223,308  elapsed 141.4s]
    [200,192/223,308  elapsed 144.6s]
    [205,312/223,308  elapsed 148.0s]
    [210,432/223,308  elapsed 151.4s]
    [215,552/223,308  elapsed 154.8s]
    [220,672/223,308  elapsed 158.1s]
  eval done in 159.6s
  by-popularity NDCG@10: tail=0.0001(n=29,887)  mid=0.0007(n=33,352)  head=0.0384(n=160,069)
  epoch   2  loss=10.0608  val_NDCG=0.0277  [test sequestered]  (52.1s)
  evaluating 223,308 users in batches of 512...
    [512/223,308  elapsed 0.4s]
    [5,632/223,308  elapsed 3.7s]
    [10,752/223,308  elapsed 7.0s]
    [15,872/223,308  elapsed 10.7s]
    [20,992/223,308  elapsed 14.3s]
    [26,112/223,308  elapsed 17.7s]
    [31,232/223,308  elapsed 21.2s]
    [36,352/223,308  elapsed 27.0s]
    [41,472/223,308  elapsed 30.5s]
    [46,592/223,308  elapsed 33.6s]
    [51,712/223,308  elapsed 37.3s]
    [56,832/223,308  elapsed 40.8s]
    [61,952/223,308  elapsed 43.9s]
    [67,072/223,308  elapsed 47.4s]
    [72,192/223,308  elapsed 50.7s]
    [77,312/223,308  elapsed 54.1s]
    [82,432/223,308  elapsed 57.5s]
    [87,552/223,308  elapsed 61.5s]
    [92,672/223,308  elapsed 67.0s]
    [97,792/223,308  elapsed 70.2s]
    [102,912/223,308  elapsed 73.7s]
    [108,032/223,308  elapsed 77.4s]
    [113,152/223,308  elapsed 81.0s]
    [118,272/223,308  elapsed 84.2s]
    [123,392/223,308  elapsed 87.8s]
    [128,512/223,308  elapsed 91.1s]
    [133,632/223,308  elapsed 94.7s]
    [138,752/223,308  elapsed 98.2s]
    [143,872/223,308  elapsed 102.7s]
    [148,992/223,308  elapsed 107.7s]
    [154,112/223,308  elapsed 111.1s]
    [159,232/223,308  elapsed 114.5s]
    [164,352/223,308  elapsed 118.1s]
    [169,472/223,308  elapsed 121.7s]
    [174,592/223,308  elapsed 125.3s]
    [179,712/223,308  elapsed 128.8s]
    [184,832/223,308  elapsed 132.1s]
    [189,952/223,308  elapsed 135.5s]
    [195,072/223,308  elapsed 138.8s]
    [200,192/223,308  elapsed 143.3s]
    [205,312/223,308  elapsed 148.4s]
    [210,432/223,308  elapsed 151.7s]
    [215,552/223,308  elapsed 155.2s]
    [220,672/223,308  elapsed 158.4s]
  eval done in 160.3s
  by-popularity NDCG@10: tail=0.0002(n=29,887)  mid=0.0017(n=33,352)  head=0.0433(n=160,069)
  epoch   3  loss=9.8674  val_NDCG=0.0313  [test sequestered]  (57.1s)
  evaluating 223,308 users in batches of 512...
    [512/223,308  elapsed 0.3s]
    [5,632/223,308  elapsed 3.5s]
    [10,752/223,308  elapsed 7.0s]
    [15,872/223,308  elapsed 10.4s]
    [20,992/223,308  elapsed 13.8s]
    [26,112/223,308  elapsed 16.9s]
    [31,232/223,308  elapsed 20.5s]
    [36,352/223,308  elapsed 24.0s]
    [41,472/223,308  elapsed 27.4s]
    [46,592/223,308  elapsed 30.6s]
    [51,712/223,308  elapsed 36.4s]
    [56,832/223,308  elapsed 40.0s]
    [61,952/223,308  elapsed 43.5s]
    [67,072/223,308  elapsed 46.9s]
    [72,192/223,308  elapsed 50.1s]
    [77,312/223,308  elapsed 53.7s]
    [82,432/223,308  elapsed 57.1s]
    [87,552/223,308  elapsed 60.4s]
    [92,672/223,308  elapsed 63.8s]
    [97,792/223,308  elapsed 67.2s]
    [102,912/223,308  elapsed 71.2s]
    [108,032/223,308  elapsed 76.5s]
    [113,152/223,308  elapsed 79.9s]
    [118,272/223,308  elapsed 83.3s]
    [123,392/223,308  elapsed 86.4s]
    [128,512/223,308  elapsed 89.6s]
    [133,632/223,308  elapsed 93.0s]
    [138,752/223,308  elapsed 96.4s]
    [143,872/223,308  elapsed 99.7s]
    [148,992/223,308  elapsed 103.1s]
    [154,112/223,308  elapsed 106.7s]
    [159,232/223,308  elapsed 111.2s]
    [164,352/223,308  elapsed 115.8s]
    [169,472/223,308  elapsed 119.2s]
    [174,592/223,308  elapsed 122.3s]
    [179,712/223,308  elapsed 125.7s]
    [184,832/223,308  elapsed 129.1s]
    [189,952/223,308  elapsed 132.6s]
    [195,072/223,308  elapsed 135.5s]
    [200,192/223,308  elapsed 139.2s]
    [205,312/223,308  elapsed 142.9s]
    [210,432/223,308  elapsed 146.2s]
    [215,552/223,308  elapsed 151.6s]
    [220,672/223,308  elapsed 155.1s]  random seed set to 20260748
=== Industrial_and_Scientific: load splits ===
  n_users=50,985  n_items=25,848  pad_id=25848
  built sequences for 50,985 users
  built timestamp sequences (12 time buckets)
  loading SBERT embeddings from C:\Users\rayxc\Documents\R\cache_5core\sbert_titles_Industrial_and_Scientific.npy...
  TAPE: k-means 25,848 text embeddings into K=512 prototypes (tau=0.05)...
  TAPE: K=512 mean max-assignment weight = 0.592 (1.0 = hard clustering)

=== Build SASRec-SBERT (d=64, layers=4, heads=2) ===
  total params: 11,750,463  device=cuda
  50,985 training examples / 200 batches per epoch
  init_state_sha256 = 6657d0149a2cab7dd3aee604a9edf4ddba88096c84df84d2b4e8f94730a87186
  LR schedule: warmup_cosine (200 warmup + 3800 cosine steps)

=== Train for 20 epochs ===
  evaluating 50,985 users in batches of 512...
    [512/50,985  elapsed 0.3s]
    [5,632/50,985  elapsed 3.9s]
    [10,752/50,985  elapsed 7.2s]
    [15,872/50,985  elapsed 10.5s]
    [20,992/50,985  elapsed 13.6s]
    [26,112/50,985  elapsed 16.6s]
    [31,232/50,985  elapsed 20.0s]
    [36,352/50,985  elapsed 22.9s]
    [41,472/50,985  elapsed 25.9s]
    [46,592/50,985  elapsed 29.3s]
  eval done in 32.2s
  by-popularity NDCG@10: tail=0.0000(n=9,330)  mid=0.0001(n=8,951)  head=0.0294(n=32,704)
  epoch   1  loss=9.7671  val_NDCG=0.0189  [test sequestered]  (7.1s)
  evaluating 50,985 users in batches of 512...
    [512/50,985  elapsed 0.3s]
    [5,632/50,985  elapsed 3.4s]
    [10,752/50,985  elapsed 6.8s]
    [15,872/50,985  elapsed 9.9s]
    [20,992/50,985  elapsed 13.4s]
    [26,112/50,985  elapsed 16.4s]
    [31,232/50,985  elapsed 19.5s]
    [36,352/50,985  elapsed 22.9s]
    [41,472/50,985  elapsed 25.8s]
    [46,592/50,985  elapsed 29.3s]
  eval done in 31.8s
  by-popularity NDCG@10: tail=0.0001(n=9,330)  mid=0.0005(n=8,951)  head=0.0433(n=32,704)
  epoch   2  loss=9.2289  val_NDCG=0.0279  [test sequestered]  (6.8s)
  evaluating 50,985 users in batches of 512...
    [512/50,985  elapsed 0.4s]
    [5,632/50,985  elapsed 3.6s]
    [10,752/50,985  elapsed 6.6s]
    [15,872/50,985  elapsed 9.7s]
    [20,992/50,985  elapsed 13.1s]
    [26,112/50,985  elapsed 16.0s]
    [31,232/50,985  elapsed 19.4s]
    [36,352/50,985  elapsed 22.4s]
    [41,472/50,985  elapsed 24.9s]
    [46,592/50,985  elapsed 33.1s]
  eval done in 39.8s
  by-popularity NDCG@10: tail=0.0004(n=9,330)  mid=0.0011(n=8,951)  head=0.0493(n=32,704)
  epoch   3  loss=9.0166  val_NDCG=0.0319  [test sequestered]  (6.7s)
  evaluating 50,985 users in batches of 512...
    [512/50,985  elapsed 0.9s]
    [5,632/50,985  elapsed 8.4s]
    [10,752/50,985  elapsed 16.1s]
    [15,872/50,985  elapsed 23.9s]
    [20,992/50,985  elapsed 30.9s]
    [26,112/50,985  elapsed 34.1s]
    [31,232/50,985  elapsed 37.2s]
    [36,352/50,985  elapsed 40.8s]
    [41,472/50,985  elapsed 44.3s]
    [46,592/50,985  elapsed 47.4s]
  eval done in 50.2s
  by-popularity NDCG@10: tail=0.0004(n=9,330)  mid=0.0024(n=8,951)  head=0.0539(n=32,704)
  epoch   4  loss=8.8731  val_NDCG=0.0350  [test sequestered]  (10.4s)
  evaluating 50,985 users in batches of 512...
    [512/50,985  elapsed 0.4s]
    [5,632/50,985  elapsed 3.7s]
    [10,752/50,985  elapsed 6.6s]
    [15,872/50,985  elapsed 10.2s]
    [20,992/50,985  elapsed 13.7s]
    [26,112/50,985  elapsed 16.6s]
    [31,232/50,985  elapsed 20.0s]
    [36,352/50,985  elapsed 22.8s]
    [41,472/50,985  elapsed 26.3s]
    [46,592/50,985  elapsed 29.4s]
  eval done in 32.2s
  by-popularity NDCG@10: tail=0.0006(n=9,330)  mid=0.0038(n=8,951)  head=0.0555(n=32,704)
  epoch   5  loss=8.7553  val_NDCG=0.0363  [test sequestered]  (6.7s)
  evaluating 50,985 users in batches of 512...
    [512/50,985  elapsed 0.4s]
    [5,632/50,985  elapsed 3.8s]
    [10,752/50,985  elapsed 7.1s]
    [15,872/50,985  elapsed 10.4s]
    [20,992/50,985  elapsed 14.1s]
    [26,112/50,985  elapsed 17.4s]
    [31,232/50,985  elapsed 20.5s]
    [36,352/50,985  elapsed 23.9s]
    [41,472/50,985  elapsed 27.0s]
    [46,592/50,985  elapsed 30.6s]
  eval done in 33.3s
  by-popularity NDCG@10: tail=0.0009(n=9,330)  mid=0.0058(n=8,951)  head=0.0584(n=32,704)
  epoch   6  loss=8.6553  val_NDCG=0.0386  [test sequestered]  (6.7s)
  evaluating 50,985 users in batches of 512...
    [512/50,985  elapsed 0.3s]
    [5,632/50,985  elapsed 3.8s]
    [10,752/50,985  elapsed 7.1s]
    [15,872/50,985  elapsed 10.7s]
    [20,992/50,985  elapsed 13.8s]
    [26,112/50,985  elapsed 17.5s]
    [31,232/50,985  elapsed 21.1s]
    [36,352/50,985  elapsed 24.5s]
    [41,472/50,985  elapsed 27.8s]
    [46,592/50,985  elapsed 31.2s]
  eval done in 33.6s
  by-popularity NDCG@10: tail=0.0011(n=9,330)  mid=0.0071(n=8,951)  head=0.0598(n=32,704)
  epoch   7  loss=8.5695  val_NDCG=0.0398  [test sequestered]  (6.8s)
  evaluating 50,985 users in batches of 512...
    [512/50,985  elapsed 0.4s]
    [5,632/50,985  elapsed 3.9s]
    [10,752/50,985  elapsed 7.0s]
    [15,872/50,985  elapsed 10.1s]
    [20,992/50,985  elapsed 13.5s]
    [26,112/50,985  elapsed 16.7s]
    [31,232/50,985  elapsed 24.9s]
    [36,352/50,985  elapsed 33.0s]
    [41,472/50,985  elapsed 40.8s]
    [46,592/50,985  elapsed 48.7s]
  eval done in 55.6s
  by-popularity NDCG@10: tail=0.0014(n=9,330)  mid=0.0086(n=8,951)  head=0.0602(n=32,704)
  epoch   8  loss=8.4938  val_NDCG=0.0404  [test sequestered]  (6.7s)
  evaluating 50,985 users in batches of 512...
    [512/50,985  elapsed 0.8s]
    [5,632/50,985  elapsed 7.0s]
    [10,752/50,985  elapsed 9.9s]
    [15,872/50,985  elapsed 13.3s]
    [20,992/50,985  elapsed 16.4s]
    [26,112/50,985  elapsed 19.5s]
    [31,232/50,985  elapsed 22.4s]
    [36,352/50,985  elapsed 25.8s]
    [41,472/50,985  elapsed 29.4s]
    [46,592/50,985  elapsed 32.4s]
  eval done in 34.9s
  by-popularity NDCG@10: tail=0.0016(n=9,330)  mid=0.0092(n=8,951)  head=0.0611(n=32,704)
  epoch   9  loss=8.4249  val_NDCG=0.0411  [test sequestered]  (10.3s)
  evaluating 50,985 users in batches of 512...
    [512/50,985  elapsed 0.3s]
    [5,632/50,985  elapsed 3.8s]
    [10,752/50,985  elapsed 6.8s]
    [15,872/50,985  elapsed 10.3s]
    [20,992/50,985  elapsed 13.3s]
    [26,112/50,985  elapsed 16.8s]
    [31,232/50,985  elapsed 20.2s]
    [36,352/50,985  elapsed 23.1s]
    [41,472/50,985  elapsed 26.6s]
    [46,592/50,985  elapsed 30.0s]
  eval done in 32.6s
  by-popularity NDCG@10: tail=0.0020(n=9,330)  mid=0.0113(n=8,951)  head=0.0614(n=32,704)
  epoch  10  loss=8.3659  val_NDCG=0.0417  [test sequestered]  (6.8s)
  evaluating 50,985 users in batches of 512...
    [512/50,985  elapsed 0.2s]
    [5,632/50,985  elapsed 3.4s]
    [10,752/50,985  elapsed 6.9s]
    [15,872/50,985  elapsed 10.0s]
    [20,992/50,985  elapsed 13.1s]
    [26,112/50,985  elapsed 16.6s]
    [31,232/50,985  elapsed 19.6s]
    [36,352/50,985  elapsed 22.8s]
    [41,472/50,985  elapsed 26.0s]
    [46,592/50,985  elapsed 29.1s]
  eval done in 32.2s
  by-popularity NDCG@10: tail=0.0021(n=9,330)  mid=0.0119(n=8,951)  head=0.0607(n=32,704)
  epoch  11  loss=8.3111  val_NDCG=0.0414  [test sequestered]  (6.7s)
  evaluating 50,985 users in batches of 512...
    [512/50,985  elapsed 0.4s]
    [5,632/50,985  elapsed 3.9s]
    [10,752/50,985  elapsed 6.7s]
    [15,872/50,985  elapsed 10.0s]
    [20,992/50,985  elapsed 13.1s]
    [26,112/50,985  elapsed 16.2s]
    [31,232/50,985  elapsed 19.5s]
    [36,352/50,985  elapsed 22.2s]
    [41,472/50,985  elapsed 25.8s]
    [46,592/50,985  elapsed 28.9s]
  eval done in 31.5s
  by-popularity NDCG@10: tail=0.0023(n=9,330)  mid=0.0128(n=8,951)  head=0.0600(n=32,704)
  epoch  12  loss=8.2629  val_NDCG=0.0412  [test sequestered]  (6.3s)
  evaluating 50,985 users in batches of 512...
    [512/50,985  elapsed 0.2s]
    [5,632/50,985  elapsed 3.4s]
    [10,752/50,985  elapsed 5.5s]
    [15,872/50,985  elapsed 12.6s]
    [20,992/50,985  elapsed 20.6s]
    [26,112/50,985  elapsed 28.2s]
    [31,232/50,985  elapsed 36.0s]
    [36,352/50,985  elapsed 43.4s]
    [41,472/50,985  elapsed 50.8s]
    [46,592/50,985  elapsed 58.4s]
  eval done in 61.6s
  by-popularity NDCG@10: tail=0.0023(n=9,330)  mid=0.0126(n=8,951)  head=0.0605(n=32,704)
  epoch  13  loss=8.2237  val_NDCG=0.0414  [test sequestered]  (6.2s)
  evaluating 50,985 users in batches of 512...
    [512/50,985  elapsed 0.2s]
    [5,632/50,985  elapsed 3.6s]
    [10,752/50,985  elapsed 6.8s]
    [15,872/50,985  elapsed 9.9s]
    [20,992/50,985  elapsed 13.3s]
    [26,112/50,985  elapsed 16.4s]
    [31,232/50,985  elapsed 19.4s]
    [36,352/50,985  elapsed 22.5s]
    [41,472/50,985  elapsed 26.1s]
    [46,592/50,985  elapsed 29.1s]
  eval done in 31.7s
  by-popularity NDCG@10: tail=0.0024(n=9,330)  mid=0.0130(n=8,951)  head=0.0603(n=32,704)
  epoch  14  loss=8.1864  val_NDCG=0.0414  [test sequestered]  (6.3s)
  evaluating 50,985 users in batches of 512...
    [512/50,985  elapsed 0.4s]
    [5,632/50,985  elapsed 3.4s]
    [10,752/50,985  elapsed 6.8s]
    [15,872/50,985  elapsed 9.7s]
    [20,992/50,985  elapsed 13.2s]
    [26,112/50,985  elapsed 16.1s]
    [31,232/50,985  elapsed 19.4s]
    [36,352/50,985  elapsed 22.9s]
    [41,472/50,985  elapsed 25.8s]
    [46,592/50,985  elapsed 29.0s]
  eval done in 31.6s
  by-popularity NDCG@10: tail=0.0026(n=9,330)  mid=0.0138(n=8,951)  head=0.0602(n=32,704)
  epoch  15  loss=8.1576  val_NDCG=0.0415  [test sequestered]  (6.3s)
  evaluating 50,985 users in batches of 512...
    [512/50,985  elapsed 0.3s]
    [5,632/50,985  elapsed 3.6s]
    [10,752/50,985  elapsed 6.5s]
    [15,872/50,985  elapsed 9.9s]
    [20,992/50,985  elapsed 13.0s]
    [26,112/50,985  elapsed 16.5s]
    [31,232/50,985  elapsed 19.5s]
    [36,352/50,985  elapsed 23.1s]
    [41,472/50,985  elapsed 26.2s]
    [46,592/50,985  elapsed 29.3s]
  eval done in 32.0s
  by-popularity NDCG@10: tail=0.0026(n=9,330)  mid=0.0136(n=8,951)  head=0.0599(n=32,704)
  epoch  16  loss=8.1328  val_NDCG=0.0413  [test sequestered]  (6.4s)
  evaluating 50,985 users in batches of 512...
    [512/50,985  elapsed 0.3s]
    [5,632/50,985  elapsed 3.5s]
    [10,752/50,985  elapsed 7.0s]
    [15,872/50,985  elapsed 10.8s]
    [20,992/50,985  elapsed 14.1s]
    [26,112/50,985  elapsed 17.9s]
    [31,232/50,985  elapsed 20.8s]
    [36,352/50,985  elapsed 24.1s]
    [41,472/50,985  elapsed 27.4s]
    [46,592/50,985  elapsed 30.6s]
  eval done in 33.1s
  by-popularity NDCG@10: tail=0.0027(n=9,330)  mid=0.0139(n=8,951)  head=0.0599(n=32,704)
  epoch  17  loss=8.1169  val_NDCG=0.0414  [test sequestered]  (6.3s)
  evaluating 50,985 users in batches of 512...
    [512/50,985  elapsed 0.6s]
    [5,632/50,985  elapsed 8.2s]
    [10,752/50,985  elapsed 15.7s]
    [15,872/50,985  elapsed 23.6s]
    [20,992/50,985  elapsed 31.5s]
    [26,112/50,985  elapsed 39.3s]
    [31,232/50,985  elapsed 46.9s]
    [36,352/50,985  elapsed 50.6s]
    [41,472/50,985  elapsed 53.8s]
    [46,592/50,985  elapsed 56.9s]
  eval done in 60.0s
  by-popularity NDCG@10: tail=0.0026(n=9,330)  mid=0.0137(n=8,951)  head=0.0600(n=32,704)
  epoch  18  loss=8.1034  val_NDCG=0.0413  [test sequestered]  (9.3s)
  evaluating 50,985 users in batches of 512...
    [512/50,985  elapsed 0.3s]
    [5,632/50,985  elapsed 3.6s]
    [10,752/50,985  elapsed 7.0s]
    [15,872/50,985  elapsed 10.6s]
    [20,992/50,985  elapsed 13.7s]
    [26,112/50,985  elapsed 17.0s]
    [31,232/50,985  elapsed 20.2s]
    [36,352/50,985  elapsed 23.2s]
    [41,472/50,985  elapsed 26.9s]
    [46,592/50,985  elapsed 30.4s]
  eval done in 32.9s
  by-popularity NDCG@10: tail=0.0027(n=9,330)  mid=0.0138(n=8,951)  head=0.0599(n=32,704)
  epoch  19  loss=8.0938  val_NDCG=0.0413  [test sequestered]  (6.3s)
  evaluating 50,985 users in batches of 512...
    [512/50,985  elapsed 0.2s]
    [5,632/50,985  elapsed 3.8s]
    [10,752/50,985  elapsed 7.2s]
    [15,872/50,985  elapsed 10.4s]
    [20,992/50,985  elapsed 13.6s]
    [26,112/50,985  elapsed 16.7s]
    [31,232/50,985  elapsed 20.1s]
    [36,352/50,985  elapsed 23.1s]
    [41,472/50,985  elapsed 26.7s]
    [46,592/50,985  elapsed 29.9s]
  eval done in 33.0s
  by-popularity NDCG@10: tail=0.0027(n=9,330)  mid=0.0138(n=8,951)  head=0.0600(n=32,704)
  epoch  20  loss=8.0958  val_NDCG=0.0414  [test sequestered]  (6.2s)

=== Best by val NDCG@10 ===
  val_NDCG=0.0417
  best_ckpt_sha256 = c0bf8cda73ce5015d1404b0cedfd9afe4b3a32723f35e25d750ae4e3f283d72e

wrote C:\Users\rayxc\Documents\R\_bestrec_run\results_IS_COLDFUSE2_base_seed20260748.json
=== fusion eval: Industrial_and_Scientific  ckpt=results_IS_COLDFUSE2_base_seed20260748.best.pt ===
  n_users=50,985 n_items=25,848
  ckpt from epoch 10 (val NDCG@10 0.04175)

--- EASE l2=50.0: fit + VAL sweep ---
  EASE l2=50.0: verified cache hit (d28f5247ad74bb2ca98101ea)
    [512/50,985 elapsed 0.6s]
    [10,752/50,985 elapsed 9.5s]
    [20,992/50,985 elapsed 16.9s]
    [31,232/50,985 elapsed 24.3s]
    [41,472/50,985 elapsed 31.9s]
  VAL seq NDCG@10=0.04175  ease=0.03204
    w=0.01: val fused NDCG@10=0.04330
    w=0.02: val fused NDCG@10=0.04398
    w=0.03: val fused NDCG@10=0.04427
    w=0.04: val fused NDCG@10=0.04430
    w=0.05: val fused NDCG@10=0.04438
    w=0.06: val fused NDCG@10=0.04425
    w=0.075: val fused NDCG@10=0.04382
    w=0.1: val fused NDCG@10=0.04317

--- EASE l2=100.0: fit + VAL sweep ---
  EASE l2=100.0: verified cache hit (86f11547255059bac929520a)
    [512/50,985 elapsed 0.3s]
    [10,752/50,985 elapsed 8.2s]
    [20,992/50,985 elapsed 15.9s]
    [31,232/50,985 elapsed 22.5s]
    [41,472/50,985 elapsed 42.7s]
  VAL seq NDCG@10=0.04175  ease=0.03244
    w=0.01: val fused NDCG@10=0.04326
    w=0.02: val fused NDCG@10=0.04411
    w=0.03: val fused NDCG@10=0.04428
    w=0.04: val fused NDCG@10=0.04422
    w=0.05: val fused NDCG@10=0.04432
    w=0.06: val fused NDCG@10=0.04444
    w=0.075: val fused NDCG@10=0.04417
    w=0.1: val fused NDCG@10=0.04334

--- EASE l2=200.0: fit + VAL sweep ---
  EASE l2=200.0: verified cache hit (1bfb20051d435aabf3466aaf)
    [512/50,985 elapsed 0.9s]
    [10,752/50,985 elapsed 17.0s]
    [20,992/50,985 elapsed 24.5s]
    [31,232/50,985 elapsed 32.0s]
    [41,472/50,985 elapsed 39.5s]
  VAL seq NDCG@10=0.04175  ease=0.03267
    w=0.01: val fused NDCG@10=0.04320
    w=0.02: val fused NDCG@10=0.04400
    w=0.03: val fused NDCG@10=0.04422
    w=0.04: val fused NDCG@10=0.04423
    w=0.05: val fused NDCG@10=0.04427
    w=0.06: val fused NDCG@10=0.04432
    w=0.075: val fused NDCG@10=0.04390
    w=0.1: val fused NDCG@10=0.04318

--- EASE l2=500.0: fit + VAL sweep ---
  EASE l2=500.0: verified cache hit (8c221fc270ad79e08936f981)
    [512/50,985 elapsed 0.4s]
    [10,752/50,985 elapsed 7.8s]
    [20,992/50,985 elapsed 15.6s]
    [31,232/50,985 elapsed 23.0s]
    [41,472/50,985 elapsed 30.7s]
  VAL seq NDCG@10=0.04175  ease=0.03235
    w=0.01: val fused NDCG@10=0.04325
    w=0.02: val fused NDCG@10=0.04396
    w=0.03: val fused NDCG@10=0.04399
    w=0.04: val fused NDCG@10=0.04414
    w=0.05: val fused NDCG@10=0.04416
    w=0.06: val fused NDCG@10=0.04387
    w=0.075: val fused NDCG@10=0.04361
    w=0.1: val fused NDCG@10=0.04278

=== selected on VAL: l2=100.0, w=0.06 (val fused NDCG@10=0.04444) ===
wrote C:\Users\rayxc\Documents\R\_bestrec_run\results_IS_COLDFUSE2_base_seed20260748.fusion.json (VAL-ONLY; test sequestered)
=== COLDFUSE2 confirm: Industrial_and_Scientific seed 20260748 (ease=yes; test sequestered) ===
  EASE l2=100.0: verified cache hit (86f11547255059bac929520a)
  [val] streaming sweep: 85 systems ...
    [512/50,985 1s]
    [20,992/50,985 29s]
    [41,472/50,985 56s]
  VAL selected {'profile': 'exp0.9', 'wt_tail': 0.25, 'wt_mid': 0.05, 'wt_head': 0.05} (feasible 21/84; val f15 0.00593 vs ref 0.00319)
  [test] sequestered pass: ref + selected + 4 controls ...
  test pass complete (values sequestered to the artifact)
wrote C:\Users\rayxc\Documents\R\_bestrec_run\results_Industrial_and_Scientific_COLDFUSE2_confirm_seed20260748.json (metrics sequestered)

  eval done in 156.7s
  by-popularity NDCG@10: tail=0.0003(n=29,887)  mid=0.0029(n=33,352)  head=0.0459(n=160,069)
  epoch   4  loss=9.7524  val_NDCG=0.0334  [test sequestered]  (57.3s)
  evaluating 223,308 users in batches of 512...
    [512/223,308  elapsed 0.3s]
    [5,632/223,308  elapsed 4.2s]
    [10,752/223,308  elapsed 9.3s]
    [15,872/223,308  elapsed 12.9s]
    [20,992/223,308  elapsed 16.0s]
    [26,112/223,308  elapsed 19.5s]
    [31,232/223,308  elapsed 22.9s]
    [36,352/223,308  elapsed 26.4s]
    [41,472/223,308  elapsed 29.8s]
    [46,592/223,308  elapsed 33.2s]
    [51,712/223,308  elapsed 36.7s]
    [56,832/223,308  elapsed 39.7s]
    [61,952/223,308  elapsed 44.0s]
    [67,072/223,308  elapsed 48.5s]
    [72,192/223,308  elapsed 51.9s]
    [77,312/223,308  elapsed 55.1s]
    [82,432/223,308  elapsed 58.5s]
    [87,552/223,308  elapsed 61.8s]
    [92,672/223,308  elapsed 65.1s]
    [97,792/223,308  elapsed 68.6s]
    [102,912/223,308  elapsed 71.8s]
    [108,032/223,308  elapsed 75.2s]
    [113,152/223,308  elapsed 78.4s]
    [118,272/223,308  elapsed 83.7s]
    [123,392/223,308  elapsed 87.7s]
    [128,512/223,308  elapsed 90.6s]
    [133,632/223,308  elapsed 94.0s]
    [138,752/223,308  elapsed 97.4s]
    [143,872/223,308  elapsed 101.0s]
    [148,992/223,308  elapsed 104.3s]
    [154,112/223,308  elapsed 107.9s]
    [159,232/223,308  elapsed 111.2s]
    [164,352/223,308  elapsed 114.5s]
    [169,472/223,308  elapsed 118.4s]
    [174,592/223,308  elapsed 123.4s]
    [179,712/223,308  elapsed 126.8s]
    [184,832/223,308  elapsed 130.5s]
    [189,952/223,308  elapsed 134.3s]
    [195,072/223,308  elapsed 137.9s]
    [200,192/223,308  elapsed 141.7s]
    [205,312/223,308  elapsed 144.7s]
    [210,432/223,308  elapsed 148.3s]
    [215,552/223,308  elapsed 151.5s]
    [220,672/223,308  elapsed 155.1s]
  eval done in 156.9s
  by-popularity NDCG@10: tail=0.0005(n=29,887)  mid=0.0040(n=33,352)  head=0.0474(n=160,069)
  epoch   5  loss=9.6679  val_NDCG=0.0347  [test sequestered]  (53.6s)
  evaluating 223,308 users in batches of 512...
    [512/223,308  elapsed 0.4s]
    [5,632/223,308  elapsed 3.6s]
    [10,752/223,308  elapsed 7.0s]
    [15,872/223,308  elapsed 10.5s]
    [20,992/223,308  elapsed 15.3s]
    [26,112/223,308  elapsed 19.9s]
    [31,232/223,308  elapsed 23.4s]
    [36,352/223,308  elapsed 26.9s]
    [41,472/223,308  elapsed 30.5s]
    [46,592/223,308  elapsed 33.7s]
    [51,712/223,308  elapsed 37.1s]
    [56,832/223,308  elapsed 40.3s]
    [61,952/223,308  elapsed 43.9s]
    [67,072/223,308  elapsed 47.6s]
    [72,192/223,308  elapsed 50.8s]
    [77,312/223,308  elapsed 55.9s]
    [82,432/223,308  elapsed 60.0s]
    [87,552/223,308  elapsed 63.6s]
    [92,672/223,308  elapsed 66.9s]
    [97,792/223,308  elapsed 70.2s]
    [102,912/223,308  elapsed 73.6s]
    [108,032/223,308  elapsed 77.1s]
    [113,152/223,308  elapsed 80.4s]
    [118,272/223,308  elapsed 84.0s]
    [123,392/223,308  elapsed 87.6s]
    [128,512/223,308  elapsed 90.6s]
    [133,632/223,308  elapsed 92.1s]
    [138,752/223,308  elapsed 93.8s]
    [143,872/223,308  elapsed 95.6s]
    [148,992/223,308  elapsed 97.3s]
    [154,112/223,308  elapsed 100.8s]
    [159,232/223,308  elapsed 105.8s]
    [164,352/223,308  elapsed 110.7s]
    [169,472/223,308  elapsed 115.7s]
    [174,592/223,308  elapsed 120.6s]
    [179,712/223,308  elapsed 125.5s]
    [184,832/223,308  elapsed 130.4s]
    [189,952/223,308  elapsed 135.3s]
    [195,072/223,308  elapsed 138.1s]
    [200,192/223,308  elapsed 139.5s]
    [205,312/223,308  elapsed 143.4s]
    [210,432/223,308  elapsed 148.3s]
    [215,552/223,308  elapsed 153.1s]
    [220,672/223,308  elapsed 158.1s]
  eval done in 160.6s
  by-popularity NDCG@10: tail=0.0007(n=29,887)  mid=0.0051(n=33,352)  head=0.0486(n=160,069)
  epoch   6  loss=9.5994  val_NDCG=0.0357  [test sequestered]  (55.9s)
  evaluating 223,308 users in batches of 512...
    [512/223,308  elapsed 0.5s]
    [5,632/223,308  elapsed 5.5s]
    [10,752/223,308  elapsed 10.4s]
    [15,872/223,308  elapsed 15.3s]
    [20,992/223,308  elapsed 20.2s]
    [26,112/223,308  elapsed 25.0s]
    [31,232/223,308  elapsed 30.0s]
    [36,352/223,308  elapsed 32.3s]
    [41,472/223,308  elapsed 33.7s]
    [46,592/223,308  elapsed 38.0s]
    [51,712/223,308  elapsed 43.0s]
    [56,832/223,308  elapsed 47.8s]
    [61,952/223,308  elapsed 52.7s]
    [67,072/223,308  elapsed 57.6s]
    [72,192/223,308  elapsed 62.5s]
    [77,312/223,308  elapsed 67.4s]
    [82,432/223,308  elapsed 71.9s]
    [87,552/223,308  elapsed 73.3s]
    [92,672/223,308  elapsed 75.0s]
    [97,792/223,308  elapsed 76.7s]
    [102,912/223,308  elapsed 78.6s]
    [108,032/223,308  elapsed 83.4s]
    [113,152/223,308  elapsed 89.2s]
    [118,272/223,308  elapsed 94.6s]
    [123,392/223,308  elapsed 100.1s]
    [128,512/223,308  elapsed 105.5s]
    [133,632/223,308  elapsed 110.8s]
    [138,752/223,308  elapsed 116.2s]
    [143,872/223,308  elapsed 121.7s]
    [148,992/223,308  elapsed 127.0s]
    [154,112/223,308  elapsed 132.3s]
    [159,232/223,308  elapsed 137.7s]
    [164,352/223,308  elapsed 143.1s]
    [169,472/223,308  elapsed 148.3s]
    [174,592/223,308  elapsed 152.6s]
    [179,712/223,308  elapsed 156.9s]
    [184,832/223,308  elapsed 161.3s]
    [189,952/223,308  elapsed 165.6s]
    [195,072/223,308  elapsed 170.0s]
    [200,192/223,308  elapsed 174.3s]
    [205,312/223,308  elapsed 178.7s]
    [210,432/223,308  elapsed 183.0s]
    [215,552/223,308  elapsed 187.3s]
    [220,672/223,308  elapsed 191.8s]
  eval done in 194.0s
  by-popularity NDCG@10: tail=0.0008(n=29,887)  mid=0.0054(n=33,352)  head=0.0487(n=160,069)
  epoch   7  loss=9.5410  val_NDCG=0.0358  [test sequestered]  (56.5s)
  evaluating 223,308 users in batches of 512...
    [512/223,308  elapsed 0.5s]
    [5,632/223,308  elapsed 4.8s]
    [10,752/223,308  elapsed 9.0s]
    [15,872/223,308  elapsed 10.4s]
    [20,992/223,308  elapsed 12.2s]
    [26,112/223,308  elapsed 13.9s]
    [31,232/223,308  elapsed 15.8s]
    [36,352/223,308  elapsed 17.7s]
    [41,472/223,308  elapsed 19.6s]
    [46,592/223,308  elapsed 20.8s]
    [51,712/223,308  elapsed 22.1s]
    [56,832/223,308  elapsed 23.3s]
    [61,952/223,308  elapsed 24.5s]
    [67,072/223,308  elapsed 25.8s]
    [72,192/223,308  elapsed 26.9s]
    [77,312/223,308  elapsed 28.1s]
    [82,432/223,308  elapsed 29.3s]
    [87,552/223,308  elapsed 30.5s]
    [92,672/223,308  elapsed 31.8s]
    [97,792/223,308  elapsed 33.0s]
    [102,912/223,308  elapsed 34.1s]
    [108,032/223,308  elapsed 35.4s]
    [113,152/223,308  elapsed 36.6s]
    [118,272/223,308  elapsed 37.8s]
    [123,392/223,308  elapsed 39.0s]
    [128,512/223,308  elapsed 40.2s]
    [133,632/223,308  elapsed 41.3s]
    [138,752/223,308  elapsed 42.5s]
    [143,872/223,308  elapsed 43.7s]
    [148,992/223,308  elapsed 45.0s]
    [154,112/223,308  elapsed 46.3s]
    [159,232/223,308  elapsed 47.4s]
    [164,352/223,308  elapsed 48.6s]
    [169,472/223,308  elapsed 49.8s]
    [174,592/223,308  elapsed 51.0s]
    [179,712/223,308  elapsed 52.2s]
    [184,832/223,308  elapsed 53.4s]
    [189,952/223,308  elapsed 54.6s]
    [195,072/223,308  elapsed 55.8s]
    [200,192/223,308  elapsed 57.0s]
    [205,312/223,308  elapsed 58.2s]
    [210,432/223,308  elapsed 59.5s]
    [215,552/223,308  elapsed 60.7s]
    [220,672/223,308  elapsed 61.9s]
  eval done in 62.6s
  by-popularity NDCG@10: tail=0.0010(n=29,887)  mid=0.0061(n=33,352)  head=0.0496(n=160,069)
  epoch   8  loss=9.4874  val_NDCG=0.0366  [test sequestered]  (54.6s)
  evaluating 223,308 users in batches of 512...
    [512/223,308  elapsed 0.1s]
    [5,632/223,308  elapsed 1.3s]
    [10,752/223,308  elapsed 2.5s]
    [15,872/223,308  elapsed 3.7s]
    [20,992/223,308  elapsed 4.9s]
    [26,112/223,308  elapsed 6.1s]
    [31,232/223,308  elapsed 7.3s]
    [36,352/223,308  elapsed 8.5s]
    [41,472/223,308  elapsed 9.8s]
    [46,592/223,308  elapsed 10.9s]
    [51,712/223,308  elapsed 12.2s]
    [56,832/223,308  elapsed 13.4s]
    [61,952/223,308  elapsed 14.7s]
    [67,072/223,308  elapsed 16.0s]
    [72,192/223,308  elapsed 17.2s]
    [77,312/223,308  elapsed 18.4s]
    [82,432/223,308  elapsed 19.7s]
    [87,552/223,308  elapsed 20.9s]
    [92,672/223,308  elapsed 22.2s]
    [97,792/223,308  elapsed 23.5s]
    [102,912/223,308  elapsed 24.7s]
    [108,032/223,308  elapsed 26.0s]
    [113,152/223,308  elapsed 27.2s]
    [118,272/223,308  elapsed 28.4s]
    [123,392/223,308  elapsed 29.7s]
    [128,512/223,308  elapsed 31.0s]
    [133,632/223,308  elapsed 32.2s]
    [138,752/223,308  elapsed 33.4s]
    [143,872/223,308  elapsed 34.8s]
    [148,992/223,308  elapsed 36.0s]
    [154,112/223,308  elapsed 37.3s]
    [159,232/223,308  elapsed 38.5s]
    [164,352/223,308  elapsed 39.7s]
    [169,472/223,308  elapsed 41.0s]
    [174,592/223,308  elapsed 42.3s]
    [179,712/223,308  elapsed 43.5s]
    [184,832/223,308  elapsed 44.8s]
    [189,952/223,308  elapsed 46.2s]
    [195,072/223,308  elapsed 47.5s]
    [200,192/223,308  elapsed 48.8s]
    [205,312/223,308  elapsed 50.1s]
    [210,432/223,308  elapsed 51.4s]
    [215,552/223,308  elapsed 52.5s]
    [220,672/223,308  elapsed 53.9s]
  eval done in 54.5s
  by-popularity NDCG@10: tail=0.0011(n=29,887)  mid=0.0067(n=33,352)  head=0.0496(n=160,069)
  epoch   9  loss=9.4395  val_NDCG=0.0367  [test sequestered]  (48.6s)
  evaluating 223,308 users in batches of 512...
    [512/223,308  elapsed 0.1s]
    [5,632/223,308  elapsed 1.4s]
    [10,752/223,308  elapsed 2.8s]
    [15,872/223,308  elapsed 4.1s]
    [20,992/223,308  elapsed 5.2s]
    [26,112/223,308  elapsed 6.3s]
    [31,232/223,308  elapsed 7.5s]
    [36,352/223,308  elapsed 8.6s]
    [41,472/223,308  elapsed 9.7s]
    [46,592/223,308  elapsed 10.9s]
    [51,712/223,308  elapsed 12.0s]
    [56,832/223,308  elapsed 13.2s]
    [61,952/223,308  elapsed 14.3s]
    [67,072/223,308  elapsed 15.5s]
    [72,192/223,308  elapsed 16.6s]
    [77,312/223,308  elapsed 17.7s]
    [82,432/223,308  elapsed 18.9s]
    [87,552/223,308  elapsed 20.0s]
    [92,672/223,308  elapsed 21.1s]
    [97,792/223,308  elapsed 22.3s]
    [102,912/223,308  elapsed 23.4s]
    [108,032/223,308  elapsed 24.6s]
    [113,152/223,308  elapsed 25.7s]
    [118,272/223,308  elapsed 26.9s]
    [123,392/223,308  elapsed 28.0s]
    [128,512/223,308  elapsed 29.1s]
    [133,632/223,308  elapsed 30.3s]
    [138,752/223,308  elapsed 31.4s]
    [143,872/223,308  elapsed 32.6s]
    [148,992/223,308  elapsed 33.8s]
    [154,112/223,308  elapsed 34.9s]
    [159,232/223,308  elapsed 36.0s]
    [164,352/223,308  elapsed 37.3s]
    [169,472/223,308  elapsed 38.4s]
    [174,592/223,308  elapsed 39.5s]
    [179,712/223,308  elapsed 40.7s]
    [184,832/223,308  elapsed 41.8s]
    [189,952/223,308  elapsed 42.9s]
    [195,072/223,308  elapsed 44.1s]
    [200,192/223,308  elapsed 45.3s]
    [205,312/223,308  elapsed 46.4s]
    [210,432/223,308  elapsed 47.6s]
    [215,552/223,308  elapsed 48.7s]
    [220,672/223,308  elapsed 49.9s]
  eval done in 50.4s
  by-popularity NDCG@10: tail=0.0013(n=29,887)  mid=0.0072(n=33,352)  head=0.0503(n=160,069)
  epoch  10  loss=9.3951  val_NDCG=0.0373  [test sequestered]  (48.5s)
  evaluating 223,308 users in batches of 512...
    [512/223,308  elapsed 0.1s]
    [5,632/223,308  elapsed 1.2s]
    [10,752/223,308  elapsed 2.3s]
    [15,872/223,308  elapsed 3.5s]
    [20,992/223,308  elapsed 4.8s]
    [26,112/223,308  elapsed 6.2s]
    [31,232/223,308  elapsed 7.6s]
    [36,352/223,308  elapsed 8.8s]
    [41,472/223,308  elapsed 10.1s]
    [46,592/223,308  elapsed 11.2s]
    [51,712/223,308  elapsed 12.4s]
    [56,832/223,308  elapsed 13.5s]
    [61,952/223,308  elapsed 14.6s]
    [67,072/223,308  elapsed 15.8s]
    [72,192/223,308  elapsed 16.9s]
    [77,312/223,308  elapsed 18.1s]
    [82,432/223,308  elapsed 19.2s]
    [87,552/223,308  elapsed 20.3s]
    [92,672/223,308  elapsed 21.5s]
    [97,792/223,308  elapsed 22.7s]
    [102,912/223,308  elapsed 23.9s]
    [108,032/223,308  elapsed 25.0s]
    [113,152/223,308  elapsed 26.3s]
    [118,272/223,308  elapsed 27.4s]
    [123,392/223,308  elapsed 28.5s]
    [128,512/223,308  elapsed 29.7s]
    [133,632/223,308  elapsed 30.8s]
    [138,752/223,308  elapsed 31.9s]
    [143,872/223,308  elapsed 33.0s]
    [148,992/223,308  elapsed 34.1s]
    [154,112/223,308  elapsed 35.3s]
    [159,232/223,308  elapsed 36.4s]
    [164,352/223,308  elapsed 37.6s]
    [169,472/223,308  elapsed 38.7s]
    [174,592/223,308  elapsed 39.8s]
    [179,712/223,308  elapsed 41.0s]
    [184,832/223,308  elapsed 42.1s]
    [189,952/223,308  elapsed 43.3s]
    [195,072/223,308  elapsed 44.5s]
    [200,192/223,308  elapsed 45.7s]
    [205,312/223,308  elapsed 46.8s]
    [210,432/223,308  elapsed 47.9s]
    [215,552/223,308  elapsed 49.1s]
    [220,672/223,308  elapsed 50.2s]
  eval done in 50.8s
  by-popularity NDCG@10: tail=0.0014(n=29,887)  mid=0.0074(n=33,352)  head=0.0502(n=160,069)
  epoch  11  loss=9.3542  val_NDCG=0.0373  [test sequestered]  (47.6s)
  evaluating 223,308 users in batches of 512...
    [512/223,308  elapsed 0.1s]
    [5,632/223,308  elapsed 1.2s]
    [10,752/223,308  elapsed 2.3s]
    [15,872/223,308  elapsed 3.5s]
    [20,992/223,308  elapsed 4.7s]
    [26,112/223,308  elapsed 5.8s]
    [31,232/223,308  elapsed 6.9s]
    [36,352/223,308  elapsed 8.0s]
    [41,472/223,308  elapsed 9.2s]
    [46,592/223,308  elapsed 10.3s]
    [51,712/223,308  elapsed 11.4s]
    [56,832/223,308  elapsed 12.5s]
    [61,952/223,308  elapsed 13.7s]
    [67,072/223,308  elapsed 14.8s]
    [72,192/223,308  elapsed 16.0s]
    [77,312/223,308  elapsed 17.1s]
    [82,432/223,308  elapsed 18.2s]
    [87,552/223,308  elapsed 19.4s]
    [92,672/223,308  elapsed 20.5s]
    [97,792/223,308  elapsed 21.6s]
    [102,912/223,308  elapsed 22.7s]
    [108,032/223,308  elapsed 23.8s]
    [113,152/223,308  elapsed 25.0s]
    [118,272/223,308  elapsed 26.1s]
    [123,392/223,308  elapsed 27.2s]
    [128,512/223,308  elapsed 28.4s]
    [133,632/223,308  elapsed 29.5s]
    [138,752/223,308  elapsed 30.6s]
    [143,872/223,308  elapsed 31.7s]
    [148,992/223,308  elapsed 32.8s]
    [154,112/223,308  elapsed 34.0s]
    [159,232/223,308  elapsed 35.1s]
    [164,352/223,308  elapsed 36.2s]
    [169,472/223,308  elapsed 37.3s]
    [174,592/223,308  elapsed 38.4s]
    [179,712/223,308  elapsed 39.6s]
    [184,832/223,308  elapsed 40.7s]
    [189,952/223,308  elapsed 41.9s]
    [195,072/223,308  elapsed 43.0s]
    [200,192/223,308  elapsed 44.5s]
    [205,312/223,308  elapsed 45.8s]
    [210,432/223,308  elapsed 47.1s]
    [215,552/223,308  elapsed 48.3s]
    [220,672/223,308  elapsed 49.4s]
  eval done in 50.1s
  by-popularity NDCG@10: tail=0.0015(n=29,887)  mid=0.0078(n=33,352)  head=0.0502(n=160,069)
  epoch  12  loss=9.3141  val_NDCG=0.0373  [test sequestered]  (46.7s)
  evaluating 223,308 users in batches of 512...
    [512/223,308  elapsed 0.1s]
    [5,632/223,308  elapsed 1.3s]
    [10,752/223,308  elapsed 2.4s]
    [15,872/223,308  elapsed 3.5s]
    [20,992/223,308  elapsed 4.6s]
    [26,112/223,308  elapsed 5.9s]
    [31,232/223,308  elapsed 7.0s]
    [36,352/223,308  elapsed 8.2s]
    [41,472/223,308  elapsed 9.3s]
    [46,592/223,308  elapsed 10.5s]
    [51,712/223,308  elapsed 11.7s]
    [56,832/223,308  elapsed 12.8s]
    [61,952/223,308  elapsed 14.0s]
    [67,072/223,308  elapsed 15.1s]
    [72,192/223,308  elapsed 16.3s]
    [77,312/223,308  elapsed 17.4s]
    [82,432/223,308  elapsed 18.5s]
    [87,552/223,308  elapsed 19.6s]
    [92,672/223,308  elapsed 20.7s]
    [97,792/223,308  elapsed 21.9s]
    [102,912/223,308  elapsed 23.0s]
    [108,032/223,308  elapsed 24.1s]
    [113,152/223,308  elapsed 25.2s]
    [118,272/223,308  elapsed 26.4s]
    [123,392/223,308  elapsed 27.5s]
    [128,512/223,308  elapsed 28.7s]
    [133,632/223,308  elapsed 29.8s]
    [138,752/223,308  elapsed 30.9s]
    [143,872/223,308  elapsed 32.1s]
    [148,992/223,308  elapsed 33.2s]
    [154,112/223,308  elapsed 34.3s]
    [159,232/223,308  elapsed 35.5s]
    [164,352/223,308  elapsed 36.7s]
    [169,472/223,308  elapsed 37.8s]
    [174,592/223,308  elapsed 39.0s]
    [179,712/223,308  elapsed 40.1s]
    [184,832/223,308  elapsed 41.2s]
    [189,952/223,308  elapsed 42.3s]
    [195,072/223,308  elapsed 43.4s]
    [200,192/223,308  elapsed 44.6s]
    [205,312/223,308  elapsed 45.7s]
    [210,432/223,308  elapsed 46.9s]
    [215,552/223,308  elapsed 48.1s]
    [220,672/223,308  elapsed 49.3s]
  eval done in 49.9s
  by-popularity NDCG@10: tail=0.0016(n=29,887)  mid=0.0081(n=33,352)  head=0.0504(n=160,069)
  epoch  13  loss=9.2782  val_NDCG=0.0376  [test sequestered]  (48.5s)
  evaluating 223,308 users in batches of 512...
    [512/223,308  elapsed 0.1s]
    [5,632/223,308  elapsed 1.2s]
    [10,752/223,308  elapsed 2.3s]
    [15,872/223,308  elapsed 3.5s]
    [20,992/223,308  elapsed 4.6s]
    [26,112/223,308  elapsed 5.7s]
    [31,232/223,308  elapsed 6.8s]
    [36,352/223,308  elapsed 7.9s]
    [41,472/223,308  elapsed 9.1s]
    [46,592/223,308  elapsed 10.2s]
    [51,712/223,308  elapsed 11.3s]
    [56,832/223,308  elapsed 12.5s]
    [61,952/223,308  elapsed 13.6s]
    [67,072/223,308  elapsed 14.8s]
    [72,192/223,308  elapsed 16.3s]
    [77,312/223,308  elapsed 17.5s]
    [82,432/223,308  elapsed 18.9s]
    [87,552/223,308  elapsed 20.1s]
    [92,672/223,308  elapsed 21.2s]
    [97,792/223,308  elapsed 22.3s]
    [102,912/223,308  elapsed 23.5s]
    [108,032/223,308  elapsed 24.6s]
    [113,152/223,308  elapsed 25.7s]
    [118,272/223,308  elapsed 26.8s]
    [123,392/223,308  elapsed 27.9s]
    [128,512/223,308  elapsed 29.1s]
    [133,632/223,308  elapsed 30.2s]
    [138,752/223,308  elapsed 31.3s]
    [143,872/223,308  elapsed 32.4s]
    [148,992/223,308  elapsed 33.5s]
    [154,112/223,308  elapsed 34.6s]
    [159,232/223,308  elapsed 35.8s]
    [164,352/223,308  elapsed 36.9s]
    [169,472/223,308  elapsed 38.0s]
    [174,592/223,308  elapsed 39.1s]
    [179,712/223,308  elapsed 40.2s]
    [184,832/223,308  elapsed 41.3s]
    [189,952/223,308  elapsed 42.4s]
    [195,072/223,308  elapsed 43.5s]
    [200,192/223,308  elapsed 44.6s]
    [205,312/223,308  elapsed 45.7s]
    [210,432/223,308  elapsed 46.8s]
    [215,552/223,308  elapsed 47.9s]
    [220,672/223,308  elapsed 49.0s]
  eval done in 49.6s
  by-popularity NDCG@10: tail=0.0016(n=29,887)  mid=0.0082(n=33,352)  head=0.0502(n=160,069)
  epoch  14  loss=9.2435  val_NDCG=0.0374  [test sequestered]  (47.7s)
  evaluating 223,308 users in batches of 512...
    [512/223,308  elapsed 0.1s]
    [5,632/223,308  elapsed 1.3s]
    [10,752/223,308  elapsed 2.4s]
    [15,872/223,308  elapsed 3.6s]
    [20,992/223,308  elapsed 4.8s]
    [26,112/223,308  elapsed 6.0s]
    [31,232/223,308  elapsed 7.1s]
    [36,352/223,308  elapsed 8.3s]
    [41,472/223,308  elapsed 9.4s]
    [46,592/223,308  elapsed 10.6s]
    [51,712/223,308  elapsed 11.8s]
    [56,832/223,308  elapsed 13.0s]
    [61,952/223,308  elapsed 14.2s]
    [67,072/223,308  elapsed 15.4s]
    [72,192/223,308  elapsed 16.5s]
    [77,312/223,308  elapsed 17.8s]
    [82,432/223,308  elapsed 18.9s]
    [87,552/223,308  elapsed 20.2s]
    [92,672/223,308  elapsed 21.3s]
    [97,792/223,308  elapsed 22.4s]
    [102,912/223,308  elapsed 23.5s]
    [108,032/223,308  elapsed 24.6s]
    [113,152/223,308  elapsed 25.7s]
    [118,272/223,308  elapsed 26.8s]
    [123,392/223,308  elapsed 27.9s]
    [128,512/223,308  elapsed 29.0s]
    [133,632/223,308  elapsed 30.1s]
    [138,752/223,308  elapsed 31.2s]
    [143,872/223,308  elapsed 32.3s]
    [148,992/223,308  elapsed 33.4s]
    [154,112/223,308  elapsed 34.5s]
    [159,232/223,308  elapsed 35.7s]
    [164,352/223,308  elapsed 36.8s]
    [169,472/223,308  elapsed 37.9s]
    [174,592/223,308  elapsed 39.0s]
    [179,712/223,308  elapsed 40.1s]
    [184,832/223,308  elapsed 41.2s]
    [189,952/223,308  elapsed 42.3s]
    [195,072/223,308  elapsed 43.5s]
    [200,192/223,308  elapsed 44.6s]
    [205,312/223,308  elapsed 45.7s]
    [210,432/223,308  elapsed 46.8s]
    [215,552/223,308  elapsed 47.9s]
    [220,672/223,308  elapsed 49.0s]
  eval done in 49.6s
  by-popularity NDCG@10: tail=0.0017(n=29,887)  mid=0.0085(n=33,352)  head=0.0503(n=160,069)
  epoch  15  loss=9.2128  val_NDCG=0.0375  [test sequestered]  (47.0s)
  evaluating 223,308 users in batches of 512...
    [512/223,308  elapsed 0.1s]
    [5,632/223,308  elapsed 1.3s]
    [10,752/223,308  elapsed 2.5s]
    [15,872/223,308  elapsed 3.7s]
    [20,992/223,308  elapsed 4.9s]
    [26,112/223,308  elapsed 6.0s]
    [31,232/223,308  elapsed 7.1s]
    [36,352/223,308  elapsed 8.2s]
    [41,472/223,308  elapsed 9.4s]
    [46,592/223,308  elapsed 10.5s]
    [51,712/223,308  elapsed 11.5s]
    [56,832/223,308  elapsed 12.7s]
    [61,952/223,308  elapsed 13.9s]
    [67,072/223,308  elapsed 15.0s]
    [72,192/223,308  elapsed 16.1s]
    [77,312/223,308  elapsed 17.2s]
    [82,432/223,308  elapsed 18.3s]
    [87,552/223,308  elapsed 19.4s]
    [92,672/223,308  elapsed 20.4s]
    [97,792/223,308  elapsed 21.5s]
    [102,912/223,308  elapsed 22.6s]
    [108,032/223,308  elapsed 23.7s]
    [113,152/223,308  elapsed 24.8s]
    [118,272/223,308  elapsed 25.9s]
    [123,392/223,308  elapsed 27.0s]
    [128,512/223,308  elapsed 28.1s]
    [133,632/223,308  elapsed 29.3s]
    [138,752/223,308  elapsed 30.4s]
    [143,872/223,308  elapsed 31.5s]
    [148,992/223,308  elapsed 32.6s]
    [154,112/223,308  elapsed 33.6s]
    [159,232/223,308  elapsed 34.7s]
    [164,352/223,308  elapsed 35.9s]
    [169,472/223,308  elapsed 37.0s]
    [174,592/223,308  elapsed 38.1s]
    [179,712/223,308  elapsed 39.2s]
    [184,832/223,308  elapsed 40.3s]
    [189,952/223,308  elapsed 41.4s]
    [195,072/223,308  elapsed 42.5s]
    [200,192/223,308  elapsed 43.7s]
    [205,312/223,308  elapsed 44.8s]
    [210,432/223,308  elapsed 45.9s]
    [215,552/223,308  elapsed 47.1s]
    [220,672/223,308  elapsed 48.1s]
  eval done in 48.7s
  by-popularity NDCG@10: tail=0.0017(n=29,887)  mid=0.0087(n=33,352)  head=0.0503(n=160,069)
  epoch  16  loss=9.1884  val_NDCG=0.0376  [test sequestered]  (46.6s)
  evaluating 223,308 users in batches of 512...
    [512/223,308  elapsed 0.1s]
    [5,632/223,308  elapsed 1.3s]
    [10,752/223,308  elapsed 2.4s]
    [15,872/223,308  elapsed 3.6s]
    [20,992/223,308  elapsed 4.8s]
    [26,112/223,308  elapsed 6.0s]
    [31,232/223,308  elapsed 7.1s]
    [36,352/223,308  elapsed 8.3s]
    [41,472/223,308  elapsed 9.4s]
    [46,592/223,308  elapsed 10.6s]
    [51,712/223,308  elapsed 11.6s]
    [56,832/223,308  elapsed 12.8s]
    [61,952/223,308  elapsed 13.9s]
    [67,072/223,308  elapsed 15.0s]
    [72,192/223,308  elapsed 16.1s]
    [77,312/223,308  elapsed 17.2s]
    [82,432/223,308  elapsed 18.3s]
    [87,552/223,308  elapsed 19.4s]
    [92,672/223,308  elapsed 20.5s]
    [97,792/223,308  elapsed 21.6s]
    [102,912/223,308  elapsed 22.7s]
    [108,032/223,308  elapsed 23.8s]
    [113,152/223,308  elapsed 24.9s]
    [118,272/223,308  elapsed 26.0s]
    [123,392/223,308  elapsed 27.1s]
    [128,512/223,308  elapsed 28.4s]
    [133,632/223,308  elapsed 29.6s]
    [138,752/223,308  elapsed 30.9s]
    [143,872/223,308  elapsed 32.2s]
    [148,992/223,308  elapsed 33.5s]
    [154,112/223,308  elapsed 34.6s]
    [159,232/223,308  elapsed 35.7s]
    [164,352/223,308  elapsed 36.8s]
    [169,472/223,308  elapsed 38.0s]
    [174,592/223,308  elapsed 39.1s]
    [179,712/223,308  elapsed 40.2s]
    [184,832/223,308  elapsed 41.3s]
    [189,952/223,308  elapsed 42.4s]
    [195,072/223,308  elapsed 43.6s]
    [200,192/223,308  elapsed 44.6s]
    [205,312/223,308  elapsed 45.7s]
    [210,432/223,308  elapsed 46.9s]
    [215,552/223,308  elapsed 48.0s]
    [220,672/223,308  elapsed 49.0s]
  eval done in 49.6s
  by-popularity NDCG@10: tail=0.0017(n=29,887)  mid=0.0087(n=33,352)  head=0.0504(n=160,069)
  epoch  17  loss=9.1650  val_NDCG=0.0377  [test sequestered]  (49.2s)
  evaluating 223,308 users in batches of 512...
    [512/223,308  elapsed 0.1s]
    [5,632/223,308  elapsed 1.2s]
    [10,752/223,308  elapsed 2.4s]
    [15,872/223,308  elapsed 3.5s]
    [20,992/223,308  elapsed 4.6s]
    [26,112/223,308  elapsed 5.8s]
    [31,232/223,308  elapsed 7.0s]
    [36,352/223,308  elapsed 8.1s]
    [41,472/223,308  elapsed 9.3s]
    [46,592/223,308  elapsed 10.4s]
    [51,712/223,308  elapsed 11.6s]
    [56,832/223,308  elapsed 12.8s]
    [61,952/223,308  elapsed 13.9s]
    [67,072/223,308  elapsed 15.0s]
    [72,192/223,308  elapsed 16.2s]
    [77,312/223,308  elapsed 17.3s]
    [82,432/223,308  elapsed 18.5s]
    [87,552/223,308  elapsed 19.6s]
    [92,672/223,308  elapsed 20.8s]
    [97,792/223,308  elapsed 22.0s]
    [102,912/223,308  elapsed 23.1s]
    [108,032/223,308  elapsed 24.2s]
    [113,152/223,308  elapsed 25.4s]
    [118,272/223,308  elapsed 26.6s]
    [123,392/223,308  elapsed 27.8s]
    [128,512/223,308  elapsed 28.9s]
    [133,632/223,308  elapsed 30.0s]
    [138,752/223,308  elapsed 31.1s]
    [143,872/223,308  elapsed 32.3s]
    [148,992/223,308  elapsed 33.4s]
    [154,112/223,308  elapsed 34.5s]
    [159,232/223,308  elapsed 35.6s]
    [164,352/223,308  elapsed 36.8s]
    [169,472/223,308  elapsed 37.9s]
    [174,592/223,308  elapsed 39.1s]
    [179,712/223,308  elapsed 40.2s]
    [184,832/223,308  elapsed 41.3s]
    [189,952/223,308  elapsed 42.5s]
    [195,072/223,308  elapsed 43.6s]
    [200,192/223,308  elapsed 44.7s]
    [205,312/223,308  elapsed 45.9s]
    [210,432/223,308  elapsed 47.1s]
    [215,552/223,308  elapsed 48.2s]
    [220,672/223,308  elapsed 49.3s]
  eval done in 49.9s
  by-popularity NDCG@10: tail=0.0018(n=29,887)  mid=0.0089(n=33,352)  head=0.0504(n=160,069)
  epoch  18  loss=9.1490  val_NDCG=0.0377  [test sequestered]  (47.6s)
  evaluating 223,308 users in batches of 512...
    [512/223,308  elapsed 0.1s]
    [5,632/223,308  elapsed 1.3s]
    [10,752/223,308  elapsed 2.5s]
    [15,872/223,308  elapsed 3.7s]
    [20,992/223,308  elapsed 4.8s]
    [26,112/223,308  elapsed 6.0s]
    [31,232/223,308  elapsed 7.2s]
    [36,352/223,308  elapsed 8.3s]
    [41,472/223,308  elapsed 9.6s]
    [46,592/223,308  elapsed 10.8s]
    [51,712/223,308  elapsed 11.9s]
    [56,832/223,308  elapsed 13.1s]
    [61,952/223,308  elapsed 14.2s]
    [67,072/223,308  elapsed 15.4s]
    [72,192/223,308  elapsed 16.5s]
    [77,312/223,308  elapsed 17.7s]
    [82,432/223,308  elapsed 19.0s]
    [87,552/223,308  elapsed 20.2s]
    [92,672/223,308  elapsed 21.4s]
    [97,792/223,308  elapsed 22.5s]
    [102,912/223,308  elapsed 23.8s]
    [108,032/223,308  elapsed 25.0s]
    [113,152/223,308  elapsed 26.2s]
    [118,272/223,308  elapsed 27.4s]
    [123,392/223,308  elapsed 28.5s]
    [128,512/223,308  elapsed 29.7s]
    [133,632/223,308  elapsed 30.9s]
    [138,752/223,308  elapsed 32.0s]
    [143,872/223,308  elapsed 33.2s]
    [148,992/223,308  elapsed 34.3s]
    [154,112/223,308  elapsed 35.4s]
    [159,232/223,308  elapsed 36.5s]
    [164,352/223,308  elapsed 37.6s]
    [169,472/223,308  elapsed 38.8s]
    [174,592/223,308  elapsed 39.9s]
    [179,712/223,308  elapsed 41.0s]
    [184,832/223,308  elapsed 42.1s]
    [189,952/223,308  elapsed 43.2s]
    [195,072/223,308  elapsed 44.3s]
    [200,192/223,308  elapsed 45.4s]
    [205,312/223,308  elapsed 46.5s]
    [210,432/223,308  elapsed 47.6s]
    [215,552/223,308  elapsed 48.8s]
    [220,672/223,308  elapsed 49.9s]
  eval done in 50.5s
  by-popularity NDCG@10: tail=0.0018(n=29,887)  mid=0.0088(n=33,352)  head=0.0504(n=160,069)
  epoch  19  loss=9.1379  val_NDCG=0.0377  [test sequestered]  (48.0s)
  evaluating 223,308 users in batches of 512...
    [512/223,308  elapsed 0.1s]
    [5,632/223,308  elapsed 1.2s]
    [10,752/223,308  elapsed 2.3s]
    [15,872/223,308  elapsed 3.5s]
    [20,992/223,308  elapsed 4.5s]
    [26,112/223,308  elapsed 5.7s]
    [31,232/223,308  elapsed 6.8s]
    [36,352/223,308  elapsed 7.9s]
    [41,472/223,308  elapsed 9.0s]
    [46,592/223,308  elapsed 10.1s]
    [51,712/223,308  elapsed 11.3s]
    [56,832/223,308  elapsed 12.4s]
    [61,952/223,308  elapsed 13.6s]
    [67,072/223,308  elapsed 14.7s]
    [72,192/223,308  elapsed 15.8s]
    [77,312/223,308  elapsed 16.9s]
    [82,432/223,308  elapsed 18.0s]
    [87,552/223,308  elapsed 19.1s]
    [92,672/223,308  elapsed 20.2s]
    [97,792/223,308  elapsed 21.3s]
    [102,912/223,308  elapsed 22.5s]
    [108,032/223,308  elapsed 23.6s]
    [113,152/223,308  elapsed 24.8s]
    [118,272/223,308  elapsed 26.0s]
    [123,392/223,308  elapsed 27.1s]
    [128,512/223,308  elapsed 28.3s]
    [133,632/223,308  elapsed 29.5s]
    [138,752/223,308  elapsed 30.7s]
    [143,872/223,308  elapsed 31.8s]
    [148,992/223,308  elapsed 33.0s]
    [154,112/223,308  elapsed 34.2s]
    [159,232/223,308  elapsed 35.3s]
    [164,352/223,308  elapsed 36.4s]
    [169,472/223,308  elapsed 37.5s]
    [174,592/223,308  elapsed 38.6s]
    [179,712/223,308  elapsed 39.8s]
    [184,832/223,308  elapsed 41.1s]
    [189,952/223,308  elapsed 42.6s]
    [195,072/223,308  elapsed 43.8s]
    [200,192/223,308  elapsed 45.1s]
    [205,312/223,308  elapsed 46.3s]
    [210,432/223,308  elapsed 47.4s]
    [215,552/223,308  elapsed 48.5s]
    [220,672/223,308  elapsed 49.6s]
  eval done in 50.2s
  by-popularity NDCG@10: tail=0.0018(n=29,887)  mid=0.0088(n=33,352)  head=0.0504(n=160,069)
  epoch  20  loss=9.1330  val_NDCG=0.0377  [test sequestered]  (46.5s)

=== Best by val NDCG@10 ===
  val_NDCG=0.0377
  best_ckpt_sha256 = 8355e585c8ae0c8482917cdbc555257cf9a2beefd51255b50aa15139410ffbf0

wrote C:\Users\rayxc\Documents\R\_bestrec_run\results_OFFICE_COLDFUSE2_base_seed20260743.json
=== COLDFUSE2 confirm: Office_Products seed 20260743 (ease=no; test sequestered) ===
  [val] streaming sweep: 85 systems ...
    [512/223,308 1s]
    [20,992/223,308 25s]
    [41,472/223,308 48s]
    [61,952/223,308 72s]
    [82,432/223,308 96s]
    [102,912/223,308 119s]
    [123,392/223,308 143s]
    [143,872/223,308 168s]
    [164,352/223,308 192s]
    [184,832/223,308 216s]
    [205,312/223,308 240s]
  VAL selected {'profile': 'exp0.9', 'wt_tail': 0.4, 'wt_mid': 0.1, 'wt_head': 0.1} (feasible 37/84; val f15 0.00534 vs ref 0.00177)
  [test] sequestered pass: ref + selected + 4 controls ...
  test pass complete (values sequestered to the artifact)
wrote C:\Users\rayxc\Documents\R\_bestrec_run\results_Office_Products_COLDFUSE2_confirm_seed20260743.json (metrics sequestered)
  random seed set to 20260743
=== CDs_and_Vinyl: load splits ===
  n_users=123,876  n_items=89,370  pad_id=89370
  built sequences for 123,876 users
  built timestamp sequences (12 time buckets)
  loading SBERT embeddings from C:\Users\rayxc\Documents\R\cache_5core\sbert_titles_CDs_and_Vinyl.npy...
  TAPE: k-means 89,370 text embeddings into K=512 prototypes (tau=0.05)...
  TAPE: K=512 mean max-assignment weight = 0.495 (1.0 = hard clustering)

=== Build SASRec-SBERT (d=64, layers=4, heads=2) ===
  total params: 40,208,319  device=cuda
  123,876 training examples / 484 batches per epoch
  init_state_sha256 = 5f8628f937012ae0bef7eddc438f56529c58c950a8f4af6d19c4e9329c0e9fd2
  LR schedule: warmup_cosine (484 warmup + 9196 cosine steps)

=== Train for 20 epochs ===
  evaluating 123,876 users in batches of 512...
    [512/123,876  elapsed 0.1s]
    [5,632/123,876  elapsed 1.3s]
    [10,752/123,876  elapsed 2.8s]
    [15,872/123,876  elapsed 3.9s]
    [20,992/123,876  elapsed 5.3s]
    [26,112/123,876  elapsed 6.6s]
    [31,232/123,876  elapsed 7.8s]
    [36,352/123,876  elapsed 9.1s]
    [41,472/123,876  elapsed 10.5s]
    [46,592/123,876  elapsed 12.0s]
    [51,712/123,876  elapsed 13.3s]
    [56,832/123,876  elapsed 14.7s]
    [61,952/123,876  elapsed 16.1s]
    [67,072/123,876  elapsed 17.4s]
    [72,192/123,876  elapsed 18.7s]
    [77,312/123,876  elapsed 19.9s]
    [82,432/123,876  elapsed 21.3s]
    [87,552/123,876  elapsed 22.6s]
    [92,672/123,876  elapsed 23.9s]
    [97,792/123,876  elapsed 25.1s]
    [102,912/123,876  elapsed 26.3s]
    [108,032/123,876  elapsed 27.6s]
    [113,152/123,876  elapsed 28.8s]
    [118,272/123,876  elapsed 29.9s]
    [123,392/123,876  elapsed 31.1s]
  eval done in 31.2s
  by-popularity NDCG@10: tail=0.0000(n=18,342)  mid=0.0000(n=20,089)  head=0.0135(n=85,445)
  epoch   1  loss=11.0018  val_NDCG=0.0093  [test sequestered]  (39.6s)
  evaluating 123,876 users in batches of 512...
    [512/123,876  elapsed 0.1s]
    [5,632/123,876  elapsed 1.4s]
    [10,752/123,876  elapsed 2.7s]
    [15,872/123,876  elapsed 4.0s]
    [20,992/123,876  elapsed 5.3s]
    [26,112/123,876  elapsed 6.5s]
    [31,232/123,876  elapsed 7.8s]
    [36,352/123,876  elapsed 9.0s]
    [41,472/123,876  elapsed 10.3s]
    [46,592/123,876  elapsed 11.6s]
    [51,712/123,876  elapsed 12.8s]
    [56,832/123,876  elapsed 14.1s]
    [61,952/123,876  elapsed 15.3s]
    [67,072/123,876  elapsed 16.6s]
    [72,192/123,876  elapsed 17.8s]
    [77,312/123,876  elapsed 19.0s]
    [82,432/123,876  elapsed 20.2s]
    [87,552/123,876  elapsed 21.6s]
    [92,672/123,876  elapsed 22.9s]
    [97,792/123,876  elapsed 24.1s]
    [102,912/123,876  elapsed 25.2s]
    [108,032/123,876  elapsed 26.4s]
    [113,152/123,876  elapsed 27.6s]
    [118,272/123,876  elapsed 28.8s]
    [123,392/123,876  elapsed 29.9s]
  eval done in 30.1s
  by-popularity NDCG@10: tail=0.0002(n=18,342)  mid=0.0011(n=20,089)  head=0.0359(n=85,445)
  epoch   2  loss=10.2807  val_NDCG=0.0250  [test sequestered]  (40.7s)
  evaluating 123,876 users in batches of 512...
    [512/123,876  elapsed 0.1s]
    [5,632/123,876  elapsed 1.3s]
    [10,752/123,876  elapsed 2.5s]
    [15,872/123,876  elapsed 3.7s]
    [20,992/123,876  elapsed 4.9s]
    [26,112/123,876  elapsed 6.0s]
    [31,232/123,876  elapsed 7.2s]
    [36,352/123,876  elapsed 8.4s]
    [41,472/123,876  elapsed 9.6s]
    [46,592/123,876  elapsed 10.8s]
    [51,712/123,876  elapsed 12.0s]
    [56,832/123,876  elapsed 13.2s]
    [61,952/123,876  elapsed 14.4s]
    [67,072/123,876  elapsed 15.6s]
    [72,192/123,876  elapsed 16.8s]
    [77,312/123,876  elapsed 17.9s]
    [82,432/123,876  elapsed 19.1s]
    [87,552/123,876  elapsed 20.3s]
    [92,672/123,876  elapsed 21.5s]
    [97,792/123,876  elapsed 22.7s]
    [102,912/123,876  elapsed 23.9s]
    [108,032/123,876  elapsed 25.1s]
    [113,152/123,876  elapsed 26.4s]
    [118,272/123,876  elapsed 27.6s]
    [123,392/123,876  elapsed 28.8s]
  eval done in 28.9s
  by-popularity NDCG@10: tail=0.0005(n=18,342)  mid=0.0032(n=20,089)  head=0.0577(n=85,445)
  epoch   3  loss=9.8319  val_NDCG=0.0404  [test sequestered]  (40.1s)
  evaluating 123,876 users in batches of 512...
    [512/123,876  elapsed 0.1s]
    [5,632/123,876  elapsed 1.4s]
    [10,752/123,876  elapsed 2.7s]
    [15,872/123,876  elapsed 3.9s]
    [20,992/123,876  elapsed 5.2s]
    [26,112/123,876  elapsed 6.5s]
    [31,232/123,876  elapsed 7.8s]
    [36,352/123,876  elapsed 9.0s]
    [41,472/123,876  elapsed 10.3s]
    [46,592/123,876  elapsed 11.5s]
    [51,712/123,876  elapsed 12.7s]
    [56,832/123,876  elapsed 13.9s]
    [61,952/123,876  elapsed 15.2s]
    [67,072/123,876  elapsed 16.4s]
    [72,192/123,876  elapsed 17.9s]
    [77,312/123,876  elapsed 19.1s]
    [82,432/123,876  elapsed 20.2s]
    [87,552/123,876  elapsed 21.4s]
    [92,672/123,876  elapsed 22.6s]
    [97,792/123,876  elapsed 23.8s]
    [102,912/123,876  elapsed 25.0s]
    [108,032/123,876  elapsed 26.2s]
    [113,152/123,876  elapsed 27.4s]
    [118,272/123,876  elapsed 28.6s]
    [123,392/123,876  elapsed 29.9s]
  eval done in 30.1s
  by-popularity NDCG@10: tail=0.0010(n=18,342)  mid=0.0070(n=20,089)  head=0.0720(n=85,445)
  epoch   4  loss=9.5595  val_NDCG=0.0509  [test sequestered]  (40.0s)
  evaluating 123,876 users in batches of 512...
    [512/123,876  elapsed 0.1s]
    [5,632/123,876  elapsed 1.3s]
    [10,752/123,876  elapsed 2.6s]
    [15,872/123,876  elapsed 3.8s]
    [20,992/123,876  elapsed 5.0s]
    [26,112/123,876  elapsed 6.2s]
    [31,232/123,876  elapsed 7.5s]
    [36,352/123,876  elapsed 8.8s]
    [41,472/123,876  elapsed 10.0s]
    [46,592/123,876  elapsed 11.3s]
    [51,712/123,876  elapsed 12.5s]
    [56,832/123,876  elapsed 13.8s]
    [61,952/123,876  elapsed 15.0s]
    [67,072/123,876  elapsed 16.3s]
    [72,192/123,876  elapsed 17.7s]
    [77,312/123,876  elapsed 19.0s]
    [82,432/123,876  elapsed 20.3s]
    [87,552/123,876  elapsed 21.6s]
    [92,672/123,876  elapsed 22.9s]
    [97,792/123,876  elapsed 24.2s]
    [102,912/123,876  elapsed 25.4s]
    [108,032/123,876  elapsed 26.7s]
    [113,152/123,876  elapsed 28.1s]
    [118,272/123,876  elapsed 29.4s]
    [123,392/123,876  elapsed 30.7s]
  eval done in 30.8s
  by-popularity NDCG@10: tail=0.0025(n=18,342)  mid=0.0117(n=20,089)  head=0.0808(n=85,445)
  epoch   5  loss=9.3695  val_NDCG=0.0580  [test sequestered]  (40.5s)
  evaluating 123,876 users in batches of 512...
    [512/123,876  elapsed 0.1s]
    [5,632/123,876  elapsed 1.1s]
    [10,752/123,876  elapsed 2.1s]
    [15,872/123,876  elapsed 3.2s]
    [20,992/123,876  elapsed 4.2s]
    [26,112/123,876  elapsed 5.4s]
    [31,232/123,876  elapsed 6.7s]
    [36,352/123,876  elapsed 8.1s]
    [41,472/123,876  elapsed 9.3s]
    [46,592/123,876  elapsed 10.5s]
    [51,712/123,876  elapsed 11.7s]
    [56,832/123,876  elapsed 12.9s]
    [61,952/123,876  elapsed 14.2s]
    [67,072/123,876  elapsed 15.3s]
    [72,192/123,876  elapsed 16.5s]
    [77,312/123,876  elapsed 17.7s]
    [82,432/123,876  elapsed 18.8s]
    [87,552/123,876  elapsed 20.1s]
    [92,672/123,876  elapsed 21.5s]
    [97,792/123,876  elapsed 22.8s]
    [102,912/123,876  elapsed 23.9s]
    [108,032/123,876  elapsed 25.0s]
    [113,152/123,876  elapsed 26.1s]
    [118,272/123,876  elapsed 27.2s]
    [123,392/123,876  elapsed 28.3s]
  eval done in 28.4s
  by-popularity NDCG@10: tail=0.0038(n=18,342)  mid=0.0154(n=20,089)  head=0.0856(n=85,445)
  epoch   6  loss=9.2256  val_NDCG=0.0621  [test sequestered]  (40.8s)
  evaluating 123,876 users in batches of 512...
    [512/123,876  elapsed 0.1s]
    [5,632/123,876  elapsed 1.3s]
    [10,752/123,876  elapsed 2.4s]
    [15,872/123,876  elapsed 3.5s]
    [20,992/123,876  elapsed 4.6s]
    [26,112/123,876  elapsed 5.8s]
    [31,232/123,876  elapsed 6.9s]
    [36,352/123,876  elapsed 8.2s]
    [41,472/123,876  elapsed 9.3s]
    [46,592/123,876  elapsed 10.4s]
    [51,712/123,876  elapsed 11.6s]
    [56,832/123,876  elapsed 12.7s]
    [61,952/123,876  elapsed 14.0s]
    [67,072/123,876  elapsed 15.3s]
    [72,192/123,876  elapsed 16.4s]
    [77,312/123,876  elapsed 17.8s]
    [82,432/123,876  elapsed 19.2s]
    [87,552/123,876  elapsed 20.4s]
    [92,672/123,876  elapsed 21.5s]
    [97,792/123,876  elapsed 22.8s]
    [102,912/123,876  elapsed 24.0s]
    [108,032/123,876  elapsed 25.2s]
    [113,152/123,876  elapsed 26.3s]
    [118,272/123,876  elapsed 28.3s]
    [123,392/123,876  elapsed 29.5s]
  eval done in 29.7s
  by-popularity NDCG@10: tail=0.0051(n=18,342)  mid=0.0185(n=20,089)  head=0.0884(n=85,445)
  epoch   7  loss=9.1109  val_NDCG=0.0647  [test sequestered]  (40.2s)
  evaluating 123,876 users in batches of 512...
    [512/123,876  elapsed 0.1s]
    [5,632/123,876  elapsed 1.5s]
    [10,752/123,876  elapsed 2.8s]
    [15,872/123,876  elapsed 4.2s]
    [20,992/123,876  elapsed 5.6s]
    [26,112/123,876  elapsed 6.9s]
    [31,232/123,876  elapsed 8.3s]
    [36,352/123,876  elapsed 9.6s]
    [41,472/123,876  elapsed 11.0s]
    [46,592/123,876  elapsed 12.4s]
    [51,712/123,876  elapsed 13.8s]
    [56,832/123,876  elapsed 15.1s]
    [61,952/123,876  elapsed 16.6s]
    [67,072/123,876  elapsed 17.9s]
    [72,192/123,876  elapsed 19.4s]
    [77,312/123,876  elapsed 20.8s]
    [82,432/123,876  elapsed 22.2s]
    [87,552/123,876  elapsed 23.6s]
    [92,672/123,876  elapsed 25.0s]
    [97,792/123,876  elapsed 26.4s]
    [102,912/123,876  elapsed 27.8s]
    [108,032/123,876  elapsed 29.2s]
    [113,152/123,876  elapsed 30.5s]
    [118,272/123,876  elapsed 31.9s]
    [123,392/123,876  elapsed 33.2s]
  eval done in 33.4s
  by-popularity NDCG@10: tail=0.0063(n=18,342)  mid=0.0210(n=20,089)  head=0.0910(n=85,445)
  epoch   8  loss=9.0183  val_NDCG=0.0671  [test sequestered]  (45.3s)
  evaluating 123,876 users in batches of 512...
    [512/123,876  elapsed 0.1s]
    [5,632/123,876  elapsed 1.4s]
    [10,752/123,876  elapsed 2.7s]
    [15,872/123,876  elapsed 3.9s]
    [20,992/123,876  elapsed 5.2s]
    [26,112/123,876  elapsed 6.5s]
    [31,232/123,876  elapsed 7.8s]
    [36,352/123,876  elapsed 9.3s]
    [41,472/123,876  elapsed 11.1s]
    [46,592/123,876  elapsed 13.0s]
    [51,712/123,876  elapsed 15.0s]
    [56,832/123,876  elapsed 16.9s]
    [61,952/123,876  elapsed 18.9s]
    [67,072/123,876  elapsed 20.9s]
    [72,192/123,876  elapsed 22.9s]
    [77,312/123,876  elapsed 24.9s]
    [82,432/123,876  elapsed 26.9s]
    [87,552/123,876  elapsed 28.9s]
    [92,672/123,876  elapsed 30.8s]
    [97,792/123,876  elapsed 32.7s]
    [102,912/123,876  elapsed 34.6s]
    [108,032/123,876  elapsed 36.4s]
    [113,152/123,876  elapsed 38.3s]
    [118,272/123,876  elapsed 40.1s]
    [123,392/123,876  elapsed 42.0s]
  eval done in 42.2s
  by-popularity NDCG@10: tail=0.0071(n=18,342)  mid=0.0232(n=20,089)  head=0.0921(n=85,445)
  epoch   9  loss=8.9411  val_NDCG=0.0684  [test sequestered]  (44.0s)
  evaluating 123,876 users in batches of 512...
    [512/123,876  elapsed 0.1s]
    [5,632/123,876  elapsed 2.0s]
    [10,752/123,876  elapsed 3.8s]
    [15,872/123,876  elapsed 5.6s]
    [20,992/123,876  elapsed 7.5s]
    [26,112/123,876  elapsed 9.4s]
    [31,232/123,876  elapsed 11.3s]
    [36,352/123,876  elapsed 13.3s]
    [41,472/123,876  elapsed 15.4s]
    [46,592/123,876  elapsed 17.4s]
    [51,712/123,876  elapsed 19.4s]
    [56,832/123,876  elapsed 21.3s]
    [61,952/123,876  elapsed 23.2s]
    [67,072/123,876  elapsed 25.2s]
    [72,192/123,876  elapsed 27.1s]
    [77,312/123,876  elapsed 29.0s]
    [82,432/123,876  elapsed 30.9s]
    [87,552/123,876  elapsed 32.9s]
    [92,672/123,876  elapsed 35.0s]
    [97,792/123,876  elapsed 37.0s]
    [102,912/123,876  elapsed 39.1s]
    [108,032/123,876  elapsed 41.1s]
    [113,152/123,876  elapsed 43.1s]
    [118,272/123,876  elapsed 45.1s]
    [123,392/123,876  elapsed 47.2s]
  eval done in 47.4s
  by-popularity NDCG@10: tail=0.0081(n=18,342)  mid=0.0239(n=20,089)  head=0.0936(n=85,445)
  epoch  10  loss=8.8732  val_NDCG=0.0696  [test sequestered]  (47.2s)
  evaluating 123,876 users in batches of 512...
    [512/123,876  elapsed 0.2s]
    [5,632/123,876  elapsed 2.2s]
    [10,752/123,876  elapsed 4.2s]
    [15,872/123,876  elapsed 6.1s]
    [20,992/123,876  elapsed 8.1s]
    [26,112/123,876  elapsed 10.1s]
    [31,232/123,876  elapsed 12.2s]
    [36,352/123,876  elapsed 14.2s]
    [41,472/123,876  elapsed 16.0s]
    [46,592/123,876  elapsed 18.0s]
    [51,712/123,876  elapsed 20.1s]
    [56,832/123,876  elapsed 22.2s]
    [61,952/123,876  elapsed 24.2s]
    [67,072/123,876  elapsed 26.2s]
    [72,192/123,876  elapsed 28.1s]
    [77,312/123,876  elapsed 30.2s]
    [82,432/123,876  elapsed 32.2s]
    [87,552/123,876  elapsed 34.1s]
    [92,672/123,876  elapsed 36.0s]
    [97,792/123,876  elapsed 37.9s]
    [102,912/123,876  elapsed 39.8s]
    [108,032/123,876  elapsed 41.9s]
    [113,152/123,876  elapsed 43.9s]
    [118,272/123,876  elapsed 46.0s]
    [123,392/123,876  elapsed 48.0s]
  eval done in 48.2s
  by-popularity NDCG@10: tail=0.0085(n=18,342)  mid=0.0256(n=20,089)  head=0.0946(n=85,445)
  epoch  11  loss=8.8137  val_NDCG=0.0707  [test sequestered]  (46.8s)
  evaluating 123,876 users in batches of 512...
    [512/123,876  elapsed 0.2s]
    [5,632/123,876  elapsed 2.0s]
    [10,752/123,876  elapsed 3.9s]
    [15,872/123,876  elapsed 5.8s]
    [20,992/123,876  elapsed 7.7s]
    [26,112/123,876  elapsed 9.6s]
    [31,232/123,876  elapsed 11.5s]
    [36,352/123,876  elapsed 13.5s]
    [41,472/123,876  elapsed 15.4s]
    [46,592/123,876  elapsed 17.4s]
    [51,712/123,876  elapsed 19.4s]
    [56,832/123,876  elapsed 21.5s]
    [61,952/123,876  elapsed 23.5s]
    [67,072/123,876  elapsed 25.5s]
    [72,192/123,876  elapsed 27.6s]
    [77,312/123,876  elapsed 29.7s]
    [82,432/123,876  elapsed 31.8s]
    [87,552/123,876  elapsed 34.0s]
    [92,672/123,876  elapsed 35.9s]
    [97,792/123,876  elapsed 37.9s]
    [102,912/123,876  elapsed 39.9s]
    [108,032/123,876  elapsed 41.8s]
    [113,152/123,876  elapsed 43.7s]
    [118,272/123,876  elapsed 45.6s]
    [123,392/123,876  elapsed 47.4s]
  eval done in 47.6s
  by-popularity NDCG@10: tail=0.0093(n=18,342)  mid=0.0266(n=20,089)  head=0.0952(n=85,445)
  epoch  12  loss=8.7621  val_NDCG=0.0713  [test sequestered]  (47.1s)
  evaluating 123,876 users in batches of 512...
    [512/123,876  elapsed 0.2s]
    [5,632/123,876  elapsed 2.0s]
    [10,752/123,876  elapsed 3.8s]
    [15,872/123,876  elapsed 5.7s]
    [20,992/123,876  elapsed 7.6s]
    [26,112/123,876  elapsed 9.6s]
    [31,232/123,876  elapsed 11.5s]
    [36,352/123,876  elapsed 13.4s]
    [41,472/123,876  elapsed 15.3s]
    [46,592/123,876  elapsed 17.2s]
    [51,712/123,876  elapsed 19.1s]
    [56,832/123,876  elapsed 21.0s]
    [61,952/123,876  elapsed 23.1s]
    [67,072/123,876  elapsed 25.1s]
    [72,192/123,876  elapsed 27.1s]
    [77,312/123,876  elapsed 29.0s]
    [82,432/123,876  elapsed 31.0s]
    [87,552/123,876  elapsed 32.8s]
    [92,672/123,876  elapsed 34.6s]
    [97,792/123,876  elapsed 36.6s]
    [102,912/123,876  elapsed 38.6s]
    [108,032/123,876  elapsed 40.6s]
    [113,152/123,876  elapsed 42.5s]
    [118,272/123,876  elapsed 44.3s]
    [123,392/123,876  elapsed 46.2s]
  eval done in 46.4s
  by-popularity NDCG@10: tail=0.0098(n=18,342)  mid=0.0269(n=20,089)  head=0.0961(n=85,445)
  epoch  13  loss=8.7127  val_NDCG=0.0721  [test sequestered]  (47.5s)
  evaluating 123,876 users in batches of 512...
    [512/123,876  elapsed 0.2s]
    [5,632/123,876  elapsed 2.0s]
    [10,752/123,876  elapsed 3.8s]
    [15,872/123,876  elapsed 5.6s]
    [20,992/123,876  elapsed 7.5s]
    [26,112/123,876  elapsed 9.3s]
    [31,232/123,876  elapsed 11.2s]
    [36,352/123,876  elapsed 12.9s]
    [41,472/123,876  elapsed 14.7s]
    [46,592/123,876  elapsed 16.5s]
    [51,712/123,876  elapsed 18.4s]
    [56,832/123,876  elapsed 20.3s]
    [61,952/123,876  elapsed 22.3s]
    [67,072/123,876  elapsed 24.2s]
    [72,192/123,876  elapsed 26.1s]
    [77,312/123,876  elapsed 28.1s]
    [82,432/123,876  elapsed 30.0s]
    [87,552/123,876  elapsed 32.0s]
    [92,672/123,876  elapsed 34.0s]
    [97,792/123,876  elapsed 36.0s]
    [102,912/123,876  elapsed 38.0s]
    [108,032/123,876  elapsed 39.9s]
    [113,152/123,876  elapsed 41.7s]
    [118,272/123,876  elapsed 43.5s]
    [123,392/123,876  elapsed 45.3s]
  eval done in 45.4s
  by-popularity NDCG@10: tail=0.0099(n=18,342)  mid=0.0279(n=20,089)  head=0.0963(n=85,445)
  epoch  14  loss=8.6714  val_NDCG=0.0724  [test sequestered]  (47.2s)
  evaluating 123,876 users in batches of 512...
    [512/123,876  elapsed 0.2s]
    [5,632/123,876  elapsed 2.2s]
    [10,752/123,876  elapsed 4.3s]
    [15,872/123,876  elapsed 6.3s]
    [20,992/123,876  elapsed 8.3s]
    [26,112/123,876  elapsed 10.2s]
    [31,232/123,876  elapsed 12.1s]
    [36,352/123,876  elapsed 14.0s]
    [41,472/123,876  elapsed 16.0s]
    [46,592/123,876  elapsed 17.9s]
    [51,712/123,876  elapsed 19.8s]
    [56,832/123,876  elapsed 21.8s]
    [61,952/123,876  elapsed 23.7s]
    [67,072/123,876  elapsed 25.7s]
    [72,192/123,876  elapsed 27.8s]
    [77,312/123,876  elapsed 29.7s]
    [82,432/123,876  elapsed 31.6s]
    [87,552/123,876  elapsed 33.4s]
    [92,672/123,876  elapsed 35.3s]
    [97,792/123,876  elapsed 37.1s]
    [102,912/123,876  elapsed 38.9s]
    [108,032/123,876  elapsed 40.7s]
    [113,152/123,876  elapsed 42.5s]
    [118,272/123,876  elapsed 44.2s]
    [123,392/123,876  elapsed 46.0s]
  eval done in 46.2s
  by-popularity NDCG@10: tail=0.0103(n=18,342)  mid=0.0280(n=20,089)  head=0.0968(n=85,445)
  epoch  15  loss=8.6347  val_NDCG=0.0728  [test sequestered]  (45.5s)
  evaluating 123,876 users in batches of 512...
    [512/123,876  elapsed 0.1s]
    [5,632/123,876  elapsed 1.9s]
    [10,752/123,876  elapsed 3.6s]
    [15,872/123,876  elapsed 5.3s]
    [20,992/123,876  elapsed 7.0s]
    [26,112/123,876  elapsed 8.8s]
    [31,232/123,876  elapsed 10.6s]
    [36,352/123,876  elapsed 12.3s]
    [41,472/123,876  elapsed 14.1s]
    [46,592/123,876  elapsed 15.9s]
    [51,712/123,876  elapsed 17.9s]
    [56,832/123,876  elapsed 19.8s]
    [61,952/123,876  elapsed 21.8s]
    [67,072/123,876  elapsed 23.7s]
    [72,192/123,876  elapsed 25.7s]
    [77,312/123,876  elapsed 27.6s]
    [82,432/123,876  elapsed 29.5s]
    [87,552/123,876  elapsed 31.5s]
    [92,672/123,876  elapsed 33.4s]
    [97,792/123,876  elapsed 35.3s]
    [102,912/123,876  elapsed 37.2s]
    [108,032/123,876  elapsed 39.1s]
    [113,152/123,876  elapsed 40.8s]
    [118,272/123,876  elapsed 42.6s]
    [123,392/123,876  elapsed 44.4s]
  eval done in 44.6s
  by-popularity NDCG@10: tail=0.0104(n=18,342)  mid=0.0283(n=20,089)  head=0.0972(n=85,445)
  epoch  16  loss=8.6059  val_NDCG=0.0732  [test sequestered]  (46.4s)
  evaluating 123,876 users in batches of 512...
    [512/123,876  elapsed 0.2s]
    [5,632/123,876  elapsed 2.1s]
    [10,752/123,876  elapsed 4.0s]
    [15,872/123,876  elapsed 6.0s]
    [20,992/123,876  elapsed 7.9s]
    [26,112/123,876  elapsed 9.8s]
    [31,232/123,876  elapsed 11.7s]
    [36,352/123,876  elapsed 13.6s]
    [41,472/123,876  elapsed 15.5s]
    [46,592/123,876  elapsed 17.3s]
    [51,712/123,876  elapsed 19.2s]
    [56,832/123,876  elapsed 21.0s]
    [61,952/123,876  elapsed 23.0s]
    [67,072/123,876  elapsed 25.1s]
    [72,192/123,876  elapsed 27.1s]
    [77,312/123,876  elapsed 29.2s]
    [82,432/123,876  elapsed 31.3s]
    [87,552/123,876  elapsed 33.4s]
    [92,672/123,876  elapsed 35.6s]
    [97,792/123,876  elapsed 37.8s]
    [102,912/123,876  elapsed 39.9s]
    [108,032/123,876  elapsed 42.0s]
    [113,152/123,876  elapsed 44.0s]
    [118,272/123,876  elapsed 46.1s]
    [123,392/123,876  elapsed 48.3s]
  eval done in 48.5s
  by-popularity NDCG@10: tail=0.0105(n=18,342)  mid=0.0285(n=20,089)  head=0.0974(n=85,445)
  epoch  17  loss=8.5799  val_NDCG=0.0734  [test sequestered]  (46.2s)
  evaluating 123,876 users in batches of 512...
    [512/123,876  elapsed 0.2s]
    [5,632/123,876  elapsed 2.2s]
    [10,752/123,876  elapsed 4.3s]
    [15,872/123,876  elapsed 6.4s]
    [20,992/123,876  elapsed 8.5s]
    [26,112/123,876  elapsed 10.6s]
    [31,232/123,876  elapsed 12.7s]
    [36,352/123,876  elapsed 14.8s]
    [41,472/123,876  elapsed 16.9s]
    [46,592/123,876  elapsed 19.1s]
    [51,712/123,876  elapsed 21.2s]
    [56,832/123,876  elapsed 23.1s]
    [61,952/123,876  elapsed 24.9s]
    [67,072/123,876  elapsed 26.8s]
    [72,192/123,876  elapsed 28.6s]
    [77,312/123,876  elapsed 30.5s]
    [82,432/123,876  elapsed 32.4s]
    [87,552/123,876  elapsed 34.3s]
    [92,672/123,876  elapsed 36.2s]
    [97,792/123,876  elapsed 38.1s]
    [102,912/123,876  elapsed 40.0s]
    [108,032/123,876  elapsed 41.9s]
    [113,152/123,876  elapsed 43.8s]
    [118,272/123,876  elapsed 45.6s]
    [123,392/123,876  elapsed 47.5s]
  eval done in 47.7s
  by-popularity NDCG@10: tail=0.0106(n=18,342)  mid=0.0287(n=20,089)  head=0.0971(n=85,445)
  epoch  18  loss=8.5603  val_NDCG=0.0732  [test sequestered]  (45.4s)
  evaluating 123,876 users in batches of 512...
    [512/123,876  elapsed 0.2s]
    [5,632/123,876  elapsed 2.1s]
    [10,752/123,876  elapsed 4.1s]
    [15,872/123,876  elapsed 6.2s]
    [20,992/123,876  elapsed 8.1s]
    [26,112/123,876  elapsed 9.9s]
    [31,232/123,876  elapsed 11.8s]
    [36,352/123,876  elapsed 13.7s]
    [41,472/123,876  elapsed 15.5s]
    [46,592/123,876  elapsed 17.3s]
    [51,712/123,876  elapsed 19.2s]
    [56,832/123,876  elapsed 21.0s]
    [61,952/123,876  elapsed 22.9s]
    [67,072/123,876  elapsed 24.8s]
    [72,192/123,876  elapsed 26.8s]
    [77,312/123,876  elapsed 28.7s]
    [82,432/123,876  elapsed 30.7s]
    [87,552/123,876  elapsed 32.6s]
    [92,672/123,876  elapsed 34.7s]
    [97,792/123,876  elapsed 36.7s]
    [102,912/123,876  elapsed 38.8s]
    [108,032/123,876  elapsed 40.9s]
    [113,152/123,876  elapsed 42.9s]
    [118,272/123,876  elapsed 44.9s]
    [123,392/123,876  elapsed 46.9s]
  eval done in 47.1s
  by-popularity NDCG@10: tail=0.0106(n=18,342)  mid=0.0287(n=20,089)  head=0.0972(n=85,445)
  epoch  19  loss=8.5485  val_NDCG=0.0733  [test sequestered]  (46.4s)
  evaluating 123,876 users in batches of 512...
    [512/123,876  elapsed 0.2s]
    [5,632/123,876  elapsed 2.1s]
    [10,752/123,876  elapsed 4.1s]
    [15,872/123,876  elapsed 6.1s]
    [20,992/123,876  elapsed 8.1s]
    [26,112/123,876  elapsed 10.0s]
    [31,232/123,876  elapsed 11.9s]
    [36,352/123,876  elapsed 13.9s]
    [41,472/123,876  elapsed 15.8s]
    [46,592/123,876  elapsed 17.8s]
    [51,712/123,876  elapsed 19.8s]
    [56,832/123,876  elapsed 21.8s]
    [61,952/123,876  elapsed 23.9s]
    [67,072/123,876  elapsed 25.9s]
    [72,192/123,876  elapsed 28.0s]
    [77,312/123,876  elapsed 29.9s]
    [82,432/123,876  elapsed 31.9s]
    [87,552/123,876  elapsed 33.9s]
    [92,672/123,876  elapsed 35.9s]
    [97,792/123,876  elapsed 37.8s]
    [102,912/123,876  elapsed 39.8s]
    [108,032/123,876  elapsed 41.6s]
    [113,152/123,876  elapsed 43.5s]
    [118,272/123,876  elapsed 45.2s]
    [123,392/123,876  elapsed 47.0s]
  eval done in 47.2s
  by-popularity NDCG@10: tail=0.0107(n=18,342)  mid=0.0287(n=20,089)  head=0.0972(n=85,445)
  epoch  20  loss=8.5409  val_NDCG=0.0733  [test sequestered]  (46.2s)

=== Best by val NDCG@10 ===
  val_NDCG=0.0734
  best_ckpt_sha256 = 671bf03dfe090a0e94c9dd1bf9cfec4bd1dfc86082bedfa40e1698e84ca9dbf6

wrote C:\Users\rayxc\Documents\R\_bestrec_run\results_CDS_COLDFUSE2_base_seed20260743.json
=== COLDFUSE2 confirm: CDs_and_Vinyl seed 20260743 (ease=no; test sequestered) ===
  [val] streaming sweep: 85 systems ...
    [512/123,876 1s]
    [20,992/123,876 37s]
    [41,472/123,876 73s]
    [61,952/123,876 108s]
    [82,432/123,876 146s]
    [102,912/123,876 181s]
    [123,392/123,876 216s]
  VAL selected {'profile': 'exp0.9', 'wt_tail': 0.15, 'wt_mid': 0.0, 'wt_head': 0.0} (feasible 5/84; val f15 0.01402 vs ref 0.01022)
  [test] sequestered pass: ref + selected + 4 controls ...
  test pass complete (values sequestered to the artifact)
wrote C:\Users\rayxc\Documents\R\_bestrec_run\results_CDs_and_Vinyl_COLDFUSE2_confirm_seed20260743.json (metrics sequestered)
  random seed set to 20260744
=== Video_Games: load splits ===
  n_users=94,762  n_items=25,612  pad_id=25612
  built sequences for 94,762 users
  built timestamp sequences (12 time buckets)
  loading SBERT embeddings from C:\Users\rayxc\Documents\R\cache_5core\sbert_titles_Video_Games.npy...
  TAPE: k-means 25,612 text embeddings into K=512 prototypes (tau=0.05)...
  TAPE: K=512 mean max-assignment weight = 0.503 (1.0 = hard clustering)

=== Build SASRec-SBERT (d=64, layers=4, heads=2) ===
  total params: 11,644,735  device=cuda
  94,762 training examples / 371 batches per epoch
  init_state_sha256 = d3dacf3b0b4a5391509f6fbd8ef6d5035074b6cd4fea073f0234fdf7669dd99a
  LR schedule: warmup_cosine (742 warmup + 14098 cosine steps)

=== Train for 40 epochs ===
  epoch   1  loss=9.5398  (12.7s)
  epoch   2  loss=8.7702  (11.8s)
  epoch   3  loss=8.5274  (10.8s)
  epoch   4  loss=8.3990  (10.9s)
  epoch   5  loss=8.3208  (11.0s)
  epoch   6  loss=8.2664  (11.1s)
  epoch   7  loss=8.2229  (12.4s)
  epoch   8  loss=8.1872  (13.8s)
  epoch   9  loss=8.1582  (12.5s)
  evaluating 94,762 users in batches of 512...
    [512/94,762  elapsed 0.1s]
    [5,632/94,762  elapsed 2.0s]
    [10,752/94,762  elapsed 3.9s]
    [15,872/94,762  elapsed 5.8s]
    [20,992/94,762  elapsed 7.8s]
    [26,112/94,762  elapsed 9.7s]
    [31,232/94,762  elapsed 11.6s]
    [36,352/94,762  elapsed 13.5s]
    [41,472/94,762  elapsed 15.5s]
    [46,592/94,762  elapsed 17.4s]
    [51,712/94,762  elapsed 19.5s]
    [56,832/94,762  elapsed 21.5s]
    [61,952/94,762  elapsed 23.4s]
    [67,072/94,762  elapsed 25.4s]
    [72,192/94,762  elapsed 27.4s]
    [77,312/94,762  elapsed 29.3s]
    [82,432/94,762  elapsed 31.2s]
    [87,552/94,762  elapsed 33.2s]
    [92,672/94,762  elapsed 35.2s]
  eval done in 36.0s
  by-popularity NDCG@10: tail=0.0032(n=8,646)  mid=0.0159(n=12,134)  head=0.0902(n=73,982)
  epoch  10  loss=8.1319  val_NDCG=0.0727  [test sequestered]  (12.6s)
  epoch  11  loss=8.1099  (12.9s)
  epoch  12  loss=8.0900  (12.5s)
  epoch  13  loss=8.0719  (12.5s)
  epoch  14  loss=8.0549  (12.5s)
  epoch  15  loss=8.0417  (12.9s)
  epoch  16  loss=8.0258  (12.9s)
  epoch  17  loss=8.0147  (12.6s)
  epoch  18  loss=8.0017  (12.5s)
  epoch  19  loss=7.9894  (12.6s)
  evaluating 94,762 users in batches of 512...
    [512/94,762  elapsed 0.1s]
    [5,632/94,762  elapsed 2.1s]
    [10,752/94,762  elapsed 4.1s]
    [15,872/94,762  elapsed 6.0s]
    [20,992/94,762  elapsed 8.0s]
    [26,112/94,762  elapsed 10.0s]
    [31,232/94,762  elapsed 12.0s]
    [36,352/94,762  elapsed 14.0s]
    [41,472/94,762  elapsed 16.1s]
    [46,592/94,762  elapsed 18.1s]
    [51,712/94,762  elapsed 20.1s]
    [56,832/94,762  elapsed 22.0s]
    [61,952/94,762  elapsed 24.0s]
    [67,072/94,762  elapsed 25.9s]
    [72,192/94,762  elapsed 27.8s]
    [77,312/94,762  elapsed 29.7s]
    [82,432/94,762  elapsed 31.6s]
    [87,552/94,762  elapsed 33.5s]
    [92,672/94,762  elapsed 35.3s]
  eval done in 36.1s
  by-popularity NDCG@10: tail=0.0051(n=8,646)  mid=0.0207(n=12,134)  head=0.0925(n=73,982)
  epoch  20  loss=7.9787  val_NDCG=0.0753  [test sequestered]  (12.6s)
  epoch  21  loss=7.9654  (13.3s)
  epoch  22  loss=7.9558  (12.5s)
  epoch  23  loss=7.9472  (12.9s)
  epoch  24  loss=7.9352  (12.3s)
  epoch  25  loss=7.9277  (13.2s)
  epoch  26  loss=7.9177  (12.9s)
  epoch  27  loss=7.9100  (12.7s)
  epoch  28  loss=7.9022  (12.7s)
  epoch  29  loss=7.8944  (12.7s)
  evaluating 94,762 users in batches of 512...
    [512/94,762  elapsed 0.1s]
    [5,632/94,762  elapsed 2.0s]
    [10,752/94,762  elapsed 4.0s]
    [15,872/94,762  elapsed 5.9s]
    [20,992/94,762  elapsed 7.9s]
    [26,112/94,762  elapsed 9.8s]
    [31,232/94,762  elapsed 11.8s]
    [36,352/94,762  elapsed 13.7s]
    [41,472/94,762  elapsed 15.6s]
    [46,592/94,762  elapsed 17.6s]
    [51,712/94,762  elapsed 19.5s]
    [56,832/94,762  elapsed 21.5s]
    [61,952/94,762  elapsed 23.5s]
    [67,072/94,762  elapsed 25.5s]
    [72,192/94,762  elapsed 27.4s]
    [77,312/94,762  elapsed 29.4s]
    [82,432/94,762  elapsed 31.6s]
    [87,552/94,762  elapsed 33.6s]
    [92,672/94,762  elapsed 35.5s]
  eval done in 36.4s
  by-popularity NDCG@10: tail=0.0064(n=8,646)  mid=0.0226(n=12,134)  head=0.0933(n=73,982)
  epoch  30  loss=7.8886  val_NDCG=0.0763  [test sequestered]  (12.7s)
  epoch  31  loss=7.8835  (13.1s)
  epoch  32  loss=7.8754  (12.9s)
  epoch  33  loss=7.8716  (12.6s)
  epoch  34  loss=7.8664  (12.5s)
  epoch  35  loss=7.8623  (12.8s)
  epoch  36  loss=7.8592  (12.7s)
  epoch  37  loss=7.8570  (12.3s)
  epoch  38  loss=7.8541  (12.5s)
  epoch  39  loss=7.8532  (12.4s)
  evaluating 94,762 users in batches of 512...
    [512/94,762  elapsed 0.1s]
    [5,632/94,762  elapsed 2.1s]
    [10,752/94,762  elapsed 4.0s]
    [15,872/94,762  elapsed 6.0s]
    [20,992/94,762  elapsed 7.9s]
    [26,112/94,762  elapsed 9.9s]
    [31,232/94,762  elapsed 11.8s]
    [36,352/94,762  elapsed 13.8s]
    [41,472/94,762  elapsed 15.7s]
    [46,592/94,762  elapsed 17.6s]
    [51,712/94,762  elapsed 19.6s]
    [56,832/94,762  elapsed 21.5s]
    [61,952/94,762  elapsed 23.5s]
    [67,072/94,762  elapsed 25.5s]
    [72,192/94,762  elapsed 27.3s]
    [77,312/94,762  elapsed 29.2s]
    [82,432/94,762  elapsed 31.1s]
    [87,552/94,762  elapsed 33.1s]
    [92,672/94,762  elapsed 35.1s]
  eval done in 35.9s
  by-popularity NDCG@10: tail=0.0065(n=8,646)  mid=0.0223(n=12,134)  head=0.0937(n=73,982)
  epoch  40  loss=7.8526  val_NDCG=0.0766  [test sequestered]  (12.6s)

=== Best by val NDCG@10 ===
  val_NDCG=0.0766
  best_ckpt_sha256 = 87df7b7f7ede2da0752de551ddefca2c3fea2f46a6006ccb1c850cc841257866

wrote C:\Users\rayxc\Documents\R\_bestrec_run\results_VG_COLDFUSE2_base_seed20260744.json
=== fusion eval: Video_Games  ckpt=results_VG_COLDFUSE2_base_seed20260744.best.pt ===
  n_users=94,762 n_items=25,612
  ckpt from epoch 40 (val NDCG@10 0.07657)

--- EASE l2=50.0: fit + VAL sweep ---
  EASE l2=50.0: verified cache hit (b47211e7dda0ca7c06151ef3)
    [512/94,762 elapsed 0.5s]
    [10,752/94,762 elapsed 5.6s]
    [20,992/94,762 elapsed 10.5s]
    [31,232/94,762 elapsed 15.3s]
    [41,472/94,762 elapsed 20.4s]
    [51,712/94,762 elapsed 25.7s]
    [61,952/94,762 elapsed 30.8s]
    [72,192/94,762 elapsed 35.7s]
    [82,432/94,762 elapsed 40.7s]
    [92,672/94,762 elapsed 45.6s]
  VAL seq NDCG@10=0.07657  ease=0.05496
    w=0.01: val fused NDCG@10=0.07858
    w=0.02: val fused NDCG@10=0.07971
    w=0.03: val fused NDCG@10=0.07990
    w=0.04: val fused NDCG@10=0.07955
    w=0.05: val fused NDCG@10=0.07907
    w=0.06: val fused NDCG@10=0.07858
    w=0.075: val fused NDCG@10=0.07732
    w=0.1: val fused NDCG@10=0.07528

--- EASE l2=100.0: fit + VAL sweep ---
  EASE l2=100.0: verified cache hit (661845d061af3aee435f6e80)
    [512/94,762 elapsed 0.3s]
    [10,752/94,762 elapsed 5.4s]
    [20,992/94,762 elapsed 10.3s]
    [31,232/94,762 elapsed 15.3s]
    [41,472/94,762 elapsed 20.2s]
    [51,712/94,762 elapsed 25.2s]
    [61,952/94,762 elapsed 30.3s]
    [72,192/94,762 elapsed 35.2s]
    [82,432/94,762 elapsed 40.1s]
    [92,672/94,762 elapsed 45.0s]
  VAL seq NDCG@10=0.07657  ease=0.05493
    w=0.01: val fused NDCG@10=0.07854
    w=0.02: val fused NDCG@10=0.07947
    w=0.03: val fused NDCG@10=0.07963
    w=0.04: val fused NDCG@10=0.07923
    w=0.05: val fused NDCG@10=0.07875
    w=0.06: val fused NDCG@10=0.07810
    w=0.075: val fused NDCG@10=0.07687
    w=0.1: val fused NDCG@10=0.07470

--- EASE l2=200.0: fit + VAL sweep ---
  EASE l2=200.0: verified cache hit (450602262fbe02a852fdf7d9)
    [512/94,762 elapsed 0.2s]
    [10,752/94,762 elapsed 5.0s]
    [20,992/94,762 elapsed 10.0s]
    [31,232/94,762 elapsed 15.0s]
    [41,472/94,762 elapsed 20.0s]
    [51,712/94,762 elapsed 25.0s]
    [61,952/94,762 elapsed 30.0s]
    [72,192/94,762 elapsed 34.7s]
    [82,432/94,762 elapsed 39.5s]
    [92,672/94,762 elapsed 44.4s]
  VAL seq NDCG@10=0.07657  ease=0.05414
    w=0.01: val fused NDCG@10=0.07839
    w=0.02: val fused NDCG@10=0.07921
    w=0.03: val fused NDCG@10=0.07916
    w=0.04: val fused NDCG@10=0.07871
    w=0.05: val fused NDCG@10=0.07811
    w=0.06: val fused NDCG@10=0.07754
    w=0.075: val fused NDCG@10=0.07620
    w=0.1: val fused NDCG@10=0.07415

--- EASE l2=500.0: fit + VAL sweep ---
  EASE l2=500.0: verified cache hit (6d38b7cc84815e40044b74e0)
    [512/94,762 elapsed 0.3s]
    [10,752/94,762 elapsed 5.0s]
    [20,992/94,762 elapsed 10.1s]
    [31,232/94,762 elapsed 14.9s]
    [41,472/94,762 elapsed 19.7s]
    [51,712/94,762 elapsed 24.7s]
    [61,952/94,762 elapsed 29.8s]
    [72,192/94,762 elapsed 35.0s]
    [82,432/94,762 elapsed 40.1s]
    [92,672/94,762 elapsed 45.0s]
  VAL seq NDCG@10=0.07657  ease=0.05247
    w=0.01: val fused NDCG@10=0.07817
    w=0.02: val fused NDCG@10=0.07882
    w=0.03: val fused NDCG@10=0.07860
    w=0.04: val fused NDCG@10=0.07811
    w=0.05: val fused NDCG@10=0.07733
    w=0.06: val fused NDCG@10=0.07645
    w=0.075: val fused NDCG@10=0.07507
    w=0.1: val fused NDCG@10=0.07257

=== selected on VAL: l2=50.0, w=0.03 (val fused NDCG@10=0.07990) ===
wrote C:\Users\rayxc\Documents\R\_bestrec_run\results_VG_COLDFUSE2_base_seed20260744.fusion.json (VAL-ONLY; test sequestered)
=== COLDFUSE2 confirm: Video_Games seed 20260744 (ease=yes; test sequestered) ===
  EASE l2=50.0: verified cache hit (b47211e7dda0ca7c06151ef3)
  [val] streaming sweep: 85 systems ...
    [512/94,762 1s]
    [20,992/94,762 24s]
    [41,472/94,762 47s]
    [61,952/94,762 68s]
    [82,432/94,762 90s]
  VAL selected {'profile': 'exp0.9', 'wt_tail': 0.3, 'wt_mid': 0.1, 'wt_head': 0.1} (feasible 24/84; val f15 0.00983 vs ref 0.00570)
  [test] sequestered pass: ref + selected + 4 controls ...
  test pass complete (values sequestered to the artifact)
wrote C:\Users\rayxc\Documents\R\_bestrec_run\results_Video_Games_COLDFUSE2_confirm_seed20260744.json (metrics sequestered)
  random seed set to 20260744
=== Office_Products: load splits ===
  n_users=223,308  n_items=77,551  pad_id=77551
  built sequences for 223,308 users
  built timestamp sequences (12 time buckets)
  loading SBERT embeddings from C:\Users\rayxc\Documents\R\cache_5core\sbert_titles_Office_Products.npy...
  TAPE: k-means 77,551 text embeddings into K=512 prototypes (tau=0.05)...
  TAPE: K=512 mean max-assignment weight = 0.479 (1.0 = hard clustering)

=== Build SASRec-SBERT (d=64, layers=4, heads=2) ===
  total params: 34,913,919  device=cuda
  223,308 training examples / 873 batches per epoch
  init_state_sha256 = b7f84dfeb7d4fdba5ff83417b083e24fa9fa16f00b3e3396ed7aeb870798e26b
  LR schedule: warmup_cosine (873 warmup + 16587 cosine steps)

=== Train for 20 epochs ===
  evaluating 223,308 users in batches of 512...
    [512/223,308  elapsed 0.2s]
    [5,632/223,308  elapsed 2.2s]
    [10,752/223,308  elapsed 4.1s]
    [15,872/223,308  elapsed 6.2s]
    [20,992/223,308  elapsed 8.2s]
    [26,112/223,308  elapsed 10.1s]
    [31,232/223,308  elapsed 12.1s]
    [36,352/223,308  elapsed 14.1s]
    [41,472/223,308  elapsed 16.1s]
    [46,592/223,308  elapsed 18.0s]
    [51,712/223,308  elapsed 20.0s]
    [56,832/223,308  elapsed 21.9s]
    [61,952/223,308  elapsed 23.8s]
    [67,072/223,308  elapsed 25.8s]
    [72,192/223,308  elapsed 27.7s]
    [77,312/223,308  elapsed 29.8s]
    [82,432/223,308  elapsed 31.9s]
    [87,552/223,308  elapsed 34.0s]
    [92,672/223,308  elapsed 36.0s]
    [97,792/223,308  elapsed 38.1s]
    [102,912/223,308  elapsed 40.1s]
    [108,032/223,308  elapsed 42.0s]
    [113,152/223,308  elapsed 44.0s]
    [118,272/223,308  elapsed 46.0s]
    [123,392/223,308  elapsed 48.1s]
    [128,512/223,308  elapsed 50.2s]
    [133,632/223,308  elapsed 52.2s]
    [138,752/223,308  elapsed 54.3s]
    [143,872/223,308  elapsed 56.3s]
    [148,992/223,308  elapsed 58.3s]
    [154,112/223,308  elapsed 60.3s]
    [159,232/223,308  elapsed 62.4s]
    [164,352/223,308  elapsed 64.8s]
    [169,472/223,308  elapsed 67.1s]
    [174,592/223,308  elapsed 69.3s]
    [179,712/223,308  elapsed 71.1s]
    [184,832/223,308  elapsed 73.1s]
    [189,952/223,308  elapsed 74.3s]
    [195,072/223,308  elapsed 75.8s]
    [200,192/223,308  elapsed 77.0s]
    [205,312/223,308  elapsed 78.3s]
    [210,432/223,308  elapsed 79.6s]
    [215,552/223,308  elapsed 81.0s]
    [220,672/223,308  elapsed 82.2s]
  eval done in 82.9s
  by-popularity NDCG@10: tail=0.0000(n=29,887)  mid=0.0001(n=33,352)  head=0.0266(n=160,069)
  epoch   1  loss=10.5804  val_NDCG=0.0191  [test sequestered]  (56.4s)
  evaluating 223,308 users in batches of 512...
    [512/223,308  elapsed 0.1s]
    [5,632/223,308  elapsed 1.4s]
    [10,752/223,308  elapsed 2.5s]
    [15,872/223,308  elapsed 3.5s]
    [20,992/223,308  elapsed 4.7s]
    [26,112/223,308  elapsed 5.9s]
    [31,232/223,308  elapsed 7.1s]
    [36,352/223,308  elapsed 8.4s]
    [41,472/223,308  elapsed 9.8s]
    [46,592/223,308  elapsed 10.9s]
    [51,712/223,308  elapsed 12.0s]
    [56,832/223,308  elapsed 13.1s]
    [61,952/223,308  elapsed 14.2s]
    [67,072/223,308  elapsed 15.2s]
    [72,192/223,308  elapsed 16.3s]
    [77,312/223,308  elapsed 17.4s]
    [82,432/223,308  elapsed 18.5s]
    [87,552/223,308  elapsed 19.6s]
    [92,672/223,308  elapsed 20.7s]
    [97,792/223,308  elapsed 21.8s]
    [102,912/223,308  elapsed 23.3s]
    [108,032/223,308  elapsed 25.2s]
    [113,152/223,308  elapsed 27.1s]
    [118,272/223,308  elapsed 29.0s]
    [123,392/223,308  elapsed 30.6s]
    [128,512/223,308  elapsed 31.7s]
    [133,632/223,308  elapsed 32.9s]
    [138,752/223,308  elapsed 34.0s]
    [143,872/223,308  elapsed 35.2s]
    [148,992/223,308  elapsed 36.3s]
    [154,112/223,308  elapsed 37.4s]
    [159,232/223,308  elapsed 38.6s]
    [164,352/223,308  elapsed 39.7s]
    [169,472/223,308  elapsed 40.8s]
    [174,592/223,308  elapsed 41.8s]
    [179,712/223,308  elapsed 43.0s]
    [184,832/223,308  elapsed 44.1s]
    [189,952/223,308  elapsed 45.2s]
    [195,072/223,308  elapsed 46.3s]
    [200,192/223,308  elapsed 47.4s]
    [205,312/223,308  elapsed 48.6s]
    [210,432/223,308  elapsed 49.7s]
    [215,552/223,308  elapsed 50.9s]
    [220,672/223,308  elapsed 52.0s]
  eval done in 52.6s
  by-popularity NDCG@10: tail=0.0000(n=29,887)  mid=0.0006(n=33,352)  head=0.0383(n=160,069)
  epoch   2  loss=10.0630  val_NDCG=0.0275  [test sequestered]  (47.1s)
  evaluating 223,308 users in batches of 512...
    [512/223,308  elapsed 0.1s]
    [5,632/223,308  elapsed 1.2s]
    [10,752/223,308  elapsed 2.3s]
    [15,872/223,308  elapsed 3.4s]
    [20,992/223,308  elapsed 4.5s]
    [26,112/223,308  elapsed 5.6s]
    [31,232/223,308  elapsed 6.8s]
    [36,352/223,308  elapsed 8.0s]
    [41,472/223,308  elapsed 9.1s]
    [46,592/223,308  elapsed 10.3s]
    [51,712/223,308  elapsed 11.4s]
    [56,832/223,308  elapsed 12.5s]
    [61,952/223,308  elapsed 13.7s]
    [67,072/223,308  elapsed 14.8s]
    [72,192/223,308  elapsed 15.9s]
    [77,312/223,308  elapsed 17.0s]
    [82,432/223,308  elapsed 18.1s]
    [87,552/223,308  elapsed 19.4s]
    [92,672/223,308  elapsed 20.7s]
    [97,792/223,308  elapsed 22.2s]
    [102,912/223,308  elapsed 24.0s]
    [108,032/223,308  elapsed 25.8s]
    [113,152/223,308  elapsed 27.3s]
    [118,272/223,308  elapsed 29.0s]
    [123,392/223,308  elapsed 30.6s]
    [128,512/223,308  elapsed 32.3s]
    [133,632/223,308  elapsed 34.1s]
    [138,752/223,308  elapsed 35.8s]
    [143,872/223,308  elapsed 37.6s]
    [148,992/223,308  elapsed 38.9s]
    [154,112/223,308  elapsed 40.1s]
    [159,232/223,308  elapsed 41.5s]
    [164,352/223,308  elapsed 42.7s]
    [169,472/223,308  elapsed 43.9s]
    [174,592/223,308  elapsed 45.1s]
    [179,712/223,308  elapsed 46.3s]
    [184,832/223,308  elapsed 47.5s]
    [189,952/223,308  elapsed 48.7s]
    [195,072/223,308  elapsed 50.0s]
    [200,192/223,308  elapsed 51.2s]
    [205,312/223,308  elapsed 52.3s]
    [210,432/223,308  elapsed 53.4s]
    [215,552/223,308  elapsed 54.5s]
    [220,672/223,308  elapsed 55.6s]
  eval done in 56.2s
  by-popularity NDCG@10: tail=0.0002(n=29,887)  mid=0.0018(n=33,352)  head=0.0432(n=160,069)
  epoch   3  loss=9.8677  val_NDCG=0.0313  [test sequestered]  (46.2s)
  evaluating 223,308 users in batches of 512...
    [512/223,308  elapsed 0.1s]
    [5,632/223,308  elapsed 1.3s]
    [10,752/223,308  elapsed 2.4s]
    [15,872/223,308  elapsed 3.5s]
    [20,992/223,308  elapsed 4.8s]
    [26,112/223,308  elapsed 6.3s]
    [31,232/223,308  elapsed 7.5s]
    [36,352/223,308  elapsed 8.6s]
    [41,472/223,308  elapsed 9.8s]
    [46,592/223,308  elapsed 10.9s]
    [51,712/223,308  elapsed 11.9s]
    [56,832/223,308  elapsed 13.0s]
    [61,952/223,308  elapsed 14.1s]
    [67,072/223,308  elapsed 15.2s]
    [72,192/223,308  elapsed 16.3s]
    [77,312/223,308  elapsed 17.4s]
    [82,432/223,308  elapsed 18.5s]
    [87,552/223,308  elapsed 19.6s]
    [92,672/223,308  elapsed 20.6s]
    [97,792/223,308  elapsed 21.7s]
    [102,912/223,308  elapsed 22.8s]
    [108,032/223,308  elapsed 24.2s]
    [113,152/223,308  elapsed 25.6s]
    [118,272/223,308  elapsed 26.8s]
    [123,392/223,308  elapsed 28.2s]
    [128,512/223,308  elapsed 29.5s]
    [133,632/223,308  elapsed 30.6s]
    [138,752/223,308  elapsed 31.7s]
    [143,872/223,308  elapsed 32.8s]
    [148,992/223,308  elapsed 33.8s]
    [154,112/223,308  elapsed 34.8s]
    [159,232/223,308  elapsed 35.9s]
    [164,352/223,308  elapsed 36.9s]
    [169,472/223,308  elapsed 38.0s]
    [174,592/223,308  elapsed 39.0s]
    [179,712/223,308  elapsed 40.2s]
    [184,832/223,308  elapsed 41.3s]
    [189,952/223,308  elapsed 42.7s]
    [195,072/223,308  elapsed 44.2s]
    [200,192/223,308  elapsed 45.6s]
    [205,312/223,308  elapsed 47.5s]
    [210,432/223,308  elapsed 49.2s]
    [215,552/223,308  elapsed 50.9s]
    [220,672/223,308  elapsed 52.3s]
  eval done in 53.2s
  by-popularity NDCG@10: tail=0.0004(n=29,887)  mid=0.0029(n=33,352)  head=0.0461(n=160,069)
  epoch   4  loss=9.7533  val_NDCG=0.0335  [test sequestered]  (45.6s)
  evaluating 223,308 users in batches of 512...
    [512/223,308  elapsed 0.1s]
    [5,632/223,308  elapsed 1.3s]
    [10,752/223,308  elapsed 2.3s]
    [15,872/223,308  elapsed 3.4s]
    [20,992/223,308  elapsed 4.4s]
    [26,112/223,308  elapsed 5.5s]
    [31,232/223,308  elapsed 6.6s]
    [36,352/223,308  elapsed 7.6s]
    [41,472/223,308  elapsed 8.7s]
    [46,592/223,308  elapsed 9.8s]
    [51,712/223,308  elapsed 10.8s]
    [56,832/223,308  elapsed 11.9s]
    [61,952/223,308  elapsed 13.0s]
    [67,072/223,308  elapsed 14.3s]
    [72,192/223,308  elapsed 15.4s]
    [77,312/223,308  elapsed 16.6s]
    [82,432/223,308  elapsed 17.7s]
    [87,552/223,308  elapsed 18.8s]
    [92,672/223,308  elapsed 19.9s]
    [97,792/223,308  elapsed 21.0s]
    [102,912/223,308  elapsed 22.2s]
    [108,032/223,308  elapsed 23.3s]
    [113,152/223,308  elapsed 24.4s]
    [118,272/223,308  elapsed 25.5s]
    [123,392/223,308  elapsed 26.7s]
    [128,512/223,308  elapsed 27.9s]
    [133,632/223,308  elapsed 29.0s]
    [138,752/223,308  elapsed 30.1s]
    [143,872/223,308  elapsed 31.3s]
    [148,992/223,308  elapsed 32.5s]
    [154,112/223,308  elapsed 33.6s]
    [159,232/223,308  elapsed 34.9s]
    [164,352/223,308  elapsed 36.0s]
    [169,472/223,308  elapsed 37.2s]
    [174,592/223,308  elapsed 38.3s]
    [179,712/223,308  elapsed 39.4s]
    [184,832/223,308  elapsed 40.5s]
    [189,952/223,308  elapsed 41.6s]
    [195,072/223,308  elapsed 42.8s]
    [200,192/223,308  elapsed 43.9s]
    [205,312/223,308  elapsed 45.0s]
    [210,432/223,308  elapsed 46.1s]
    [215,552/223,308  elapsed 47.3s]
    [220,672/223,308  elapsed 48.4s]
  eval done in 48.9s
  by-popularity NDCG@10: tail=0.0005(n=29,887)  mid=0.0041(n=33,352)  head=0.0477(n=160,069)
  epoch   5  loss=9.6680  val_NDCG=0.0348  [test sequestered]  (45.5s)
  evaluating 223,308 users in batches of 512...
    [512/223,308  elapsed 0.1s]
    [5,632/223,308  elapsed 1.3s]
    [10,752/223,308  elapsed 2.4s]
    [15,872/223,308  elapsed 3.5s]
    [20,992/223,308  elapsed 4.6s]
    [26,112/223,308  elapsed 5.7s]
    [31,232/223,308  elapsed 6.8s]
    [36,352/223,308  elapsed 7.9s]
    [41,472/223,308  elapsed 9.0s]
    [46,592/223,308  elapsed 10.1s]
    [51,712/223,308  elapsed 11.3s]
    [56,832/223,308  elapsed 12.4s]
    [61,952/223,308  elapsed 13.5s]
    [67,072/223,308  elapsed 14.7s]
    [72,192/223,308  elapsed 15.8s]
    [77,312/223,308  elapsed 16.9s]
    [82,432/223,308  elapsed 18.0s]
    [87,552/223,308  elapsed 19.2s]
    [92,672/223,308  elapsed 20.4s]
    [97,792/223,308  elapsed 21.6s]
    [102,912/223,308  elapsed 22.7s]
    [108,032/223,308  elapsed 23.8s]
    [113,152/223,308  elapsed 25.0s]
    [118,272/223,308  elapsed 26.1s]
    [123,392/223,308  elapsed 27.3s]
    [128,512/223,308  elapsed 28.4s]
    [133,632/223,308  elapsed 29.6s]
    [138,752/223,308  elapsed 30.7s]
    [143,872/223,308  elapsed 31.8s]
    [148,992/223,308  elapsed 32.9s]
    [154,112/223,308  elapsed 34.0s]
    [159,232/223,308  elapsed 35.2s]
    [164,352/223,308  elapsed 36.2s]
    [169,472/223,308  elapsed 37.3s]
    [174,592/223,308  elapsed 38.3s]
    [179,712/223,308  elapsed 39.3s]
    [184,832/223,308  elapsed 40.2s]
    [189,952/223,308  elapsed 41.2s]
    [195,072/223,308  elapsed 42.3s]
    [200,192/223,308  elapsed 43.4s]
    [205,312/223,308  elapsed 44.5s]
    [210,432/223,308  elapsed 45.6s]
    [215,552/223,308  elapsed 46.7s]
    [220,672/223,308  elapsed 47.8s]
  eval done in 48.3s
  by-popularity NDCG@10: tail=0.0006(n=29,887)  mid=0.0048(n=33,352)  head=0.0483(n=160,069)
  epoch   6  loss=9.6008  val_NDCG=0.0354  [test sequestered]  (48.4s)
  evaluating 223,308 users in batches of 512...
    [512/223,308  elapsed 0.1s]
    [5,632/223,308  elapsed 1.1s]
    [10,752/223,308  elapsed 2.0s]
    [15,872/223,308  elapsed 3.0s]
    [20,992/223,308  elapsed 4.0s]
    [26,112/223,308  elapsed 5.0s]
    [31,232/223,308  elapsed 6.0s]
    [36,352/223,308  elapsed 7.0s]
    [41,472/223,308  elapsed 8.1s]
    [46,592/223,308  elapsed 9.1s]
    [51,712/223,308  elapsed 10.1s]
    [56,832/223,308  elapsed 11.1s]
    [61,952/223,308  elapsed 12.3s]
    [67,072/223,308  elapsed 13.3s]
    [72,192/223,308  elapsed 14.3s]
    [77,312/223,308  elapsed 15.4s]
    [82,432/223,308  elapsed 16.4s]
    [87,552/223,308  elapsed 17.3s]
    [92,672/223,308  elapsed 18.3s]
    [97,792/223,308  elapsed 19.4s]
    [102,912/223,308  elapsed 20.4s]
    [108,032/223,308  elapsed 21.4s]
    [113,152/223,308  elapsed 22.3s]
    [118,272/223,308  elapsed 23.4s]
    [123,392/223,308  elapsed 24.5s]
    [128,512/223,308  elapsed 25.5s]
    [133,632/223,308  elapsed 26.5s]
    [138,752/223,308  elapsed 27.5s]
    [143,872/223,308  elapsed 28.5s]
    [148,992/223,308  elapsed 29.5s]
    [154,112/223,308  elapsed 30.5s]
    [159,232/223,308  elapsed 31.5s]
    [164,352/223,308  elapsed 32.5s]
    [169,472/223,308  elapsed 33.5s]
    [174,592/223,308  elapsed 34.4s]
    [179,712/223,308  elapsed 35.5s]
    [184,832/223,308  elapsed 36.7s]
    [189,952/223,308  elapsed 37.8s]
    [195,072/223,308  elapsed 39.2s]
    [200,192/223,308  elapsed 40.4s]
    [205,312/223,308  elapsed 41.8s]
    [210,432/223,308  elapsed 42.9s]
    [215,552/223,308  elapsed 43.9s]
    [220,672/223,308  elapsed 44.9s]
  eval done in 45.4s
  by-popularity NDCG@10: tail=0.0008(n=29,887)  mid=0.0058(n=33,352)  head=0.0490(n=160,069)
  epoch   7  loss=9.5409  val_NDCG=0.0361  [test sequestered]  (44.0s)
  evaluating 223,308 users in batches of 512...
    [512/223,308  elapsed 0.1s]
    [5,632/223,308  elapsed 1.5s]
    [10,752/223,308  elapsed 2.7s]
    [15,872/223,308  elapsed 4.0s]
    [20,992/223,308  elapsed 5.1s]
    [26,112/223,308  elapsed 6.1s]
    [31,232/223,308  elapsed 7.1s]
    [36,352/223,308  elapsed 8.1s]
    [41,472/223,308  elapsed 9.0s]
    [46,592/223,308  elapsed 10.0s]
    [51,712/223,308  elapsed 11.0s]
    [56,832/223,308  elapsed 12.0s]
    [61,952/223,308  elapsed 13.0s]
    [67,072/223,308  elapsed 13.9s]
    [72,192/223,308  elapsed 14.9s]
    [77,312/223,308  elapsed 15.9s]
    [82,432/223,308  elapsed 16.8s]
    [87,552/223,308  elapsed 17.8s]
    [92,672/223,308  elapsed 18.8s]
    [97,792/223,308  elapsed 19.7s]
    [102,912/223,308  elapsed 20.7s]
    [108,032/223,308  elapsed 21.6s]
    [113,152/223,308  elapsed 22.6s]
    [118,272/223,308  elapsed 23.5s]
    [123,392/223,308  elapsed 24.5s]
    [128,512/223,308  elapsed 25.5s]
    [133,632/223,308  elapsed 26.5s]
    [138,752/223,308  elapsed 27.5s]
    [143,872/223,308  elapsed 28.4s]
    [148,992/223,308  elapsed 29.4s]
    [154,112/223,308  elapsed 30.3s]
    [159,232/223,308  elapsed 31.3s]
    [164,352/223,308  elapsed 32.2s]
    [169,472/223,308  elapsed 33.2s]
    [174,592/223,308  elapsed 34.2s]
    [179,712/223,308  elapsed 35.1s]
    [184,832/223,308  elapsed 36.1s]
    [189,952/223,308  elapsed 37.0s]
    [195,072/223,308  elapsed 38.0s]
    [200,192/223,308  elapsed 38.9s]
    [205,312/223,308  elapsed 39.9s]
    [210,432/223,308  elapsed 40.9s]
    [215,552/223,308  elapsed 41.8s]
    [220,672/223,308  elapsed 42.8s]
  eval done in 43.3s
  by-popularity NDCG@10: tail=0.0010(n=29,887)  mid=0.0060(n=33,352)  head=0.0496(n=160,069)
  epoch   8  loss=9.4892  val_NDCG=0.0366  [test sequestered]  (42.8s)
  evaluating 223,308 users in batches of 512...
    [512/223,308  elapsed 0.1s]
    [5,632/223,308  elapsed 1.2s]
    [10,752/223,308  elapsed 2.3s]
    [15,872/223,308  elapsed 3.3s]
    [20,992/223,308  elapsed 4.3s]
    [26,112/223,308  elapsed 5.4s]
    [31,232/223,308  elapsed 6.4s]
    [36,352/223,308  elapsed 7.4s]
    [41,472/223,308  elapsed 8.3s]
    [46,592/223,308  elapsed 9.3s]
    [51,712/223,308  elapsed 10.3s]
    [56,832/223,308  elapsed 11.3s]
    [61,952/223,308  elapsed 12.2s]
    [67,072/223,308  elapsed 13.2s]
    [72,192/223,308  elapsed 14.2s]
    [77,312/223,308  elapsed 15.2s]
    [82,432/223,308  elapsed 16.2s]
    [87,552/223,308  elapsed 17.2s]
    [92,672/223,308  elapsed 18.2s]
    [97,792/223,308  elapsed 19.3s]
    [102,912/223,308  elapsed 20.4s]
    [108,032/223,308  elapsed 21.4s]
    [113,152/223,308  elapsed 22.4s]
    [118,272/223,308  elapsed 23.5s]
    [123,392/223,308  elapsed 24.5s]
    [128,512/223,308  elapsed 25.5s]
    [133,632/223,308  elapsed 26.4s]
    [138,752/223,308  elapsed 27.4s]
    [143,872/223,308  elapsed 28.4s]
    [148,992/223,308  elapsed 29.4s]
    [154,112/223,308  elapsed 30.4s]
    [159,232/223,308  elapsed 31.4s]
    [164,352/223,308  elapsed 32.3s]
    [169,472/223,308  elapsed 33.3s]
    [174,592/223,308  elapsed 34.2s]
    [179,712/223,308  elapsed 35.2s]
    [184,832/223,308  elapsed 36.3s]
    [189,952/223,308  elapsed 37.2s]
    [195,072/223,308  elapsed 38.2s]
    [200,192/223,308  elapsed 39.2s]
    [205,312/223,308  elapsed 40.1s]
    [210,432/223,308  elapsed 41.1s]
    [215,552/223,308  elapsed 42.1s]
    [220,672/223,308  elapsed 43.1s]
  eval done in 43.6s
  by-popularity NDCG@10: tail=0.0013(n=29,887)  mid=0.0067(n=33,352)  head=0.0499(n=160,069)
  epoch   9  loss=9.4412  val_NDCG=0.0369  [test sequestered]  (43.1s)
  evaluating 223,308 users in batches of 512...
    [512/223,308  elapsed 0.1s]
    [5,632/223,308  elapsed 1.1s]
    [10,752/223,308  elapsed 2.1s]
    [15,872/223,308  elapsed 3.1s]
    [20,992/223,308  elapsed 4.1s]
    [26,112/223,308  elapsed 5.1s]
    [31,232/223,308  elapsed 6.1s]
    [36,352/223,308  elapsed 7.1s]
    [41,472/223,308  elapsed 8.0s]
    [46,592/223,308  elapsed 9.0s]
    [51,712/223,308  elapsed 10.0s]
    [56,832/223,308  elapsed 10.9s]
    [61,952/223,308  elapsed 11.9s]
    [67,072/223,308  elapsed 12.9s]
    [72,192/223,308  elapsed 13.8s]
    [77,312/223,308  elapsed 14.8s]
    [82,432/223,308  elapsed 15.8s]
    [87,552/223,308  elapsed 16.7s]
    [92,672/223,308  elapsed 17.7s]
    [97,792/223,308  elapsed 18.7s]
    [102,912/223,308  elapsed 19.7s]
    [108,032/223,308  elapsed 20.6s]
    [113,152/223,308  elapsed 21.6s]
    [118,272/223,308  elapsed 22.6s]
    [123,392/223,308  elapsed 23.6s]
    [128,512/223,308  elapsed 24.5s]
    [133,632/223,308  elapsed 25.5s]
    [138,752/223,308  elapsed 26.4s]
    [143,872/223,308  elapsed 27.4s]
    [148,992/223,308  elapsed 28.4s]
    [154,112/223,308  elapsed 29.4s]
    [159,232/223,308  elapsed 30.3s]
    [164,352/223,308  elapsed 31.3s]
    [169,472/223,308  elapsed 32.3s]
    [174,592/223,308  elapsed 33.2s]
    [179,712/223,308  elapsed 34.2s]
    [184,832/223,308  elapsed 35.1s]
    [189,952/223,308  elapsed 36.1s]
    [195,072/223,308  elapsed 37.1s]
    [200,192/223,308  elapsed 38.0s]
    [205,312/223,308  elapsed 39.0s]
    [210,432/223,308  elapsed 40.0s]
    [215,552/223,308  elapsed 40.9s]
    [220,672/223,308  elapsed 41.9s]
  eval done in 42.5s
  by-popularity NDCG@10: tail=0.0013(n=29,887)  mid=0.0070(n=33,352)  head=0.0498(n=160,069)
  epoch  10  loss=9.3961  val_NDCG=0.0369  [test sequestered]  (45.9s)
  evaluating 223,308 users in batches of 512...
    [512/223,308  elapsed 0.1s]
    [5,632/223,308  elapsed 1.1s]
    [10,752/223,308  elapsed 2.0s]
    [15,872/223,308  elapsed 3.1s]
    [20,992/223,308  elapsed 4.1s]
    [26,112/223,308  elapsed 5.2s]
    [31,232/223,308  elapsed 6.1s]
    [36,352/223,308  elapsed 7.1s]
    [41,472/223,308  elapsed 8.2s]
    [46,592/223,308  elapsed 9.2s]
    [51,712/223,308  elapsed 10.2s]
    [56,832/223,308  elapsed 11.2s]
    [61,952/223,308  elapsed 12.4s]
    [67,072/223,308  elapsed 14.0s]
    [72,192/223,308  elapsed 15.6s]
    [77,312/223,308  elapsed 17.2s]
    [82,432/223,308  elapsed 18.2s]
    [87,552/223,308  elapsed 19.2s]
    [92,672/223,308  elapsed 20.2s]
    [97,792/223,308  elapsed 21.3s]
    [102,912/223,308  elapsed 22.3s]
    [108,032/223,308  elapsed 23.2s]
    [113,152/223,308  elapsed 24.2s]
    [118,272/223,308  elapsed 25.2s]
    [123,392/223,308  elapsed 26.1s]
    [128,512/223,308  elapsed 27.2s]
    [133,632/223,308  elapsed 28.4s]
    [138,752/223,308  elapsed 29.6s]
    [143,872/223,308  elapsed 31.0s]
    [148,992/223,308  elapsed 32.6s]
    [154,112/223,308  elapsed 34.4s]
    [159,232/223,308  elapsed 36.0s]
    [164,352/223,308  elapsed 37.8s]
    [169,472/223,308  elapsed 39.4s]
    [174,592/223,308  elapsed 40.6s]
    [179,712/223,308  elapsed 41.7s]
    [184,832/223,308  elapsed 42.8s]
    [189,952/223,308  elapsed 44.3s]
    [195,072/223,308  elapsed 45.5s]
    [200,192/223,308  elapsed 46.6s]
    [205,312/223,308  elapsed 47.6s]
    [210,432/223,308  elapsed 48.7s]
    [215,552/223,308  elapsed 49.7s]
    [220,672/223,308  elapsed 50.9s]
  eval done in 51.4s
  by-popularity NDCG@10: tail=0.0014(n=29,887)  mid=0.0074(n=33,352)  head=0.0503(n=160,069)
  epoch  11  loss=9.3552  val_NDCG=0.0373  [test sequestered]  (44.4s)
  evaluating 223,308 users in batches of 512...
    [512/223,308  elapsed 0.1s]
    [5,632/223,308  elapsed 1.1s]
    [10,752/223,308  elapsed 2.1s]
    [15,872/223,308  elapsed 3.1s]
    [20,992/223,308  elapsed 4.2s]
    [26,112/223,308  elapsed 5.2s]
    [31,232/223,308  elapsed 6.3s]
    [36,352/223,308  elapsed 7.3s]
    [41,472/223,308  elapsed 8.3s]
    [46,592/223,308  elapsed 9.4s]
    [51,712/223,308  elapsed 10.6s]
    [56,832/223,308  elapsed 11.8s]
    [61,952/223,308  elapsed 13.4s]
    [67,072/223,308  elapsed 14.7s]
    [72,192/223,308  elapsed 15.8s]
    [77,312/223,308  elapsed 16.8s]
    [82,432/223,308  elapsed 17.8s]
    [87,552/223,308  elapsed 18.9s]
    [92,672/223,308  elapsed 19.9s]
    [97,792/223,308  elapsed 21.0s]
    [102,912/223,308  elapsed 22.0s]
    [108,032/223,308  elapsed 23.0s]
    [113,152/223,308  elapsed 24.0s]
    [118,272/223,308  elapsed 25.1s]
    [123,392/223,308  elapsed 26.1s]
    [128,512/223,308  elapsed 27.1s]
    [133,632/223,308  elapsed 28.1s]
    [138,752/223,308  elapsed 29.2s]
    [143,872/223,308  elapsed 30.2s]
    [148,992/223,308  elapsed 31.3s]
    [154,112/223,308  elapsed 32.3s]
    [159,232/223,308  elapsed 33.3s]
    [164,352/223,308  elapsed 34.7s]
    [169,472/223,308  elapsed 36.1s]
    [174,592/223,308  elapsed 37.3s]
    [179,712/223,308  elapsed 38.7s]
    [184,832/223,308  elapsed 40.2s]
    [189,952/223,308  elapsed 41.6s]
    [195,072/223,308  elapsed 43.1s]
    [200,192/223,308  elapsed 44.7s]
    [205,312/223,308  elapsed 46.3s]
    [210,432/223,308  elapsed 47.9s]
    [215,552/223,308  elapsed 49.4s]
    [220,672/223,308  elapsed 50.7s]
  eval done in 51.5s
  by-popularity NDCG@10: tail=0.0016(n=29,887)  mid=0.0076(n=33,352)  head=0.0504(n=160,069)
  epoch  12  loss=9.3163  val_NDCG=0.0374  [test sequestered]  (44.8s)
  evaluating 223,308 users in batches of 512...
    [512/223,308  elapsed 0.1s]
    [5,632/223,308  elapsed 1.2s]
    [10,752/223,308  elapsed 2.2s]
    [15,872/223,308  elapsed 3.3s]
    [20,992/223,308  elapsed 4.4s]
    [26,112/223,308  elapsed 5.5s]
    [31,232/223,308  elapsed 6.6s]
    [36,352/223,308  elapsed 7.6s]
    [41,472/223,308  elapsed 8.6s]
    [46,592/223,308  elapsed 9.7s]
    [51,712/223,308  elapsed 10.7s]
    [56,832/223,308  elapsed 12.0s]
    [61,952/223,308  elapsed 13.7s]
    [67,072/223,308  elapsed 15.3s]
    [72,192/223,308  elapsed 16.8s]
    [77,312/223,308  elapsed 18.4s]
    [82,432/223,308  elapsed 19.7s]
    [87,552/223,308  elapsed 21.1s]
    [92,672/223,308  elapsed 22.8s]
    [97,792/223,308  elapsed 24.1s]
    [102,912/223,308  elapsed 25.2s]
    [108,032/223,308  elapsed 26.3s]
    [113,152/223,308  elapsed 27.3s]
    [118,272/223,308  elapsed 28.3s]
    [123,392/223,308  elapsed 29.4s]
    [128,512/223,308  elapsed 30.4s]
    [133,632/223,308  elapsed 31.4s]
    [138,752/223,308  elapsed 32.5s]
    [143,872/223,308  elapsed 33.5s]
    [148,992/223,308  elapsed 34.6s]
    [154,112/223,308  elapsed 35.6s]
    [159,232/223,308  elapsed 36.6s]
    [164,352/223,308  elapsed 37.7s]
    [169,472/223,308  elapsed 38.8s]
    [174,592/223,308  elapsed 39.8s]